Year,Quarter,Month,Day,Date,Country/Region,Aircraft Manufacturer,Aircraft,Location,Operator,Aboard,Fatalities (air),Ground,Casualties
1969,Qtr 1,March,16,16/03/1969,Zulia,McDonnell,McDonnell Douglas DC 9,Maracaibo Zulia,Venezuela Venezolana Internacional de Aviacion,84,84,71,155
2017,Qtr 1,March,27,27/03/2017,Zimbabwe,Britten,Britten  Norman BN2 IslanderC9,Mautaer Zimbabwe,Charter Air ETA,6,6,0,6
1961,Qtr 4,November,22,22/11/1961,Zimbabwe,VP,VP  YRX,Harare Zimbabwe,Services Air Rhodesian,3,3,0,3
1958,Qtr 4,December,26,26/12/1958,Zimbabwe,Douglas,Douglas DC 6BF,Salisbury Zimbabwe,Zimbabwe)Union Aeromaritime de Transport          (Harare,70,3,0,3
1990,Qtr 1,February,17,17/02/1990,Zambia,DHC,DHC  5 BuffaloAF316,Near Ngwerere Zambia,Force Air Zambian - Military,29,29,0,29
2005,Qtr 2,May,18,18/05/2005,Zambia,Yunshuji,Yunshuji Y 12AF,Mongu Zambia,Force Air Zambia - Military,13,13,0,13
1977,Qtr 2,May,14,14/05/1977,Zambia,Boeing,Boeing 707 321CG,Near Lusaka Zambia,Cargo IAS,6,6,0,6
1961,Qtr 3,September,17,17/09/1961,Zambia,Douglas,Douglas DC 6BSE,Ndola Zambia,Sweden Transair,16,16,0,16
1997,Qtr 3,September,12,12/09/1997,Zaire,de Havilland,de Havilland Canada DHC 6 Twin Otter 3009Q,Near Uvira Zaire,Commuter Air TMK,22,22,0,22
1996,Qtr 1,January,8,08/01/1996,Zaire,Antonov,Antonov AN 32BRA,Kinshasa Zaire,Air African,6,2,225,227
1960,Qtr 3,July,19,19/07/1960,Zaire,Fairchild,Fairchild C 119GCP,Near Goma Zaire,Force Air Belgian Royal - Military,41,37,0,37
1949,Qtr 3,August,27,27/08/1949,Zaire,Douglas,Douglas C 47B,Leopoldville Zaire,Sabena,20,5,0,5
1990,Qtr 2,April,20,20/04/1990,Zaire,Lockheed,Lockheed C 130H9T,Near Kinshasa Zaire,Force Air Zairean - Military,24,20,0,20
1969,Qtr 2,April,16,16/04/1969,Zaire,Curtiss,Curtiss C 469T,Kinshasa Zaire,Wigmo,45,45,0,45
1986,Qtr 1,February,5,05/02/1986,Zaire,Lockheed,Lockheed L 188AF Electra9Q,Kasongo Zaire,Aviation GLM,14,2,0,2
1980,Qtr 3,September,17,17/09/1980,Zaire,de Havilland,de Havilland DHC 5 Buffalo9T,Near Kindu Zaire,Force Air Zairean - Military,36,36,0,36
1974,Qtr 3,August,18,18/08/1974,Zaire,Lockheed,Lockheed C 130H9T,Near Kisangani Zaire,Force Air Zairean - Military,31,31,0,31
1980,Qtr 3,September,14,14/09/1980,Zaire,Lockheed,Lockheed Hercules C 1309T,Kindu Zaire,Zaïroise Aérienne Force - Military,36,36,0,36
1984,Qtr 3,September,11,11/09/1984,Zaire,Handley,Handley Page Dart Herald 2029Q CAH,Near the Kwango River Zaire,Services Aero MMM,30,30,0,30
2010,Qtr 3,September,21,21/09/2010,Zabul,Sirkorsky,"Sikorsky UH 60 Black Hawk	93",Chopan district Zabul,Afghanistan          Province International Security Assistance Force,13,10,0,10
1944,Qtr 4,November,10,10/11/1944,Yunan,Lockheed,Lockheed Hudson,Near Kumming Yunan,China CATC,20,20,0,20
1950,Qtr 1,January,26,26/01/1950,Yukon,Douglas,Douglas C 54D,Near Snag Yukon,Force Air U.S. - TerritoryMilitary,44,44,0,44
1973,Qtr 3,September,11,11/09/1973,Yugoslavia,Aerospatiale,Aerospatiale Caravelle 6NYU AHD,Moganik Yugoslavia,Airlines Yugoslav JAT,41,41,0,41
1944,Qtr 2,April,17,17/04/1944,Yugoslavia,Junkers,Junkers JU 52/3mD,Belgrad Yugoslavia,Lufthansa Deutsche,7,5,0,5
1971,Qtr 2,May,23,23/05/1971,Yugoslavia,Tupolev,Tupolev TU 134AYU,Near Rijeka Yugoslavia,(Yugoslavia) Aviogenex,83,78,0,78
1951,Qtr 4,October,22,22/10/1951,Yugoslavia,Douglas,Douglas DC 3YU,Skopje Yugoslavia,Airlines Yugoslav JAT,12,12,0,12
1951,Qtr 2,June,29,29/06/1951,Yugoslavia,Junkers,Junkers 52/3mYU ACE,Near Rijeka Yugoslavia,Airlines Yugoslav JAT,14,14,0,14
1944,Qtr 3,September,2,02/09/1944,Yugoslavia,Junkers,Junkers JU52/3mD AUAW,Belgrad Yugoslavia,Lufthansa Deutsche,5,5,0,5
1947,Qtr 4,November,27,27/11/1947,Yugoslavia,sunov,Lisunov LI 2YU,Montenegrin Mountains Yugoslavia,Airlines Yugoslav JAT,22,22,0,22
1996,Qtr 3,August,19,19/08/1996,Yugoslavia,Ilyushin,Ilyushin IL 76TRA,Belgrade Yugosalvia,Transport Air Spair,12,12,0,12
1933,Qtr 3,September,12,12/09/1933,Yugoslavia,Farman,Farman F 306YU,Near Ljubljana Yugoslavia,Aeroput,8,8,0,8
1944,Qtr 1,January,15,15/01/1944,Yugoslavia,Junkers,Junkers JU 52/3mD,Belgrad Yugoslavia,Lufthansa Deutsche,5,5,0,5
1950,Qtr 3,September,21,21/09/1950,Yugoslavia,Douglas,Douglas DC 3YU,Near Zagreb Yugoslavia,Airlines Yugoslav JAT,11,10,0,10
1964,Qtr 4,October,19,19/10/1964,Yugoslavia,Ilyushin,Ilyushin IL 18CCCP,Near Belgrade Yugoslavia,Force Air Soviet - Military,33,33,0,33
2010,Qtr 1,February,14,14/02/2010,Yemen,Helicopter,Helicopter,Near Saada Yemen,Arm Yemeni - Military,11,11,2,13
1977,Qtr 1,March,1,01/03/1977,Yemen,Douglas,Douglas DC 37O,Off Aden Yemen,Alyemda,21,19,0,19
1985,Qtr 3,August,15,15/08/1985,Yemen,Boeing,Boeing 707 336C7O,Aden Yemen,Airlines Alyemda,73,3,0,3
1982,Qtr 2,May,9,09/05/1982,Yemen,de Havilland,de Havilland Canada DHC 7,Off Aden Yemen,Alyemda,49,47,0,47
1992,Qtr 3,July,14,14/07/1992,Yemen,Antonov,Antonov AN 12,Near Bir Fadl Yemen,Force Air Yemen Unified - Military,57,57,0,57
2012,Qtr 4,November,21,21/11/2012,Yemen,Antonov,Antonov An 26420,San'a Yemen,Force Air Yemen - Military,10,10,0,10
1966,Qtr 4,November,22,22/11/1966,Yemen,Douglas,Douglas DC 3VR,Near Aden Yemen,Airways Aden,30,30,0,30
1923,Qtr 4,December,24,24/12/1923,WYUS,de Havilland,De Havilland DH 4315,Egbert WYUS,Service Mail Aerial,1,1,0,1
1954,Qtr 1,February,26,26/02/1954,Wyoming,Convair,Convair CV 240N8407H,Wright Wyoming,Airlines Western,9,9,0,9
1937,Qtr 4,October,17,17/10/1937,Wyoming,Douglas,Douglas DC 3NC16074,Haydens Peak Wyoming,Lines Air United,19,19,0,19
1955,Qtr 4,October,6,06/10/1955,Wyoming,Douglas,Douglas DC 4N30062,Near Centennial Wyoming,Lines Air United,66,66,0,66
1935,Qtr 2,May,27,27/05/1935,Wyoming,Boeing,Boeing 221NC725W,Glendo Wyoming,Service Air Wyoming,1,1,0,1
1935,Qtr 4,October,7,07/10/1935,Wyoming,Boeing,Boeing 247DNC13317,Near Cheyenne Wyoming,Lines Air United,12,12,0,12
1935,Qtr 3,August,15,15/08/1935,Wyoming,Waco,"Waco, model YLCNC14140",Near Glendo Wyoming,Co Transit Mayflower Aero,3,3,0,3
1946,Qtr 4,October,8,08/10/1946,Wyoming,Douglas,Douglas DC 4N30051,Cheyenne Wyoming,Lines Air United,41,2,0,2
1935,Qtr 4,October,30,30/10/1935,Wyoming,Boeing,Boeing B 247,Cheyenne Wyoming,Lines Air United,4,4,0,4
1928,Qtr 2,April,17,17/04/1928,Wyoming,Boeing,"Boeing 40NC282
NC282",Federal Wyoming,Transport Air Boeing,2,1,0,1
1946,Qtr 4,October,17,17/10/1946,Wyoming,Douglas,Douglas DC 3NC38942,Laramie Wyoming,Services Transport Air National,13,13,0,13
1920,Qtr 4,November,7,07/11/1920,Wyoming,de Havilland,De Havilland DH 4,Tie Siding Wyoming,Service Mail Aerial US,1,1,0,1
2003,Qtr 4,October,29,29/10/2003,Wyoming,Cessna,Cessna 208B Caravan I Super CargomasterN791FE,Cody Wyoming,Fed,1,1,0,1
1950,Qtr 4,November,21,21/11/1950,Wyoming,Douglas,Douglas DC 3N74586,Near Moran Junction Wyoming,Mission Tribes New,21,21,0,21
1996,Qtr 3,August,17,17/08/1996,Wyoming,Lockheed,Lockheed C 130H Hercules74,Near Jackson Hole Wyoming,Force Air U.S. - Military,9,9,0,9
1946,Qtr 1,January,31,31/01/1946,Wyoming,Douglas,Douglas DC 3,Mt. Elk Wyoming,Lines Air United,21,21,0,21
1949,Qtr 4,October,9,09/10/1949,Wyoming,Curtiss,Curtiss C 46E,Cheyenne Wyoming,Airways Slick,4,4,0,4
1921,Qtr 2,May,17,17/05/1921,Wyoming,de Havilland,"De Havilland DH 4
De Havilland DH",Rock Springs Wyoming,Service Mail Aerial US,1,1,0,1
1923,Qtr 1,January,18,18/01/1923,Wyoming,de Havilland,De Havilland DH 4223,Cheyenne Wyoming,Service Mail Aerial US,1,1,0,1
1981,Qtr 4,October,1,01/10/1981,Wyoming,Learjet,Learjet 24N44CJ,Casper Wyoming,Air Train Sky,3,3,0,3
1996,Qtr 2,April,11,11/04/1996,Wyoming,Cessna,Cessna 177BN35207,Cheyenne Wyoming,Private,3,3,0,3
1968,Qtr 3,August,4,04/08/1968,Wisconson,Convair,Convair CV 580 / Cessna 150N4634S / N8742S,Milwaukee Wisconsin,Private / Airlines Central North,15,3,0,3
2006,Qtr 1,February,5,05/02/2006,Wisconson,Shorts,Shorts 360 100 /Shorts 360,Near Watertown Wisconson,Carriers Cargo Air,3,3,0,3
1921,Qtr 1,February,9,09/02/1921,Wisconson,Junkers,Junkers F 13301,La Crosse Wisconsin,Service Mail Aerial US,3,3,0,3
1985,Qtr 3,September,6,06/09/1985,Wisconson,McDonnell,McDonnell Douglas DC 9,Milwaukee Wisconsin,Express Midwest,31,31,0,31
1990,Qtr 3,August,27,27/08/1990,Wisconson,Bell,Bell BHT 206,Elkhorn Wisconsin,Helicopters Omniflight - Private,5,5,0,5
1967,Qtr 4,December,10,10/12/1967,Wisconson,Beechcraft,Beechcraft 18HN390R,Near Madison Wisconsin,Private,8,7,0,7
2007,Qtr 2,June,4,04/06/2007,Wisconson,Cessna,Cessna 550 Citation IIN550BP,Near Milwaukee Wisconson,System Health Michigan of University,6,6,0,6
1972,Qtr 2,June,29,29/06/1972,Wisconson,Convair,Convair CV 580/De Hav. Twin Otter 100N90858/N4043B,Appleton Wisconsin,Wisconsin Air / Airlines Central North,13,13,0,13
1970,Qtr 1,January,13,13/01/1970,Western,Douglas,Douglas DC 35W,Faleolo Western,Airlines SamoaPolynesian,32,32,0,32
1960,Qtr 4,December,17,17/12/1960,West,Convair,Convair C 131D (CV,Munich West,Force Air U.S. - GermanyMilitary,20,20,31,51
1968,Qtr 3,August,10,10/08/1968,West,Fairchild,Fairchild  Hiller FH,Charleston West,Airlines VirginiaPiedmont,37,35,0,35
2017,Qtr 2,May,5,05/05/2017,West,Shorts,Shorts 300 200N334AC,Charleston West,Carriers Cargo VirginiaAir,2,2,0,2
1970,Qtr 4,November,14,14/11/1970,West,McDonnell,McDonnell Douglas DC 9,Near Huntington West,Airways VirginiaSouthern,75,75,0,75
1981,Qtr 1,January,14,14/01/1981,West,Lockheed,Lockheed C 130E Hercules69,Ramstein AFB West,Force Air U.S. - GermanyMilitary,11,11,0,11
1952,Qtr 3,August,26,26/08/1952,West,Bristol,Bristol 170 FreighterG783,Near Khewra West,Force Air Pakistan - PakistanMilitary,18,18,0,18
1951,Qtr 2,April,8,08/04/1951,West,Douglas,Douglas C 47B,Near Charleston West,Force Air U.S. - VirginiaMilitary,21,21,0,21
1968,Qtr 2,April,30,30/04/1968,West,Lockheed,Lockheed Martin L 100,Near Chaklala West,Force Air Pakistan - PakistanMilitary,22,22,0,22
1963,Qtr 2,June,23,23/06/1963,West,Fairchild,Fairchild C 119CP,Near Augustdorf West,Force Air Belgian Royal - GermanyMilitary,47,38,0,38
1958,Qtr 2,June,4,04/06/1958,West,Douglas,Douglas DC 3N49553,Martinsburg West,Airlines VirginiaCapital,3,1,0,1
1959,Qtr 2,May,12,12/05/1959,West,Lockheed,Lockheed C 69 ConstellationN2735A,Charleston West,Airlines VirginiaCapital,44,2,0,2
1945,Qtr 2,April,14,14/04/1945,West,Douglas,Douglas DC 3NC25692,Morgantown West,Airlines Central VirginiaPennsylvania,20,20,0,20
1962,Qtr 2,May,22,22/05/1962,West,Lockheed,Lockheed C121J131390,Near Markt Schwaben West,Navy U.S. - GermanyMilitary,26,26,0,26
1982,Qtr 3,September,11,11/09/1982,West,Boeing,Boeing Vertol CH 47C (helicopter)74,Near Mannheim West,Army U.S. - GermanyMilitary,46,46,0,46
1953,Qtr 2,May,2,02/05/1953,West,de Havilland,de Havilland DH106 Comet 1G ALYV,Near Jalalogori West,India          Bengal British Overseas Airways,43,43,0,43
1955,Qtr 3,August,11,11/08/1955,West,Fairchild,Fairchild C119G / Fairchild C119G53 3222/53,Near Edelweiler West,Air U.S. - Military / Force Air U.S. - GermanyMilitary,67,67,0,67
1942,Qtr 3,July,1,01/07/1942,West,Douglas,Douglas C 49E42,Near Premier West,Forces Air Army U.S. - VirginiaMilitary,21,21,0,21
1957,Qtr 4,November,3,03/11/1957,West,Douglas,Douglas DC 4D,Dusseldorf West,Company GermanyHerfurtner,10,7,1,8
1979,Qtr 1,February,12,12/02/1979,West,Nord,Nord 262N29824,Clarksburg West,Airlines VirginiaAllegheny,25,2,0,2
1992,Qtr 4,October,7,07/10/1992,West,Lockheed,Lockheed C 130E Hercules63,Berkeley Springs West,Airforce U.S. - VirginiaMiltiary,6,6,0,6
1978,Qtr 4,November,18,18/11/1978,West,de Havilland,de Havilland Canada DHC 6 Twin Otter 300F,Off Marie Galante Island West,Guadeloupe IndiesAir,20,15,0,15
1971,Qtr 4,October,2,02/10/1971,West,Vickers,Vickers Vanguard 951G APEC,Near Aarsele West,Belgium          Vlaanderen British European Airways,63,63,0,63
1929,Qtr 1,January,31,31/01/1929,West,Travel,Travel Air 4000NC6480,Morgantown West,Company Transportation VirginiaSkyline,1,1,0,1
1971,Qtr 3,August,18,18/08/1971,West,Boeing,Boeing Vertol CH 47A (helicopter)66,Near Pegnitz West,Army U.S. - GermanyMilitary,37,37,0,37
1929,Qtr 4,October,31,31/10/1929,Washington,Loening,Loening C 2CNC9158,Off Bremerton Washington,Lines Air Gorst / Taxi Air Bremerton-Seattle,2,2,0,2
1951,Qtr 1,January,16,16/01/1951,Washington,Martin,Martin 202N93054,Near Reardan Washington,Airlines Orient Northwest,10,10,0,10
1952,Qtr 4,November,28,28/11/1952,Washington,Douglas,Douglas C 54G (DC,Near Tacoma Washington,Force Air U.S. - Military,38,37,0,37
1962,Qtr 3,September,10,10/09/1962,Washington,Boeing,Boeing KC 135A60,Near Milan Washington,Force Air U.S. - Military,44,44,0,44
1929,Qtr 4,November,30,30/11/1929,Washington,Stearman,Stearman M 2 SpeedmailNC8199,Vancouver Washington,Lines Air Varney,1,1,0,1
1928,Qtr 4,December,10,10/12/1928,Washington,Ford,Ford Tri motor 4NC7687,Spokan Washington,Airways Spokane,5,5,0,5
1949,Qtr 3,July,19,19/07/1949,Washington,Curtiss,Curtiss C 46F,Seattle Washington,Associates Transport Air,32,2,4,6
1949,Qtr 1,January,2,02/01/1949,Washington,Douglas,Douglas DC 3 (C,Seattle Washington,Charter Air Seattle,30,14,0,14
1947,Qtr 4,November,30,30/11/1947,Washington,Douglas,Douglas C 54ANC,Seattle Washington,Airlines Alaska,28,8,1,9
1975,Qtr 1,March,20,20/03/1975,Washington,Lockheed,Lockheed C 141A (L.300)64,Near Quilcene Washington,Force Air U.S. - Military,16,16,0,16
1931,Qtr 1,January,22,22/01/1931,Washington,Boeing,Boeing 40NC741K,Bluff Mountain Washington,Lines Air Varney,1,1,0,1
1958,Qtr 3,September,8,08/09/1958,Washington,Boeing,Boeing B 52 / Boeing B,Near Fairchild AFB Washington,Force Air U.S. / Force Air U.S. - Military,16,13,0,13
1957,Qtr 1,March,2,02/03/1957,Washington,Douglas,Douglas C 54BN90449,Blyn Washington,Airlines Alaska,5,5,0,5
1961,Qtr 2,May,24,24/05/1961,Washington,Douglas,Douglas C 124A,Near Tacoma Washington,Force Air U.S. - Military,22,22,0,22
1953,Qtr 2,April,14,14/04/1953,Washington,Douglas,Douglas DC 3 (C,Selleck Washington,Airlines Miami,25,7,0,7
1953,Qtr 3,September,1,01/09/1953,Washington,Douglas,Douglas DC 3N19941,Vail Washington,Airlines Cargo Regina,21,21,0,21
1943,Qtr 1,February,18,18/02/1943,Washington,Boeing,Boeing XB 2941,Seattle Washington,Company Aircraft Boeing - Private,10,10,20,30
1956,Qtr 2,April,2,02/04/1956,Washington,Boeing,Boeing 377 Stratocruiser 10 30N74608,Seattle Washington,Airlines Orient Northwest,38,5,0,5
1955,Qtr 4,November,17,17/11/1955,Washington,Douglas,Douglas C 54N88852,Seattle Washingon,Peninsular,74,28,0,28
2008,Qtr 2,May,17,17/05/2008,Washington,de Havilland,de Havilland Canada DHC 2 Mark I BeaverN5998Q,Stehekin Washington,Service Air Chelan,5,2,0,2
2014,Qtr 1,March,18,18/03/2014,Washington,Urocopter,Urocopter AS350 B2N250FB,Seattle Washington,TV KOMO / Inc Helicopters,2,2,0,2
1931,Qtr 4,November,26,26/11/1931,Washington,Boeing,Boeing 40NC10338,Pasco Washington,Lines Air Varney,1,1,0,1
1952,Qtr 4,December,20,20/12/1952,Washington,Douglas,Douglas C 124A Globemaster50,Moses Lake Washington,Force Air U.S. - Military,115,87,0,87
1965,Qtr 2,April,23,23/04/1965,Washington,Douglas,Douglas DC 6AN6541C,Near Seattle Washington,Airlines Aaxico,5,5,0,5
1946,Qtr 4,December,10,10/12/1946,Washington,Curtiss,Curtiss  Wright R5C,Toledo Washington,Corps Marine U.S. - Military,32,32,0,32
1939,Qtr 1,March,18,18/03/1939,Washington,Boeing,Boeing 307 StratolinerNX19901,Near Adler Washington,Company Aircraft Boeing,10,10,0,10
1953,Qtr 1,January,7,07/01/1953,Washington,Douglas,Douglas C 54B,Issaquah Washington,Line Tiger Flying,7,7,0,7
1987,Qtr 1,March,13,13/03/1987,Washington,Boeing,Boeing KC 13560,Spokane Washington,Force Air U.S. - Military,6,6,1,7
1994,Qtr 1,March,18,18/03/1994,Washington,Douglas,Douglas DC 3CN3433Y,Spokane Washington,Salair,2,2,0,2
1981,Qtr 1,January,20,20/01/1981,Washington,Beechcraft,Beechcraft 99AN390CA,Spokane Washington,Airways Cascade,9,7,0,7
1978,Qtr 1,February,10,10/02/1978,Washington,Beechcraft,Beechcraft 99N199EA,Richland Washington,Airlines Pacific Columbia,17,17,0,17
2003,Qtr 4,November,29,29/11/2003,Washington,Swearingen,Swearingen SA227AT Merlin IVCN439AF,Spokane Washington,Ameriflight,1,1,0,1
1989,Qtr 4,December,26,26/12/1989,Washington,British,British Aerospace 3101 Jetstream 31N410UE,Pasco Washington,Express United,6,6,0,6
1949,Qtr 1,February,19,19/02/1949,Warks,Douglas,Douglas DC 3 / Avro AnsonG,Near Coventry Warks,England British European Airways / Military - British,14,14,0,14
1965,Qtr 1,February,8,08/02/1965,Wantagh,Douglas,Douglas DC 7BN849D,Off Jones Beach Wantagh,New York Eastern Air Lines,84,84,0,84
1968,Qtr 4,December,31,31/12/1968,WA,Vickers,Vickers Viscount 720VH RMQ,Port Hedland WA,Australia Mac,26,26,0,26
1963,Qtr 1,March,15,15/03/1963,Volcano,Douglas,Douglas DC 6BCP,Near Tacora Volcano,Peru Lloyd Aereo Boliviano,39,39,0,39
1985,Qtr 1,February,19,19/02/1985,Vizcaya,Boeing,Boeing B 727,Near Durango Vizcaya,Spain Iberia Airlines,148,148,0,148
2001,Qtr 3,September,11,11/09/2001,VirginiaAmerican,Boeing,Boeing B 757,Arlington Virginia.American,Airlines,64,64,125,189
1961,Qtr 4,November,8,08/11/1961,Virginia,Lockheed,Lockheed C 69 ConstellationN2737A,Near Richmond Virginia,Airways Imperial,79,76,0,76
1908,Qtr 3,September,17,17/09/1908,Virginia,Wright,Wright Flyer III,Fort Myer Virginia,Army U.S. - Military,2,1,0,1
1959,Qtr 4,October,30,30/10/1959,Virginia,Douglas,Douglas DC 3N55V,Waynesborough Virginia,Airlines Piedmont,27,26,0,26
1940,Qtr 3,August,31,31/08/1940,Virginia,Douglas,Douglas DC 3NC21789,Near Lovettsville Virginia,Airlines Central Pennsylvania,25,25,0,25
1960,Qtr 1,January,18,18/01/1960,Virginia,Vickers,Vickers Viscount 745DN7462,Charles City Virginia,Airlines Capital,50,50,0,50
1971,Qtr 2,May,28,28/05/1971,Virginia,Aero,Aero Commander 680EN601JJ,Roanoke Virginia,Private,6,6,0,6
1922,Qtr 1,February,21,21/02/1922,Virginia,Dirigible,Dirigible Roma (airship),Near Norfolk Virginia,Service Air Army U.S. - Military,45,34,0,34
1974,Qtr 4,December,1,01/12/1974,Virginia,Boeing,Boeing B 727,Near Berryville Virginia,Airlines World Trans,92,92,0,92
1964,Qtr 3,July,16,16/07/1964,Virginia,Douglas,Douglas DC 7BN809D,Richmond Virginia,Lines Air Eastern,76,0,0,0
1933,Qtr 2,June,4,04/06/1933,Virginia,Pitcairn,Pitcairns PA 6,Bowling Green Virginia,Transport Air Eastern,1,1,0,1
2004,Qtr 4,October,24,24/10/2004,Virginia,Beech,Beech 200 Super King AirN501RH,Martinsville Virginia,Inc. Motorsports Hendrick - Private,10,10,0,10
1949,Qtr 4,November,1,01/11/1949,Virginia,Douglas,Douglas C 54B / P,Arlington Virginia,Force Air Bolivian - Military / Lines Air Eastern,55,55,0,55
1994,Qtr 2,June,18,18/06/1994,Virginia,Learjet,Learjet 25DXA BBA,Chantilly Virginia,TAESA,12,12,0,12
1945,Qtr 1,February,23,23/02/1945,Virginia,Douglas,Douglas DC 3NC18142,Marion Virginia,Airlines American,22,17,0,17
1947,Qtr 1,January,12,12/01/1947,Virginia,Douglas,Douglas DC 3NC88872,Near Galax Virginia,Lines Air Eastern,19,18,0,18
1947,Qtr 2,June,13,13/06/1947,Virginia,Douglas,Douglas DC 4 (C,Leesburg Virginia,Airlines Central Pennsylvania,50,50,0,50
1996,Qtr 4,December,22,22/12/1996,Virginia,McDonnell,McDonnell Douglas DC 8,Narrows Virginia,Express Airborne,6,6,0,6
1946,Qtr 2,May,16,16/05/1946,Virginia,Douglas,Douglas DC 3NC53218,Richmond Virginia,Transport Air Viking,27,27,0,27
1965,Qtr 3,July,15,15/07/1965,Virgin,de Havilland,de Havilland 106AN6503D,St. Thomas Virgin,Airways Islands IslandsVirgin,12,8,0,8
1970,Qtr 4,December,28,28/12/1970,Virgin,Boeing,Boeing B 727,St. Thomas Virgin,Airways Caribbean IslandsTrans,55,2,0,2
1979,Qtr 3,July,24,24/07/1979,Virgin,de Havilland,de Havilland DH 114 HeronN575PR,St. Croix Virgin,IslandsPrinair,21,8,0,8
1976,Qtr 2,April,27,27/04/1976,Virgin,Boeing,Boeing B 727,St. Thomas Virgin,Airlines IslandsAmerican,88,37,0,37
1978,Qtr 2,April,5,05/04/1978,Virgin,Grumman,Grumman G 21N877A,St. Thomas Virgin,Air IslandsAntilles,9,2,0,2
1976,Qtr 1,February,21,21/02/1976,Virgin,Grumman,Grumman G 21A seaplaneN4772C,St. Croix Virgin,Air IslandsAntilles,11,5,0,5
2014,Qtr 3,July,7,07/07/2014,Vietnam,Mil,Mil Mi 171,Thach That district Vietnam,Force Air Army People's Vietnam - Military,19,18,0,18
1976,Qtr 3,August,28,28/08/1976,Vietnam,Sud,Sud Aviation SE 210 Caravelle IIIF BSGZ,Ho Chi Minh City Vietnam,France Air,20,1,0,1
1953,Qtr 4,October,17,17/10/1953,Vietnam,Douglas,Douglas C 47BF,Lai Chau Vietnam,Sila Compagnie,7,2,0,2
1954,Qtr 2,June,8,08/06/1954,Vietnam,Douglas,Douglas C 47,Da Nang Vietnam,Orient d'Extrême Aériens Tr. de Soc.,4,4,0,4
1965,Qtr 4,October,18,18/10/1965,Vietnam,Boeing,Boeing 307 Stratoliner B 1F,Near Hanoi Vietnam,Commision Control International,13,13,0,13
1965,Qtr 3,September,27,27/09/1965,Vietnam,Beechcraft,Beechcraft C 45HN9574Z,Bao Trai Vietnam,America Air,3,3,0,3
1953,Qtr 1,February,3,03/02/1953,Vietnam,Douglas,Douglas C 47B,Lai Chau Vietnam,Outremer Air,18,18,0,18
1950,Qtr 1,March,10,10/03/1950,Vietnam,Bristol,Bristol 170 Freighter 21F BECR,Saigon Vietnam,Aeriens Transport de Indochinoise Societe,4,4,0,4
1953,Qtr 1,March,17,17/03/1953,Vietnam,Douglas,Douglas DC 3F,Off Da Nang Vietnam,Azur Aigle,8,8,0,8
1953,Qtr 2,April,16,16/04/1953,Vietnam,Douglas,Douglas DC 3F,NW of Hanoi Vietnam,Azur Aigle,30,30,0,30
1992,Qtr 4,November,14,14/11/1992,Vietnam,Yakovlev,Yakovlev YAK 40VN,Near Nha Trang Vietnam,Airlines Vietnam,31,30,0,30
1972,Qtr 2,June,5,05/06/1972,Vietnam,Curtiss,Curtiss C 46AEM2,Near Pleiku Vietnam,America Air,32,32,0,32
1970,Qtr 3,September,30,30/09/1970,Vietnam,Douglas,Douglas DC 3,Near Da Nang Vietnam,Vietnam) (South Vietnam Air,38,4,0,4
1974,Qtr 1,March,8,08/03/1974,Vietnam,Antonov,Antonov An 24XW,Hanoi Vietnam,Airlines Lao Pathet,18,18,0,18
1975,Qtr 1,January,3,03/01/1975,Vietnam,Fairchild,Fairchild C 123KST,Near Nha Trang Vietnam,America Air,9,9,0,9
1974,Qtr 3,July,27,27/07/1974,Vietnam,Fairchild,Fairchild C 123KST,Near Moc Hoa Vietnam,Amercia Air,5,5,0,5
1968,Qtr 2,May,12,12/05/1968,Vietnam,Lockheed,Lockheed C 130B Hercules60,Kham Duc Vietnam,Force Air U.S. - Military,155,155,0,155
1966,Qtr 4,October,4,04/10/1966,Vietnam,de Havilland,de Havilland Canada CV 2B Caribou63,An Khe Vietnam,Army U.S. - Military,32,14,0,14
1969,Qtr 1,January,16,16/01/1969,Vietnam,Douglas,Douglas C 47 Skytrain (DC,Near Hue Vietnam,America Air,12,12,0,12
1969,Qtr 4,December,22,22/12/1969,Vietnam,Douglas,Douglas DC 6BB,Nha Trang Vietnam,Vietnam) (South Vietnam Air,77,10,24,34
1969,Qtr 3,September,20,20/09/1969,Vietnam,Douglas,Douglas DC 4 / USAF F,Near Hoi An Vietnam,Vietnam) (South Vietnam Air,76,74,2,76
1954,Qtr 2,April,4,04/04/1954,Vietnam,Douglas,Douglas C 54AF,Hanoi Vietnam,Autrex,4,4,0,4
2001,Qtr 2,April,7,07/04/2001,Vietnam,Mil,Mil Mi 18 HelicopterVN,Thanh Tranh Village Vietnam,Account Full - Charter - Vietnam SFC,16,16,0,16
2017,Qtr 1,February,21,21/02/2017,Victoria,Beechcraft,Beechcraft B200 Super King AirVH ZCR,Melbourne Victoria,Australia Australian Corporate Jet Centres PTY. LTD,5,5,0,5
1935,Qtr 4,October,2,02/10/1935,Victoria,de Havilland,de Havilland DH 86VH,Off Finders Island Victoria,Australia Holyman Airways,5,5,0,5
2006,Qtr 3,August,4,04/08/2006,Vermont,Embraer,Embraer 110 BandeiranteN59BA,Near Pownal Vermont,Air,1,1,0,1
1991,Qtr 3,September,18,18/09/1991,Vermont,Convair,Convair CV 580C,Belvedere Center Vermont,Cargo Canair,2,2,0,2
1990,Qtr 1,January,29,29/01/1990,Vermont,Cessna,Cessna 208B Caravan IN4688B,Burlington Vermont,Express Airborne,2,2,0,2
1946,Qtr 3,July,26,26/07/1946,Veracruz,Fairchild,Fairchild Pilgrim 100AXA DEJ,Near Huatesco Veracruz,Mexico Communicaciones Aereos de veracruz,9,9,0,9
1937,Qtr 1,January,11,11/01/1937,Veracruz,Lockheed,Lockheed 10E ElectraX ABEO,Near Playa V icente Veracruz,Mexico Mexicana,9,9,0,9
1938,Qtr 3,August,12,12/08/1938,Vera,Lockheed,Lockheed 10E ElectraX ABAS,Near San Andres Tuxtla Vera,Mexico           Cruz Mexicana,11,11,0,11
1991,Qtr 4,October,13,13/10/1991,Venezuela,Bell,Bell 214 STYV O,Aponguao Falls Venezuela,EDELCA,12,12,0,12
2010,Qtr 3,August,27,27/08/2010,Venezuela,Mi,Mi 17V 5GN10139,Buena Vista Venezuela,Guard National Venezuelan - Military,10,10,0,10
1948,Qtr 2,June,26,26/06/1948,Venezuela,Douglas,Douglas DC 3YV,Maiquetia Venezuela,Venezolana Aeropostal Linea,17,1,0,1
1971,Qtr 1,January,25,25/01/1971,Venezuela,Vickers,Vickers Viscount 749YV C,Merida Venezuela,Venezolana Aeropostal Linea,47,13,0,13
2009,Qtr 2,May,3,03/05/2009,Venezuela,Mi,Mi  35EV08114,Near El Alto de Rubio Venezuela,Army Venezuelan - Military,18,18,0,18
1990,Qtr 1,January,23,23/01/1990,Venezuela,CASA,CASA 212 200 AviocarARV,Near Caracas Venezuela,Navy Venezuelan - Military,25,25,0,25
1959,Qtr 1,January,21,21/01/1959,Venezuela,Curtiss,Curtiss C 46D,Near Merida Venezuela,Bolivar Expresa Linea,4,4,0,4
1961,Qtr 1,March,9,09/03/1961,Venezuela,Douglas,Douglas DC 3YV,Near Caracas Venezuela,Venezolana Aeropostal Linea,12,12,0,12
1997,Qtr 3,August,29,29/08/1997,Venezuela,Pilatus,Pilatus PC 6 Turbo Porter / Cessna 206FAC1115,Puerto Inirida Venezuela,Satena,12,12,0,12
1989,Qtr 4,November,28,28/11/1989,Venezuela,Cessna,Cessna 402YV 478C,Charallave Venezuela,Cave Aéreas Lineas,7,3,0,3
2010,Qtr 3,September,13,13/09/2010,Venezuela,ATR,ATR 42 320YV,Puerto Ordaz Venezuela,Conviasa Airline,51,17,0,17
1948,Qtr 3,August,20,20/08/1948,Venezuela,Douglas,Douglas C 47AYV,La Guaira Venezuela,Avensa,3,3,0,3
2008,Qtr 1,January,4,04/01/2008,Venezuela,LET,Let 410 UVP E3YV2081,Los Roques Venezuela,Transaven,18,18,0,18
1960,Qtr 2,April,28,28/04/1960,Venezuela,Douglas,Douglas DC 3YV,Near Calabozo Venezuela,Venezolana Aeropostal Linea,13,13,0,13
2003,Qtr 3,August,8,08/08/2003,Venezuela,Cessna,Cessna 208B Grand CaravanYV 1069C,Tocomita Venezuela,(SASCA) Sucre Aeronauticos Servicios,16,1,0,1
2004,Qtr 4,November,18,18/11/2004,Venezuela,BAE,BAe 3101 Jetstream 31YV 1083C,Caracas Venezuela,Venezolana,21,3,0,3
1974,Qtr 3,August,14,14/08/1974,Venezuela,Vickers,Vickers Viscount 749YV C,Margarita Island Venezuela,Venezolana Aeropostal Linea,49,49,0,49
2004,Qtr 4,December,10,10/12/2004,Venezuela,PZL,PZL  Mielec M28GN,El Junquito Venezuela,Venezuela de Nacional Guardia,16,16,0,16
2001,Qtr 3,July,12,12/07/2001,Venezuela,Antonov,Antonov AN 28 PZL,Near Puerto Cabello Venezuela,Company Overtec - Private,13,13,0,13
1998,Qtr 4,October,2,02/10/1998,Venezuela,Douglas,Douglas DC 3CYV,Near Canaima Venezuela,Servivensa,27,1,0,1
2003,Qtr 3,July,13,13/07/2003,Venezuela,LET,Let 410UVP EYV,Near San Cristobal Venezuela,Aérea Compania Duran & Ruiban,10,4,0,4
1954,Qtr 4,December,18,18/12/1954,Venezuela,Douglas,Douglas C 47AYV,Near Bolivar Venezuela,Venezolana Aeropostal Linea,2,2,0,2
1952,Qtr 4,December,25,25/12/1952,Venezuela,Douglas,Douglas DC 3YV,Off Caracas Venezuela,Avensa,5,3,0,3
1956,Qtr 4,November,27,27/11/1956,Venezuela,Lockheed,Lockheed 749 79,Caracas Venezuela,Venezolana Aeropostal Linea,25,25,0,25
1972,Qtr 3,August,27,27/08/1972,Venezuela,Douglas,Douglas C 47,Canaima Venezuela,Venezolanas Areas Lineas,34,34,0,34
2005,Qtr 1,March,8,08/03/2005,Venezuela,Cessna,Cessna 500 Citation IYV 21CP,Chrallave Venezuela,Global Air,2,2,0,2
2001,Qtr 1,January,25,25/01/2001,Venezuela,Douglas,Douglas DC 3C (C47A,Ciudad Bolivar Venezuela,Airlines Rutaca,24,24,0,24
1978,Qtr 1,March,3,03/03/1978,Venezuela,British,British Aerospace 748 2AYV 45C,Off Caracas Venezuela,Venezolana Aeropostal Linea - LAV,47,47,0,47
1994,Qtr 4,December,17,17/12/1994,Venezuela,Douglas,Douglas C 47A,Cerro Aicha Venezuela,Servivensa,9,7,0,7
1969,Qtr 4,December,3,03/12/1969,Venezuela,Boeing,Boeing B 707,Off Caracas Venezuela,France Air,62,62,0,62
2008,Qtr 1,February,21,21/02/2008,Venezuela,ATR,ATR  42,Merida Venezuela,Airlines Barbara Santa,46,46,0,46
1999,Qtr 4,December,25,25/12/1999,Venezuela,Yakovlev,Yakovlev YAK 42DCU,Bejuma Venezuela,Aviacion de Cubana,22,22,0,22
1974,Qtr 4,December,22,22/12/1974,Venezuela,McDonnell,McDonnell Douglas DC 9,Maturin Venezuela,(Venezuela) SA Venezolanas Aerovias,77,77,0,77
1968,Qtr 3,August,20,20/08/1968,Venezuela,Hawker,Hawker Siddeley HS 748,Near Maturin Venezuela,Venezolana Aeropostal Linea,7,4,0,4
1950,Qtr 4,December,15,15/12/1950,Venezuela,Douglas,Douglas C 47,Valera Venezuela,Avensa,31,31,0,31
1968,Qtr 4,December,12,12/12/1968,Venezuela,Boeing,Boeing B 707,Near Caracas Venezuela,Airways World American Pan,51,51,0,51
1957,Qtr 3,September,3,03/09/1957,Venezuela,Douglas,Douglas DC 3YV,Niquitao Venezuela,Avensa,8,8,0,8
1947,Qtr 2,April,8,08/04/1947,Venezuela,Douglas,Douglas C 47AYV,Near Caracas Venezuela,Venezolana Aeropostal Linea,27,27,0,27
1991,Qtr 1,March,5,05/03/1991,Venezuela,McDonnell,McDonnell Douglas DC 9,La Puerta Venezuela,Venezolana Aeropostal Linea,45,45,0,45
2004,Qtr 3,August,21,21/08/2004,Venezuela,Shorts,Shorts 360FAV 1652,Near Maracay Venezuela,Force Air Venezuelan - Military,25,25,0,25
1955,Qtr 2,May,21,21/05/1955,Venezuela,Douglas,Douglas C 47,Off Barcelona Venezuela,Venezolana Aeropostal Linea,16,4,0,4
1952,Qtr 1,March,29,29/03/1952,Venezuela,Douglas,Douglas DC 3YV,Near San Felipe Venezuela,TACA,12,12,0,12
2013,Qtr 1,January,4,04/01/2013,Venezuela,Britten,Britten Norman BN 2A,Off Los Roques Venezuela,5074 Transaereo,6,6,0,6
2005,Qtr 3,August,16,16/08/2005,Venezuela,McDonnell,McDonnell Douglas MD 82HK,Near La Cucharita Venezuela,Airways Caribbean West,160,160,0,160
2003,Qtr 4,October,11,11/10/2003,Venezuela,Antonov,Antonov AN 2TPYV,Uriman Venezuela,Transmandu,2,1,0,1
1991,Qtr 1,January,10,10/01/1991,Venezuela,CASA,CASA 212 Aviocar 200ARV 0209,Near Paramo Mucuti Venezuela,Navy Venezuelan - Military,22,21,0,21
1999,Qtr 4,October,24,24/10/1999,Venezuela,Arava,Arava 201EV 8012,San Carlos Venezuela,Army Venezuelan - Military,6,6,0,6
1993,Qtr 2,April,2,02/04/1993,Venezuela,McDonnell,McDonnell Douglas DC 9,Off Margarita Island Venezuela,Venezolana Aeropostal Linea,11,11,0,11
1958,Qtr 4,October,14,14/10/1958,Venezuela,Lockheed,Lockheed 1049E Super ConstellationYV C,Mt. Alto del Cedro Venezuela,Venezolana Aeropostal Linea,23,23,0,23
1985,Qtr 2,May,28,28/05/1985,Venezuela,Convair,Convair CV 580YV,Cabimas Venezuela,Avensa,13,2,0,2
1978,Qtr 4,November,21,21/11/1978,Venezuela,Douglas,Douglas C 47AHK,Near Rubio Venezuela,Venado el Aereo,27,27,0,27
1944,Qtr 3,August,29,29/08/1944,Västergötland,Lockheed,Lockheed 18 56 LoadstarG,Near Lidköping Västergötland,Swden British Overseas Airways,15,11,0,11
1972,Qtr 4,October,23,23/10/1972,Vanuatu,Britten,Britten  Norman BN,Tanna Vanuatu,Melanesie Air,8,1,0,1
1991,Qtr 3,July,25,25/07/1991,Vanuatu,Britten,Britten  Norman BN,Espiritu Santos Vanuatu,Vanair,9,9,0,9
1999,Qtr 2,May,8,08/05/1999,Vanuatu,de Havilland,de Havilland Canada DHC 6 Twin Otter 300YJ,Off Port Vila Vanuatu,Vanair,12,7,0,7
1995,Qtr 4,December,20,20/12/1995,Valle,Boeing,Boeing B 757,Near Buga Valle,Colombia         Cauca del American Airlines,164,160,0,160
1962,Qtr 2,June,3,03/06/1962,Val-de-Marne,Boeing,Boeing B 707,Villeneuve-le-Roi Val-de-Marne,France Air France,132,130,0,130
1958,Qtr 4,December,23,23/12/1958,Uzbekstan,Ilyushin,Ilyushin IL 14CCCP,Tashkent Uzbekstan,Aeroflot,21,21,0,21
2004,Qtr 1,January,13,13/01/2004,Uzbekstan,Yakovlev,Yakovlev YAK 40UK,Tashkent Uzbekistan,Airways Uzbekistan,37,37,0,37
1999,Qtr 3,August,26,26/08/1999,Uzbekstan,Yakovlev,Yakovlev YAK 40UK,Turtkul Uzbekistan,Airways Uzbekistan,33,2,0,2
1966,Qtr 1,January,14,14/01/1966,Uzbekstan,Antonov,Antonov AN 2CCCP,Shamurat Uzbekistan,Aeroflot,11,11,0,11
1962,Qtr 3,July,6,06/07/1962,Uzbekstan,Ilyushin,Ilyushin IL 14CCCP,Near Tashkent Uzbekistan,USSRAeroflot,38,11,0,11
1974,Qtr 4,December,14,14/12/1974,Uzbekstan,Yakovlev,Yakovlev 40CCCP 87630,Bukhara Uzbekistan,Aeroflot,19,7,0,7
1959,Qtr 4,December,13,13/12/1959,Uzbekstan,Ilyushin,Ilyushin IL 18CCCP,Near Tashkent Uzbekistan,USSRAeroflot,29,29,0,29
1987,Qtr 1,January,16,16/01/1987,Uzbekstan,Yakovlev,Yakovlev YAK 40CCCP,Tashkent Uzbekistan,Aeroflot,9,9,0,9
1985,Qtr 3,July,10,10/07/1985,Uzbekstan,Tupolev,Tupolev TU 154B,Near Uchuduk Uzbekistan,USSRAeroflot,200,200,0,200
1947,Qtr 3,August,21,21/08/1947,Utah,Curtiss,Curtiss C 46ENC59488,Hanksville Utah,Airways Slick,3,3,0,3
1940,Qtr 4,November,4,04/11/1940,Utah,Douglas,Douglas DC 3NC16086,Near Centerville Utah,Lines Air United,10,10,0,10
1947,Qtr 4,October,24,24/10/1947,Utah,Douglas,Douglas DC 6NC37510,Bryce Canyon Utah,Lines Air United,53,53,0,53
1993,Qtr 1,January,3,03/01/1993,Utah,Bell,Bell 206B3N1078V,Ogden Utah,Inc. Helicopters Coast South - Taxi Air,4,4,0,4
1987,Qtr 1,January,15,15/01/1987,Utah,Swearingen,Swearingen SA 226TC / Mooney M,Salt Lake City Utah,Private. / Airlines Skywest,10,10,0,10
1963,Qtr 1,January,17,17/01/1963,Utah,Fairchild,Fairchild F 27N2703,Great Salt Lake Utah,Airlines Coast West,3,3,0,3
1977,Qtr 4,December,18,18/12/1977,Utah,Douglas,Douglas DC 8,Near Salt Lake City Utah,Lines Air United,3,3,0,3
1943,Qtr 4,December,29,29/12/1943,Utah,Consolidated,Consolidated B 24 / Consolidated B,Lakeside Utah,Army U.S. - Military / Forces Air Army U.S. - Military,25,25,0,25
1942,Qtr 2,May,1,01/05/1942,Utah,Douglas,Douglas DST A,Salt Lake City Utah,Lines Air United,17,17,0,17
1960,Qtr 4,October,15,15/10/1960,Utah,Curtiss,Curtiss C 46FN1300N,Plain City Utah,Airways Capitol,2,2,0,2
1979,Qtr 4,November,18,18/11/1979,Utah,Lockheed,Lockheed L 188CF ElectraN859U,Granger Utah,Airlines Transamerica,3,3,0,3
1934,Qtr 1,February,23,23/02/1934,Utah,Boeing,Boeing 247NC13357,Near Salt Lake City Utah,Company Aircraft Boeing,8,8,0,8
1936,Qtr 4,December,15,15/12/1936,Utah,Boeing,Boeing 247DNC13370,Near Salt Lake City Utah,Express Air Western,7,7,0,7
1965,Qtr 4,November,11,11/11/1965,Utah,Boeing,Boeing B 727,Salt Lake City Utah,Lines Air United,91,43,0,43
1942,Qtr 4,December,15,15/12/1942,Utah,Douglas,Douglas DC 3ANC16060,Fairfield Utah,Airlines Western,19,17,0,17
1931,Qtr 4,November,23,23/11/1931,Utah,Boeing,Boeing 40NC7465,Salt Lake City Utah,Transport Air Boeing,1,1,0,1
1965,Qtr 4,November,27,27/11/1965,Utah,Douglas,Douglas C 53,Salt Lake City  Utah,Airlines Edde,13,13,0,13
1970,Qtr 2,May,2,02/05/1970,US,McDonnell,McDonnell Douglas DC 9,Near St. Croix US,Airlines IslandsAntillean Virgin,63,23,0,23
1938,Qtr 1,January,11,11/01/1938,US,Sirkorsky,Sikorsky S 42 (flying boat)NC16734,Pago Pago U.S.,Airways World American SamoaPan,7,7,0,7
1981,Qtr 4,October,26,26/10/1981,US,Lockheed,Lockheed L 749A ConstellationHI,St. Thomas U.S.,Argo IslandsAerolineas Virgin,5,5,0,5
1928,Qtr 1,January,16,16/01/1928,Uruguay,Latecoere,Latecoere 25F AIKG,Solis Uruguay,Aeropostale,2,2,0,2
1960,Qtr 3,September,7,07/09/1960,Uruguay,Douglas,Douglas DC 6LV,Near Salto Uruguay,Argentinas Aerolineas,31,31,0,31
1997,Qtr 4,October,10,10/10/1997,Uruguay,McDonnell,McDonnell Douglas DC 9,Nuevo Berlin Uruguay,(Argentina) Aeras Lineas Austral,74,74,0,74
1978,Qtr 1,February,10,10/02/1978,Uruguay,Douglas,Douglas C 47A,Near Artigas Uruguay,Force Air Uruguayan,44,44,0,44
1977,Qtr 2,June,20,20/06/1977,Uruguay,Embraer,Embraer 110C BandeiranteCX BJE,Salto-Nueva Hesperides Uruguay,Uruguaya Aérea Fuerza,15,12,0,12
1974,Qtr 3,August,11,11/08/1974,Upper,Ilyushin,Ilyushin IL 18BTZ,Near Ouagadougou Upper,Mali  VoltaAir,60,47,0,47
1923,Qtr 3,August,27,27/08/1923,United,Farman,Farman F.60 GoliathF AECB,East Mallling United,Union KingdomAir,11,1,0,1
2010,Qtr 3,September,3,03/09/2010,United,Boeing,Boeing B747 44AFN571UP,Dubai United,UPS Service- Parcel EmiratesUnited Arab,2,2,0,2
2008,Qtr 3,September,3,03/09/2008,United,Bell,Bell 212A6 AVL,Off Dubai United,EmiratesAerogulf Arab,7,7,0,7
1998,Qtr 3,July,13,13/07/1998,United,Ilyushin,Ilyushin 76MDUR 76424,Off Rasal United,Aircompany EmiratesATI Arab,8,8,0,8
1996,Qtr 2,May,19,19/05/1996,United,Britten,Britten  Norman BN,Griesta United,KingdomLoganair,3,3,0,3
1999,Qtr 4,December,22,22/12/1999,United,Boeing,Boeing 747 2B5FHL,Great Hallingbury United,Air KingdomKorean,4,4,0,4
1997,Qtr 4,December,15,15/12/1997,United,Tupolev,Tupolev TU 154EY,Sharjah United,Airlines EmiratesTajikistan Arab,86,85,0,85
2016,Qtr 3,August,5,05/08/2016,United,Boeing,Boeing 777 31HA6,Dubai United,EmiratesEmirates Arab,300,0,1,1
1935,Qtr 3,July,23,23/07/1935,United,de Havilland,de Havilland DH 84 DragonG,Cardiff United,Airways KingdomJersey,8,1,0,1
2009,Qtr 4,October,21,21/10/2009,United,Boeing,Boeing 707 330CST,Sharjah United,EmiratesAzzi Arab,6,6,0,6
1937,Qtr 4,November,26,26/11/1937,United,Junkers,Junkers JU 52D,Croydon United,Lufthansa KingdomDeutsche,3,3,0,3
1972,Qtr 1,March,14,14/03/1972,United,Aerospatiale,Aerospatiale Caravelle Super 10BOY STL,Near Al Fujayrah United,Airways EmiratesSterling Arab,112,112,0,112
1953,Qtr 3,August,3,03/08/1953,United,Douglas,Douglas DC 3AP,Sharjah United,Airways EmiratesOrient Arab,25,1,0,1
2004,Qtr 1,February,10,10/02/2004,United,Fokker,Fokker F 50EP,Sharjah United,Airlines EmiratesKish Arab,46,43,0,43
2005,Qtr 1,March,15,15/03/2005,United,Pilatus,Pilatus  Britten Norman BN,Off Campbeltown United,KingdomLoganair,2,2,0,2
1974,Qtr 1,January,6,06/01/1974,Ukraine,Antonov,Antonov AN 24VCCCP,Mukachevo Ukraine,Aeroflot,24,24,0,24
1933,Qtr 4,November,21,21/11/1933,Ukraine,Kalinin,Kalinin K 7,Near Kharkov Ukraine,USSRKalinin,20,14,0,14
2020,Qtr 3,September,25,25/09/2020,Ukraine,Antonov,Antonov An26SH76 yellow,Near Chuguev Ukraine,Force Air Ukraine - Military,27,26,0,26
1972,Qtr 2,May,18,18/05/1972,Ukraine,Antonov,Antonov AN 10ACCCP,Near Kharkov Ukraine,USSRAeroflot,122,122,0,122
1974,Qtr 2,May,23,23/05/1974,Ukraine,Yakovlev,Yakovlev YAK 40CCCP,Kiev Ukraine,USSRAeroflot,29,29,0,29
2019,Qtr 4,October,4,04/10/2019,Ukraine,Antonov,Antonov An 12BKUR,Lviv Ukraine,Alliance Air Ukraine,8,5,0,5
1973,Qtr 4,December,23,23/12/1973,Ukraine,Tupolev,Tupolev Tu 124CCCP,Lvov Ukraine,USSRAeroflot,17,17,0,17
2014,Qtr 2,June,14,14/06/2014,Ukraine,Ilyushin,Ilyushin 76MD76777,Lugansk Ukraine,Force Air Ukraine - Military,49,49,0,49
1976,Qtr 2,May,15,15/05/1976,Ukraine,Antonov,Antonov AN 24CCCP,Chernigov Ukraine,USSRAeroflot,52,52,0,52
1975,Qtr 4,November,20,20/11/1975,Ukraine,Antonov,Antonov AN 24CCCP,Kharkov Ukraine,USSRAeroflot,50,19,0,19
1959,Qtr 4,November,16,16/11/1959,Ukraine,Antonov,Antonov AN 10CCCP,Lvov Ukraine,USSRAeroflot,40,40,0,40
1970,Qtr 3,September,2,02/09/1970,Ukraine,Tupolev,Tupolev Tu 124CCCP,Near Dnepropetrovsk Ukraine,USSRAeroflot,37,37,0,37
1970,Qtr 3,September,2,02/09/1970,Ukraine,Tupolev,Tupolev Tu 124CCCP,Lihovka Ukraine,Aeroflot,37,37,0,37
1960,Qtr 3,August,17,17/08/1960,Ukraine,Ilyushin,Ilyushin IL 18BCCCP,Near Kiev Ukraine,Aeroflot,34,34,0,34
1961,Qtr 3,July,10,10/07/1961,Ukraine,Tupolev,Tupolev TU 104BCCCP,Odessa Ukraine,USSRAeroflot,85,1,0,1
2002,Qtr 3,July,27,27/07/2002,Ukraine,Sukhoi,Sukhoi Su 2742,Lviv Ukraine,Force Air Ukraine - Military,2,0,85,85
1969,Qtr 3,August,3,03/08/1969,Ukraine,Antonov,"Antonov An 24B	 CCCP",Preobrazhenka Ukraine,Aeroflot,55,55,0,55
1971,Qtr 1,March,31,31/03/1971,Ukraine,Antonov,Antonov AN 10CCCP,Vorochilovgrad Ukraine,Aeroflot,65,65,0,65
2013,Qtr 1,February,13,13/02/2013,Ukraine,Antonov,Antonov AN 24RVUR,Donetsk Ukraine,Airlines South,45,5,0,5
1970,Qtr 2,April,4,04/04/1970,Ukraine,Ilyushin,Ilyushin IL 14PCCCP,Zaporozhye Ukraine,Aeroflot,35,7,0,7
1985,Qtr 2,May,3,03/05/1985,Ukraine,Tupolev,Tupolev TU 134A / Antonov An,Near L'vov Ukraine,USSRAeroflot / Soviet Air Force,76,76,0,76
2014,Qtr 3,July,17,17/07/2014,Ukraine,Boeing,Boeing 777 2H6ER9M,Hrabove Ukraine,Airlines Malaysia,298,298,0,298
1985,Qtr 3,September,25,25/09/1985,Ukraine,Antonov,Antonov AN 12CCCP,Near Kharkov Ukraine,MAP,9,9,0,9
1971,Qtr 3,September,16,16/09/1971,Ukraine,Tupolev,Tupolev TU 134AHA,Kiev Ukraine,USSRMalev Hungarian Airlines,49,49,0,49
1944,Qtr 4,December,7,07/12/1944,Ukraine,sunov,Lisunov LI 2CCCP,Orlivka Ukraine,Aeroflot,16,16,0,16
2006,Qtr 3,August,22,22/08/2006,Ukraine,Tupolev,Tupolev TU 154MRA,Near Donetsk Ukraine,Airlines Pulkovo,170,170,0,170
1977,Qtr 3,July,8,08/07/1977,Ukraine,Antonov,Antonov AN 24CCCP,Off Kirovograd Ukraine,Aeroflot,7,6,0,6
1983,Qtr 3,July,16,16/07/1983,UKBritish,Sirkorsky,Sikorsky S 61N,Off Scilly Islands UKBritish,Helicopters Airways,26,20,0,20
2009,Qtr 1,March,9,09/03/2009,Uganda,Ilyushin,Ilyushin Il 76TS9,Lake Victoria Uganda,Aerolift,11,11,0,11
2006,Qtr 1,January,8,08/01/2006,Uganda,Antonov,Antonov 129Q CIH,Bukalaza Uganda,Air Service,6,6,0,6
1998,Qtr 4,October,25,25/10/1998,Uganda,Britten,Britten  Norman BN,Rwenzori mountains Uganda,Aviation Tana,11,4,0,4
1976,Qtr 2,June,27,27/06/1976,Uganda,Airbus,Airbus A300F BVGG,Entebbe Uganda,France Air,258,7,0,7
1967,Qtr 1,February,7,07/02/1967,UARMisrair,Antonov,Antonov AN 24,Near Hourghada UARMisrair,N/A,30,30,0,30
1983,Qtr 3,September,23,23/09/1983,UAEGulf,Boeing,Boeing B 737,Near Mina Jebel Ali UAEGulf,Air,112,112,0,112
1989,Qtr 3,September,27,27/09/1989,Tusayan,de Havilland,de Havilland Canada DHC 6 Twin Otter 300N75GC,Grand Canyon National Park Airport Tusayan,Arizona Grand Canyon Airlines,21,10,0,10
1990,Qtr 4,November,19,19/11/1990,Turkmenistan,Mil,Mil Mi 8TCCCP,Near Ashkhabad Turkmenistan,USSRAeroflot,15,15,0,15
1941,Qtr 4,November,29,29/11/1941,Turkmenistan,Tupolev,Tupolev ANT 6CP,Chardzhou Turkmenistan,Aeroflot,36,7,0,7
1963,Qtr 1,March,5,05/03/1963,Turkmenistan,Ilyushin,Ilyushin IL 18VCCCP,Ashgabat Turkmenistan,Aeroflot,54,12,0,12
1996,Qtr 1,March,12,12/03/1996,Turkmenistan,Mil,Mil Mi 8T (helicopter)EZ,Karabogazgol Bay Turkmenistan,Air Akhal,12,12,0,12
1980,Qtr 1,March,14,14/03/1980,Turkey,Lockheed,Lockheed C 130H74,Near Yenice Turkey,Force Air U.S. - Military,18,18,0,18
1979,Qtr 4,December,23,23/12/1979,Turkey,Fokker,Fokker F 28 Fellowship 1000TC,Ankara Turkey,(THY) Airlines Turkish,45,41,0,41
1953,Qtr 3,September,25,25/09/1953,Turkey,Douglas,Douglas DC 3TC,Ankara Turkey,Yollari Hava Devlet,21,5,0,5
1981,Qtr 3,September,22,22/09/1981,Turkey,Northrop,Northrop F 5A,Near Babaeski Turkey,Force Air Turkish - Military,0,0,40,40
1954,Qtr 2,April,3,03/04/1954,Turkey,Douglas,Douglas DC 3TC,Kabassaak Turkey,Yollari Hava Devlet,25,25,0,25
1982,Qtr 2,April,13,13/04/1982,Turkey,Lockheed,Lockheed C 130H74,Near Erzurum Turkey,Force Air U.S. - Military,27,27,0,27
2001,Qtr 2,May,16,16/05/2001,Turkey,CASA,CASA CN 235M,Malatya Turkey,Force Air Turkish - Military,34,34,0,34
1988,Qtr 1,January,2,02/01/1988,Turkey,Boeing,Boeing B 737,Izmir Turkey,Flugdienst Condor,16,16,0,16
1963,Qtr 1,February,1,01/02/1963,Turkey,Vickers,Vickers Viscount 754D / Douglas C 47OD,Ankara Turkey,ForceC-47 Air Turkish - Military / Airlines East Middle,17,17,87,104
1964,Qtr 1,February,3,03/02/1964,Turkey,Douglas,Douglas C 47ATC,Near Ankara Turkey,(THY) Airlines Turkish,3,3,0,3
1950,Qtr 1,March,25,25/03/1950,Turkey,Douglas,Douglas DC 3TC,Ankara Turkey,Yollairi Hava Devlet,15,15,0,15
1983,Qtr 1,January,16,16/01/1983,Turkey,Boeing,Boeing B 727,Ankara Turkey,(THY) Airlines Turkish,67,47,0,47
1999,Qtr 4,December,29,29/12/1999,Turkey,Antonov,Antonov 283C JJI,Near Zonguldak Turkey,Aviacion de Guineana Ecuato,6,6,0,6
2007,Qtr 4,November,30,30/11/2007,Turkey,McDonnell,McDonnell Douglas MD 83TC,Near Isparta Turkey,Airlines Atlasjet,57,57,0,57
1975,Qtr 1,January,30,30/01/1975,Turkey,Fokker,Fokker F 28 Fellowship 1000TC,Istanbul Turkey,(THY) Airlines Turkish,42,42,0,42
1974,Qtr 1,January,26,26/01/1974,Turkey,Fokker,Fokker F 28 Fellowship 1000TC,Izmir Turkey,(THY) Airlines Turkish,73,66,0,66
1962,Qtr 1,March,8,08/03/1962,Turkey,Fairchild,Fairchild F 27TC,Mt. Medetsiz Turkey,(THY) Airlines Turkish,11,11,0,11
1961,Qtr 3,September,23,23/09/1961,Turkey,Fokker,Fokker F 27 Friendship 100TC,Ankara Turkey,(THY) Airlines Turkish,29,28,0,28
1960,Qtr 1,January,19,19/01/1960,Turkey,Sud,Sud Aviation Caravelle 1OY KRB,Ankara Turkey,(SAS) Airlines Scandinavian,42,42,0,42
2003,Qtr 1,January,8,08/01/2003,Turkey,BAE,BAe Avro RJ 100TC,Diyarbakir Turkey,(THY) Airlines Turkish,80,75,0,75
2020,Qtr 1,February,5,05/02/2020,Turkey,Boeing,Boeing 737 86JTC,Istanbul Turkey,Airlines Pegasus,177,3,0,3
1959,Qtr 2,April,23,23/04/1959,Turkey,Avro,Avro 688 Super TraderG AGRH,Van Turkey,Charter Air,12,12,0,12
1976,Qtr 3,September,19,19/09/1976,Turkey,Boeing,Boeing B 727,Karatepe Mountains Turkey,(THY) Airlines Turkish,154,154,0,154
1953,Qtr 3,August,3,03/08/1953,Turkey,Lockheed,Lockheed L  749A ConstellationF,Off Fethiye Point Turkey,France Air,42,4,0,4
1954,Qtr 1,January,5,05/01/1954,Turkey,Douglas,Douglas DC 3TC,Lapseki Turkey,Yollari Hava Devlet,10,4,0,4
1999,Qtr 2,April,7,07/04/1999,Turkey,Boeing,Boeing 737 4Q8TC,Near Ceyhan Turkey,(THY) Airlines Turkish,6,6,0,6
2003,Qtr 2,May,26,26/05/2003,Turkey,Yakovlev,Yakovlev 42DUR 42352,Near Macka Turkey,Airlines Ukranian-Mediterranean,75,75,0,75
1961,Qtr 4,December,21,21/12/1961,Turkey,de Havilland,de Havilland Comet 4BG ARJM,Ankara Turkey,Airways European British,34,27,0,27
2017,Qtr 1,March,10,10/03/2017,Turkey,Sirkorsky,Sikorsky S 76CTC,Istanbul Turkey,Aviation Swan,7,7,0,7
1994,Qtr 4,December,29,29/12/1994,Turkey,Boeing,Boeing B 737,Near Van Turkey,(THY) Airlines Turkish,76,57,0,57
2002,Qtr 2,May,7,07/05/2002,Tunisia,Boeing,Boeing B 737,Near Tunis Tunisia,Egypt,62,14,0,14
2014,Qtr 1,February,21,21/02/2014,Tunisia,Antonov,Antonov 265A DOW,Grombalia Tunisia,Cargo Air Libyan,11,11,0,11
1936,Qtr 2,April,11,11/04/1936,Trinidad,Sirkorsky,Sikorsky S 42A  Flying BoatNC1537,Port of Spain Trinidad,Airways American Pan,25,3,0,3
1945,Qtr 1,January,8,08/01/1945,Trinidad,Martin,Martin M 130 (flying boat)NC14716,Port of Spain Trinidad,Airways World American Pan,30,23,0,23
1998,Qtr 1,February,3,03/02/1998,Trento,Grumman,Grummand EA 6B163045/CY,Near Cavalese Trento,Italy Military - U.S. Marine Corps,2,0,20,20
1953,Qtr 2,June,18,18/06/1953,Tokyo,Douglas,Douglas C 124A Globemaster II51,Tachikawa AFB Tokyo,Japan Military - U.S. Air Force,129,129,0,129
1942,Qtr 1,January,26,26/01/1942,Timor,Grumman,Grumman G 21 GoosePK,Kupang Timor,KNILM,5,5,0,5
1942,Qtr 1,January,30,30/01/1942,Timor,Shorts,Short S 23 (flying boat)G,Near Kupang Timor,Qantas,18,13,0,13
1996,Qtr 3,July,15,15/07/1996,The,Lockheed,Lockheed C 130HCH,Near Eindhoven The,Force Air Belgian - NetherlandsMilitary,41,34,0,34
1962,Qtr 4,December,28,28/12/1962,The,Channel,Channel Air BridgeG ARSF,Rotterdam The,ATL-98 NetherlandsCarvair,18,1,0,1
1946,Qtr 4,October,7,07/10/1946,The,Fairey,Fairey Firefly MK1PP526,Apeldoorn The,Service Air Naval Netherlands Royal - NetherlandsMilitary,1,1,22,23
1939,Qtr 2,June,10,10/06/1939,The,Koolhoven,Koolhoven FK.43PH AJK,Vlissingen The,Airlines Dutch Royal NetherlandsKLM,3,3,0,3
1991,Qtr 2,May,26,26/05/1991,Thailand,Boeing,Boeing B 767,Near Ban Nong Rong Thailand,Air Lauda,223,223,0,223
2008,Qtr 2,June,20,20/06/2008,Thailand,Bell,Bell UH 1N,Bannang Sata Thailand,Army Thai - Military,10,10,0,10
1976,Qtr 4,December,25,25/12/1976,Thailand,Boeing,Boeing B 707,Near Bangkok Thailand,Egypt,53,53,19,72
1985,Qtr 2,April,15,15/04/1985,Thailand,Boeing,Boeing B 737,Near Phuket Thailand,Airways Thai,11,11,0,11
2008,Qtr 3,August,6,06/08/2008,Thailand,Bell,Bell Huey UH 1H,Sunat Tanon Thailand,Force Air Thai Royal - Military,10,10,0,10
1931,Qtr 4,December,6,06/12/1931,Thailand,Fokker,Fokker F VIIb,Bangkok Thailand,Airlines Dutch Royal KLM,7,5,0,5
1980,Qtr 2,April,27,27/04/1980,Thailand,Hawker,Hawker Siddeley HS 748,Don Muang Thailand,Airways Thai,53,44,0,44
1967,Qtr 4,December,25,25/12/1967,Thailand,Douglas,Douglas DC 3HS,Chiang Mai Thailand,Airways Thai,31,4,0,4
1983,Qtr 2,May,5,05/05/1983,Thailand,Fairchild,Fairchild C 123KL4K,Near Ban Ta Khli Thailand,Force Air Thai Royal - Military,30,30,0,30
1962,Qtr 3,July,19,19/07/1962,Thailand,de Havilland,de Havilland Comet 4CSU AMW,Near Bangkok Thailand,Airlines Arab United,26,26,0,26
1990,Qtr 4,November,21,21/11/1990,Thailand,de Havilland,de Havilland Canada DHC 8,Koh Samui Thailand,Airways Bangkok,38,38,0,38
1964,Qtr 3,September,4,04/09/1964,Thailand,Douglas,Douglas C 47,Near Vaong Nong Thailand,Force Air Thai Royal - Military,34,28,0,28
2009,Qtr 3,August,4,04/08/2009,Thailand,ATR,ATR  72,Koh Samui Thailand,Airlines Bangkok,72,1,0,1
2007,Qtr 3,September,16,16/09/2007,Thailand,McDonnell,McDonnell Douglas MD 82HS,Phuket Thailand,Airlines One-Two-Go,130,90,0,90
1998,Qtr 4,December,11,11/12/1998,Thailand,Airbus,Airbus A 310,Near Surat Thani Thailand,Airways Thai,146,102,0,102
1988,Qtr 3,September,9,09/09/1988,Thailand,Tupolev,Tupolev TU 134AVN,Bangkok Thailand,(Vietnam) Khong Hang,90,76,0,76
1987,Qtr 3,August,31,31/08/1987,Thailand,Boeing,Boeing B 737,Off Ko Phuket Thailand,Airways Thai,83,83,0,83
2001,Qtr 1,March,3,03/03/2001,Thailand,Boeing,Boeing B 737,Bangkok Thailand,Airways Thai,5,1,0,1
1975,Qtr 2,May,13,13/05/1975,Thailand,Sirkorsky,Sikorsky CH 53C (helicopter)68,Near Sakon Nakhon Thailand,Force Air U.S. - Military,23,23,0,23
2014,Qtr 4,October,4,04/10/2014,Texas,Bell,Bell 206L,Wichita Falls Texas,Lifeteam Evac Air,4,2,0,2
1959,Qtr 3,September,29,29/09/1959,Texas,Lockheed,Lockheed 188A ElectraN9705C,Buffalo Texas,Airlines Braniff,34,34,0,34
1959,Qtr 3,September,2,02/09/1959,Texas,Curtiss,Curtiss C 46AN5140B,Abilene Texas,Airlines Aaxico,2,2,0,2
1935,Qtr 3,August,14,14/08/1935,Texas,Stinson,Stinson Model ANC14599,Near Gilmer Texas,Lines Air Delta,4,4,0,4
1935,Qtr 4,November,9,09/11/1935,Texas,Lockheed,Lockheed VegaNC980Y,Near Fort Worth Texas,Airlines Braniff,1,1,0,1
1958,Qtr 1,March,27,27/03/1958,Texas,Douglas,Douglas C 124C / Fairchild C,Bridgeport Texas,Force Air U.S. - Force/Military Air U.S. - Military,18,18,0,18
1972,Qtr 2,May,30,30/05/1972,Texas,McDonnell,McDonnell Douglas DC 9,Dallas/Ft. Worth Texas,Lines Air Delta,4,4,0,4
1936,Qtr 1,January,29,29/01/1936,Texas,Vultee,Vultee V 1NC13767,Denton Texas,Airlines American,6,1,0,1
1943,Qtr 3,September,10,10/09/1943,Texas,Boeing,Boeing B 17F / Boeing B,Off Galveston Texas,Forces Air Army U.S. - Military,22,22,0,22
1959,Qtr 1,February,1,01/02/1959,Texas,Douglas,Douglas DC 3N17314,Kerrville Texas,Airways General,28,3,0,3
1968,Qtr 2,May,3,03/05/1968,Texas,Lockheed,Lockheed L188A ElectraN9707C,Near Dawson Texas,Airlines Braniff,85,85,0,85
2008,Qtr 4,December,11,11/12/2008,Texas,Bell,Bell 206 L4 Jet Ranger IIIN180AL,Off Sabine Pass Texas,Co Leasing Rotorcraft,3,3,0,3
2008,Qtr 2,June,8,08/06/2008,Texas,Bell,Bell 407N416PH,Huntsville Texas,Medical Air PHI,4,4,0,4
1936,Qtr 4,December,23,23/12/1936,Texas,Lockheed,Lockheed 10 ElectraNC14905,Near Dallas Texas,Airways Braniff,6,6,0,6
2009,Qtr 1,January,1,01/01/2009,Texas,ATR,ATR  42,Lubock Texas,FedEx from leased Airlines Empire,2,2,0,2
2004,Qtr 4,November,22,22/11/2004,Texas,Grumman,Grumman Gulfstream G3N85VT,Houston Texas,Services Jet Business,3,3,0,3
1930,Qtr 3,July,10,10/07/1930,Texas,Lockheed,Lockheed Vega 5NC 394H,Arkansas Pass Texas,Airways Cross,5,5,0,5
1951,Qtr 2,June,3,03/06/1951,Texas,Fairchild,Fairchild C 8245,New Boston Texas,Force Air U.S. - Military,10,10,0,10
1980,Qtr 4,November,28,28/11/1980,Texas,Douglas,Douglas DC 7BN816D,Pecos City Texas,Services Air Central,2,2,0,2
1985,Qtr 3,August,2,02/08/1985,Texas,Lockheed,Lockheed L 1011,Ft. Worth-Dallas Texas,Lines Air Delta,163,134,1,135
1985,Qtr 1,March,12,12/03/1985,Texas,Lockheed,Lockheed C 130E Hercules64,Fort Hood Texas,Force Air U.S. - Military,6,6,0,6
1929,Qtr 4,December,30,30/12/1929,Texas,Travel,Travel Air B6000,Amarillo Texas,Transport Air Continental Trans,5,5,0,5
1980,Qtr 1,March,21,21/03/1980,Texas,Piper,Piper PA 28,Houston Texas,Commuter Eagle,10,7,0,7
1932,Qtr 4,December,14,14/12/1932,Texas,Ford,Ford 5NC9650,Amarillo Texas,Air Western and Continental Trans,2,2,0,2
1953,Qtr 2,May,17,17/05/1953,Texas,Douglas,Douglas DC 3N28345,Near Marshall Texas,Lines Air Delta,20,19,0,19
2003,Qtr 3,September,19,19/09/2003,Texas,Learjet,Learjet 25BN666TW,Del Rio Texas,Charter Jet Ameristar,2,1,0,1
1952,Qtr 1,March,12,12/03/1952,Texas,Boeing,Boeing B 29 / Boeing B,Near Sequin Texas,Force Air U.S. / Force Air U.S. - Military,15,15,0,15
1978,Qtr 2,April,4,04/04/1978,Texas,Bell,Bell 212N140AL,Off Galveston Texas,Logistics Air,6,3,0,3
1932,Qtr 3,September,8,08/09/1932,Texas,Fokker,Fokker F 10NC9716,Salt Flats Texas,Airways American,4,3,0,3
1991,Qtr 3,September,11,11/09/1991,Texas,Embraer,Embraer 120RT BrasiliaN33701,Near Eagle Lake Texas,Express Continental,14,14,0,14
1928,Qtr 4,December,1,01/12/1928,Texas,Ford,Ford 4 AT,Spur Texas,Co. Transport Air Sunbeam,5,5,0,5
1989,Qtr 4,October,6,06/10/1989,Texas,Cessna,Cessna 208 Caravan IN208W,Uncertain Texas,Air Winchester,5,5,0,5
1945,Qtr 4,November,8,08/11/1945,Texas,Martin,Martin PBM 3S  / Martin PBM,Off Corpus Christi Texas,Navy U.S. - Military / Navy U.S. - Military,27,22,0,22
2019,Qtr 1,February,23,23/02/2019,Texas,Boeing,Boeing 767 375ERN1217A,Houston Texas,Amazon serving Air Atlas,3,3,0,3
1947,Qtr 4,October,8,08/10/1947,Texas,Douglas,Douglas DC 4NC90432,Near El Paso Texas,Airlines American,54,0,0,0
1945,Qtr 2,April,20,20/04/1945,Texas,Douglas,Douglas C 47,Sweetwater Texas,Forces Air Army U.S. - Military,25,25,0,25
1949,Qtr 4,November,29,29/11/1949,Texas,Douglas,Douglas DC 6N90728,Dallas Texas,Airlines American,46,28,0,28
1986,Qtr 4,October,4,04/10/1986,Texas,Lockheed,Lockheed L 100,San Antonio Texas,Transport Air Southern,3,3,0,3
1985,Qtr 4,December,31,31/12/1985,Texas,Douglas,Douglas DC 3N711Y,De Kalb Texas,Private,9,7,0,7
1989,Qtr 1,March,18,18/03/1989,Texas,McDonnell,McDonnell Douglas DC 9,Carswell AFB Texas,Airlines International Evergreen,2,2,0,2
1989,Qtr 1,January,31,31/01/1989,Texas,Boeing,Boeing KC 135A63,Near Abilene Texas,Force Air U.S. - Military,19,19,0,19
1988,Qtr 3,August,31,31/08/1988,Texas,Boeing,Boeing B 727,Dallas Texas,Lines Air Delta,108,14,0,14
1974,Qtr 2,April,30,30/04/1974,Texas,Beechcraft,Beechcraft 99N853SA,Galveston Texas,Airlines Metro Houston,12,6,0,6
1975,Qtr 1,February,1,01/02/1975,Texas,Douglas,Douglas DC 3CN15HC,Houston Texas,Properties Horizon,16,5,0,5
2004,Qtr 1,March,21,21/03/2004,Texas,Bell,Bell 407N502MT,Pyote Texas,Corp. Med-Trans - Ambulance Air,5,4,0,4
2016,Qtr 3,July,30,30/07/2016,Texas,Kubicek,Kubicek BB85Z Hot Air BalloonN2469L,Near Lockhart Texas,Rides Balloon Air Hot Texas of Heart,16,16,0,16
1933,Qtr 1,January,20,20/01/1933,Texas,Stearman,Stearman 4NC11721,Bourne Texas,Airways American,1,1,0,1
2001,Qtr 3,August,24,24/08/2001,Terceira,Airbus,Airbus A 330,Lajes Terceira,Azores Air Transat,304,0,0,0
1943,Qtr 4,October,15,15/10/1943,Tennessee,Douglas,Douglas DC3 G102NC16088,Near Centerville Tennessee,Airlines American,15,15,0,15
1928,Qtr 4,December,23,23/12/1928,Tennessee,Fairchild,Fairchild FC 2,Chattanooga Tennessee,Airlines Interstate,4,4,0,4
2006,Qtr 1,February,8,08/02/2006,Tennessee,Swearingen,Swearingen SA.226TC Metro IIN629EK,Near Paris Tennessee,Air Tri,1,1,0,1
1988,Qtr 1,March,8,08/03/1988,Tennessee,Sirkorsky,Sikorsky UH 60A / Sikorsky UH,Near Clarksville Tennessee,Army U.S. - Military,17,17,0,17
1964,Qtr 3,July,9,09/07/1964,Tennessee,Vickers,Vickers Viscount 745DN7405,Parrottsville Tennesee,Lines Air United,39,39,0,39
1964,Qtr 3,July,8,08/07/1964,Tennessee,Caravelle,Caravelle VIRN1007U,Knoxville Tennessee,Lines Air United,53,1,0,1
1964,Qtr 3,July,31,31/07/1964,Tennessee,Beechcraft,Beechcraft 35 B33 DebonairN8972M,Near Nashville Tennesee,Private,2,2,0,2
1934,Qtr 4,December,22,22/12/1934,Tennessee,Lockheed,Lockheed Orion 9DNC12286,Sunbright Tennessee,Airlines American,1,1,0,1
2016,Qtr 2,April,4,04/04/2016,Tennessee,Bell,Bell 206LN16760,Near Pigeon Forge Tennessee,Helicopters Mountain Smoky,5,5,0,5
1985,Qtr 2,May,31,31/05/1985,Tennessee,Grumman,Grumman G 159 Gulfstream IN181TG,Nashville Tennessee,Inc. Aviation General,2,2,0,2
1963,Qtr 1,March,5,05/03/1963,Tennessee,Piper,Piper PA 24,Camden Tennesee,Private,4,4,0,4
1984,Qtr 3,August,11,11/08/1984,Tennessee,Douglas,Douglas DC 3N70003,Near Memphis Tennessee,Enterprises Aviation,3,3,0,3
1944,Qtr 1,February,10,10/02/1944,Tennessee,Douglas,Douglas DC 3NC21767,Memphis Tennessee,Airlines American,24,24,0,24
1959,Qtr 1,January,8,08/01/1959,Tennessee,Douglas,Douglas DC 3N18941,Mt. Holston Tennessee,Airlines Southeast,10,10,0,10
1947,Qtr 4,December,11,11/12/1947,Tennessee,Douglas,Douglas C 47,Near Memphis Tennessee,Force Air U.S. - Military,20,20,0,20
1993,Qtr 2,April,1,01/04/1993,Tennessee,Fairchild,Fairchild SA227 TTN500AK,Blountville Tennesee,Private,4,4,0,4
1946,Qtr 1,March,10,10/03/1946,Tasmania,Douglas,Douglas DC 3 (C,Off Hobart Tasmania,Airways National Australian,25,25,0,25
2014,Qtr 3,August,31,31/08/2014,Tanzania,Fokker,Fokker F 27 MK 5005Y,Mwanza Tanzania,Cargo Express Safari,3,3,0,3
1938,Qtr 2,June,8,08/06/1938,Tanzania,de Havilland,De Havilland DH 85VP,Near Singida Tanzania,Airways Wilson,3,3,0,3
2022,Qtr 4,November,6,06/11/2022,Tanzania,ATR,ATR 42 5005H,Bukoba Tanzania,Air Precision,43,19,0,19
2017,Qtr 4,November,15,15/11/2017,Tanzania,Cessna,Cessna 208B Grand Caravan5H EGG,Empakaai Tanzania,Aviation Costal,11,11,0,11
2005,Qtr 1,March,23,23/03/2005,Tanzania,Ilyushin,Ilyushin IL 76TDER,Off Mwanza Tanzania,Transport Air,8,8,0,8
1980,Qtr 4,December,5,05/12/1980,Tanzania,Piper,Piper PA 42 Cheyenne5H,Dar es Salaam Tanzania,Aviation Tanzania,10,10,0,10
1953,Qtr 1,March,29,29/03/1953,Tanganyika,Vickers,Vickers 616 Viking 1BVP YEY,Mtara Tanganyika,Airways African Central,13,13,0,13
2010,Qtr 4,October,6,06/10/2010,"Tajikistan	Military",Mi,Mi  8,"Rasht Valley Tajikistan	Military",Guard National Tajik -,28,28,0,28
1936,Qtr 3,July,28,28/07/1936,Tajikistan,Tupolev,Tupolev ANT 9,Kulyab Tajikistan,Aeroflot,6,6,0,6
1993,Qtr 3,August,28,28/08/1993,Tajikistan,Yakovlev,Yakovlev YAK 40CCCP,Khorag Tajikistan,Airlines Tajikistan,86,82,0,82
1983,Qtr 3,September,28,28/09/1983,Taiwan,Britten,Britten  Norman BN,Off Lanyu Island Taiwan,Airlines Taiwan,10,10,0,10
1964,Qtr 2,June,20,20/06/1964,Taiwan,Curtiss,Curtiss C 46,Taichung Taiwan,Transport Air Civil,57,57,0,57
1986,Qtr 2,May,3,03/05/1986,Taiwan,Bell,Bell UH 1H / Bell UH,Near Taipei Taiwan,Force Air China of Republic - Military,22,22,0,22
1996,Qtr 2,April,5,05/04/1996,Taiwan,Dornier,Dornier 228 212B,Off Matsu Island Taiwan,Airlines Formosa,17,6,0,6
1952,Qtr 4,December,30,30/12/1952,Taiwan,Douglas,Douglas DC 3PI,Chinmen Island Taiwan,Lines Air Philippine,10,2,0,2
1986,Qtr 1,February,16,16/02/1986,Taiwan,Boeing,Boeing B 737,Off Makung Taiwan,(Taiwan) Airlines China,13,13,0,13
1992,Qtr 2,April,10,10/04/1992,Taiwan,Britten,Britten Norman BN 2A,Off Orchid Island Taiwan,Airlines Taiwan,10,7,0,7
1991,Qtr 4,December,29,29/12/1991,Taiwan,Boeing,Boeing B 747,Wanli Taiwan,(Taiwan) Airlines China,5,5,0,5
1971,Qtr 4,November,21,21/11/1971,Taiwan,Sud,Sud Aviation SE 210 Caravelle IIIB,Near Penghu Island Taiwan,(Taiwan) Airlines China,25,25,0,25
1975,Qtr 3,July,31,31/07/1975,Taiwan,Vickers,Vickers 837 ViscountB 2029,Taipei Taiwan,Transport Air Eastern Far,75,27,0,27
1997,Qtr 4,October,10,10/10/1997,Taiwan,Lockheed,Lockheed C 130H Hercules1310,Taipei Taiwan,Force Air China of Republic - Military,5,5,0,5
1968,Qtr 1,February,16,16/02/1968,Taiwan,Boeing,Boeing B 727,Linkuo Taiwan,Transport Air Civil,63,21,2,23
1988,Qtr 1,January,19,19/01/1988,Taiwan,Britten,Britten  Norman BN,Green Island Taiwan,Airlines Taiwan,11,10,0,10
1993,Qtr 1,February,28,28/02/1993,Taiwan,Dornier,Dornier 228 201B,Off Green Island Taiwan,Airlines Formosa,6,6,0,6
1997,Qtr 3,August,10,10/08/1997,Taiwan,Dornier,Dornier Do 228,Matsu Island Taiwan,Airlines Formosa,16,16,0,16
2014,Qtr 3,July,23,23/07/2014,Taiwan,ATR,ATR 72 500B,Magong Taiwan,Airways Trans,58,48,0,48
2002,Qtr 4,December,21,21/12/2002,Taiwan,Aerospatiale,Aérospatiale/Aeritalia ATR 72,Off Pachao Tao Taiwan,Airways Transasia,2,2,0,2
1998,Qtr 1,March,18,18/03/1998,Taiwan,Saab,Saab340BB  12255,Off Hsinchu Taiwan,Airlines Formosa,13,13,0,13
1969,Qtr 1,January,2,02/01/1969,Taiwan,Douglas,Douglas DC 3DB,Mt. Paku Taiwan,(Taiwan) Airlines China,24,24,0,24
2000,Qtr 4,October,31,31/10/2000,Taiwan,Boeing,Boeing B 747,Taipei Taiwan,Airlines Singapore,179,83,0,83
1969,Qtr 1,February,24,24/02/1969,Taiwan,Handley,Handley Page Dart Herald 201B 2009,Tainan Taiwan,Transport Air Eastern Far,36,36,0,36
1999,Qtr 3,August,24,24/08/1999,Taiwan,McDonnell,McDonnell Douglas MD 90,Hualian Taiwan,Air Uni,96,1,0,1
1979,Qtr 3,September,11,11/09/1979,Taiwan,Boeing,Boeing 707 324CB,Off Taipei Taiwan,(Taiwan) Airlines China,6,6,0,6
1948,Qtr 4,December,12,12/12/1948,Taiwan,Douglas,Douglas DC 3,Taipei Taiwan,Corporation Aviation National China,10,2,0,2
1998,Qtr 1,February,16,16/02/1998,Taiwan,Airbus,Airbus A300 622RB,Taipei Taiwan,(Taiwan) Airlines China,196,196,7,203
1970,Qtr 4,October,2,02/10/1970,Taiwan,Lockheed,Lockheed C 130E64,Near Taipei Taiwan,Force Air U.S. - Military,43,43,0,43
1970,Qtr 3,August,12,12/08/1970,Taiwan,NAMC,NAMC YS 11A,Taipei Taiwan,(Taiwan) Airlines China,31,14,0,14
1983,Qtr 2,June,6,06/06/1983,Taiwan,Fairchild,Fairchild C 199G,Off Quemoy Taiwan,Force Air China of Republic - Military,47,47,0,47
1957,Qtr 3,July,16,16/07/1957,Taiwan,Douglas,Douglas C 47A,Near Hsinchu Taiwan,Force Air States United - (Formosa)Military,16,16,0,16
2015,Qtr 1,February,4,04/02/2015,Taiwan,ATR,ATR 72 600B,Taipei Taiwan,Transasia,58,43,0,43
1989,Qtr 2,June,27,27/06/1989,Taiwan,Cessna,Cessna 404 Titan Courier IIB 12206,Kaohsiung Taiwan,Airlines Formosa,13,12,0,12
2002,Qtr 2,May,25,25/05/2002,Taiwan,Boeing,Boeing B 747,Off Penghu Island Taiwan,(Taiwan) Airlines China,225,225,0,225
1951,Qtr 1,January,28,28/01/1951,Taiwan,Shorts,Short Sunderland 9 (flying boat)PP107,Near An tung Taiwan,Force Air -Royal Military,14,14,0,14
1973,Qtr 3,July,22,22/07/1973,Tahiti,Boeing,Boeing B 707,Off Papeete Tahiti,Airways World American Pan,79,78,0,78
1952,Qtr 4,December,22,22/12/1952,Syria,Douglas,Douglas DC 3,Damascus Syria,Air Syrian,0,9,0,9
1953,Qtr 4,December,21,21/12/1953,Syria,Douglas,Douglas DC 3YK,Dah-el-Kadeeb Syria,Airways Syrian,15,9,0,9
1975,Qtr 3,August,20,20/08/1975,Syria,Ilyushin,Ilyushin IL 62OK,Near Damascus Syria,Aerolinie Ceskoslovenske,128,126,0,126
1934,Qtr 4,December,20,20/12/1934,Syria,Douglas,Douglas DC 2,Rutbah Wells Syria,Airlines Dutch Royal KLM,7,7,0,7
1956,Qtr 1,February,24,24/02/1956,Syria,Douglas,Douglas DC 3YK,Near Aleppo Syria,Airways Syrian,19,19,0,19
1947,Qtr 2,June,19,19/06/1947,Syria,Lockheed,Lockheed 049 46,Al Mayadin Syria,Airways World American Pan,36,14,0,14
2018,Qtr 1,March,6,06/03/2018,Syria,Antonov,Antonov An 26RF,Latakia Syria,Force Air Russian - Military,39,39,0,39
2015,Qtr 1,January,18,18/01/2015,Syria,Antonov,Antonov AN 26,Near Abu adh Dhuhur Air Base Syria,Force Air Syrian,37,37,0,37
1965,Qtr 2,April,10,10/04/1965,Syria,Handley,Handley Page Dart Herald 207JY ACQ,Near Damascus Syria,Airlines Jordanian Royal Alia,54,54,0,54
1967,Qtr 1,February,6,06/02/1967,Syria,Douglas,Douglas DC 3YK,Aleppo Syria,Airlines Arab Syrian,19,1,0,1
1935,Qtr 3,July,20,20/07/1935,Switzerland,Douglas,Douglas DC 2PH,Pian Giacomo Switzerland,Airlines Dutch Royal KLM,13,13,0,13
1970,Qtr 1,February,21,21/02/1970,Switzerland,Convair,Convair CV 990,Zurich Switzerland,Swissair,47,47,0,47
1953,Qtr 4,December,19,19/12/1953,Switzerland,Convair,Convair CV 240OO,Zurich Switzerland,Sabena,44,1,0,1
1957,Qtr 2,June,18,18/06/1957,Switzerland,Douglas,Douglas C 47BHB,Bodensee Switzerland,Swissair,9,9,0,9
1951,Qtr 4,November,24,24/11/1951,Switzerland,Douglas,Douglas DC 44X,Zurich Switzerland,Al El,7,6,0,6
1936,Qtr 2,April,17,17/04/1936,Switzerland,Junkers,Junkers JU 52D,Orvin Switzerland,Lufthansa Deutsche,5,3,0,3
1990,Qtr 4,November,14,14/11/1990,Switzerland,McDonnell,McDonnell Douglas DC 9,Stadelberg Switzerland,Alitalia,46,46,0,46
1938,Qtr 4,October,1,01/10/1938,Switzerland,Junkers,Junkers JU 52/3mD,Grisons Switzerland,Lufthansa Deutsche,13,13,0,13
2001,Qtr 4,November,24,24/11/2001,Switzerland,BAE,BAE Avro RJ100HB IXM,Birchwil Switzerland,Crossair,33,24,0,24
1956,Qtr 4,November,24,24/11/1956,Switzerland,Ilyushin,Ilyushin IL 12BOK,Near Eglisau Switzerland,Aerolinie Ceskoslovenske,23,23,0,23
1971,Qtr 1,January,18,18/01/1971,Switzerland,Ilyushin,Ilyushin IL 18LZ,Zurich Switzerland,Airlines Bulgarian Balkan,47,45,0,45
2000,Qtr 1,January,10,10/01/2000,Switzerland,Saab,Saab 340BHB AKK,Niederhasli Switzerland,Crossair,10,10,0,10
2018,Qtr 3,August,4,04/08/2018,Switzerland,Junkers,Junkers JU 52HB,Flims Switzerland,Air Ju,20,20,1,21
1939,Qtr 3,July,20,20/07/1939,Switzerland,Junkers,Junkers JU86 Z 2HB,Konstanz Switzerland,Swissair,6,6,0,6
1987,Qtr 3,July,24,24/07/1987,Switzerland,McDonnell,McDonnell Douglas DC 10,Geneva Switzerland,Afrique Air,163,1,0,1
1970,Qtr 1,March,6,06/03/1970,Switzerland,Handley,Handley Page Jetstream 1D INAH,St. Moritz Switzerland,Flug Bavaria,11,11,0,11
1936,Qtr 2,April,30,30/04/1936,Switzerland,General,General Aviation GA 43HB,Basel Switzerland,Swissair,2,2,0,2
1991,Qtr 4,December,27,27/12/1991,Sweden,Mc,Mc Donnell Douglas MD 81OY,Stockholm Sweden,(SAS) Airlines Scandinavian,129,0,0,0
1936,Qtr 2,June,9,09/06/1936,Sweden,Fokker,Fokker F XXIISE,Malmo Sweden,Aerotransport B A,15,1,0,1
1989,Qtr 2,May,8,08/05/1989,Sweden,Beechcraft,Beechcraft 99SE IZO,Oskarshamn Sweden,Air Holmstoem,16,16,0,16
1970,Qtr 1,January,5,05/01/1970,Sweden,Convair,Convair CV 990,Stockholm Sweden,Spantax,10,5,0,5
1943,Qtr 4,October,22,22/10/1943,Sweden,Douglas,Douglas DC 3SE,Hallo Sweden,Aerotransport AB,15,13,0,13
1947,Qtr 3,August,9,09/08/1947,Sweden,Douglas,Douglas DC 3FSE,Malmo Sweden,Aerotransport AB,5,1,0,1
1950,Qtr 3,September,23,23/09/1950,Sweden,Avro,Avro Ninteen ISE BRS,Karlstad Sweden,Aero Svenska,10,10,0,10
1977,Qtr 1,January,15,15/01/1977,Sweden,Vickers,Vickers Viscount 838SE FOZ,Kalvesta Sweden,Sweden Skyline,22,22,0,22
1964,Qtr 4,November,20,20/11/1964,Sweden,Convair,Convair CV 440SE,Angelholm Sweden,Linjeflyg,43,31,0,31
1944,Qtr 4,November,29,29/11/1944,Sweden,Focke,Focke  Wulf FW 200D,Off Falsterbo Sweden,Lufthansa Deutsche,10,10,0,10
1967,Qtr 4,November,4,04/11/1967,Sussex,Sud,Sud Aviation Caravelle 10REC BDD,Fernhurst Sussex,England Iberia Airlines,37,37,0,37
1947,Qtr 1,January,25,25/01/1947,Surrey,Douglas,Douglas C 47 / Douglas DC,Croydon Surrey,England Spencer Airways / Ceskoslovenske Aerolinie,23,12,0,12
1959,Qtr 1,February,17,17/02/1959,Surrey,Vickers,Vickers Viscount 794DTC SEV,Gatwick Surrey,England Turkish Airlines (THY),24,14,0,14
1919,Qtr 4,December,11,11/12/1919,Surrey,de Havilland,De Havilland DH 4G,Catherham Surrey,UKAircraft Travel Transport,1,1,0,1
1929,Qtr 4,November,6,06/11/1929,Surrey,Junkers,Junkers G 24D,Near Godstone Surrey,England Deutsche Lufthansa,8,7,0,7
2001,Qtr 1,February,10,10/02/2001,Surinam,GAF,GAF Nomad N24APZ TBP,Jakobkondre Suriname,Charter Air Gum,10,10,0,10
2008,Qtr 2,April,3,03/04/2008,Surinam,Antonov,Antonov An 28PZ,Lawa Suriname,Airlines Wing Blue,19,19,0,19
2010,Qtr 2,May,15,15/05/2010,Surinam,Antonov,Antonv An 28PZ,Near Poeketi Suriname,Airlines Wings Blue,8,8,0,8
1959,Qtr 4,October,6,06/10/1959,Surinam,Aero,Aero Commander AC 520,Paloemeu Suriname,Airways Eyck Kappel-Van,2,2,0,2
1989,Qtr 2,June,7,07/06/1989,Surinam,McDonnell,McDonnell Douglas DC 8 Super 62N1809E,Near Paramaribo Surinam,Airways Surinam,187,176,0,176
1966,Qtr 1,January,1,01/01/1966,Sumatra,Douglas,Douglas DC 3 / Douglas DC,Near Palembang Sumatra,Indonesia Garuda  Indonesia Airlines / Garuda Indonesia Airlines,34,34,0,34
2021,Qtr 3,July,4,04/07/2021,Sulu,Lockheed,Lockheed C 130H Hercules5125,Patikul Sulu,Philippines Military - Philippine Air Force,96,50,3,53
2018,Qtr 1,January,29,29/01/2018,Suiyang,Shaanxi,Shaanxi Y 8GX,Zhengchang Suiyang,Guizhou Province          County People's Liberation Army Air Force,12,12,0,12
1952,Qtr 3,August,29,29/08/1952,Sudan,Douglas,Douglas DC 2,Kosti Sudan,Airlines Phoenix,4,2,0,2
2005,Qtr 2,June,2,02/06/2005,Sudan,Antonov,Antonov AN 24BST,Khartoom Sudan,Aviation Marsland,42,7,0,7
2003,Qtr 3,July,8,08/07/2003,Sudan,Boeing,Boeing 737 2J8CST,Port Sudan Sudan,Airways Sudan,117,117,0,117
1996,Qtr 2,May,3,03/05/1996,Sudan,Antonov,Antonov AN 24ST,Near Haj Yousif Sudan,Airlines Federal,53,53,0,53
2008,Qtr 2,June,10,10/06/2008,Sudan,Airbus,Airbus A 310,Khartoum Sudan,Airways Sudan,214,32,0,32
1952,Qtr 3,September,15,15/09/1952,Sudan,Douglas,Douglas C 47AVT,Wadi Halfa Sudan,Airlines Kalinga,3,3,0,3
2012,Qtr 4,October,7,07/10/2012,Sudan,Antonov,Antonov An 12BPST,Near Omdurman Sudan,Force Air Sudanese - Military,22,15,0,15
1971,Qtr 4,December,6,06/12/1971,Sudan,Fokker,Fokker F 27 Friendship 200ST,Tikaka Sudan,Airways Sudan,42,10,0,10
2008,Qtr 2,June,27,27/06/2008,Sudan,Antonov,Antonov 12BKST ARN,Near Malakal Sudan,Cargo Air Juba,8,7,0,7
2005,Qtr 1,February,3,03/02/2005,Sudan,Ilyushin,Ilyushin 76TDST EWB,Near Khartoum Sudan,West Air,7,7,0,7
2004,Qtr 4,October,5,05/10/2004,Sudan,Antonov,Antonov AN 12ST,Kaduqli Sudan,Airlines Sarit,4,4,0,4
1937,Qtr 3,August,2,02/08/1937,Sudan,Savoia,Savoia  Marchetti SM73I,Wadi Halfa Sudan,Littoria Ala,9,9,0,9
2021,Qtr 1,March,2,02/03/2021,Sudan,LET,Let L 410UVP,Pieri Sudan,Airlines Supreme Sudan South,10,10,0,10
1943,Qtr 2,June,30,30/06/1943,Sudan,Lockheed,Lockheed Hudson VIFK 618,Khartoum Sudan,Airways Overseas British,16,16,0,16
1943,Qtr 2,June,16,16/06/1943,Sudan,Lockheed,Lockheed Hudson VIFK 459,Khartoum Sudan,Airways Overseas British,17,17,0,17
2001,Qtr 2,April,4,04/04/2001,Sudan,Antonov,Antonov AN 24,Adar Yeil Sudan,Force Air Sudan - Military,30,14,0,14
2007,Qtr 4,November,8,08/11/2007,Sudan,Antonov,Antonov 12ST JUA,Khartoum Sudan,Cargo Air Juba,4,0,2,2
2004,Qtr 2,May,6,06/05/2004,Sudan,LET,Let 410UVP9XR DC,Jiech Sudan,Cush Air - Charter,10,6,0,6
2004,Qtr 2,May,11,11/05/2004,Sudan,Antonov,Antonov AN 12ST,Dalang Sudan,Aviation Magal El,7,7,0,7
1998,Qtr 1,February,12,12/02/1998,Sudan,Antonov,Antonov AN 32,Near Nasir Sudan,Force Air Sudan - Military,57,27,0,27
2020,Qtr 1,January,2,02/01/2020,Sudan,Antonov,Antonov An12 A,Geneina Sudan,Force Air Sudanese,18,18,0,18
2012,Qtr 3,August,19,19/08/2012,Sudan,Antonov,Antonov An 26,Talodi Sudan,Airlines Alfa,32,32,0,32
1960,Qtr 2,May,15,15/05/1960,Sudan,Douglas,Douglas DC 4,Jebel Marra Sudan,Balair,12,12,0,12
1975,Qtr 1,March,18,18/03/1975,Sudan,de Havilland,de Havilland Canada DHC 6 Twin Otter 100ST,Singa Sudan,Airways Sudan,6,5,0,5
1986,Qtr 3,August,16,16/08/1986,Sudan,Fokker,Fokker F 27 Friendship 400MST,Malakal Sudan,Airways Sudan,60,60,0,60
1999,Qtr 2,June,3,03/06/1999,Sudan,Antonov,Antonov 32,Near Khartoum Sudan,Force Air Sudan - Military,50,50,0,50
1996,Qtr 1,February,26,26/02/1996,Sudan,Lockheed,Lockheed C 130H,Near Jabal Awliya Sudan,Force Air Sudanese - Military,91,91,0,91
1987,Qtr 2,May,5,05/05/1987,Sudan,Cessna,Cessna 404 Titan IIST AIJ,Malakal Sudan,Lines Air Sasco,14,14,0,14
2008,Qtr 2,June,30,30/06/2008,Sudan,Ilyushin,Ilysushin Il 76TDST,Near Khartoum Sudan,Aviaition Ababeel,4,4,0,4
1983,Qtr 2,April,16,16/04/1983,Sudan,Hawker,Hawker Siddeley HS 748,Near Khartoum Sudan,Liberia Air,9,8,9,17
1946,Qtr 3,September,27,27/09/1946,Stirlingshire,de Havilland,de Havilland 89A Dragon RapideG AFFF,Near Milngavie Stirlingshire,Scotland Railway Air Service Ltd.,7,7,0,7
2001,Qtr 1,March,24,24/03/2001,St,de Havilland,de Havilland Canada DHC 6 Twin OtterF,Gustavia St.,French West Indies          Barthélémy Air Caraibes,19,19,1,20
1986,Qtr 2,May,3,03/05/1986,Sri,Lockheed,Lockheed L 1011,Colombo Sri,Lanka LankaAir,150,22,0,22
1978,Qtr 4,November,15,15/11/1978,Sri,McDonnell,McDonnell Douglas DC 8,Near Katunayake Sri,Airlines Icelandic LankaLoftleidir,262,183,0,183
1947,Qtr 1,March,18,18/03/1947,Sri,Avro,Avro York C1MW198,Negombo Sri,Force Air Royal - LankaMilitary,15,11,0,11
1992,Qtr 3,July,5,05/07/1992,Sri,Shaanxi,Shaanxi Y 8DCR872,Near Iyakochchi Sri,Force Air Lanka Sri - LankaMilitary,19,19,0,19
1995,Qtr 3,September,12,12/09/1995,Sri,Antonov,Antonov AN 32CR861,Off Colombo Sri,Force Air Lanka Sri - LankaMilitary,81,81,0,81
1995,Qtr 2,April,29,29/04/1995,Sri,Hawker,Hawker Siddeley HS 748,Near Palaly AFB Sri,Force Air Lanka Sri - LankaMilitary,52,52,0,52
2000,Qtr 1,March,24,24/03/2000,Sri,Antonov,Antonov AN 12 (freighter)RA,Kadirana Sri,Cabs LankaSky,8,6,2,8
2002,Qtr 3,August,15,15/08/2002,Sri,Yunshuji,Yunshuji Y 8DCR,Kadjuduwa Watta Sri,Force Air Lanka Sri - LankaMilitary,5,5,0,5
1974,Qtr 4,December,4,04/12/1974,Sri,McDonnell,McDonnell Douglas DC 8,Near Maskeliya Sri,NV Holland LankaMartinair,191,191,0,191
2000,Qtr 3,September,16,16/09/2000,Sri,Mil,Mil Mi 17,Kumarapura Sri,Force Air Lanka Sri - LankaMilitary,14,14,0,14
1995,Qtr 4,November,22,22/11/1995,Sri,Antonov,Antonov AN 32CR862,Off Jaffna Peninsula  Sri,Force Air Lanka Sri - LankaMilitary,63,63,0,63
1996,Qtr 1,January,22,22/01/1996,Sri,Mil,Mil Mi 17 (helicopter)CH,Off Point Pedro Sri,Force Air Lanka Sri - LankaMilitary,39,39,0,39
1998,Qtr 3,September,29,29/09/1998,Sri,Antonov,Antonov AN 24RVEW,Off Mannar Sri,LankaLionair,55,55,0,55
2000,Qtr 1,March,30,30/03/2000,Sri,Antonov,Antonov An 26UR,Near Anuradhapura Sri,Force Air Lankan Sri - LankaMilitary,40,40,0,40
1976,Qtr 3,August,9,09/08/1976,"Spain
	
Moron",Douglas,Douglas C 54ET4/11,"Moron AFB Spain
	
Moron",SpainMoron AFB          AFB,32,12,0,12
1973,Qtr 3,August,13,13/08/1973,Spain,Sud,Sud  Aviation Caravelle 10,Near La  Coruña Spain,Condor Aviaco,85,85,1,86
1939,Qtr 3,August,4,04/08/1939,Spain,Junkers,Junkers JU 52/3mD,Barcelona Spain,Lufthansa Deutsche,7,7,0,7
1966,Qtr 1,January,17,17/01/1966,Spain,Boeing,Boeing B52 Stratofortress/Boeing KC 135A580256/61 0273,Palomares Spain,Force Air US - Military,11,7,0,7
1951,Qtr 3,September,12,12/09/1951,Spain,Douglas,Douglas DC 3F,Off Ialas Baeares Spain,Provence Alpes Societe,39,39,0,39
1933,Qtr 2,May,9,09/05/1933,Spain,Latecoere,Latecoere 28 1F,Near Viladrau Spain,Company Tecoere La - Aeropostale,6,6,0,6
1948,Qtr 4,December,23,23/12/1948,Spain,Douglas,Douglas DC 3 (C,Near Madrid Spain,Airlines Iberia,27,27,0,27
1973,Qtr 3,August,28,28/08/1973,Spain,Lockheed,Lockheed C 141A63,Near Huete Spain,Force Air U.S. - Military,25,24,0,24
1953,Qtr 4,December,4,04/12/1953,Spain,Bristol,Bristol 170 Freighter 21EC AEG,Near Guaderrama Spain,Aviaco,33,23,0,23
1929,Qtr 2,June,14,14/06/1929,Spain,Breguet,Breguet 14F AFEJ,Barcelona Spain,Aeropostale,2,1,0,1
1974,Qtr 4,November,22,22/11/1974,Spain,Cessna,Cessna 500 Citation IEC CGG,Barcelona Spain,Aéreos Servicios Alpa,4,4,0,4
2002,Qtr 1,January,14,14/01/2002,Spain,Embraer,Embraer EMB 120 BrasiliaEC,Bilbao Spain,Aérea Ibertrans,3,3,0,3
2002,Qtr 2,April,12,12/04/2002,Spain,Swearingen,Swearingen SA.227AC Metro IIIEC GKR,Palma de Mallorca Spain,Tadair,2,2,0,2
1968,Qtr 2,June,18,18/06/1968,Spain,Piaggio,Piaggio PD 808I,San Sebastian Spain,Piaggio Rinaldo,6,6,0,6
1930,Qtr 1,January,25,25/01/1930,Spain,Latecoere,Latecoere 25F AJCL,Off Ceuta Spain,Aeropostale,2,2,0,2
1976,Qtr 2,May,9,09/05/1976,Spain,Boeing,Boeing B 747,Near Cuneca Spain,Force Air Iranian Imperial - Military,17,17,0,17
1983,Qtr 4,December,7,07/12/1983,Spain,Boeing,Boeing B 727,Near Madrid Spain,Aviaco / Airlines Iberia,135,93,0,93
1920,Qtr 4,October,5,05/10/1920,Spain,Breguet,Breguet 14F ALTA,Valencia Spain,Airlines Latecoere,2,2,0,2
2001,Qtr 3,August,29,29/08/2001,Spain,CASA,CASA  CN 235,Near Malaga Spain,Mediterráneo Binter,47,4,0,4
1983,Qtr 4,November,27,27/11/1983,Spain,Boeing,Boeing B 747,Madrid-Barajas Spain,Avianca,192,181,0,181
1950,Qtr 1,January,18,18/01/1950,Spain,CASA,Casa 352 T 2,Albacete Spain,Aire del Ejercito,16,16,0,16
1972,Qtr 1,January,7,07/01/1972,Spain,Sud,Sud  Aviation Caravelle VI,Sierra de Atalayasa Spain,Airlines Iberia,104,104,0,104
1982,Qtr 3,September,13,13/09/1982,Spain,McDonnell,McDonnell Douglas DC 10,Near Malaga Spain,Spantax,394,50,0,50
1920,Qtr 4,December,24,24/12/1920,Spain,Breguet,Breguet 14F ALBO,Barcelona Spain,Aeropostale,1,1,0,1
2001,Qtr 4,October,10,10/10/2001,Spain,Swearingen,Swearingen SA 226AT Merlin IVEC,Off Valencia Spain,Flightline,10,10,0,10
1948,Qtr 2,May,25,25/05/1948,Spain,Handley,Handley Page Halifax C 8G,Albacete Spain,Airways Alpha,4,4,1,5
1925,Qtr 2,June,26,26/06/1925,Spain,Liore,Lioré  et,Alicante Spain,Aeriens Express Grands,2,2,0,2
1925,Qtr 3,July,20,20/07/1925,Spain,Breguet,Breguet 14F AFBI,Rosas Spain,Latecoere Aeriennes Lignes,1,1,0,1
1923,Qtr 1,January,17,17/01/1923,Spain,Breguet,Breguet 14F ALJU,Barcelona Spain,Aeriens Express Grands,1,1,0,1
1958,Qtr 2,April,14,14/04/1958,Spain,de Havilland,de Havilland DH 114 Heron 2DEC,Off Castell de Fels Spain,Aviaco,16,16,0,16
1964,Qtr 2,June,21,21/06/1964,Spain,Douglas,Douglas DC 3EC,Off Palma de Mallorca Spain,TASSA,28,1,0,1
1959,Qtr 2,May,2,02/05/1959,Spain,Douglas,Douglas DC 3OE,Mallorca Spain,Austria-Flugdienst,5,5,0,5
1928,Qtr 1,January,27,27/01/1928,Spain,Breguet,Breguet 14F AFHN,Almeria Spain,Aeropostale,1,1,0,1
1957,Qtr 4,October,28,28/10/1957,Spain,Douglas,Douglas DC 3EC,Madrid Spain,Airlines Iberia,21,21,0,21
1928,Qtr 4,October,4,04/10/1928,Spain,Breguet,"Breguet 14F AEEJ
F",Gerona Spain,Aeropostale,3,3,0,3
1959,Qtr 2,April,29,29/04/1959,Spain,Douglas,Douglas DC 3EC,Valdemeca Spain,Airlines Iberia,28,28,0,28
1998,Qtr 1,February,5,05/02/1998,Spain,CASA,CASA 212 S1 Aviocar 100D,Near Navafria Spain,Force Air Spanish - Military,5,5,0,5
1964,Qtr 2,May,11,11/05/1964,Spain,Lockheed,Lockheed P 2E Neptune131481,Off Rota Spain,Navy Air US - Military,10,10,0,10
1962,Qtr 4,October,12,12/10/1962,Spain,Convair,Convair CV 440,Near Carmona Spain,Airlines Iberia,18,18,0,18
1928,Qtr 1,January,22,22/01/1928,Spain,Breguet,Breguet 14F AHEQ,Tarragona Spain,Aeropostale,2,2,0,2
1947,Qtr 1,February,6,06/02/1947,Spain,Douglas,Douglas C 54B,Pedro Bernardo Spain,International Cuba Aerovias,11,11,0,11
1957,Qtr 4,November,15,15/11/1957,Spain,de Havilland,de Havilland DH 114 Heron 2DEC,Near Palma de Mallorca Spain,Aviaco,4,4,0,4
1947,Qtr 4,October,16,16/10/1947,Spain,Bristol,Bristol 170 Freighter IF BCJN,Off Cartegena Spain,Littoral du Aerienne Societe,43,41,0,41
1999,Qtr 3,September,14,14/09/1999,Spain,Boeing,Boeing 757 204G,Girona Spain,Airways Britannia,245,1,0,1
1959,Qtr 3,August,19,19/08/1959,Spain,Douglas,Douglas DC 3G,Near Barcelona Spain,Transair,32,32,0,32
1959,Qtr 1,March,13,13/03/1959,Spain,Bristol,Bristol 170 Freighter 21EEC ADH,Mahon Spain,Aviaco,18,1,0,1
1958,Qtr 4,December,4,04/12/1958,Spain,SNCASE,SNCASE LanguedocEC ANR,Guadarrama Mountains Spain,Aviaco,21,21,0,21
1925,Qtr 2,April,25,25/04/1925,Spain,Breguet,Breguet 14F AFBB,Alicante Spain,Aeriens Express Grands,3,3,0,3
1928,Qtr 2,April,19,19/04/1928,Spain,Rochrbach,Rohrbach RolandM CCCC,Minuesa Spain,Airlines Iberia,9,9,0,9
1922,Qtr 3,July,26,26/07/1922,Spain,Breguet,Breguet 14F ALVE,Cadix Spain,Aeriens Express Grands,3,3,0,3
2000,Qtr 1,March,22,22/03/2000,Spain,CASA,CASA 212 DE Aviocar 200TM,Herreira Spain,Aire del Ejército - Military,7,7,0,7
1927,Qtr 4,December,28,28/12/1927,Spain,Breguet,Breguet 14F AFGS,Almeria Spain,Aeropostale,1,1,0,1
1998,Qtr 3,July,28,28/07/1998,Spain,Swearingen,Swearingen SA.227AC Metro IIIEC FXD,Barcelona Spain,Swifair,2,2,0,2
2008,Qtr 3,August,20,20/08/2008,Spain,McDonnell,McDonnell Douglas MD 82EC,Madrid Spain,Spanair,172,154,0,154
1968,Qtr 2,April,20,20/04/1968,South-West,Boeing,Boeing B 707,Near Windhoek South-West,Airways African (Namibia)South Africa,128,123,0,123
2009,Qtr 3,September,25,25/09/2009,South,Eurocopter,Eurocopter AS350 B2N417AE,Georgetown South,Inc. Helicopters CarolinaOmniflight,3,3,0,3
2002,Qtr 2,April,15,15/04/2002,South,Boeing,Boeing B 767,Busan South,China KoreaAir,166,128,0,128
1945,Qtr 3,July,12,12/07/1945,South,Douglas,Douglas DC 3,Near Florence South,Corps Air Army U.S. - Military / Lines Air CarolinaEastern,10,3,0,3
1999,Qtr 4,October,25,25/10/1999,South,Gates,Gates Learjet 35N47BA,Aberdeen South,charter DakotaPrivate,6,6,0,6
1945,Qtr 3,September,7,07/09/1945,South,Douglas,Douglas DC 3NC33631,Florence South,Lines Air CarolinaEastern,22,22,0,22
2001,Qtr 3,July,5,05/07/2001,South,Sirkorsky,Sikorsky S 76B helicopterHL9240,Off Chinhae South,Shipbuilding Daewoo -  KoreaPrivate,12,8,0,8
2009,Qtr 3,September,8,08/09/2009,South,Mil,Mil Mi 8,Ugamsk Gorge South,service guard border Kazakhstan - KazakistanMilitary,13,10,0,10
2002,Qtr 2,June,1,01/06/2002,South,Hawker,Hawker Siddeley HS 748,George South,Charter - Aviation AfricaAirquarius,3,3,0,3
2008,Qtr 3,September,19,19/09/2008,South,Learjet,Learjet 60N999LJ,Columbia South,Aviation Executive CarolinaGlobal,6,4,0,4
1941,Qtr 1,March,28,28/03/1941,South,Lockheed,Lockheed 18 LodestarZS AST,Elands Bay South,Airways African AfricaSouth,10,10,0,10
1968,Qtr 1,March,5,05/03/1968,South,Fairchild,Fairchild C 123K54,Near Khe Sanh South,Force Air U.S. - VietnamMilitary,49,49,0,49
2009,Qtr 3,September,24,24/09/2009,South,British,British Aerospace Jetstream 41ZS NRM,Merebank South,Airlink AfricaSA,3,1,0,1
1968,Qtr 2,April,19,19/04/1968,South,Bell,Bell UH 1H / Bell UH,Near Cheo Reo South,Army U.S. - Military / Army U.S. - VietnamMilitary,26,26,0,26
1951,Qtr 1,January,12,12/01/1951,South,de Havilland,de Havilland Dove 1ZS DDW,Ixopo South,Airways AfricaUnited,12,12,0,12
1962,Qtr 4,November,10,10/11/1962,South,Douglas,Douglas DC 3XV,Near Tourane South,Vietnam) (South Vietnam VietnamAir,27,27,0,27
1993,Qtr 3,July,26,26/07/1993,South,Boeing,Boeing B 737,Haenam South,Airlines KoreaAsiana,110,68,0,68
1967,Qtr 4,November,30,30/11/1967,South,de Havilland,de Havilland Canada C 7A Caribou62,Near Qui Nhon South,Force Air U.S. - VietnamMilitary,26,26,0,26
1950,Qtr 3,July,7,07/07/1950,South,Douglas,Douglas C 54G45,Busan South,Force Air U.S. - KoreaMilitary,23,23,0,23
2018,Qtr 3,July,10,10/07/2018,South,Convair,Convair CV 340ZS,Pretoria South,Air AfricaRovos,19,1,1,2
1968,Qtr 1,January,8,08/01/1968,South,Sirkorsky,Sikorsky CH 53A (helicopter)153710,Near Quang Tri South,Corps Marine U.S. - VietnamMilitary,42,42,0,42
1984,Qtr 1,March,24,24/03/1984,South,Sirkorsky,Sikorsky CH 53D157132,Near Hunghae South,Corps Marine U.S. - KoreaMilitary,29,29,0,29
1982,Qtr 1,February,6,06/02/1982,South,Fairchild,Fairchild C 123,Island of Cheju South,Force Air Korea South of Republic - KoreaMilitary,53,53,0,53
2015,Qtr 4,November,21,21/11/2015,South,Aerospatiale,Aerospatiale AS 350B2 EcureuilZK HKU,Fox Glacier South,New Zealand          Valley Alpine Adventures,7,7,0,7
1955,Qtr 4,December,17,17/12/1955,South,Curtiss,Curtiss C 46AN9904F,Hollywood South,Airlines CarolinaRiddle,2,2,0,2
1951,Qtr 4,October,15,15/10/1951,South,Douglas,Douglas DC 3ZS,East Griqualand South,Airways African AfricaSouth,17,17,0,17
1995,Qtr 3,August,2,02/08/1995,South,Antonov,Antonov An 2RRA,Johannesburg South,Air AfricaAero,3,3,0,3
1962,Qtr 1,March,6,06/03/1962,South,Douglas,Douglas DC 3ZS,Near Seymour South,Airways African AfricaSouth,7,2,0,2
1994,Qtr 3,August,10,10/08/1994,South,Airbus,Airbus A300B4 622RHL,Cheju South,Airlines KoreaKorean,160,0,0,0
1968,Qtr 2,June,25,25/06/1968,South,Bell,Bell UH 1H / Bell UH,Near Bearcat South,Army U.S. - VietnamMilitary,29,29,0,29
1982,Qtr 2,June,1,01/06/1982,South,Fairchild,Fairchild C 12356,Near Songnam-si South,Force Air Korea South of Republic - KoreaMilitary,53,53,0,53
2017,Qtr 2,June,28,28/06/2017,South,Socata,Socata TB1 10 TobagoVH,Mount Gambier South,Flight AustraliaAngel,3,3,0,3
1968,Qtr 4,October,21,21/10/1968,South,Douglas,Douglas C 47D450934,Near Ban Me Thuot South,Force Air U.S. - VietnamMilitary,23,23,0,23
1965,Qtr 4,December,11,11/12/1965,South,Fairchild,Fairchild C 123C56,Near Tuy Hoa South,Force Air U.S. - VietnamMilitary,85,85,0,85
1988,Qtr 1,March,1,01/03/1988,South,Embraer,Embraer 110P1 BandeiranteZS LGP,Near Johannesburg South,(Comair) Airways AfricaCommercial,17,17,0,17
1957,Qtr 1,February,22,22/02/1957,South,Douglas,Douglas C 124C51,Kimpo Air Base South,Force Air U.S. - KoreaMilitary,159,22,0,22
1966,Qtr 1,January,25,25/01/1966,South,Fairchild,Fairchild C 123B54,Near Binh Khe South,Force Air U.S. - VietnamMilitary,46,46,0,46
1948,Qtr 2,May,15,15/05/1948,South,Douglas,Douglas DC 3,Vrede South,Aviation AfricaMercury,13,13,0,13
1988,Qtr 2,April,12,12/04/1988,South,Douglas,Douglas DC 3CZS,Near Hennenman South,Airways AfricaUnited,24,24,0,24
1964,Qtr 4,December,11,11/12/1964,South,Fairchild,Fairchild C 123,Near Da Nang South,Force Air Vietnamese - VietnamMilitary,38,38,0,38
1989,Qtr 4,November,25,25/11/1989,South,Fokker,Fokker F 28 Fellowship 4000HL,Seoul South,Airlines KoreaKorean,52,1,0,1
1989,Qtr 3,July,27,27/07/1989,South,Sirkorsky,Sikorsky S 58T,Off Ullung Do South,Airlines KoreaUniversal,19,13,0,13
1965,Qtr 3,September,16,16/09/1965,South,Douglas,Douglas DC 3XV,Quang Ngai South,Vietnam) (South Vietnam VietnamAir,39,38,0,38
1989,Qtr 1,March,20,20/03/1989,South,Sirkorsky,Sikorsky CH 53D157140,Pohang South,Corps Marine U.S. - KoreaMilitary,34,19,0,19
1967,Qtr 2,April,8,08/04/1967,South,Curtiss,Curtiss C 46 Commando,Seoul South,Force Air Korea of Republic - KoreaMilitary,15,15,44,59
1967,Qtr 1,March,13,13/03/1967,South,Vickers,Vickers Viscount 818ZS CVA,Off East London South,Airways African AfricaSouth,25,25,0,25
2020,Qtr 3,August,22,22/08/2020,South,Antonov,Antonov 26BEX 126,Juba South,Aviaiton West SudanSouth,8,7,0,7
1967,Qtr 4,October,8,08/10/1967,South,Lockheed,Lockheed C130B61 2649,Near Huong Thuy South,Force Air U.S. - VietnamMilitary,23,23,0,23
1967,Qtr 2,June,17,17/06/1967,South,Lockheed,Lockheed C 130B60,An Khe South,Force Air U.S. - VietnamMilitary,56,35,0,35
1967,Qtr 1,March,10,10/03/1967,South,Douglas,Douglas C 47J99844,Near Phan Rang South,Navy U.S. - VietnamMilitary,25,25,0,25
1966,Qtr 3,August,17,17/08/1966,South,Chance,Chance Vought F 8E150321,Near Da Nang South,Corps Marine U.S. - VietnamMilitary,1,0,33,33
1986,Qtr 4,October,19,19/10/1986,South,Tupolev,Tupolev TU 134AC9,Near Komatipoot South,Mozambique of AfricaGovernment,44,34,0,34
2011,Qtr 1,February,8,08/02/2011,South,Pilatus,Pilatus PC 12/47ZS,Off Plettenberg Bay South,Aviation AfricaMajuba,9,9,0,9
1950,Qtr 2,May,23,23/05/1950,South,Curtiss,Curtiss C 46D44,Myrtle Beach South,Force Air U.S. - CarolinaMilitary,39,39,0,39
1966,Qtr 4,November,26,26/11/1966,South,Douglas,Douglas C 47D4476574,Near Saigon South,Force Air U.S. - VietnamMilitary,31,31,0,31
2011,Qtr 3,July,28,28/07/2011,South,Boeing,Boeing B 747,Off Jeju South,Airlines KoreanAsiana,2,2,0,2
1972,Qtr 3,August,12,12/08/1972,South,Lockheed,Lockheed C 130E62,Near Soc Trang South,Force Air U.S. - VietnamMilitary,44,30,0,30
1972,Qtr 3,July,11,11/07/1972,South,Sirkorsky,Sikorsky CH 53D (helicopter)156658,Near Quang Tri South,Corps Marine U.S. - VietnamMilitary,67,52,0,52
1975,Qtr 2,April,4,04/04/1975,South,Lockheed,Lockheed C 5A Galaxy68,Saigon South,Force Air U.S. - VietnamMilitary,330,155,0,155
1975,Qtr 1,March,12,12/03/1975,South,Douglas,Douglas DC 4XV,Pleiku South,Vietnam) (South Vietnam VietnamAir,26,26,0,26
1972,Qtr 3,September,24,24/09/1972,South,Douglas,Douglas C 54D,Near Ben Cat South,Vietnam) (South Vietnam VietnamAir,13,10,0,10
1954,Qtr 3,August,27,27/08/1954,South,Convair,Convair RB 36H51,Near Rapid City South,Force Air U.S. - DekotaMilitary,27,26,0,26
1972,Qtr 1,March,19,19/03/1972,South,McDonnell,McDonnell Douglas DC 9,Shamsam Mountains South,YemenEgyptair,22,22,0,22
2015,Qtr 4,November,4,04/11/2015,South,Antonov,Antonov 12BKEY 406,Juba South,Limited Services SudanAllied,43,41,0,41
1972,Qtr 2,May,10,10/05/1972,South,Boeing,Boeing Vertol CH47A (helicopter),Near Gia Dinh South,Army U.S. - VietnamMilitary,34,34,0,34
1972,Qtr 2,June,15,15/06/1972,South,Convair,Convair CV 880,Near Pleiku South,Airways Pacific VietnamCathay,81,81,0,81
1972,Qtr 2,June,13,13/06/1972,South,Boeing,Boeing Vertol CH 47 (helicopter),Near an Loc South,Force Air Vietnamese - VietnamMilitary,47,47,0,47
1973,Qtr 4,November,17,17/11/1973,South,Douglas,Douglas DC 3XV,Near Quang-Ngai South,Vietnam) (South Vietnam VietnamAir,27,27,0,27
1998,Qtr 3,August,24,24/08/1998,South,DC,DC  3,Pretoria South,Couriers Service AfricaSpeed,2,1,0,1
1973,Qtr 4,December,21,21/12/1973,South,Boeing,Boeing Vertol CH 47 (helilcopter),Near Siagon South,Force Air Vietnamese - VietnamMilitary,20,20,0,20
1966,Qtr 2,May,4,04/05/1966,South,Boeing,Boeing CH47A (helicopter)64 13138,Near Di Linh South,Army U.S. - VietnamMilitary,20,20,0,20
1973,Qtr 4,December,28,28/12/1973,South,Douglas,Douglas DC 3ZS,Durban South,Funds AfricaExecutive,25,1,0,1
1974,Qtr 3,September,15,15/09/1974,South,Boeing,Boeing B 727,Phan Rang South,Vietnam) (South Vietnam VietnamAir,75,75,0,75
1973,Qtr 1,March,19,19/03/1973,South,Douglas,Douglas C 54DXV,Ben Me Thuot South,Vietnam) (South Vietnam VietnamAir,62,62,0,62
1972,Qtr 4,October,31,31/10/1972,South,Boeing,Boeing Vertol CH 47 (helicopter),Near My Tho South,Army U.S. - VietnamMilitary,22,22,0,22
1933,Qtr 4,December,14,14/12/1933,South,Junkers,Junkers W 34ZS,Eshowe South,Airways AfricaUnion,6,5,0,5
1974,Qtr 4,December,12,12/12/1974,South,Boeing,Boeing Vertol CH 47 (helicopter),Near Moc Hoa South,Force Air Vietnamese - VietnamMilitary,54,54,0,54
1954,Qtr 1,March,13,13/03/1954,South,C,C  46,Dien Bien Phu South,Azur VietnamAigle,0,0,0,0
1971,Qtr 1,January,23,23/01/1971,South,Fokker,Fokker F 27 Friendship 500HL,Near Sokcho South,Airlines KoreaKorean,60,2,0,2
1970,Qtr 4,November,29,29/11/1970,South,Fairchild,Fairchild C 123K54,Near Cam Ranh South,Force Air U.S. - VietnamMilitary,44,42,0,42
2012,Qtr 4,December,5,05/12/2012,South,Douglas,Douglas C47 TP6840,Near Ladysmith South,Force Air African South - AfricaMilitary,11,11,0,11
1970,Qtr 1,March,16,16/03/1970,South,Lockheed,Lockheed EC 121P145927,Near Da Nang South,Navy U.S. - VietnamMilitary,31,23,0,23
1970,Qtr 4,October,6,06/10/1970,South,Douglas,Douglas DC 3ZS,Near Germiston South,Airways AfricaNational,11,3,0,3
1952,Qtr 4,October,16,16/10/1952,South,Curtiss,Curtiss  Wright C,Off Kangnung South,Force Air U.S. - KoreaMilitary,25,25,0,25
1952,Qtr 4,November,14,14/11/1952,South,Fairchild,Fairchild C 119C51,Near Seoul South,Force Air U.S. - KoreaMilitary,44,44,0,44
1931,Qtr 4,November,13,13/11/1931,South,de Havilland,De Havilland DH.80ZS ACD,Sir Lowry's pass South,Airways AfricaUnion,3,3,0,3
1971,Qtr 4,November,28,28/11/1971,South,Boeing,Boeing Vertol CH 47C68,Near Hue South,Army U.S. - VietnamMilitary,34,34,0,34
1969,Qtr 2,April,2,02/04/1969,South,Boeing,Boeing Vertol CH47C (helicopter)67 18523,Near Quang Tri South,Army U.S. - VietnamMilitary,78,24,0,24
1970,Qtr 4,November,27,27/11/1970,South,Fairchild,Fairchild C 123K55,Near Nha Trang South,Force Air U.S. - VietnamMilitary,79,79,0,79
1980,Qtr 4,November,19,19/11/1980,South,Boeing,Boeing B 747,Seoul South,Airlines KoreaKorean,226,15,0,15
1969,Qtr 2,May,6,06/05/1969,South,Boeing,Boeing Vertol CH47A (helicopter)66 19029,Near Chon Thanh South,Army U.S. - VietnamMilitary,74,30,0,30
1971,Qtr 4,October,23,23/10/1971,South,Douglas,Douglas C 47,Near Qui Nhon South,Force Air Vietnamese - VietnamMilitary,23,22,0,22
1970,Qtr 3,August,26,26/08/1970,South,Boeing,Boeing Vertol CH47B (helicopter)67 18445,Near Tam Ky South,Army U.S. - VietnamMilitary,32,30,0,30
2007,Qtr 1,March,23,23/03/2007,Somalia,Ilyushin,Ilushin Il 76TDEW,Mogadishu Somalia,Airlines Transaviaexport,11,11,0,11
1981,Qtr 3,July,20,20/07/1981,Somalia,Fokker,Fokker F 27 Friendship 600RF6O,Mogadishu Somalia,Airlines Somali,50,50,0,50
1989,Qtr 2,June,28,28/06/1989,Somalia,Fokker,Fokker F 27 Friendship 600RF6O,Near Borana Somalia,Airlines Somali,30,30,0,30
1970,Qtr 2,May,6,06/05/1970,Somalia,Vickers,Vickers 785D Viscount6O AAJ,Mogadishu Somalia,Airlines Somali,30,5,0,5
2008,Qtr 3,August,13,13/08/2008,Somalia,Fokker,Fokker F 27 Friendship 5005Y,K-50 Airport Somalia,540 Fly,3,3,0,3
2013,Qtr 3,August,9,09/08/2013,Somalia,Antonov,Antonov AN 12,Mogadishu Somalia,Force Air Ethiopian - Military,6,4,0,4
1992,Qtr 4,October,9,09/10/1992,Somalia,Antonov,Antonov 32CCCP 48088,Mogadiscio Somalia,Association Production Kiev,13,1,0,1
2016,Qtr 1,February,2,02/02/2016,Somalia,Airbus,Airbus A321 111SX,Near Mogadishu Somalia,Airlines Daallo,72,1,0,1
1964,Qtr 2,April,12,12/04/1964,Somalia,Douglas,Douglas DC 3VR,Hargeisa Somalia,Airways Aden,15,15,0,15
1991,Qtr 3,September,27,27/09/1991,Solomon,de Havilland,de Havilland Canada DHC 6 Twin Otter 300H4,Guadalcanal Island Solomon,Airlines Islands IslandsSolomon,15,15,0,15
1978,Qtr 4,October,22,22/10/1978,Solomon,Britten,Britten Norman BN 2A TrislanderH4,Off Bellona Solomon,Airlines Islands IslandsSolomon,11,11,0,11
1954,Qtr 2,June,3,03/06/1954,Slovenia,Douglas,Douglas C 47AOO,Near Maribor Slovenia,Sabena,4,1,0,1
1966,Qtr 3,September,1,01/09/1966,Slovenia,Bristol,Bristol Britannia 102G ANBB,Near Ljubljana Slovenia,Yugoslavia Britannia Airways,117,98,0,98
1977,Qtr 1,February,11,11/02/1977,Slovakia,Avia,Avia 14TOK OCA,Bratislava Slovakia,Aerolinie Ceskoslovenské,5,4,0,4
1954,Qtr 4,December,12,12/12/1954,Slovakia,Douglas,Douglas C 47AOK,Bratislava Slovakia,Aerolinie Ceskoslovenské,4,4,0,4
1954,Qtr 2,April,8,08/04/1954,SK,Canadair,Canadair C 4,Moose Jaw SK,Canada Trans Canada Air Lines / RCAF,36,36,1,37
1954,Qtr 1,March,13,13/03/1954,Singapore,Lockheed,Lockheed 749A 79,Kallang Airport Singapore,Airways Overseas British,40,33,0,33
2007,Qtr 2,June,3,03/06/2007,Sierra,Mi,Mi  8,Freetown Sierra,Airlilnes LeoneParamount,22,21,0,21
2004,Qtr 2,June,28,28/06/2004,Sierra,Mi,Mi  8MTV,Near Yengema Sierra,Charter UTair  - Nations LeoneUnited,24,24,0,24
1990,Qtr 1,March,12,12/03/1990,Sierra,Sirkorsky,Sikorsky S 58ET (helilcopter)EC,Off Freetown Sierre,LeoneHelicsa,13,11,0,11
1972,Qtr 2,May,5,05/05/1972,Sicily,McDonnell,McDonnell Douglas DC 8,Near Carini Sicily,Italy Alitalia,115,115,0,115
1978,Qtr 4,December,23,23/12/1978,Sicily,McDonnell,McDonnell Douglas DC 9,Off Cinisi Sicily,Italy Alitalia,129,108,0,108
1988,Qtr 1,January,18,18/01/1988,Sichuan,Ilyushin,Ilyushin IL 18DB,Near Chungking Sichuan,China China Southwest Airlines,108,108,0,108
1994,Qtr 1,January,3,03/01/1994,Siberia,Tupolev,Tupolev TU 154MRA,Near Mamony Siberia,Russia Baikal Air,124,124,1,125
1973,Qtr 2,May,18,18/05/1973,Siberia,Tupolev,Tupolev TU 104ACCCP,Chita Siberia,USSRAeroflot,81,81,0,81
1996,Qtr 4,November,27,27/11/1996,Siberia,Ilyushin,Ilyushin IL 76MDRA,Abakan Siberia,Russia Military - Russian Air Force,23,23,0,23
1986,Qtr 4,November,6,06/11/1986,Shetlands,Boeing,Boeing  Vertol ChinookG,Off Sumburgh Head Shetlands,Scotland British International Helicopters,47,45,0,45
1979,Qtr 3,July,31,31/07/1979,Shetlands,Hawker,Hawker Siddeley HS 748,Off Sumburgh Shetlands,Scotland Dan Air Services,47,17,0,17
1997,Qtr 1,February,1,01/02/1997,Senegal,Hawker,Hawker Siddeley HS 748,Tambacoumba Senegal,Senegal Air,52,25,0,25
1993,Qtr 4,December,9,09/12/1993,Senegal,DHC,DHC  6 Twin Otter 300 / NAMC YS,Off Dakar Senegal,Airways Gambia / Senegal Air,3,3,0,3
1992,Qtr 1,February,9,09/02/1992,Senegal,Convair,Convair CV  640N862FW,Near Kafountine Senegal,Gambcrest,56,30,0,30
1947,Qtr 2,April,13,13/04/1947,Senegal,Avro,Avro 685 York IG AHEZ,Off Dakar Senegal,Airways American South British,15,6,0,6
1995,Qtr 2,May,29,29/05/1995,Senegal,Piper,Piper PA 31,Off Mbour Senegal,Senegalair,10,6,0,6
1979,Qtr 2,May,27,27/05/1979,Senegal,de Havilland,de Havilland Canada DHC 5D Buffalo5T,Off Dakar Senegal,Force Air Mauritanian - Military,12,12,0,12
1960,Qtr 3,August,29,29/08/1960,Senegal,Lockheed,Lockheed 1049G Super ConstellationF BHBC,Off Dakar Senegal,France Air,63,63,0,63
1952,Qtr 4,October,8,08/10/1952,Scotland,Avro,Avro Shackleton MR 1VP286,Off Tarbat Ness Scotland,Force Air Royal - Military,14,14,0,14
1940,Qtr 2,April,22,22/04/1940,Scotland,Lockheed,Lockheed 14 Super ElectraG AFKD,Near Loch Lomond Scotland,Airways Overseas British,5,5,0,5
1943,Qtr 4,December,17,17/12/1943,Scotland,Lockheed,Lockheed 18 56 LodestarG,Off Montrose Scotland,Airways Overseas British,10,10,0,10
2001,Qtr 1,February,27,27/02/2001,Scotland,Shorts,Shorts 360 100G,Near Granton Harbour Scotland,Loganair,2,2,0,2
1948,Qtr 4,October,21,21/10/1948,Scotland,Lockheed,Lockheed 049 46,Prestwick Airport Scotland,Airlines Dutch Royal KLM,40,40,0,40
1944,Qtr 3,July,27,27/07/1944,Scotland,Douglas,Douglas C 47A,Port Logan Scotland,Forces Air Army U.S. - Military,22,22,0,22
1944,Qtr 3,August,28,28/08/1944,Scotland,Douglas,Douglas C 54A,Preswick Scotland,Forces Air Army U.S. - Military,20,20,5,25
1994,Qtr 2,June,2,02/06/1994,Scotland,Boeing,Boeing Vertol Chinook HC 2 (helicopter)ZD576,Near Campbeltown Scotland,Force Air Royal - Military,29,29,0,29
1953,Qtr 4,November,11,11/11/1953,Scotland,Avro,Avro Shackleton MR 2WL746,Off Argyll Scotland,Force Air Royal - Military,10,10,0,10
1957,Qtr 3,September,28,28/09/1957,Scotland,de Havilland,de Havilland DH 114 HeronG,Islay-Glenegedale Airport Scotland,Airways European British,3,3,0,3
1942,Qtr 3,August,23,23/08/1942,Scotland,Shorts,Short SunderlandW4026,Near Dunbeath Scotland,Force Air Royal - Military,15,14,0,14
1941,Qtr 3,August,10,10/08/1941,Scotland,Consolidated,Consolidated LB 30A LiberatorAM261,Arran Scotland,Force Air -Royal Military,22,22,0,22
1973,Qtr 1,January,19,19/01/1973,Scotland,Vickers,Vickers 802 ViscountG AOHI,Near Glasgow Scotland,Airways European British,4,4,0,4
2009,Qtr 2,April,1,01/04/2009,Scotland,Eurocopter,Eurocopter AS 332L2 Super Puma 2G REDL,Off Crimond Scotland,Helicopters Offshore Bond,16,16,0,16
1988,Qtr 4,December,21,21/12/1988,Scotland,Boeing,Boeing B 747,Lockerbie Scotland,Airways World American Pan,259,259,11,270
1941,Qtr 3,August,14,14/08/1941,Scotland,Consolidated,Consolidated LB 30A LiberatorAM260,Ayr Scotland,Force Air Royal - Military,22,22,0,22
1961,Qtr 3,September,6,06/09/1961,SC,Douglas,Douglas C 47A (DC,Concordia SC,Brazil REAL Transportes Aereos,4,4,0,4
1999,Qtr 4,October,2,02/10/1999,Saudi,Bell,Bell 214ST helicopterN704H,Dhahran Saudi,Company Associated ArabiaAramco,20,12,0,12
1980,Qtr 3,August,19,19/08/1980,Saudi,Lockheed,Lockheed 1011 200 TriStarHZ,Riyadh Saudi,Airlines Arabian ArabiaSaudi,301,301,0,301
2004,Qtr 4,December,11,11/12/2004,Saudi,Ilyushin,Ilyushin II 76TDER,Near Jeddah Saudi,Transport ArabiaAirline,7,1,0,1
1964,Qtr 2,April,17,17/04/1964,Saudi,Sud,Sud Aviation Caravelle 3OD AEM,Dhahran Saudi,Airlines East ArabiaMiddle,49,49,0,49
1967,Qtr 2,June,24,24/06/1967,Saudi,Douglas,Douglas DC 3HZ,Khamis Mushait Saudi,Airlines Arabian ArabiaSaudi,17,16,0,16
1968,Qtr 3,July,8,08/07/1968,Saudi,Convair,Convair CV 340,Near Dhahran Saudi,Airlines Arabian ArabiaSaudi,11,11,0,11
1956,Qtr 4,December,31,31/12/1956,Saudi,Lockheed,Lockheed C 121C Super Constellation54,Dhahran Saudi,Force Air U.S. - ArabiaMilitary,38,12,0,12
1967,Qtr 2,June,11,11/06/1967,Saudi,Douglas,Douglas DC 3HZ,Jedda Saudi,Airlines Arabian ArabiaSaudi,18,17,0,17
1980,Qtr 3,September,15,15/09/1980,Saudi,Lockheed,Lockheed C 130E453,Near Medina Saudi,Force Air Saudi Royal - ArabiaMilitary,89,89,0,89
1991,Qtr 1,January,31,31/01/1991,Saudi,Military,Military   U.S. Air Force69,Near Ras Al Khafji Saudi,Hercules AC-130H ArabiaLockheed,14,14,0,14
1964,Qtr 2,June,13,13/06/1964,Saudi,Douglas,Douglas C 47AHZ,Jeddah Saudia,Saudia Arabia          ArabiaJeddah Saudi Arabian Airlines,2,2,0,2
1991,Qtr 3,July,11,11/07/1991,Saudi,McDonnell,McDonnell Douglas DC 8 Super 61C,Jeddah Saudi,Airways) Nigeria by (chartered ArabiaNationair,261,261,0,261
1991,Qtr 1,March,21,21/03/1991,Saudi,Lockheed,Lockheed C 130H469,Ras-al-Mishab Saudi,Force Air Saudi Royal - ArabiaMilitary,98,98,0,98
1986,Qtr 4,December,25,25/12/1986,Saudi,Boeing,Boeing B 737,Arar Saudi,Airways ArabiaIraqi,106,63,0,63
2001,Qtr 1,March,15,15/03/2001,Saudi,Tupolev,Tupolev 154MRA 85619,Medina Saudi,Airlines ArabiaVnukovo,174,3,0,3
1976,Qtr 1,January,1,01/01/1976,Saudi,Boeing,Boeing B 720B,Near Al Qaysumah Saudi,Airlines East ArabiaMiddle,82,82,0,82
1938,Qtr 4,November,18,18/11/1938,Saskatchewan,Lockheed,Lockheed 14 ElectraCF TCL,Regina Saskatchewan,Canada Trans Canada Air Lines,2,2,0,2
1946,Qtr 3,September,15,15/09/1946,Saskatchewan,Douglas,Douglas C 47A Dakota962,Estevan Saskatchewan,Canada Military - Royal Canadian Air Force,21,21,0,21
2017,Qtr 4,December,13,13/12/2017,Saskatchewan,ATR,ATR42  320C,Near Fond-du-Lac Saskatchewan,Aviation Wind West,25,1,0,1
2006,Qtr 2,May,14,14/05/2006,Saskatchewan,Convair,Convair CV 580C,La Ronge Saskatchewan,Operations Air Northern Government Saskatchewan,3,1,0,1
1953,Qtr 1,January,26,26/01/1953,Sardinia,Douglas,Douglas DC 3I,Sinnai Sardinia,Italy Linee Aeree Italiane,19,19,0,19
1955,Qtr 2,April,11,11/04/1955,Sarawak,Lockheed,Lockheed 749A ConstellationVT DEP,Off Great Natuna Island Sarawak,India Air,19,19,0,19
2002,Qtr 3,September,14,14/09/2002,Sao,ATR,ATR 42 300PT,Paranapanema Sao,Brazil          Paulo Total  Air Lines,2,2,0,2
1995,Qtr 3,August,9,09/08/1995,San,Boeing,Boeing B 737,Mt. Chichontepec San,El Salvador          Vincente Aviateca,65,65,0,65
1997,Qtr 1,January,7,07/01/1997,Samoa,de Havilland,de Havilland Canada DHC 6 Twin Otter 3005W,Near Moamoa Samoa,Airlines Polynesian,5,3,0,3
1981,Qtr 4,November,30,30/11/1981,Saint,Douglas,Douglas DC 6AN3486F,Castries Saint,Airways IslandGuyana Lucia,3,3,0,3
2009,Qtr 4,October,17,17/10/2009,s,Douglas,Douglas DC 3CRPC550,Manila Philippines,Air Victoria,4,4,0,4
1998,Qtr 1,March,22,22/03/1998,s,Airbus,Airbus A.320 214RP,Bacolod Philippines,Lines Air Philippine,127,0,3,3
1966,Qtr 2,June,29,29/06/1966,s,Douglas,Douglas DC 3PI,Sablayan Philippines,Lines Air Philippine,26,24,0,24
2000,Qtr 2,April,19,19/04/2000,s,Boeing,Boeing B 737,Samal Island Philippines,Philippines Air,131,131,0,131
2020,Qtr 1,March,29,29/03/2020,s,IAI,IAI 1124A Westwind IIRP C5880,Manila Philippines,Inc. Air Lion,8,8,0,8
2010,Qtr 2,April,21,21/04/2010,s,Antonov,Antonov An 12BPUP,Pampanga Philippines,Airlines Interisland,6,3,0,3
1946,Qtr 1,February,5,05/02/1946,s,Douglas,Douglas C 47,Negros Philippines,Forces Air Army U.S. - Military,20,20,0,20
1945,Qtr 4,November,13,13/11/1945,s,Douglas,Douglas C 48VH,Near Tacloban Philippines,Airways National Australian,17,16,0,16
2000,Qtr 2,May,25,25/05/2000,s,Airbus,Airbus A.330 301F,Near Manila Philippines,Lines Air Philippine,298,1,0,1
2000,Qtr 3,July,2,02/07/2000,s,GAF,GAF Nomad N 22CN286,Off Cagayancillo Philippines,Force Air Philippine - Military,15,14,0,14
2010,Qtr 1,January,28,28/01/2010,s,GAF,GAF N22B Nomad18,Cotabato City Philippines,Force Air Philippine - Military,8,8,1,9
1999,Qtr 2,June,9,09/06/1999,s,Britten,Britten  Norman BN,Coron Philippines,Airways Pacific,1,1,0,1
1947,Qtr 4,November,2,02/11/1947,s,Douglas,Douglas DC 3,Off Barrio Rizal Philippines,Express Air Philippine,5,5,0,5
2004,Qtr 4,October,16,16/10/2004,s,Pilatus,Pilatus Britten Norman BN,Coron Island Philippines,Air Pacific,2,2,0,2
2002,Qtr 4,November,11,11/11/2002,s,Fokker,Fokker F27 Friendship 100RP C6888,Manila Philippines,Airlines International Laoag,34,19,0,19
1946,Qtr 4,December,14,14/12/1946,s,Douglas,Douglas DC 3 (C,Mt. Banahaur Philippines,Transport Air Eastern Far,14,12,0,12
2002,Qtr 1,February,22,22/02/2002,s,MH,MH  47 Chinook helicopter92,Off Dumaguete Philippines,Army U.S. - Military,10,10,0,10
1999,Qtr 4,December,7,07/12/1999,s,LET,Let 410UVPRP C,Near Bayombang Philippines,Spirit Asian,17,17,0,17
1948,Qtr 1,February,23,23/02/1948,s,Douglas,Douglas DC 3PI,Davao Philippines,Airways Commercial,12,12,0,12
1969,Qtr 3,September,12,12/09/1969,s,BAC,BAC One Eleven 402APPI,Near Antipolo Philippines,Lines Air Philippine,47,45,0,45
1982,Qtr 1,February,9,09/02/1982,s,Douglas,Douglas DC 3 (C,Mt. Ipao Philippines,Services Air Trans,32,3,0,3
1968,Qtr 1,March,8,08/03/1968,s,Fairchild,Fairchild F 27PI,Off Panay Island Philippines,Manila Air,14,14,0,14
1970,Qtr 2,June,2,02/06/1970,s,Fokker,Fokker F 27 Friendship 100PI,Roxas Philippines,Lines Air Philippine,44,1,0,1
1970,Qtr 2,May,9,09/05/1970,s,Fokker,Fokker F 27 Friendship 100PI,Iligan Philippines,Lines Air Philippine,33,1,0,1
1970,Qtr 2,April,21,21/04/1970,s,Hawker,Hawker Siddeley HS 748,Manila Philippines,Lines Air Philippine,36,36,0,36
1982,Qtr 3,July,11,11/07/1982,s,Hawker,Hawker Siddeley HS 748,Jolo Philippines,Lines Air Philippine,30,4,0,4
1965,Qtr 4,December,16,16/12/1965,s,Douglas,Douglas DC 3API,Legaspi Philippines,Manila Air,21,2,0,2
1965,Qtr 4,October,20,20/10/1965,s,Douglas,Douglas DC 3PI,Near Manila Philippines,Lines Air Philippine,37,1,0,1
1967,Qtr 3,July,6,06/07/1967,s,Fokker,Fokker F 27 Friendship 100PI,Bacolod Philippines,Lines Air Philippine,21,21,0,21
1967,Qtr 2,April,27,27/04/1967,s,Fokker,Fokker F 27 Friendship 400PK,Malaybalay Philippines,Service Air Pelita,21,19,0,19
1967,Qtr 1,February,28,28/02/1967,s,Fokker,Fokker F 27 Friendship 100PI,Mactan Philippines,Lines Air Philippine,20,12,0,12
1971,Qtr 2,April,15,15/04/1971,s,Douglas,Douglas C 47A293246,Near San Jose Philippines,Force Air Philippine - Military,40,39,0,39
1976,Qtr 1,January,8,08/01/1976,s,Britten,Britten  Norman BN,Mactan Island Philippines,Aerotransport Philippine,7,7,0,7
1975,Qtr 2,June,3,03/06/1975,s,BAC,BAC One Eleven 524FFRP,Manila Philippines,Lines Air Philippine,64,1,0,1
1975,Qtr 1,February,3,03/02/1975,s,Hawker,Hawker Siddeley HS 748 2RP,Manila Philippines,Lines Air Philippine,33,33,0,33
1976,Qtr 2,May,23,23/05/1976,s,BAC,BAC One Eleven 527FKRP,Zamboanga Philipines,Lines Air Philippine,87,14,3,17
1976,Qtr 2,May,5,05/05/1976,s,Britten,Britten  Norman BN,Camuigan Philippines,Aerotransport Philippine,10,4,0,4
1977,Qtr 4,October,21,21/10/1977,s,Sirkorsky,Sikorksky CH 53 (helicopter)157139,Mindoro Philippines,Corps Marine U.S. - Military,37,24,0,24
2012,Qtr 3,August,18,18/08/2012,s,PA,PA  34,Off Masbate Island Philippines,Inc. Fly'n Aviatour's,4,3,0,3
1980,Qtr 1,February,27,27/02/1980,s,Boeing,Boeing B 707,Manila Philippines,(Taiwan) Airlines China,135,2,0,2
1971,Qtr 3,July,25,25/07/1971,s,Boeing,Boeing 707 321CFN461PA,Manila Philippines,Airways World American Pan,4,4,0,4
1978,Qtr 3,September,14,14/09/1978,s,Fokker,Fokker F 27 Friendship 200PH,Paranaque Philippines,Force Air Philippine,28,21,12,33
1974,Qtr 4,November,15,15/11/1974,s,Douglas,Douglas C 47A,Manila Philippines,Services Integrated and System Air Orient,8,1,0,1
1974,Qtr 4,October,19,19/10/1974,s,Douglas,Douglas DC 3RP,Calapan Philippines,Airways Mabuhay,8,1,0,1
1984,Qtr 3,July,11,11/07/1984,s,Bell,Bell UH 1H,Off Buenavista Philippines,Force Air Philippine - Military,30,30,0,30
1957,Qtr 1,March,17,17/03/1957,s,Douglas,Douglas C 47,Near Cebu Philippines,Force Air Philippine - Military,25,24,0,24
1990,Qtr 2,April,26,26/04/1990,s,Douglas,Douglas DC 3 (C,Near Manila Philippines,System Transport Aero Manila - MATS,24,7,0,7
1990,Qtr 2,May,11,11/05/1990,s,Boeing,Boeing B 737,Manila Philippines,Lines Air Philippine,119,8,0,8
1989,Qtr 3,July,21,21/07/1989,s,BAC,BAC One Eleven 516FPRP,Manila Philippines,Lines Air Philippine,98,1,8,9
1958,Qtr 2,June,2,02/06/1958,s,Boeing,Boeing 377 Stratocruiser 10 26N1023V,Manila Philippines,Airways World American Pan,57,1,0,1
1957,Qtr 4,December,11,11/12/1957,s,de Havilland,de Havilland Canada DHC 3 OtterPI,Ozamis City Philippines,Lines Air Philippine,12,2,0,2
1952,Qtr 1,March,10,10/03/1952,s,Douglas,Douglas C 47A,Cebu Philippines,Lines Air Philippine,3,3,0,3
1950,Qtr 4,December,19,19/12/1950,s,Douglas,Douglas C54E DO (DC,Near Baguio Philippines,Force Air U.S. - Military,38,38,0,38
1998,Qtr 1,February,2,02/02/1998,s,McDonnell,McDonnell Douglas DC 9,Cagyan de Oro Philippines,Air Pacific Cebu,104,104,0,104
1990,Qtr 2,May,18,18/05/1990,s,Beechcraft,Beechcraft 1900C 1RP,Manila Philippines,Philippines Aerolift,21,21,4,25
1993,Qtr 4,December,15,15/12/1993,s,Lockheed,Lockheed C 130H4761,Near Naga Philippines,Force Air Philippine - Military,29,29,0,29
1952,Qtr 1,March,30,30/03/1952,s,Douglas,Douglas DC 3PI,Baguio Philippines,Lines Air Philippine,29,10,0,10
1960,Qtr 3,July,14,14/07/1960,s,Douglas,Douglas DC 7CN292,Off Manila Philippines,Airlines Orient Northwest,58,1,0,1
1964,Qtr 4,December,21,21/12/1964,s,Douglas,Douglas DC 3PI,Near Kaliba Philippines,Transport System Airways Fleming,39,1,0,1
1964,Qtr 2,May,11,11/05/1964,s,Boeing,Boeing C 135B62,Papanga Philippines,Force Air U.S. - Military,84,79,1,80
1964,Qtr 1,February,21,21/02/1964,s,Douglas,Douglas DC 3PI,Marawi Philippines,Lines Air Philippine,32,31,0,31
1984,Qtr 4,October,31,31/10/1984,s,Douglas,Douglas C 47BRP,Off Davao Philippines,Airways Village,4,4,0,4
1965,Qtr 3,July,25,25/07/1965,s,Douglas,Douglas C 47777,Near Libacao Philippines,Force Air Philippine - Military,37,37,0,37
1965,Qtr 1,March,8,08/03/1965,s,Douglas,Douglas DC 3PI,Libmanan Philippines,Airways) Orient (Filipinas Fairways,12,10,0,10
1987,Qtr 4,December,13,13/12/1987,s,Shorts,Shorts 360 300EI,Near Iligan Philippines,Lines Air Philippine,15,15,0,15
1960,Qtr 4,December,22,22/12/1960,s,Douglas,Douglas DC 3PI,Cebu City Philippines,Lines Air Philippine,37,28,0,28
1960,Qtr 4,November,23,23/11/1960,s,Douglas,Douglas DC 3PI,Manila Philippines,Lines Air Philippine,33,33,0,33
1963,Qtr 1,March,2,02/03/1963,s,Douglas,Douglas DC 3PI,Near Davao City Philippines,Lines Air Philippine,27,27,0,27
1962,Qtr 4,October,12,12/10/1962,s,Fokker,Fokker F 27 Friendship 100PI,Manila Philippines,Lines Air Philippine,3,3,0,3
1987,Qtr 2,June,26,26/06/1987,s,Hawker,Hawker Siddeley HS 748,Near Baguio Philippines,Lines Air Philippine,50,50,0,50
1959,Qtr 2,June,30,30/06/1959,Ryukyu,North,North American F 100D,Ishikawa City Ryukyu,Okinawa          Island Military - U.S. Air Force,1,0,17,17
1987,Qtr 4,December,3,03/12/1987,Rwanda,Cessna,Cessna 404 Titan5Y EJS,Near Kishwati Rwanda,Charters Air Skybird Cooper,14,14,0,14
1994,Qtr 2,April,6,06/04/1994,Rwanda,Dassault,Dassault Falcon 509XR NN,Kigali Rwanda,Government Rwanda,12,12,0,12
2009,Qtr 4,November,12,12/11/2009,Rwanda,Canadair,Canadair CRJ 100ER5Y,Kigali Rwanda,Rwandair,15,1,0,1
1994,Qtr 3,August,5,05/08/1994,Russia,Antonov,Antonov AN 12,Near Boda Russia,Force Air Russian - Military,47,47,0,47
1966,Qtr 1,January,1,01/01/1966,Russia,Ilyushin,Ilyushin IL 14PCCCP,Kamchatsky Russia,Aeroflot,23,23,0,23
1965,Qtr 4,November,10,10/11/1965,Russia,Tupolev,Tupolev Tu 124CCCP,Murmansk Russia,Aeroflot,64,32,0,32
1957,Qtr 2,June,14,14/06/1957,Russia,Ilyushin,Ilyushin P 14SP,Near Moscow Russia,Airlines Polish Lot,13,9,0,9
1958,Qtr 3,August,15,15/08/1958,Russia,Tupolev,Tupolev TU 104,Near Chita Russia,Aeroflot,64,64,0,64
1958,Qtr 3,September,2,02/09/1958,Russia,Lockheed,Lockheed C 130A,Sasnashen Russia,Force Air U.S. - Military,17,17,0,17
1962,Qtr 2,May,24,24/05/1962,Russia,Ilyushin,Li  2CCCP,Bitter Russia,Aeroflot,21,20,0,20
1996,Qtr 4,December,17,17/12/1996,Russia,Antonov,Antonov AN 12,Tver Russia,Force Air Russian - Military,18,18,0,18
1962,Qtr 1,January,27,27/01/1962,Russia,Antonov,Antonov AN 10ACCCP,Batataevka USSRAeroflot,N/A,14,13,0,13
1997,Qtr 1,March,18,18/03/1997,Russia,Antonov,Antonov AN 24RVRA,Cherkessk Russia,Airlines Stavropol,50,50,0,50
1958,Qtr 3,September,7,07/09/1958,Russia,Aeroflot,AeroflotCCCP  L1692,Kazakh Russia,Aeroflot,27,27,0,27
2008,Qtr 3,September,14,14/09/2008,Russia,Boeing,Boeing B 737,Perm Russia,Aeroflot,88,88,0,88
1962,Qtr 2,June,28,28/06/1962,Russia,Antonov,Antonov AN 10ACCCP11186,Near Adler Russia,Aeroflot,81,81,0,81
1958,Qtr 2,June,9,09/06/1958,Russia,Ilyushin,Ilyushin IL 12CCCP,Magadan Oblast Russia,Aeroflot,24,24,0,24
1962,Qtr 3,September,3,03/09/1962,Russia,Tupolev,Tupolev TU 104ACCCP,Near Khabarovsk USSRAeroflot,N/A,86,86,0,86
2015,Qtr 4,November,24,24/11/2015,Russia,Mil,Mil Mi 8TRA,Near Igarka Russia,Avia Turuhan,26,15,0,15
1962,Qtr 3,September,18,18/09/1962,Russia,Aeroflot,AeroflotCCCP  61628,Yakut Russia,Aeroflot,32,32,0,32
1996,Qtr 4,November,14,14/11/1996,Russia,Antonov,Antonov AN 2RA,Bolchaïa Pyssa Russia,Avia Komi,15,14,0,14
1962,Qtr 2,June,30,30/06/1962,Russia,Tupolev,Tupolev TU 104ACCCP,Near Krasnoyarsk USSRAeroflot,N/A,84,84,0,84
1996,Qtr 4,October,26,26/10/1996,Russia,Yakovlev,Yakovlev YAK 40RA,Khanty Russia,Aviatrans Tyumen,34,5,0,5
1962,Qtr 3,July,28,28/07/1962,Russia,Antonov,Antonov AN 10ACCCP,Sochi Russia,Aeroflot,81,81,0,81
1958,Qtr 3,September,19,19/09/1958,Russia,Ilyushin,Ilyushin IL 12CCCP,Near Lazo Russia,Aeroflot,28,28,0,28
1960,Qtr 3,July,20,20/07/1960,Russia,Ilyushin,Ilushin IL 14CCCP,Near Syktyvkar Russia,Aeroflot,23,23,0,23
1959,Qtr 4,October,23,23/10/1959,Russia,Ilyushin,Ilyushin IL 14PCCCP,Near Moscow Russia,Aeroflot,28,28,0,28
1960,Qtr 3,September,26,26/09/1960,Russia,Vickers,Vickers Viscount 837OE LAF,Moscow Russia,Airlines Austrian,37,31,0,31
1960,Qtr 3,September,2,02/09/1960,Russia,Ilyushin,Ilyushin IL 14PCCCP,Near Zikhnovo Russia,Aeroflot,18,18,0,18
1998,Qtr 4,November,11,11/11/1998,Russia,Antonov,Antonov AN 12RA,Near Krasnoyarsk Russia,Airlines Sakha,13,13,0,13
1945,Qtr 4,December,25,25/12/1945,Russia,Douglas,Douglas DC 3,Near Dudinka Russia,Aviatsiya Polyarnya,10,10,0,10
1936,Qtr 4,December,6,06/12/1936,Russia,Antonov,Antonov AN 9CCCP,Near Moscow Russia,Deruluft,14,9,0,9
1946,Qtr 1,January,14,14/01/1946,Russia,sunov,Lisunov Li 2SSSR,Near Netrubezh Russia,Aeroflot,22,22,0,22
1960,Qtr 4,October,21,21/10/1960,Russia,Tupolev,Tupolev TU 104ACCCP,Ust-Orda Russia,Aeroflot,3,3,0,3
1958,Qtr 4,October,17,17/10/1958,Russia,Tupolev,Tupolev TU 104ACCCP,Near Kanash Russia,Aeroflot,80,80,0,80
1961,Qtr 3,July,8,08/07/1961,Russia,Ilyushin,Ilyushin IL 14PCCCP,Sverdlovsk Russia,Aeroflot,26,9,0,9
1961,Qtr 4,December,31,31/12/1961,Russia,Ilyushin,Ilyushin IL 18BCCCP,Near Mineral Waters Russia,Aeroflot,119,32,0,32
1961,Qtr 4,December,17,17/12/1961,Russia,Ilyushin,Ilyushin IL 18BCCCP,Near Chebotovka Russia,Aeroflot,59,59,0,59
1960,Qtr 4,December,4,04/12/1960,Russia,Ilyushin,"Ilyushin 14M	 CCCP 52091",Chernovo Russia,Aeroflot,14,14,0,14
1959,Qtr 1,January,18,18/01/1959,Russia,Ilyushin,Ilyushin IL 14PCCCP,Stalingrad Russia,Aeroflot,25,25,0,25
1960,Qtr 4,December,26,26/12/1960,Russia,Ilyushin,Ilyushin IL 18ACCCP,Near Ulyanovsk Russia,Aeroflot,17,17,0,17
1997,Qtr 4,December,5,05/12/1997,Russia,Antonov,Antonov AN 124,Irkutsk-2 Russia,Force Air Russian - Military,23,23,44,67
1962,Qtr 4,October,25,25/10/1962,Russia,Tupolev,Tupolev TU 104BCCCP,Near Moscow Russia,Aeroflot,11,11,0,11
1999,Qtr 4,December,5,05/12/1999,Russia,Ilyushin,Ilyushin 114TUK 91004,Moscow Russia,Corporation Production Aircraft Tashkent,7,5,0,5
1995,Qtr 1,January,20,20/01/1995,Russia,LET,Let 410UVPRA 67120,Near Krasnoyarsk Russia,Airlines Abakan,19,3,0,3
1965,Qtr 1,January,2,02/01/1965,Russia,sunov,Lisunov LI 2CCCP,Near Darwaza Russia,Aeroflot,24,24,0,24
1947,Qtr 1,March,5,05/03/1947,Russia,Douglas,Doublas C 47CCCP,Near Georgia USSRAeroflot,N/A,23,23,0,23
1964,Qtr 3,September,2,02/09/1964,Russia,Ilyushin,Ilyushin IL 18BCCCP,Island of Sakhalin Russia,Aeroflot,87,87,0,87
1942,Qtr 4,December,12,12/12/1942,Russia,Tupolev,Tupolev A.N.T. 20bisSSSR L,Near Tashkent Russia,Aeroflot,36,36,0,36
1995,Qtr 1,March,16,16/03/1995,Russia,Antonov,Antonov 26BRA 26084,Ossora Russia,Aeroflot,10,9,0,9
1957,Qtr 4,October,1,01/10/1957,Russia,Ilyushin,Ilyushin IL 12 CCCP,Akshi Russia,Aeroflot,27,27,0,27
2007,Qtr 3,July,29,29/07/2007,Russia,Antonov,Antonov AN 12BPRA,Moscow Russia,Atran,9,9,0,9
1994,Qtr 3,September,30,30/09/1994,Russia,Antonov,Antonov AN 8RA,Chaibukha Russia,Association Production Aviation Arsenyev,20,8,0,8
1965,Qtr 1,March,20,20/03/1965,Russia,Antonov,Antonov AN 24CCCP,Khanty Russia,Aeroflot,47,43,0,43
1947,Qtr 2,May,16,16/05/1947,Russia,Douglas,Douglas DC 47CCCP,Near Khabarovsk Russia,Aeroflot,22,22,0,22
1994,Qtr 3,September,26,26/09/1994,Russia,Yakovlev,Yakovlev YAK 40RA,Near Vanavera Russia,Airlines Cheremshanka,28,28,0,28
1965,Qtr 1,March,8,08/03/1965,Russia,Tupolev,Tupolev Tu 124VCCCP,Kuibyshev  Russia,Aeroflot,30,30,0,30
1965,Qtr 1,March,2,02/03/1965,Russia,Ilyushin,Li  2CCCP,Near Aradan Russia,Aeroflot,31,31,0,31
1994,Qtr 4,October,29,29/10/1994,Russia,Antonov,Antonov AN 2RA,Batagaj Russia,Yakutavia,19,7,0,7
1994,Qtr 4,October,29,29/10/1994,Russia,Antonov,Antonov AN 12ARA,Near Ust'-Ilimsk Russia,Aeronica,23,23,0,23
1942,Qtr 4,November,17,17/11/1942,Russia,Grazhdansky,Grazhdansky Vozdushnyi Flot PS 84CCCP,Near Kranoyarsk Russia,Trassy Vozhjushnye Kranoyarskie,20,20,0,20
1963,Qtr 2,April,4,04/04/1963,Russia,Ilyushin,"Ilyushin IL 18	 CCCP",Tatarstan Russia,Aeroflot,67,67,0,67
1996,Qtr 2,April,5,05/04/1996,Russia,Ilyushin,Ilyushin IL 76TDRA,Near Petropavlovsk Russia,Avialinii Krasnoyarskie,20,20,0,20
1963,Qtr 3,August,21,21/08/1963,Russia,Tupolev,Tupolev Tu 124CCCP,Near Leningrad  Russia,Aeroflot,52,0,0,0
1963,Qtr 3,July,13,13/07/1963,Russia,Tupolev,Tupolev TU 104BCCCP42492,Near Irkutsk Russia,Aeroflot,32,32,0,32
1963,Qtr 1,January,14,14/01/1963,Russia,sunov,Lisunov LI 2CCCP,Tazovskoye Russia,Aeroflot,25,12,0,12
1946,Qtr 4,November,5,05/11/1946,Russia,Douglas,Douglas C 47SSSR,Near Moscow Russia,Aeroflot,26,13,0,13
2010,Qtr 3,August,3,03/08/2010,Russia,Antonov,Antonov An 24 VRA,Igarka Russia,Airline Katekavia,15,12,0,12
2008,Qtr 2,May,26,26/05/2008,Russia,Antonov,Antonov AN 12RA,Near Chelyabinsk Russia,Airlines Moskovia,9,9,0,9
1963,Qtr 3,August,24,24/08/1963,Russia,Ilyushin,Ilyushin IL 14PCCCP,Near Kutaisa Russia,Aeroflot,32,32,0,32
1995,Qtr 3,September,24,24/09/1995,Russia,Mil,Mil Mi 8TRA,Sterligov Cape Russia,Company Flight Norilsk,15,15,0,15
1957,Qtr 4,November,4,04/11/1957,Russia,Ilyushin,Ilushin Il 14YR,Moscow Russia,TAROM,16,4,0,4
1995,Qtr 2,June,16,16/06/1995,Russia,Antonov,Antonov 2RCCCP 68142,Volgograd Russia,Air Volga,12,12,0,12
1995,Qtr 2,June,16,16/06/1995,Russia,Antonov,Antonov AN 2RA,Herputchi Russia,Aeroflot,14,13,0,13
1957,Qtr 4,December,18,18/12/1957,Russia,Ilyushin,Ilyushin IL 12CCCP,Near Birobidzhan Russia,Aeroflot,27,27,0,27
1995,Qtr 4,December,7,07/12/1995,Russia,Tupolev,Tupolev TU 154BRA,Near Grossevichi Russia,Aviation East Far,98,98,0,98
1942,Qtr 4,October,22,22/10/1942,Russia,GVF,GVF PS 84CCCP,Yanaul Russia,Aeroflot,12,10,0,10
1963,Qtr 4,October,20,20/10/1963,Russia,Ilyushin,Ilyushin IL 14CCCP,Hayes Island Russia,Aeroflot,7,7,0,7
1949,Qtr 2,May,13,13/05/1949,Russia,Ilyushin,Ilyushin IL 12L1791,Near  Novosibirsk Russia,Aeroflot,25,25,0,25
1973,Qtr 1,February,24,24/02/1973,Russia,Ilyushin,Ilyushin IL 18CCCP,Near Leningrad Russia,Aeroflot,79,79,0,79
1984,Qtr 4,December,4,04/12/1984,Russia,LET,LET 410 MCCCP 67225,Near Kostroma USSRAeroflot,N/A,17,17,0,17
1973,Qtr 2,May,11,11/05/1973,Russia,Ilyushin,Ilyushin IL 18BSSR,Near Semipalatinsk USSRAeroflot,N/A,61,61,0,61
1973,Qtr 1,March,3,03/03/1973,Russia,Ilyushin,Ilyushin IL 18VLZ,Moscow USSRBalkan,Airlines Bulgarian,25,25,0,25
1988,Qtr 4,October,4,04/10/1988,Russia,Antonov,Antonov 12BPCCCP 11418,Near Batagay Russia,Aeroflot,6,6,0,6
1973,Qtr 1,January,21,21/01/1973,Russia,Antonov,Antonov AN 24BCCCP,Perm Russia,Aeroflot,39,39,0,39
1949,Qtr 2,April,29,29/04/1949,Russia,sunov,Lisunov Li 2SSSR,Near Mironovo Russia,Aeroflot,24,14,0,14
1978,Qtr 4,October,7,07/10/1978,Russia,Yakovlev,Yakovlev YAK 40CCCP,Sverdlovsk Russia,Aeroflot,38,38,0,38
1972,Qtr 4,November,28,28/11/1972,Russia,McDonnell,McDonnell Douglas DC 8,Near Moscow Russia,Lines Air Japan,76,62,0,62
1984,Qtr 4,October,11,11/10/1984,Russia,Tupolev,Tupolev TU 154BCCCP,Near Omsk Russia,Aeroflot,179,174,4,178
1950,Qtr 3,July,30,30/07/1950,Russia,Ilyushin,Ilyushin IL 12L,Karaganda Russia,Aeroflot,25,25,0,25
1988,Qtr 4,December,7,07/12/1988,Russia,LET,Let 410UVPCCCP 67127,Kodinsk Russia,Aeroflot,14,6,0,6
1949,Qtr 3,July,21,21/07/1949,Russia,Ilyushin,Ilyushin IL 12L1714,Marga Russia,Aeroflot,14,13,0,13
2004,Qtr 3,August,24,24/08/2004,Russia,Tupolev,Tupolev 154B 2RA,Near Rostov-on-Don Russia,Airlines Sibir,46,46,0,46
2004,Qtr 3,August,24,24/08/2004,Russia,Tupolev,Tupolev 134A 3RA,Near Toula Russia,Express Volga-Avia,41,41,0,41
1988,Qtr 2,April,19,19/04/1988,Russia,LET,Let 410UVP TuroletCCCP67518,Bagdarin USSRAeroflot,N/A,17,17,0,17
2003,Qtr 1,March,1,01/03/2003,Russia,LET,Let L 410UVPFLARF,Near Barki Russia,skydiving - Kabanov - Private,25,11,0,11
1973,Qtr 3,September,30,30/09/1973,Russia,Tupolev,Tupolev TU 104BCCCP,Near Sverdlovsk Russia,Aeroflot,108,108,0,108
1978,Qtr 2,April,20,20/04/1978,Russia,Boeing,Boeing B 707,Near Murmansk Russia,Airlines Korean,109,2,0,2
1988,Qtr 3,August,26,26/08/1988,Russia,LET,Let 410MUCCCP 67235,Irkutsk Russia,Aeroflot,4,4,0,4
2019,Qtr 2,May,5,05/05/2019,Russia,Sukhoi,Sukhoi Superjet 100,Moscow Russia,Airlines International Russian Aeroflot,78,41,0,41
1978,Qtr 2,May,19,19/05/1978,Russia,Tupolev,Tupolev TU 154BCCCP,Pochinok Russia,Aeroflot,134,4,0,4
1973,Qtr 3,July,9,09/07/1973,Russia,Tupolev,Tupolev Tu 124VCCCP,Nnear Kuybyshev Russia,Aeroflot,61,2,0,2
1973,Qtr 3,July,4,04/07/1973,Russia,Ilyushin,Ilyushin IL 14CCCP,Near Shakhtyorsk Russia,Aeroflot,18,18,0,18
1984,Qtr 4,December,23,23/12/1984,Russia,Tupolev,Tupolev TU 154B,Near Kranoyarsk Russia,Aeroflot,111,110,0,110
1954,Qtr 4,October,28,28/10/1954,Russia,Ilyushin,Ilyushin IL  12 CCCP,Krasnoyarsk Territory Russia,Aeroflot,16,16,0,16
1971,Qtr 4,December,1,01/12/1971,Russia,Antonov,Antonov AN 24CCCP,Saratov Russia,Aeroflot,57,57,0,57
1971,Qtr 4,November,12,12/11/1971,Russia,Antonov,Antonov AN 24CCCP,Vinnitsa Russia,Aeroflot,48,48,0,48
1984,Qtr 1,January,28,28/01/1984,Russia,Antonov,Antonov AN 24RVCCCP,Izhevsk Russia,Aeroflot,51,4,0,4
1972,Qtr 2,May,4,04/05/1972,Russia,Yakovlev,Yakovlev YAK 40CCCP,Bratsk USSRAeroflot,N/A,18,18,0,18
1954,Qtr 3,September,27,27/09/1954,Russia,Ilyushin,Ilyushin IL 12CCCP,Novosibirsk Russia,Aeroflot,29,29,0,29
1952,Qtr 1,March,26,26/03/1952,Russia,N/A,N/A,Moscow Russia,Aeroflot,70,70,0,70
1971,Qtr 4,October,10,10/10/1971,Russia,Tupolev,Tupolev TU 104BCCCP,Moscow Russia,Aeroflot,25,25,0,25
2005,Qtr 1,March,16,16/03/2005,Russia,Antonov,Antonov 24RA 46489,Varandey Russia,Airlines Regional,52,28,0,28
1971,Qtr 3,September,16,16/09/1971,Russia,Douglas,Douglas DC 34W,Presevo Russia,Airlines Yemen,5,5,0,5
1989,Qtr 4,October,18,18/10/1989,Russia,Ilyushin,Ilyushin IL 76MDCCCP,Nasosny Russia,Force Air Russian - Military,57,57,0,57
1979,Qtr 1,March,17,17/03/1979,Russia,Tupolev,Tupolev TU 104BCCCP,Near Moscow Russia,Aeroflot,119,58,0,58
1989,Qtr 4,October,20,20/10/1989,Russia,Ilyushin,Ilyushin IL 76TDCCCP,Leninakan Russia,Aeroflot,15,15,0,15
1972,Qtr 4,October,1,01/10/1972,Russia,Ilyushin,Ilyushin IL 18BCCCP,Near Adler USSRAeroflot,N/A,108,108,0,108
1972,Qtr 3,August,31,31/08/1972,Russia,Ilyushin,Ilyushin IL 18CCCP,Near Magnitogorsk Russia,Aeroflot,102,102,0,102
2009,Qtr 4,November,1,01/11/2009,Russia,Ilyushin,Ilyushin Il 76RF,Mirny Russia,Interior of Ministry Russian,11,11,0,11
1978,Qtr 4,October,23,23/10/1978,Russia,Antonov,Antonov AN 24BCCCP,Gulf of Sivash USSRAeroflot,N/A,26,26,0,26
2011,Qtr 3,September,7,07/09/2011,Russia,Yakovlev,Yakovlev 42DRA 42434,Yaroslavl Russia,Service YAK,45,44,0,44
1972,Qtr 4,October,13,13/10/1972,Russia,Ilyushin,Ilyushin IL 62CCCP,Near Moscow USSRAeroflot,N/A,174,174,0,174
1954,Qtr 3,August,26,26/08/1954,Russia,sunov,Lisunov LI 2CCCP,Sakhalin Oblast Russia,Aeroflot,27,26,1,27
2021,Qtr 3,September,12,12/09/2021,Russia,LET,Let L 410UVP,Kazachinskoye  Russia,Aeroservice/Si,16,4,0,4
1938,Qtr 1,February,5,05/02/1938,Russia,V,V6 (airship)CCCP V6,Kandalaksha Russia,Ts,19,13,0,13
1972,Qtr 2,May,16,16/05/1972,Russia,Antonov,Antonov An 2605,Svetlogorsk Russia,Navy Russian - Military,9,9,25,34
2012,Qtr 3,September,12,12/09/2012,Russia,Antonov,Antonov AN 28RA,Near Palana Russia,Enteprise Air Petropavlovsk-Kamchatsky,14,10,0,10
1979,Qtr 1,January,15,15/01/1979,Russia,Antonov,Antonov AN 24NCCCP46807,Minsk Russia,Aeroflot,13,13,0,13
1989,Qtr 3,July,19,19/07/1989,Russia,Antonov,Antonov AN 26CCCP,Talourow Island USSRAeroflot,N/A,10,10,0,10
1973,Qtr 4,October,2,02/10/1973,Russia,Antonov,Antonov AN 12VCCCP,Magadan Russia,Aeroflot,10,10,0,10
2001,Qtr 3,July,14,14/07/2001,Russia,Ilyushin,Ilyushin IL 76RA,Near Moscow Russia,Company Transport Air Russ,10,10,0,10
2021,Qtr 3,July,6,06/07/2021,Russia,Antonov,"Antonov An 26B 100	RA",Palana Russia,Enterprise Aviation Kamchatka,28,28,0,28
1976,Qtr 4,November,28,28/11/1976,Russia,Tupolev,Tupolev TU 104BCCCP,Moscow Russia,Aeroflot,73,73,0,73
2001,Qtr 4,October,4,04/10/2001,Russia,Tupolev,Tupolev TU 154MRA,110 miles SW of Sochi Russia,Airlines Sibir,78,78,0,78
1976,Qtr 3,September,9,09/09/1976,Russia,Antonov,Antonov AN 24 / Yakovlev Yak,Off Adler Russia,Aeroflot / Aeroflot,64,64,0,64
1950,Qtr 1,January,5,05/01/1950,Russia,sunov,Lisunov Li 2,Sverdlovsk Russia,Force Air Soviet - Military,19,19,0,19
2012,Qtr 2,April,2,02/04/2012,Russia,ATR,ATR 72 201VP,Tyumen Russia,UTAir,43,33,0,33
2001,Qtr 3,July,4,04/07/2001,Russia,Tupolev,Tupolev TU 154MRA,Near Irkutsk Russia,Vladivostokavia,145,145,0,145
1976,Qtr 4,December,17,17/12/1976,Russia,Antonov,Antonov AN 24RVCCCP,Kiev USSRAeroflot,N/A,55,48,0,48
1987,Qtr 2,June,19,19/06/1987,Russia,Yakovlev,Yakovlev YAK 40CCCP,Berdiansk USSRAeroflot,N/A,29,8,0,8
1985,Qtr 4,October,11,11/10/1985,Russia,Yakovlev,Yakovlev YAK 40CCCP,Near Kutayissi USSRAeroflot,N/A,14,14,0,14
1975,Qtr 1,March,18,18/03/1975,Russia,Antonov,Antonov AN 2CCCP,Near Terney Russia,Aeroflot,12,7,0,7
1976,Qtr 4,December,17,17/12/1976,Russia,Yakovlev,Yakovlev 40CCCP 88208,Ust-Kut Russia,Aeroflot,7,7,0,7
1986,Qtr 1,March,25,25/03/1986,Russia,Antonov,Antonov An 12APCCCP,Omsk Soviet,Mashinostroyeniya Obshchestvo UnionMinisterstvo,9,9,0,9
1986,Qtr 3,July,2,02/07/1986,Russia,Tupolev,Tupolev TU 134ACCCP,Near Syktyvar Russia,Aeroflot,92,54,0,54
1953,Qtr 2,May,27,27/05/1953,Russia,Ilyushin,Li  2 / Li,Goose Wade Russia,Aeroflot,20,20,0,20
1976,Qtr 1,March,6,06/03/1976,Russia,Ilyushin,Ilyushin IL 18ECCCP,Near Voronezh Russia,Aeroflot,111,111,7,118
1976,Qtr 1,February,9,09/02/1976,Russia,Tupolev,Tupolev TU 104ACCCP,Irkutsk Russia,Aeroflot,124,24,0,24
1976,Qtr 1,January,3,03/01/1976,Russia,Tupolev,Tupolev Tu 124CCCP,Moscow Russia,Aeroflot,61,61,1,62
1975,Qtr 4,October,22,22/10/1975,Russia,Yakovlev,Yakovlev YAK 40CCCP,Novgorod Russia,Aeroflot,6,6,5,11
1986,Qtr 4,October,20,20/10/1986,Russia,Tupolev,Tupolev TU 134ACCCP,Kuybyshev Russia,Aeroflot,93,70,0,70
1986,Qtr 1,March,2,02/03/1986,Russia,Antonov,Antonov AN 24BCCCP,Near Bugulma Russia,Aeroflot,38,38,0,38
1975,Qtr 3,August,9,09/08/1975,Russia,Ilyushin,"Ilyushin IL 14M	 CCCP",Bagdarin Russia,Aeroflot,11,11,0,11
2003,Qtr 3,August,20,20/08/2003,Russia,Mi,Mi  8 helicopter,Kamchatka Peninsula Russia,Khalatyrka,20,20,0,20
1986,Qtr 4,October,14,14/10/1986,Russia,LET,LET 410MT TurbojetCCCP 67264,Ust-Maya USSRAeroflot,N/A,14,14,0,14
1975,Qtr 3,August,15,15/08/1975,Russia,Yakovlev,Yakovlev YAK 40CCCP,Krasnovodsk USSRAeroflot,N/A,38,23,0,23
1974,Qtr 2,April,27,27/04/1974,Russia,Ilyushin,Ilyushin IL 18BCCCP,Near Leningrad USSRAeroflot,N/A,109,109,0,109
2001,Qtr 4,December,1,01/12/2001,Russia,Ilyushin,Ilyushin IL  76TDRA,Near Novaya Inya  Russia,cargo         Russian - Military,18,18,0,18
1988,Qtr 1,January,18,18/01/1988,Russia,Tupolev,Tupolev TU 154B 2CCCP,Krosnovodsk USSRAeroflot,N/A,143,11,0,11
2016,Qtr 4,December,25,25/12/2016,Russia,Tupolev,Tupolev 154B 2RA,Near Adar Russia,Force Air Russian,92,92,0,92
1977,Qtr 3,July,20,20/07/1977,Russia,Ilyushin,Ilyushin IL 14MCCCP,Vitim Russia,Aeroflot,40,40,0,40
2012,Qtr 2,June,11,11/06/2012,Russia,Antonov,Antonov An 2RRA,Near Serov Russia,flight Illegal,13,13,0,13
1988,Qtr 1,January,24,24/01/1988,Russia,Yakovlev,Yakovlev YAK 40CCCP,Near Nizhnevartovsk Russia,Aeroflot,31,27,0,27
1952,Qtr 4,October,5,05/10/1952,Russia,Ilyushin,Ilyushin IL 12L1328,Skvoritsy Russia,Aeroflot,21,21,0,21
1973,Qtr 4,December,7,07/12/1973,Russia,Tupolev,Tupolev TU 104BCCCP,Moscow USSRAeroflot,N/A,75,13,0,13
1973,Qtr 4,October,13,13/10/1973,Russia,Tupolev,Tupolev TU 104BCCCP,Near  Domodedovo Russia,Aeroflot,122,122,0,122
1977,Qtr 4,December,9,09/12/1977,Russia,Antonov,Antonov AN 24CCCP,Tarko-Saley USSRAeroflot,N/A,23,17,0,17
1988,Qtr 1,February,27,27/02/1988,Russia,Tupolev,Tupolev TU 134ACCCP,Surgut Russia,Aeroflot,51,20,0,20
1973,Qtr 4,December,16,16/12/1973,Russia,Tupolev,Tupolev Tu 124CCCP,Near Karacharovo USSRAeroflot,N/A,51,51,0,51
1974,Qtr 4,December,4,04/12/1974,Russia,Antonov,Antonov An 2 / Antonov An,Irkutsk Russia,Aeroflot,18,13,0,13
1976,Qtr 4,December,18,18/12/1976,Russia,Ilyushin,Ilyushin IL 14MCCCP,Nnear Yuzhno-Sakhalinsk Russia,Aeroflot,8,8,0,8
1929,Qtr 3,August,24,24/08/1929,Russia,Kalinin,Kalinin K 4CCCP,Sochi Russia,Ukvozduchput,1,1,0,1
2001,Qtr 2,May,22,22/05/2001,Russia,Antonov,Antonov 12MGARA 12135,Near Myakotino Russia,Force Air Russian - Military,7,7,0,7
2011,Qtr 1,January,1,01/01/2011,Russia,Tupolev,Tupolev TU 154B,Surgut Russia,Kogalmavia,124,3,0,3
1953,Qtr 4,October,27,27/10/1953,Russia,Ilyushin,Ilyushin IL 12L1765,Near Magadan Russia,Aeroflot,32,22,0,22
1977,Qtr 1,February,15,15/02/1977,Russia,Ilyushin,Ilyushin IL 18VCCCP,Mineralnye Vody Russia,Aeroflot,98,77,0,77
2001,Qtr 4,November,19,19/11/2001,Russia,Ilyushin,Ilyushin 18VRA 75840,Kalyazin Russia,Aero IRS - Charter,27,27,0,27
1974,Qtr 4,November,1,01/11/1974,Russia,Antonov,Antonov An 2 / Mil Mi,Near Surgut Russia,Aeroflot,38,38,0,38
1987,Qtr 4,October,19,19/10/1987,Russia,Antonov,Antonov An 12BCCCP,Komsomolsk-on-Amur Russia,MAP,9,9,0,9
1977,Qtr 1,March,30,30/03/1977,Russia,Yakovlev,Yakovlev YAK 40CCCP,Near Zhadanof Russia,Aeroflot,27,8,0,8
2018,Qtr 1,February,11,11/02/2018,Russia,Antonov,Antonov AN 148,Argunovo Russia,Airlines Saratov,71,71,0,71
1953,Qtr 4,October,31,31/10/1953,Russia,Ilyushin,Li  2L4732,Kharkov. Ukraine Russia,Aeroflot,16,15,0,15
1989,Qtr 4,November,21,21/11/1989,Russia,Antonov,Antonov AN 24CCCP,Near Tyumem Russia,Aeroflot,42,34,0,34
1968,Qtr 1,February,29,29/02/1968,Russia,Ilyushin,Ilyushin IL 18DCCCP,Near Bratsk Russia,Aeroflot,84,83,0,83
1992,Qtr 3,September,12,12/09/1992,Russia,Mil,Mil Mi 8 (helicopter)RA,Kozyrevsk Russia,Airlines Kamchatka,16,9,0,9
2006,Qtr 3,September,11,11/09/2006,Russia,Mi,Mi  8 helicopter,Vladikavkaz Russia,Army Russian - Military,15,12,0,12
1968,Qtr 1,March,27,27/03/1968,Russia,MiG,MiG  15 UTI,Near Moscow Russia,Force Air Russian - Military,2,2,0,2
1992,Qtr 3,August,27,27/08/1992,Russia,Tupolev,Tupolev TU 134ACCCP,Near Ivanovo Russia,Aeroflot,84,84,0,84
1982,Qtr 3,July,6,06/07/1982,Russia,Ilyushin,Ilyushin IL 62MCCCP,Near Moscow Russia,Aeroflot,90,90,0,90
1992,Qtr 3,September,21,21/09/1992,Russia,Mil,Mil Mi 8 (helicopter)RA,Near Kular Russia,Yakutavia,10,10,0,10
1992,Qtr 4,October,29,29/10/1992,Russia,Antonov,Antonov AN 8CCCP,Chita Russia,Aeroflot,14,13,0,13
1992,Qtr 4,November,11,11/11/1992,Russia,Antonov,Antonov AN 22ACCCP,Near Tver Russia,Force Air Russian - Military,33,33,0,33
1947,Qtr 4,December,18,18/12/1947,Russia,Ilyushin,Ilyushin IL 12CCCP,Krasnoyarsk Russia,Aeroflot,25,9,0,9
1968,Qtr 1,January,6,06/01/1968,Russia,Antonov,Antonov AN 24BCCCP,Near Olekminsk Russia,Aeroflot,46,45,0,45
1982,Qtr 2,June,28,28/06/1982,Russia,Yakovlev,Yakovlev YAK 42CCCP,Southern Belarus USSRAeroflot,N/A,132,132,0,132
1992,Qtr 4,October,19,19/10/1992,Russia,Antonov,Antonov AN 28CCCP,Near Usti Nem Russia,Avia Syktyvkar,16,15,0,15
1951,Qtr 4,December,27,27/12/1951,Russia,sunov,Lisunov LI 2L4228,Near Namtso Russia,Aeroflot,20,20,0,20
2011,Qtr 3,August,9,09/08/2011,Russia,Antonov,Antonov 12RA 11125,Near Omsukchan Russia,Amur Avis,11,11,0,11
2006,Qtr 2,May,3,03/05/2006,Russia,Airbus,Airbus A320 211EK,Off Adler Russia,Armavia,113,113,0,113
2016,Qtr 1,March,19,19/03/2016,Russia,Boeing,Boeing 737 8KN (WL)A6,Rostov-on-Don Russia,Flydubai,62,62,0,62
1991,Qtr 4,November,26,26/11/1991,Russia,Antonov,Antonov AN 24CCCP,Near Bugulma Russia,Airlines Tartarstan,41,41,0,41
1982,Qtr 4,December,23,23/12/1982,Russia,Antonov,Antonov AN 26CCCP,Rostov-on-Don Russia,Aeroflot,16,16,0,16
1955,Qtr 4,December,9,09/12/1955,Russia,Ilyushin,Li  2CCCP,Khabarovsk Territory Russia,Aeroflot,21,21,0,21
2010,Qtr 2,April,10,10/04/2010,Russia,Mi,Mi  8,Near Yelizovo Russia,Airlines Kamchatka,18,10,0,10
2011,Qtr 2,June,20,20/06/2011,Russia,Tupolev,Tupolev Tu 134RA,Petrozavodsk Russia,Airlines Rus,52,47,0,47
2006,Qtr 3,July,9,09/07/2006,Russia,Airbus,Airbus A 310,Irkutsk Russia,(S7) Sibir,203,125,0,125
1951,Qtr 1,March,25,25/03/1951,Russia,sunov,Lisunov LI 2CCCP,Irkutsk Russia,Aeroflot,13,12,0,12
1992,Qtr 2,April,4,04/04/1992,Russia,LET,Let 410UVPCCCP 67130,Near Baikov Russia,Kamchatavia,12,1,0,1
1992,Qtr 2,June,22,22/06/1992,Russia,Antonov,Antonov AN 12CCCP,Norlisk Russia,Airlines Krasnoyarsk,12,10,0,10
1981,Qtr 3,September,18,18/09/1981,Russia,Yakovlev,Yakovlev YAK 40 / Mil Mi,Zeleznogorsk Russian,Russian - /Military Aeroflot,40,40,0,40
1994,Qtr 1,February,24,24/02/1994,Russia,Antonov,Antonov AN 12VRA,Nalchik Russia,Transport Air Western North,13,13,0,13
2002,Qtr 3,July,28,28/07/2002,Russia,Ilyushin,Iluyshin Il 86RA,Moscow Russia,Enterprise Aviation Pulkovo,16,14,0,14
1981,Qtr 2,June,14,14/06/1981,Russia,Ilyushin,Ilyushin IL 14CCCP,Ust-Barguzin Russia,Aeroflot,48,48,0,48
1981,Qtr 3,August,24,24/08/1981,Russia,Antonov,Antonov AN 24RV / Soviet Air Force TU,Near Zavitinsk Russia,Force Air Russian - Military / Aeroflot,32,31,0,31
1981,Qtr 3,August,29,29/08/1981,Russia,Yakovlev,Yakovlev YAK 40CCCP,Zeya Russia,Aeroflot,34,3,0,3
1981,Qtr 4,November,16,16/11/1981,Russia,Tupolev,Tupolev TU 154B,Norilsk Russia,Aeroflot,167,99,0,99
2007,Qtr 1,March,17,17/03/2007,Russia,Tupolev,Tuolev 134AKRA 65021,Samara Russia,Airlines UTAir,57,6,0,6
1982,Qtr 1,January,7,07/01/1982,Russia,LET,LET  410M TurbojetCCCP 67290,Near Gelendzhik USSRAeroflot,N/A,18,18,0,18
2010,Qtr 4,December,4,04/12/2010,Russia,Tupolev,Tupolev TU 154MRA,Moscow Russia,Airlines Dagestan,169,2,0,2
1966,Qtr 1,February,16,16/02/1966,Russia,Tupolev,Tupolev Tu 114CCCP,Moscow Russia,Aeroflot,66,21,0,21
1966,Qtr 1,February,16,16/02/1966,Russia,Ilyushin,Ilyushin II 14CCCP,Pechora Russia,Aeroflot,26,26,0,26
1994,Qtr 1,March,23,23/03/1994,Russia,Airbus,Airbus A310 304F,Near Mezhdurechensk Russia,Airways International Russian Aeroflot,75,75,0,75
1981,Qtr 1,February,7,07/02/1981,Russia,Tupolev,Tupolev TU 104ACCCP,Near Leningrad Russia,Navy Soviet - Military,52,52,0,52
2002,Qtr 3,August,29,29/08/2002,Russia,Antonov,Antonov AN 28RA,Near Ayan Russia,Aviakompania Vostok,16,16,0,16
1951,Qtr 4,November,17,17/11/1951,Russia,Ilyushin,Ilyushin IL 12CCCP,Near  Novosibirsk Russia,Aeroflot,23,23,0,23
1967,Qtr 4,November,16,16/11/1967,Russia,Ilyushin,Ilyushin IL 18BCCCP,Near Sverdlovsk Russia,Aeroflot,107,107,0,107
2006,Qtr 4,October,19,19/10/2006,Russia,Antonov,Antonov An 2UK,Tashkent Russia,Airways Force/Uzbekistan Air Russian - Military,15,15,0,15
2013,Qtr 4,November,17,17/11/2013,Russia,Boeing,Boeing 737 53AVQ,Near Kazan Russia,Airlilnes Tararstan,50,50,0,50
1967,Qtr 1,March,12,12/03/1967,Russia,Ilyushin,Ilyushin IL 14PCCCP,Near Yakutsk Russia,Aeroflot,19,15,0,15
1981,Qtr 2,April,28,28/04/1981,Russia,Antonov,"Antonov An 2TP	 CCCP",Batagay Russia,Aeroflot,12,12,0,12
1993,Qtr 3,August,26,26/08/1993,Russia,LET,Let 410UVP ERA,Near Aldan Russia,Airlines Sakha,24,24,0,24
1935,Qtr 2,May,18,18/05/1935,Russia,Tupolev,Tupolev ANT 20 / I,Near Moscow Russia,Eskadril'ya Gor'ky,50,50,2,52
2000,Qtr 1,March,9,09/03/2000,Russia,Yakovlev,Yakovlev YAK 40RA,Moscow Russia,Airlines Vologodskiye,9,9,0,9
1966,Qtr 4,December,2,02/12/1966,Russia,Tupolev,Tupolev TU 114BCCCP,Moscow Russia,Aeroflot,21,21,0,21
2013,Qtr 4,December,26,26/12/2013,Russia,Antonov,Antonov 1212162,Irkutsk Russia,Ir,9,9,0,9
1991,Qtr 4,November,16,16/11/1991,Russia,Antonov,Antonov AN 12V,Anderma Russia,Aeroflot,20,20,0,20
1979,Qtr 3,August,24,24/08/1979,Russia,Antonov,Antonov AN 12CCCP,Near Enisseysk USSRAeroflot,N/A,16,11,0,11
1983,Qtr 3,September,1,01/09/1983,Russia,Boeing,Boeing B 747,Near Sakhalin Island Russia,Airlines Korean,269,269,0,269
1979,Qtr 3,August,29,29/08/1979,Russia,Tupolev,Tupolev Tu 124CCCP,Near Kirsanov Russia,Aeroflot,63,63,0,63
2012,Qtr 4,December,29,29/12/2012,Russia,Tupolev,Tupolev TU 204,Moscow Russia,Airlines Wings Red,8,5,0,5
1948,Qtr 4,October,25,25/10/1948,Russia,sunov,Lisunov LI 2CCCP,Georgian SSR USSRAerflot,N/A,18,18,0,18
1979,Qtr 3,August,11,11/08/1979,Russia,Tupolev,Tupolev TU 134A / Tupolev Tu,Near Volgograd Russia,Aeroflot / Aeroflot,178,178,0,178
1970,Qtr 3,September,3,03/09/1970,Russia,Yakovlev,Yakovlev YAK 40CCCP,Near Leningrad USSRAeroflot,N/A,21,21,0,21
1970,Qtr 2,April,1,01/04/1970,Russia,Antonov,Antonov AN 24VCCCP,Novosibirsk Russia,Aeroflot,45,45,0,45
2002,Qtr 2,April,28,28/04/2002,Russia,Mi,Mi  8 helicopter,Near Abakan Russia,Private,20,8,0,8
1979,Qtr 4,October,27,27/10/1979,Russia,Antonov,Antonov An 2TPCCCP,Lensk Russia,Aeroflot,12,3,0,3
1990,Qtr 3,September,14,14/09/1990,Russia,Yakovlev,Yakovlev YAK 42CCCP,Koltsovo Russia,Aeroflot,128,4,0,4
1979,Qtr 3,September,3,03/09/1979,Russia,Antonov,Antonov AN 24CCCP,Andema Russia,Aeroflot,44,40,0,40
2011,Qtr 3,July,11,11/07/2011,Russia,Antonov,Antonov AN 24RVRA,Near Strezhevoy Russia,Airlines Angara,37,7,0,7
1990,Qtr 1,January,13,13/01/1990,Russia,Tupolev,Tupolev TU 134ACCCP,Near Pervouralsk Russia,Aeroflot,71,27,0,27
1971,Qtr 1,January,31,31/01/1971,Russia,Antonov,Antonov AN 10CCCP,Voroshilovgrad Russia,Aeroflot,7,7,0,7
1971,Qtr 1,January,22,22/01/1971,Russia,Antonov,Antonov AN 12BCCCP 11000,Surgut USSRAeroflot,N/A,14,14,0,14
2010,Qtr 4,November,25,25/11/2010,Russia,Mil,Mil Mi 8TRA,Strezhevoy Russia,NARZ,10,7,0,7
1954,Qtr 4,December,31,31/12/1954,Russia,Ilyushin,Ilyushin II 14,Irkutsk Russia,Aeroflot,17,17,0,17
1971,Qtr 3,July,25,25/07/1971,Russia,Tupolev,Tupolev TU 104BCCCP,Near Irkutsk Russia,Aeroflot,126,97,0,97
1984,Qtr 1,January,3,03/01/1984,Russia,Mi,Mi  6CCCP,Novoagansk Russia,Aeroflot,76,38,0,38
1948,Qtr 4,November,22,22/11/1948,Russia,sunov,Lisunov Li 2CCCP L,Near Ryzhovo Russia,Aeroflot,26,23,0,23
2009,Qtr 4,November,1,01/11/2009,Russia,Tupolev,Tupolev Tu 142M3RF,Off Mongokhto Russia,Navy Russian - Military,11,11,0,11
2002,Qtr 1,February,21,21/02/2002,Russia,Antonov,Antonov AN 2607RED,Lakhta Russia,Navy Russian - Military,20,17,0,17
1983,Qtr 4,December,24,24/12/1983,Russia,Antonov,Antonov AN 24CCCP,Leshukonskoye Russia,Aeroflot,49,44,0,44
1970,Qtr 4,December,31,31/12/1970,Russia,Ilyushin,Ilyushin IL 18BCCCP,Leningrad USSRAeroflot,N/A,93,93,0,93
1979,Qtr 3,August,3,03/08/1979,Russia,LET,LET 410M turbojetCCCP 67206,Leningrad USSRAeroflot,N/A,14,14,0,14
1980,Qtr 2,April,14,14/04/1980,Russia,Antonov,Antonov AN 24BCCCP,Krasnoyarsk Russia,Aeroflot,53,2,0,2
1969,Qtr 3,August,26,26/08/1969,Russia,Antonov,Antonov AN 2CCCP,Khovu-Aksy Russia,Aeroflot,14,14,0,14
1969,Qtr 3,August,26,26/08/1969,Russia,Ilyushin,"Ilyushin IL 18	 CCCP",Moscow Russia,Aeroflot,102,16,0,16
1991,Qtr 2,June,26,26/06/1991,Russia,Antonov,Antonov AN 24CCCP,Gulf of Finland Russia,Polet AKF,10,10,0,10
1983,Qtr 2,April,19,19/04/1983,Russia,Yakovlev,Yakovlev YAK 40CCCP,Leninakan Russia,Aeroflot,21,21,0,21
1969,Qtr 3,September,1,01/09/1969,Russia,Ilyushin,Ilyushin IL 14PCCCP,Cross Bay Russia,Aeroflot,27,22,0,22
1969,Qtr 2,June,23,23/06/1969,Russia,Ilyushin,Ilyushin IL 14M / Antonov An,Near Poroslitsy Russia,Aeroflot,120,120,0,120
1991,Qtr 3,September,26,26/09/1991,Russia,Antonov,Antonov AN 26CCCP,Off St. Petersburg USSRAeroflot,N/A,10,10,0,10
1980,Qtr 2,June,12,12/06/1980,Russia,Yakovlev,Yakovlev YAK 40CCCP,Near Dushanbe Russia,Aeroflot,29,29,0,29
1991,Qtr 4,November,7,07/11/1991,Russia,Yakovlev,Yakovlev YAK 40CCCP,Makhackala Russia,Aeroflot,51,51,0,51
1991,Qtr 3,September,16,16/09/1991,Russia,Antonov,Antonov AN 72CCCP,Petropavlosk USSRAeroflot,N/A,13,13,0,13
2010,Qtr 2,April,10,10/04/2010,Russia,Tupolev,Tupolev 154M101,Smolensk Russia,Force Air Polish - Military,96,96,0,96
1991,Qtr 3,September,23,23/09/1991,Russia,Antonov,Antonov 12BPCCCP 13320,Khatanga Russia,Aeroflot,16,1,0,1
1979,Qtr 4,December,9,09/12/1979,Russia,Antonov,Antonov AN 26CCCP,Cherskiy Russia,Aeroflot,7,7,0,7
1970,Qtr 1,January,28,28/01/1970,Russia,Antonov,Antonov AN 24CCCP,Near Batagai Russia,Aeroflot,34,34,0,34
1983,Qtr 2,May,6,06/05/1983,Russia,Antonov,Antonov AN 26,Klyuchi Russia,Force Air Soviet - Military,37,33,0,33
1979,Qtr 4,November,16,16/11/1979,Russia,Yakovlev,Yakovlev YAK 40CCCP,Vologda Russia,Aeroflot,5,3,0,3
1970,Qtr 1,February,6,06/02/1970,Russia,Ilyushin,Ilyushin IL 18VCCCP,Near Samarkand USSRAeroflot,N/A,106,92,0,92
1970,Qtr 1,January,29,29/01/1970,Russia,Tupolev,Tupolev Tu 124CCCP,Near Murmansk Russia,Aeroflot,11,11,0,11
1969,Qtr 4,December,10,10/12/1969,Russia,Ilyushin,Ilyushin 14PCCCP 52010,Off Makhachkala  Russia,Aeroflot,17,17,0,17
1991,Qtr 2,May,23,23/05/1991,Russia,Tupolev,Tupolev TU 154B,Leningrad USSRAeroflot,N/A,181,13,0,13
1955,Qtr 3,August,5,05/08/1955,Russia,Aeroflot,AeroflotL5057,Near Voronezh Russia,Aeroflot,25,25,0,25
1948,Qtr 2,May,22,22/05/1948,Russia,Douglas,Douglas C 47 CCCP,Khabarovsk Russia,Aeroflot,9,8,0,8
1969,Qtr 4,December,6,06/12/1969,Russia,Antonov,Antonov An 12PLCCCP,Near Khantanga Russia,Aeroflot,8,8,0,8
1969,Qtr 4,November,13,13/11/1969,Russia,Antonov,Antonov An 12TBCCCP,Near Anderma Russia,Aeroflot,12,12,0,12
1969,Qtr 4,October,13,13/10/1969,Russia,Antonov,Antonov AN 24BCCCP,Nizhnevartovsk Russia,Aeroflot,56,24,0,24
1979,Qtr 4,November,28,28/11/1979,Ross,McDonnell,McDonnell Douglas DC 10,Near Mt. Erebus Ross,Antarctica         Shelf Ice Air New Zealand,257,257,0,257
1938,Qtr 3,July,22,22/07/1938,Romania,Lockheed,Lockheed 14H Super ElectraSP BNG,Stulpica Romania,Airlines Polish Lot,14,14,0,14
1995,Qtr 1,March,31,31/03/1995,Romania,Airbus,Airbus A310 324YR,Near Balotesti Romania,Romane) Aeriene (Transporturile Tarom,60,60,0,60
1942,Qtr 4,October,22,22/10/1942,Romania,Junkers,Junkers JU 52/3mD,Budapest Romania,Lufthansa Deutsche,17,17,0,17
1982,Qtr 1,January,25,25/01/1982,Romania,Antonov,Antonov AN 24RVYR,Constanta Romania,TAROM,7,7,0,7
1943,Qtr 3,August,1,01/08/1943,Romania,Consolidated,Consolidated B 24,Ploesti Romania,Forces Air Army U.S. - Military,10,10,63,73
1923,Qtr 3,August,27,27/08/1923,Romania,Bleriot,Blériot Spad 46F AEGN,Bucharest Romania,Roumaine France Campagnie,2,2,0,2
1970,Qtr 1,February,4,04/02/1970,Romania,Antonov,Antonov AN 24VYR,Apuseni mountains Romania,TAROM,22,21,0,21
1977,Qtr 3,September,22,22/09/1977,Romania,Tupolev,Tupolev TU 134HA,Bucharest Romania,Airlines Hungarian Malev,53,29,0,29
1941,Qtr 2,June,18,18/06/1941,Romania,Douglas,Douglas DC 3YR,Bucharest Romania,LARES,18,0,0,0
1947,Qtr 3,August,13,13/08/1947,Romania,sunov,Lisunov Li 2YR,Bucharest Romania,Romano-Sovietice Aeriene Transporturile,8,3,0,3
1974,Qtr 4,December,29,29/12/1974,Romania,Antonov,Antonov AN 24RVYR,Near Sibiu Romania,TAROM,33,33,0,33
1938,Qtr 3,August,18,18/08/1938,Romania,Lockheed,Lockheed 14 Super ElectraSP BNJ,Bucharest Romania,Airlines Polish Lot,7,0,0,0
1999,Qtr 3,September,14,14/09/1999,Romania,Dassault,Dassault Falcon 900BSX ECH,Bucharest Romania,Government Greek,13,7,0,7
1970,Qtr 4,December,7,07/12/1970,Romania,BAC,BAC One Eleven  424EUYR,Near Constanta Romania,TAROM,27,19,0,19
1976,Qtr 1,March,1,01/03/1976,Romania,Ilyushin,Ilyushin II 14PYR,Sibiu Romania,TAROM,9,6,0,6
1937,Qtr 3,August,6,06/08/1937,Romania,Douglas,Douglas DC 2CCCP,Bistrita Romania,Aeroflot,5,5,0,5
1989,Qtr 4,December,28,28/12/1989,Romania,Antonov,Antonov AN 24RVYR,Near Visina Romania,TAROM,7,7,0,7
1991,Qtr 3,August,14,14/08/1991,Romania,Ilyushin,Ilyushin IL 18VYR,Near Uricani Romania,TAROM,9,9,0,9
1947,Qtr 4,November,21,21/11/1947,Romania,sunov,Lisunov Li 2YR,Phouznicie Romania,TARS,26,13,0,13
1966,Qtr 3,August,11,11/08/1966,Romania,Ilyushin,Ilyushin IL 14YR,Near Sibiu Romania,TAROM,24,24,0,24
1964,Qtr 4,October,9,09/10/1964,Romania,Ilyushin,Ilyushin IL 14YR,Near Sibiu Romania,TAROM,32,32,0,32
2010,Qtr 3,July,5,05/07/2010,Romania,Antonov,Antonov AN 253,Tuzla Romania,Force Air Romainian - Military,14,12,0,12
1940,Qtr 3,August,23,23/08/1940,Romania,Douglas,Douglas DC 3YR,Cluj Romania,LARES,15,15,0,15
2003,Qtr 3,July,5,05/07/2003,Rio,Sirkorsky,Sikorsky  S 76 APT YVM,Macaé Rio,Brazil         Janeiro de BHS - Brazilian Helicopter Services,5,5,0,5
2008,Qtr 1,February,26,26/02/2008,Rio,Eurocopter,Eurocopter  AS332L2 Super PumaPP MUM,Off Macae  Rio,Argentina         Janeiro de BHS - Brazilian Helicopter Service Air Taxi,20,5,0,5
2004,Qtr 3,July,22,22/07/2004,Rio,Sirkorsky,Sikorsky S 76PP MYM,Off  Macaé  Rio,Brazil         Janeiro de BHS - Brazilian Helicopter Service  Air Taxi,11,6,0,6
1978,Qtr 3,September,3,03/09/1978,Rhodesia,Vickers,Vickers Viscount 782DVP WAS,Near Kariba Rhodesia,Rhodesia (Zimbabwe)Air,56,38,0,38
1979,Qtr 1,February,12,12/02/1979,Rhodesia,Vickers,Vickers Viscount 748DVP YND,Near Kariba Rhodesia,Rhodesia Air,59,59,0,59
1982,Qtr 1,February,21,21/02/1982,Rhode,de Havilland,de Havilland DHC  6,Providence Rhode,Airlines IslandPilgrim,12,1,0,1
1989,Qtr 4,November,28,28/11/1989,Rhode,Britten,Britten  Norman BN,Block Island Rhode,Airlines England IslandNew,8,8,0,8
1968,Qtr 1,March,9,09/03/1968,Reunion,Douglas,Douglas DC6B43748,Near Saint Denis Reunion,Force Air French - Military,20,19,0,19
2002,Qtr 1,March,17,17/03/2002,Republic,LET,Let 410UVP EJ2,Off Djibouti Republic,Airlines DjiboutiDjibouti of,4,4,0,4
2000,Qtr 4,October,25,25/10/2000,Republic,Ilyushin,Ilyushin IL 18DRA,Near Batumi Republic,Force Air Russian - GeorgiaMilitary of,86,86,0,86
1943,Qtr 1,March,27,27/03/1943,Queensland,Douglas,Douglas C 47,Archerfield Aerodrome Queensland,Australia Military - Royal Australian Air Force,24,24,0,24
1944,Qtr 3,September,7,07/09/1944,Queensland,C,C  47 Dakota DT,Near Mossman Queensland,Australia Military - Royal Netherlands East Indies Air Force,20,20,0,20
2005,Qtr 2,May,7,07/05/2005,Queensland,Swearingen,Swearingen SA 227AC Metro IIIVH,Lockhart River Queensland,Australia Aero-Tropics,15,15,0,15
1937,Qtr 1,February,19,19/02/1937,Queensland,Stinson,Stinson Model AVH UHH,McPherson Ranges Queensland,Australia Airlines of Australia,7,5,0,5
1996,Qtr 2,June,12,12/06/1996,Queensland,Sirkorsky,Sikorsky S 70 / Sikorsky S,Near Rollingstone Queensland,Aviation Army Australian - AustraliaMilitary,28,18,0,18
1957,Qtr 2,June,24,24/06/1957,Queensland,L,L  Hudson,Horn Island Queensland,Australia Adastra Airways,0,6,0,6
1975,Qtr 4,October,23,23/10/1975,Queensland,de Havilland,de Havilland DH114 Heron 2EVH CLS,Cairns Airport Queensland,Australia Connair,11,11,0,11
2001,Qtr 4,November,12,12/11/2001,Queens,Airbus,Airbus A 300,Belle Harbor Queens,New York American Airlines,260,260,5,265
1947,Qtr 2,May,29,29/05/1947,Queens,Douglas,Douglas C 54BNC30046,La Guardia Airport Queens,New York United Air Lines,48,43,0,43
1989,Qtr 1,February,28,28/02/1989,Quebec,Douglas,Douglas C 47AC,Near Quebec City Quebec,Canada Transfair,2,2,0,2
1956,Qtr 1,February,14,14/02/1956,Quebec,Douglas,Douglas C 47,Near Fort Chimo Quebec,Canada Spartan Air Services,3,2,0,2
1957,Qtr 4,December,10,10/12/1957,Quebec,Douglas,Douglas C 47ACF,Jeannine Lake Quebec,Canada Northern Wings,10,3,0,3
2003,Qtr 3,September,27,27/09/2003,Quebec,Piper,Piper PA31 310C,Gaspé Quebec,Canada Les Ailes de Gaspé Inc.,3,3,0,3
2002,Qtr 3,September,28,28/09/2002,Quebec,de Havilland,de Havilland Canada DHC 3 OtterC,Near Natashquan Quebec,Canada Deraps Aviation,4,3,0,3
1959,Qtr 4,November,4,04/11/1959,Quebec,Douglas,Douglas C 54ACF,St. Cleophas Quebec,Canada Wheeler Airlines,5,5,0,5
1957,Qtr 3,July,3,03/07/1957,Quebec,Lockheed,Lockheed L 414 HudsonCF,Near Fort Rupert Quebec,Canada Kenting Air,4,4,0,4
1969,Qtr 2,April,7,07/04/1969,Quebec,Vickers,Vickers 757 ViscountCF THK,Sept-Îles Quebec,Canada Air Canada,21,1,0,1
1948,Qtr 3,July,24,24/07/1948,Quebec,Douglas,Douglas DC 3CF,Cap-des-Rosiers Quebec,Canada Rimouski Airlines,29,29,0,29
1960,Qtr 3,September,22,22/09/1960,Quebec,Noorduyn,Noorduyn NorsemanCF FOJ,Campbell Lake Quebec,Airlines CanadaWheeler,4,3,0,3
2001,Qtr 4,October,8,08/10/2001,Quebec,de Havilland,de Havilland DHC 2 Mk 1 BeaverC,Mollet Lake Quebec,Canada Air Saint Maurice Inc.,7,3,0,3
1943,Qtr 4,October,19,19/10/1943,Quebec,Consolidated,Consolidated B 243701,St. Donat Quebec,Canada Military - Royal Canadian Air Force,24,24,0,24
1957,Qtr 3,August,11,11/08/1957,Quebec,Douglas,Douglas DC 4CF,Near Issoudun Quebec,Canada Maritime Central Airways,79,79,0,79
1962,Qtr 4,October,10,10/10/1962,Quebec,Vickers,Vickers 757 ViscountCF THA,Bagotville Quebec,Canada Trans Canada Air Lines,19,2,0,2
2016,Qtr 1,March,29,29/03/2016,Quebec,Mitsubishi,Mitsubishi MU 2B 60 MarquiseN246W,Magdelen Islands Quebec,Canada Marquise Aviation Corp.,7,7,0,7
1952,Qtr 1,March,22,22/03/1952,Quebec,Douglas,Douglas C 47,Near Gaspe Quebec,Canada Maritime Central Airways,4,4,0,4
1999,Qtr 1,January,16,16/01/1999,Qld,Britten,Britten Norman BN 2A,Coconut Island QLD,Australia Uzu Air,4,3,0,3
1960,Qtr 2,June,10,10/06/1960,Qld,Fokker,Fokker F 27 Friendship 100VH,Off  Mackay Qld.,Airlines Australia AustraliaTrans,29,29,0,29
1927,Qtr 1,March,24,24/03/1927,Qld,de Havilland,de Havilland DH 9CG,Tambo Qld,Australia Qantas,3,3,0,3
1966,Qtr 2,June,20,20/06/1966,QC,Curtiss,Curtis C 46E,Lac Peribonka QC,Canada Norair,2,2,0,2
1980,Qtr 4,December,23,23/12/1980,Qatar,Lockheed,Lockheed L 1011,Qatar Qatar,Airlines Arabian Saudi,291,2,0,2
1979,Qtr 1,March,14,14/03/1979,Qatar,Boeing,Boeing B 727,Near Doha Airport Qatar,Airlines Jordanian Royal Alia,64,45,0,45
2012,Qtr 1,March,15,15/03/2012,Puerto,Convair,Convair CV 340N153JR,Near San Juan Puerto,Express One RicoJet,2,2,0,2
2002,Qtr 3,August,7,07/08/2002,Puerto,Lockheed,Lockheed MC 130H Hercules90,Caguas Puerto,Force Air U.S. - RicoMilitary,10,10,0,10
1969,Qtr 1,March,5,05/03/1969,Puerto,de Havilland,de Havilland DH 114 Heron 2DN563PR,San Juan Puerto,RicoPrinair,19,19,0,19
1972,Qtr 2,June,24,24/06/1972,Puerto,de Havilland,de Havilland DH 114 Heron 2BN554PR,Ponce Puerto,RicoPrinair,20,5,0,5
1949,Qtr 2,June,7,07/06/1949,Puerto,Curtiss,Curtiss C 46D,San Juan Puerto,Freight RicoStrato,81,53,0,53
1992,Qtr 2,June,7,07/06/1992,Puerto,CASA,CASA 212 Aviocar 200N355CA,Mayaguez Puerto,Eagle RicoAmerican,5,5,0,5
1972,Qtr 4,December,31,31/12/1972,Puerto,Douglas,Douglas DC 7CFN500AE,San Juan Puerto,Leasing Express RicoAmerican,5,5,0,5
1984,Qtr 3,August,2,02/08/1984,Puerto,Britten,Britten  Norman BN,Vieques Puerto,Link Air RicoVieques,9,9,0,9
2004,Qtr 3,September,29,29/09/2004,Puerto,Pilatus,Pilatus  Britten Norman BN,Tortuguero lagoon Puerto,Flamence RicoAir,1,1,0,1
1965,Qtr 1,March,23,23/03/1965,Puerto,Canadair,Canadair CP 107 MK,Off San Juan Puerto,Force Air Canadian Royal - RicoMilitary,16,16,0,16
1941,Qtr 4,October,3,03/10/1941,Puerto,Sirkorsky,Sikorsky S 42B (flying boat)NC15376,San Juan Puerto,Airways World American RicoPan,15,2,0,2
1987,Qtr 2,May,8,08/05/1987,Puerto,CASA,CASA 212 Aviocar 200N432CA,Mayaguez Puerto,Eagle RicoAmerican,6,2,0,2
1977,Qtr 4,December,19,19/12/1977,Puerto,Britten,Britten  Norman BN,Vieques Puerto,Link Air RicoVieques,10,5,0,5
2008,Qtr 4,December,3,03/12/2008,Puerto,Rockwell,Rockwell International 690BN318WA,San Juan Puerto,Inc. Services Aviation RicoWebstas,3,3,0,3
1952,Qtr 2,April,11,11/04/1952,Puerto,Douglas,Douglas DC 4N88899,North of San Juan Puerto,Airways World American RicoPan,69,52,0,52
1948,Qtr 4,December,28,28/12/1948,Puerto,Douglas,Douglas DC 3DSTN16002,Off San Juan Puerto,Transport RicoAirborne,32,32,0,32
1942,Qtr 4,October,1,01/10/1942,Puerto,Douglas,Douglas C 39,Near Coamo Puerto,Forces Air Army U.S. - RicoMilitary,22,22,0,22
2005,Qtr 1,March,26,26/03/2005,Providencia,LET,Let  410UVP,El Embrujo Providencia,Colombia          Island West Caribbean Airways,14,8,0,8
1973,Qtr 2,May,29,29/05/1973,Prov,Douglas,Douglas DC 3CF,Near Rimouski Prov.,Canada          Quebec Air Gaspé,4,4,0,4
1949,Qtr 3,September,9,09/09/1949,PQ,Douglas,Douglas DC 3CF,Sault-aux-Cochons PQ,Canada Canadian Pacific Air Lines,23,23,0,23
1979,Qtr 1,March,29,29/03/1979,PQ,Fairchild,Fairchild F 27CF,Ste. Foy PQ,Canada Quebecair,24,17,0,17
1974,Qtr 3,August,5,05/08/1974,PQ,Douglas,Douglas DC 3C,Mt. Apica PQ,Canada Laurentian Air Services,11,5,0,5
1947,Qtr 1,February,1,01/02/1947,Portugal,Douglas,Douglas DC 3CF,Near Lisbon Portugal,France Air,20,19,0,19
1943,Qtr 1,February,22,22/02/1943,Portugal,Boeing,Boeing B 314 (flying boat)NC18603,Lisbon Portugal,Airways World American Pan,39,25,0,25
1977,Qtr 4,December,18,18/12/1977,Portugal,Aerospatiale,Aerospatiale Caravelle 10RHB ICK,Off Madeira Portugal,SATA,57,36,0,36
1998,Qtr 1,February,4,04/02/1998,Portugal,Antonov,Antonov 12BPLZ SFG,Terceira Portugal,Luxor Air,7,7,0,7
1951,Qtr 1,February,1,01/02/1951,Portugal,Douglas,Douglas C 54282,Off Terceira Portugal,Force Air Portuguese - Military,14,14,0,14
1961,Qtr 2,May,30,30/05/1961,Portugal,McDonnell,McDonnell Douglas DC 8,Near Lisbon Portugal,Airlines Dutch Royal KLM,61,61,0,61
1969,Qtr 2,April,2,02/04/1969,Poland,Antonov,Antonov AN 24VSP,Zawoja Poland,Airlines Polish Lot,53,53,0,53
1988,Qtr 4,November,2,02/11/1988,Poland,Antonov,Antonov AN 24BSP,Near Rzeszow Poland,Airlines Polish Lot,29,1,0,1
1945,Qtr 1,February,23,23/02/1945,Poland,Junkers,Junkers 52/3m 4V+DR,Snezka mountains Poland,Army German - Military,8,8,0,8
1935,Qtr 4,December,24,24/12/1935,Poland,Heinkel,Heinkel He 70D,Wroctaw Poland,Lufthansa Deutsche,3,3,0,3
1937,Qtr 4,November,12,12/11/1937,Poland,Lockheed,Lockhed 10 ElectraSP AYD,Warsaw Poland,LOT,11,4,0,4
1962,Qtr 4,December,19,19/12/1962,Poland,Vickers,Vickers Viscount 804SP LVB,Warsaw Poland,Airlines Polish Lot,33,33,0,33
1980,Qtr 1,March,14,14/03/1980,Poland,Ilyushin,Ilyushin IL 62SP,Near Warsaw Poland,Airlines Polish Lot,87,87,0,87
1987,Qtr 2,May,9,09/05/1987,Poland,Ilyushin,Ilyushin IL 62MSP,Warsaw Poland,Airlines Polish Lot,183,183,0,183
1993,Qtr 3,September,14,14/09/1993,Poland,Airbus,Airbus A320 211D,Warsaw Poland,Lufthansa,70,2,0,2
1981,Qtr 1,March,26,26/03/1981,Poland,Antonov,Antonov AN 24BSP,Redzikowo Poland,Airlines Polish Lot,52,1,0,1
1951,Qtr 4,November,15,15/11/1951,Poland,sunov,Lisunov Li 2PSP,Near Lodz Poland,Airlines Polish Lot,18,18,0,18
1984,Qtr 3,September,16,16/09/1984,Poland,Antonov,Antonov An 2TSP,Opole Poland,APRL,25,11,0,11
2008,Qtr 1,January,23,23/01/2008,Poland,CASA,CASA C 295M019,Miroslawiec Poland,Force Air Polish - Military,20,20,0,20
1937,Qtr 4,November,11,11/11/1937,Poland,Lockheed,Lockheed 10 ElectraSP AYD,Warsaw Poland,Airlines Polish Lot,11,4,0,4
1958,Qtr 4,October,18,18/10/1958,Placentia,Lockheed,Lockheed WV 2 Super Constellation141294,NAS Argentia Placentia,Newfoundland          Bay,29,11,0,11
1923,Qtr 2,May,14,14/05/1923,Picrdie,Farman,Farman F 60 GoliathF,Near Amiens Picrdie,France Grands Express Aeriens (Air Union),6,6,0,6
1965,Qtr 3,September,11,11/09/1965,Phillipines,Douglas,Douglas DC 3API,Near La Carlota Phillipines,Airways Orient Filipinas,11,11,0,11
1989,Qtr 2,June,22,22/06/1989,Peru,de Havilland,de Havilland Canada DHC 5D BuffaloFAP,Near Tarma Peru,Peru del Aérea Fuerza,62,62,0,62
1992,Qtr 3,August,27,27/08/1992,Peru,de Havilland,de Havilland Canada DHC 6 Twin Otter 300FAP304,Near Iquitos Peru,TANS - Force Air Peruvian - Military,41,8,0,8
2007,Qtr 2,May,24,24/05/2007,Peru,de Havilland,de Havilland Canada DHC 6 Twin Otter 300FAP,Near Pampa Hermosa Peru,Force Air Peruvian - Military,20,13,0,13
1959,Qtr 2,May,21,21/05/1959,Peru,Curtiss,Curtiss C 46A,Moro Peru,Interpolar Aéreas Lineas,8,8,0,8
1996,Qtr 1,March,9,09/03/1996,Peru,Mil,Mil Mi 17EP561,Near Mesones Muro Peru,Aviation Army Peruvian - Military,23,23,0,23
1970,Qtr 1,January,14,14/01/1970,Peru,Douglas,Douglas DC 4OB,Mt. Pumacona Peru,Faucett,28,28,0,28
1984,Qtr 4,November,20,20/11/1984,Peru,de Havilland,de Havilland Canada DHC 6 Twin Otter 300FAE,Loja Peru,TAME,14,14,0,14
1967,Qtr 2,April,2,02/04/1967,Peru,Lockheed,Lockheed 18 LodestarN706G,Off Lima Peru,Airlines Caribbean,5,5,0,5
1992,Qtr 3,September,10,10/09/1992,Peru,Fokker,Fokker F 27 Friendship 500OB,Bellavista Peru,Aéreo Expresso,43,1,1,2
1959,Qtr 2,June,23,23/06/1959,Peru,Douglas,Douglas DC 4HK,Cerros Baco Peru,Avianca,14,14,0,14
1945,Qtr 4,October,24,24/10/1945,Peru,Faucett,Faucett F 19OB,Tarapoto Peru,Faucett,5,5,0,5
1984,Qtr 4,December,19,19/12/1984,Peru,de Havilland,de Havilland Canada DHC 6 Twin Otter 300FAP,Near Jaen Peru,Peru del Aérea Fuerza - Military,21,21,0,21
1962,Qtr 4,November,27,27/11/1962,Peru,Boeing,Boeing B 707,Lima Peru,Varig,97,97,0,97
1991,Qtr 3,July,9,09/07/1991,Peru,CASA,CASA 212 Aviocar 200OB 1218,Bellavista Airport Peru,Aerochasqui,15,15,0,15
1979,Qtr 4,December,22,22/12/1979,Peru,de Havilland,de Havilland Canada DHC 5 BuffaloFAP,Near Puerto Esperanza Peru,Peru del Aérea Fuerza,29,29,0,29
1998,Qtr 2,May,5,05/05/1998,Peru,Boeing,Boeing B 737,Andoas Peru,Peru del Aérea Fuerza,88,75,0,75
1951,Qtr 1,January,20,20/01/1951,Peru,Douglas,Douglas DC 3,Huilyo Peru,TAM - Military,0,16,0,16
1994,Qtr 4,November,5,05/11/1994,Peru,Yakovlev,Yakovlev YAK 40OB,Saposa Peru,Amazonica SA,30,6,0,6
1989,Qtr 1,March,10,10/03/1989,Peru,Britten,Britten Norman BN 2A TrislanderOB,Lima Peru,Condor Aero,10,10,0,10
1992,Qtr 4,October,21,21/10/1992,Peru,de Havilland,de Havilland Canada DHC 6 Twin Otter 300FAP306,Near Lake Caballochoa Peru,Force Air Peruvian - Military,11,8,0,8
1967,Qtr 4,December,8,08/12/1967,Peru,Douglas,Douglas DC C,Carpich Huanuco Mt. Peru,Faucett,72,72,0,72
1964,Qtr 4,December,24,24/12/1964,Peru,Douglas,Douglas DC 3OB,Yurimaguas Peru,SATCO,23,1,0,1
1988,Qtr 4,October,25,25/10/1988,Peru,Fokker,Fokker F 28 Fellowship 1000OB,Juliaca Peru,Peru Aero,69,12,0,12
1949,Qtr 1,February,10,10/02/1949,Peru,Douglas,Douglas DC 3OB,Near Huanuco Peru,Faucett,16,16,0,16
1950,Qtr 4,November,23,23/11/1950,Peru,Douglas,Douglas DC 3OB,Cuzco Peru,Faucett,9,9,0,9
2003,Qtr 1,January,9,09/01/2003,Peru,Fokker,Fokker 28 Fellowship 1000OB 1396,Near Chachapoyas Peru,Airlines TANS,46,46,0,46
1959,Qtr 2,May,13,13/05/1959,Peru,Curtiss,Curtiss C 46AOB,Near Toumavista Peru,Peruanos Aereos Transportes,12,12,0,12
1943,Qtr 1,January,22,22/01/1943,Peru,Douglas,Douglas DC 3ANC33645,Near Chaparra Peru,Airlines Grace American Pan,15,14,0,14
1955,Qtr 4,October,2,02/10/1955,Peru,Douglas,Douglas C54AOB PAZ,Pico Oiriruma-Vinac Peru,Faucett,35,19,0,19
1996,Qtr 1,February,29,29/02/1996,Peru,Boeing,Boeing B 737,Arequipa Peru,(Peru) SA Faucett Aviacion de Compania,123,123,0,123
1998,Qtr 1,March,28,28/03/1998,Peru,Antonov,Antonov AN 32OB,Piura Peru,Peru del Aérea Fuerza,55,22,1,23
1949,Qtr 1,February,24,24/02/1949,Peru,Douglas,Douglas C 47,Near Cuzco Peru,(Peru) TAM,26,22,0,22
1990,Qtr 3,July,31,31/07/1990,Peru,Beech,Beech King Air B90OB 1362,Near Huanuco Peru,Nacional Expresso Servicio,9,9,0,9
1987,Qtr 4,December,8,08/12/1987,Peru,Fokker,Fokker F 27 Friendship 400MAE,Off Lima Peru,Aviation Naval Peruvian,43,42,0,42
1989,Qtr 4,October,10,10/10/1989,Peru,Cessna,Cessna 402C UtililinerOB T,Urpay Peru,TAUSA,12,12,0,12
2005,Qtr 2,April,28,28/04/2005,Peru,LET,Let 410UVPEP 830,Pisco Peru,Peru Del Fuerza - Military,13,13,0,13
2005,Qtr 3,August,23,23/08/2005,Peru,Boeing,Boeing B 737,Near Pucallpa Peru,Peru TANS,98,40,0,40
2022,Qtr 4,November,18,18/11/2022,Peru,Airbus,Airbus 320 271NCC,Lima Peru,LATAM,108,0,2,2
1972,Qtr 2,April,20,20/04/1972,Peru,Douglas,Douglas C 47DOB,Near Moyobamba Peru,SATCO,6,6,0,6
1962,Qtr 3,August,24,24/08/1962,Peru,Douglas,Douglas DC 3OB,Cerro Puena Paz Peru,Faucett,9,9,0,9
1962,Qtr 1,February,4,04/02/1962,Peru,Douglas,Douglas DC 3OB,Near Tino Maria Peru,Faucett,18,18,0,18
1970,Qtr 2,June,10,10/06/1970,Peru,Fokker,Fokker F 27 Friendship 400MTC,Near Huaricanga Peru,LADE - Military,8,5,0,5
1976,Qtr 4,December,31,31/12/1976,Peru,Douglas,Douglas C 54A,Near Trujillo Peru,Faucett,19,19,0,19
1970,Qtr 3,August,9,09/08/1970,Peru,Lockheed,Lockheed 188A ElectraOB R939,Near Cuzco Peru,(Peru) SA Nacionales Aereas Lineas,100,99,2,101
1934,Qtr 1,March,22,22/03/1934,Peru,Ford,Ford 5 AT,Near Lima Peru,Airlines Grace American Pan,15,3,0,3
1966,Qtr 2,April,27,27/04/1966,Peru,Lockheed,Lockheed 749A ConstellationOB R,Tomas Peru,LANSA,49,49,0,49
1987,Qtr 2,June,18,18/06/1987,Peru,Antonov,Antonov AN 26FAP,Near Montelillo Peru,Force Air Peruvian - Military,46,46,0,46
1971,Qtr 1,January,21,21/01/1971,Peru,Curtiss,Curtiss  Wright C,Near Pacae Peru,Peru del Aérea Fuerza,35,35,0,35
1964,Qtr 2,May,8,08/05/1964,Peru,Douglas,Douglas C 54T,Near Lima Peru,Argentina Aérea Fuerza,49,46,0,46
1996,Qtr 4,October,2,02/10/1996,Peru,Boeing,Boeing B 757,Off Pasamayo Peru,Aeroperu,70,70,0,70
1994,Qtr 1,February,25,25/02/1994,Peru,Yakovlev,Yakovlev YAK 40OB,Near Carpish Peru,Aéreo Expresso,31,31,0,31
1947,Qtr 3,August,23,23/08/1947,Persian,Shorts,Short Sandringham 5 (flying boat)G AHZB,Bahrain Persian,Airways Overseas GulfBritish,26,10,0,10
1985,Qtr 4,October,11,11/10/1985,Pennsylvania,de Havilland,de Havilland Canada DHC 6 Twin Otter 200N3257,Homer City Pennsylvania,Cargo Air Mountain,1,1,0,1
1970,Qtr 4,October,4,04/10/1970,Pennsylvania,Aero,Aero Commander 500 BN701X,Mahaffey Pennsylvania,Private,2,2,0,2
1946,Qtr 3,July,11,11/07/1946,Pennsylvania,Lockheed,Lockheed L 049 ConstellationNC86513,Reading Pennsylvania,Air Western and Continental Trans,6,5,0,5
1936,Qtr 4,December,19,19/12/1936,Pennsylvania,Douglas,Douglas DC 2,Near Milford Pennsylvania,Lines Air Eastern,11,0,0,0
1923,Qtr 1,February,26,26/02/1923,Pennsylvania,de Havilland,De Havilland DH 4291,Meadville Pennsylvania,Service Mail Aerial US,1,1,0,1
1931,Qtr 2,May,24,24/05/1931,Pennsylvania,Boeing,Boeing 95NC397E,Bellefonte Pennsylvania,Transport Air National,1,1,0,1
1935,Qtr 1,January,26,26/01/1935,Pennsylvania,Consolidated,Consolidated FleetsterNC13212,Pittsburgh Pennsylvania,Air Western and Continental Trans,1,1,0,1
1969,Qtr 1,January,6,06/01/1969,Pennsylvania,Convair,Convair CV 580N5825,Near Bradford Pennsylvania,Airlines Allegheny,28,11,0,11
1954,Qtr 4,December,22,22/12/1954,Pennsylvania,Douglas,Douglas DC 3N24320,Pittsburgh Pennsylvania,Service Flying Johnson,28,10,0,10
1983,Qtr 4,October,28,28/10/1983,Pennsylvania,Shorts,Shorts 330 200N26288,Middletown Pennsylvania,Airlines Pennsylvania,30,1,0,1
1924,Qtr 1,March,7,07/03/1924,Pennsylvania,de Havilland,De Havilland DH 4327,Grampian Pennsylvania,Service Mail Aerial US,1,1,0,1
1919,Qtr 3,July,19,19/07/1919,Pennsylvania,de Havilland,De Havilland DH 482,Dix Run Pennsylvania,Service Mail Aerial US,1,1,0,1
1974,Qtr 1,January,6,06/01/1974,Pennsylvania,Beechcraft,Beechcraft 99AN125AE,Johnstown Pennsylvania,East Air,17,12,0,12
1948,Qtr 2,June,17,17/06/1948,Pennsylvania,Douglas,Douglas DC 6NC37506,Mount Carmel Pennsylvania,Lines Air United,43,43,0,43
1928,Qtr 4,October,18,18/10/1928,Pennsylvania,Douglas,Douglas M 4NC1064,Polk Pennsylvania,Transport Air National,1,1,0,1
1991,Qtr 2,April,4,04/04/1991,Pennsylvania,Piper,Piper Aerostar 601 / Bell 412SPN3645D / N78S,Marion Pennsylvania,Private,5,5,2,7
1984,Qtr 2,May,30,30/05/1984,Pennsylvania,Lockheed,Lockheed L 188AF ElectraN5523,Chalkhill Pennsylvania,Airlines International Zantop,4,4,0,4
2018,Qtr 2,April,17,17/04/2018,Pennsylvania,Boeing,Boeing 737 7H4N722SW,NW of Philadelphia Pennsylvania,Airlines Southwest,149,1,0,1
1994,Qtr 3,September,8,08/09/1994,Pennsylvania,Boeing,Boeing B 737,Near Aliquippa Pennsylvania,USAir,132,132,0,132
1937,Qtr 1,March,25,25/03/1937,Pennsylvania,Douglas,Douglas DC 2,Clifton Pennsylvania,Air Western and Continental Trans,13,13,0,13
2001,Qtr 4,November,22,22/11/2001,Pennsylvania,Learjet,Learjet 25BN5UJ,Pittsburgh Pennsylvania,Aviation Jet Universal,2,2,0,2
1967,Qtr 2,June,23,23/06/1967,Pennsylvania,BAC,BAC One Eleven 204AFN1116J,Blossburg Pennsylvania,Airlines Mohawk,34,34,0,34
2001,Qtr 3,September,11,11/09/2001,Pennsylvania,Boeing,Boeing B 757,Shanksville Pennsylvania,Lines Air United,44,44,0,44
1936,Qtr 2,April,7,07/04/1936,Pennsylvania,Douglas,Douglas DC 2,Uniontown Pennsylvania,Air Western and Continental Trans,14,12,0,12
1956,Qtr 2,April,1,01/04/1956,Pennsylvania,Martin,Martin 404N40403,Pittsburgh Pennsylvania,Airlines World Trans,36,22,0,22
2000,Qtr 2,May,21,21/05/2000,Pennsylvania,BAE,BAe Jetstream 3101 31N16EJ,Near Wilkes-Barre Pennsylvania,Airlines Executive,19,19,0,19
1920,Qtr 3,September,27,27/09/1920,Pennsylvania,de Havilland,De Havilland DH 4316,Hillersburg Pennsylvania,Service Mail Aerial US,1,1,0,1
1971,Qtr 4,October,24,24/10/1971,Pennsylvania,Beechcraft,Beechcraft B99N986MA,Bath Pennsylvania,Airways Monmouth,8,4,0,4
1968,Qtr 4,December,24,24/12/1968,Pennsylvania,Convair,Convair CV 580N5802,Bradford Pennsylvania,Airlines Allegheny,47,20,0,20
1959,Qtr 4,December,1,01/12/1959,Pennsylvania,Martin,Martin 202N174A,Willamsport Pennsylvania,Airlines Allegheny,26,25,0,25
1936,Qtr 3,September,5,05/09/1936,Pennsylvania,Stinson,Stinson SM 6000BNC117S,Near Pittsburgh Pennsylvania,Inc. Skyways Pittsburgh,11,10,0,10
1951,Qtr 1,January,14,14/01/1951,Pennsylvania,Douglas,Douglas DC 4,Philadelphia Pennsylvania,Airlines National,28,7,0,7
1946,Qtr 1,February,21,21/02/1946,PE,Consolidated,Consolidated 32 2 Liberator IIG,Charlottetown PE,Canada British Overseas Airways,14,1,0,1
1966,Qtr 1,March,20,20/03/1966,Paraguay,Curtiss,Curtiss C 46FN1245N,Asuncion Paraguay,Americanos Servicios,2,2,0,2
1955,Qtr 2,June,16,16/06/1955,Paraguay,Lockheed,Lockheed 049 46,Near Asuncion Paraguay,Brasil do Panair,24,16,0,16
1996,Qtr 1,February,4,04/02/1996,Paraguay,McDonnell,McDonnell Douglas DC 8,Asuncion Paraguay,Caribe del Aereas Lineas,4,4,24,28
1994,Qtr 3,September,28,28/09/1994,Paraguay,Douglas,Douglas C 47DFAP2009,Bahia Negra Paraguay,Paraguay TAM,27,1,0,1
1959,Qtr 3,August,27,27/08/1959,Paraguay,de Havilland,de Havilland DH 106 Comet 4LV,Near Asuncion Paraguay,Argentinas Aerolineas,50,2,0,2
2003,Qtr 3,July,1,01/07/2003,Para,Mitsubishi,Mitsubishi MU 2B 35PT LFX,Belem Para,Brazil Heringer Air Taxi,4,4,0,4
2000,Qtr 2,April,29,29/04/2000,Papua,Britten,Britten  Norman BN,Bapi Papua,Aviation Coast GuineaNorth New,4,4,0,4
1951,Qtr 4,December,13,13/12/1951,Papua,de Havilland,de Havilland DH 84 DragonVH,Yaramunda Papua,New Guinea Qantas,3,3,0,3
1984,Qtr 3,September,6,06/09/1984,Papua,Britten,Britten  Norman BN,Mt. Musaka Papua,New Guinea Talair,11,9,0,9
1937,Qtr 3,August,27,27/08/1937,Papua,Stinson,Stinson SR 7 ReliantVH,Wau Papua,Airways GuineaGuinea New,1,1,1,2
2015,Qtr 3,August,16,16/08/2015,Papua,ATR,ATR 42 300PK,Tangok mountain Papua,Service Air Trigana,54,54,0,54
1995,Qtr 3,July,1,01/07/1995,Papua,de Havilland,de Havilland Canada C 7A CaribouP2,Kiunga Papua,Aviation GuineaGaramut New,3,3,0,3
1992,Qtr 2,April,16,16/04/1992,Papua,Embraer,Embraer 110P1 BandeiranteP2 RDS,Near Goroka Papua,GuineaTalair New,15,11,0,11
2002,Qtr 4,December,13,13/12/2002,Papua,Britten,Britten  Norman BN,Gohu Airstrip Papua,Ltd. Airways GuineaIsland New,8,8,0,8
1979,Qtr 4,December,23,23/12/1979,Papua,GAF,GAF Nomad 22BP2 DNL,Menari Papua,Airways GuineaDouglas New,16,16,0,16
2016,Qtr 4,December,18,18/12/2016,Papua,Lockheed,"Lockheed C 130H Hercules  	A",Near Wamena Papua,Indonesia Indonesian Air Force,13,13,0,13
1995,Qtr 3,July,25,25/07/1995,Papua,Britten,Britten  Norman BN,Near Karamui Papua,Airways GuineaTransniugini New,2,2,0,2
2009,Qtr 3,August,11,11/08/2009,Papua,de Havilland,de Havilland Canada DHC 6 Twin Otter 300P2,Near Port Moresby Papua,PNG  Airlines Guinea New,13,13,0,13
2004,Qtr 3,July,29,29/07/2004,Papua,de Havilland,de Havilland DHC 6 Twin Otter 300P2,Ononge Papua,PNG of GuineaAirlines New,3,2,0,2
2011,Qtr 4,October,13,13/10/2011,Papua,de Havilland,de Havilland Canada DHC 8,Near Madang Papua,PNG GuineaAirline New,32,28,0,28
1995,Qtr 3,July,12,12/07/1995,Papua,de Havilland,de Havilland Canada DHC 6 Twin Otter 300P2,Gumey Papua,Air Bay GuineaMilne New,15,15,0,15
1999,Qtr 1,February,3,03/02/1999,Papua,Britten,Britten Norman BN 2A TrislanderP2,Hoskins Papua,GuineaAirlink New,11,11,0,11
2005,Qtr 1,February,22,22/02/2005,Papua,de Havilland,de Havilland DHC 6 Twin Otter 300P2,Bimin Papua,New Guinea Missionary Aviation Fellowship,13,2,0,2
1944,Qtr 3,July,23,23/07/1944,Papua,R,R4D  539090,Nineteen miles W of Kokoda Papua,Navy US - GuineaMilitary New,17,17,0,17
1996,Qtr 2,May,11,11/05/1996,Papua,Britten,Britten Norman BN 2A,Oumba Papua,Air Bay GuineaMilne New,10,1,0,1
1993,Qtr 2,June,9,09/06/1993,Papua,Britten,Britten  Norman  BN,Gulgubip Papua,Air GuineaSouthwest New,11,9,0,9
1945,Qtr 3,September,18,18/09/1945,Papua,Douglas,Douglas C 47B,Puncak Jaya Papua,Force Air Australian Royal - GuineaMilitary New,29,29,0,29
2016,Qtr 2,April,13,13/04/2016,Papua,Britten,Britten  Norman IslanderP2,Kiunga Papua,Aviation GuineaSunbird New,12,12,0,12
1972,Qtr 3,September,1,01/09/1972,Papua,Shorts,Shorts SC 7 Skyvan 3,Mt. Giluwe Papua,New Guinea Ansett Airlines of Papua New Guinea,4,4,0,4
1995,Qtr 4,December,22,22/12/1995,Papua,Britten,Britten Norman BN 2A,Bagasin Papua,Airways GuineaIsland New,12,2,0,2
1999,Qtr 2,June,17,17/06/1999,Papua,Embraer,Embraer 110P2 BandeiranteP2 ALX,Goroka Papua,GuineaAirlink New,17,17,0,17
2014,Qtr 3,September,20,20/09/2014,Papua,de Havilland,de Havilland Canada DHC 6 Twin Otter 300P2,Near Port Moresby Papua,GuineaHevlift New,9,4,0,4
1990,Qtr 2,April,18,18/04/1990,Panama,de Havilland,de Havilland Canada DHC 6 Twin Otter 200N187AS,Off Contadora Panama,Aeroperlas,22,20,0,20
1952,Qtr 3,September,10,10/09/1952,Panama,Curtiss,Curtiss C 46,San Blas Panama,Colombia SAM,46,46,0,46
1937,Qtr 3,August,2,02/08/1937,Panama,Sirkorsky,Sikorsky S 43NC15065,Off Cristobal Panama,Airways Grace American Pan,14,14,0,14
1992,Qtr 2,June,6,06/06/1992,Panama,Boeing,Boeing B 737,Tucuti Panama,(Panama) COPA,47,47,0,47
1973,Qtr 1,February,21,21/02/1973,Panama,Douglas,Douglas DC 3HP,Cerro Horqueta Panama,Urraca Aerovias,28,22,0,22
2008,Qtr 2,May,29,29/05/2008,Panama,Bell,Bell UN 1N HueySAN,Panama City Panama,Nacional Aereo Servicio - Military,12,11,0,11
1997,Qtr 4,December,31,31/12/1997,Panama,Britten,Britten Norman BN 2A TrislanderHP,Rio Sidra Panama,Parsa,10,10,0,10
1946,Qtr 2,June,9,09/06/1946,Panama,Douglas,Douglas C 54D,Taboga Island Panama,Forces Air Army U.S. - Military,23,23,0,23
2000,Qtr 1,March,17,17/03/2000,Panama,de Havilland,de Havilland Canada DHC 6 Twin Otter 300HP,Near Kuna Yala Panama,Aeroperlas,10,10,0,10
1965,Qtr 3,August,4,04/08/1965,Panama,Douglas,Douglas C 54DOB,Panama City Panama,Peruanes Internacionales Rutas,7,7,0,7
1994,Qtr 3,July,19,19/07/1994,Panama,Embraer,Embraer 110P1 BandeiranteHP 1202AC,Colon Panama,Chiricanas Alas,21,21,0,21
1935,Qtr 3,September,13,13/09/1935,Panama,Ford,Ford Tri Motor,Near Tambo Panama,Airways Panama,8,8,0,8
2003,Qtr 1,February,20,20/02/2003,Pakistan,Fokker,Fokker F 27 Friendship 20010254,Near Kohat Pakistan,Force Air Pakistan - Military,17,17,0,17
2010,Qtr 3,July,28,28/07/2010,Pakistan,Airbus,Airbus A321 231AP,Islamabad Pakistan,Airblue,152,152,0,152
1949,Qtr 4,December,12,12/12/1949,Pakistan,Douglas,Douglas DC 3AP,Jungshahi Pakistan,Pakair,26,26,0,26
2010,Qtr 4,November,28,28/11/2010,Pakistan,Ilyushin,Ilyushin Il 76TD4L,Karachi Pakistan,Way Sun,8,8,4,12
1970,Qtr 3,August,6,06/08/1970,Pakistan,Fokker,Fokker F 27 Friendship 200AP,Islamabad Pakistan,Airlines International Pakistan,30,30,0,30
1948,Qtr 3,August,1,01/08/1948,Pakistan,Avro,Avro 691 Lancastrian (flying boat)AP ACM,Karachi Pakistan,Onzeair,4,4,0,4
1949,Qtr 4,December,30,30/12/1949,Pakistan,Douglas,Douglas C 54A,Comilla Pakistan,Airways Bharat,7,7,0,7
1986,Qtr 4,October,23,23/10/1986,Pakistan,Fokker,Fokker F 27 Friendship 600AP,Near Peshawar Pakistan,Airlines International Pakistan,54,13,0,13
2012,Qtr 2,April,20,20/04/2012,Pakistan,Boeing,Boeing 737 236AP,Islamabad Pakistan,Airlines Bhoja,127,127,0,127
1965,Qtr 4,October,8,08/10/1965,Pakistan,Fokker,Fokker F 27 Friendship 200AP,Near Patian Pakistan,Airlines International Pakistan,4,4,0,4
1987,Qtr 1,March,30,30/03/1987,Pakistan,Antonov,Antonov AN 26,Near Parachinar Pakistan,Force Air Republican Afghan - Military,40,40,0,40
1967,Qtr 1,March,8,08/03/1967,Pakistan,AT,AT L98 CarvairF BMHU,Karachi Pakistan,Transport Air Compagnie,6,4,7,11
1986,Qtr 3,September,5,05/09/1986,Pakistan,Boeing,Boeing B 747,Karachi Pakistan,Airways World American Pan,384,16,1,17
1962,Qtr 3,July,15,15/07/1962,Pakistan,Douglas,Douglas C 47AVT,Near Lahore Pakistan,Airlines Indian,3,1,0,1
2016,Qtr 4,December,7,07/12/2016,Pakistan,ATR,ATR  42,Near Havlien Pakistan,Airlines International Pakistan,48,48,0,48
1989,Qtr 3,August,25,25/08/1989,Pakistan,Fokker,Fokker F 27 Friendship 200AP,Near Gilgit Pakistan,Airlines International Pakistan,54,54,0,54
2010,Qtr 4,November,5,05/11/2010,Pakistan,Beechcraft,Beechcraft 1900C 1AP,Near Karachi Pakistan,Air JS,21,21,0,21
1948,Qtr 4,November,26,26/11/1948,Pakistan,Douglas,Douglas DC 3AP,Vehari Pakistan,Airways Pakistan,21,21,0,21
1953,Qtr 1,March,3,03/03/1953,Pakistan,de Havilland,de Havilland DH106 Comet 1ACF CUN,Karachi Pakistan,Lines Air Pacific Canadian,11,11,0,11
1988,Qtr 3,September,19,19/09/1988,Pakistan,Antonov,Antonov AN 26,Near Miram Pakistan,Force Air Republican Afghan - Military,34,34,0,34
1984,Qtr 3,August,4,04/08/1984,Pakistan,Antonov,Antonov AN 12BPCCCP,Nawabshah Pakistan,Aeroflot,24,24,0,24
2006,Qtr 3,July,10,10/07/2006,Pakistan,Fokker,Fokker F 27 Friendship 200AP,Multan Pakistan,Airlines International Pakistan,45,45,0,45
1998,Qtr 1,January,13,13/01/1998,Pakistan,Antonov,Antonov AN 12BPYA,Tor Kach Pakistan,Airlines Afghan Ariana - Military,51,51,0,51
2020,Qtr 2,May,22,22/05/2020,Pakistan,Airbus,Airbus A320 214AP,Karachi Pakistan,Airline International Pakistan,99,97,1,98
1935,Qtr 1,January,8,08/01/1935,Pakistan,Wapiti,Wapiti,Near Karachi Pakistan,Force Air Indian,2,0,15,15
1988,Qtr 3,August,17,17/08/1988,Pakistan,Lockheed,Lockheed C 130B Hercules23494,Bahawalpur Pakistan,Force Air Pakistan - Military,30,30,0,30
1956,Qtr 1,February,25,25/02/1956,Pakistan,Douglas,Douglas C 47BAP,Jalkot Pakistan,Airlines International Pakistan,3,3,0,3
1957,Qtr 3,July,1,01/07/1957,Pakistan,Douglas,Douglas DC 3AP,Bay of Bengal Pakistan,Airlines International Pakistan,24,24,0,24
1965,Qtr 1,March,26,26/03/1965,Pakistan,Douglas,Douglas C 47AP,Lowery Pass Pakistan,Airlines International Pakistan,26,22,0,22
2002,Qtr 1,January,9,09/01/2002,Pakistan,Lockheed,Lockheed Hercules KC 130R160021,Shamsi AFB Pakistan,Force Air U.S. - Military,7,7,0,7
1959,Qtr 3,August,14,14/08/1959,Pakistan,Vickers,Vickers 815 ViscountAP AJE,Karachi Pakistan,Airlines International Pakistan,3,2,0,2
1998,Qtr 3,September,10,10/09/1998,Pakistan,Lockheed,Lockheed C 130B Hercules24143,Islamabad Pakistan,Force Air Pakistan - Military,5,5,0,5
1972,Qtr 4,December,8,08/12/1972,Pakistan,Fokker,Fokker F 27 Friendship 400AP,Near Rawalpindi Pakistan,Airlines International Pakistan,26,26,0,26
1947,Qtr 1,February,26,26/02/1947,Pacific,Douglas,Douglas C 47BKK120,China Sea Pacific,Force Air Royal - OceanMilitary,12,12,0,12
1973,Qtr 3,July,11,11/07/1973,Orly,Boeing,Boeing B 707,Paris Orly,France          Airport Varig,134,123,0,123
1932,Qtr 2,May,30,30/05/1932,Oregon,Boeing,Boeing 40NC830M,Portland Oregon,Lines Air Varney,2,1,0,1
1991,Qtr 3,August,28,28/08/1991,Oregon,Aerospatiale,Aerospatiale 350B1N64SF,Walton Oregon,Inc. Bohemia - Taxi Air,3,3,0,3
1966,Qtr 4,October,1,01/10/1966,Oregon,McDonnell,McDonnell Douglas DC 9,Near Wemme Oregon,Airlines Coast West,18,18,0,18
1926,Qtr 4,December,16,16/12/1926,Oregon,Ryan,Ryan M 12,Medford Oregon,Transport Air Pacific,1,1,0,1
1978,Qtr 4,December,28,28/12/1978,Oregon,McDonnell,McDonnell Douglas DC 8,Portland Oregon,Lines Air United,189,10,0,10
1979,Qtr 3,September,14,14/09/1979,Oregon,Douglas,Douglas DC 7N455SW,Near Klamath Falls Oregon,Inc. Aviation Butler,12,12,0,12
1933,Qtr 4,November,9,09/11/1933,Oregon,Boeing,Boeing 247NC13345,Portland Oregon,Lines Air United,10,4,0,4
1933,Qtr 1,January,24,24/01/1933,Oregon,Ford,Ford 5 AT,Eugene Oregon,Transport Air Pacific,3,2,0,2
1929,Qtr 1,January,18,18/01/1929,Oregon,Stearman,Stearman C 38NC1682,Cove Oregon,Lines Air Varney,1,1,0,1
1967,Qtr 1,March,10,10/03/1967,Oregon,Fairchild,Fairchild F 27N2712,Near Klamath Falls Oregon,Airlines Coast West,4,4,0,4
1956,Qtr 2,May,15,15/05/1956,Ontario,CF,CF  100 Mark 4B18367,Orleans Ontario,Canada Military - Royal Canadian Air Force,2,2,13,15
1969,Qtr 4,November,9,09/11/1969,Ontario,Douglas,Douglas C 47BCF,Timmins Ontario,Canada Austin Airways,4,2,0,2
1955,Qtr 1,January,15,15/01/1955,Ontario,Grumman,Grumman G 73 MallardCF,London Ontario,Canada Ontario Hydro,5,1,0,1
1995,Qtr 3,September,2,02/09/1995,Ontario,British,British Aerospace Nimrod MR 2PXV239,Toronto Ontario,Canada Military - Royal Air Force,7,7,0,7
1965,Qtr 2,May,27,27/05/1965,Ontario,Noorduyn,Noorduyn NorsemanCF MPL,Cooper Lake Ontario,Canada Mattagami Skyways,5,3,0,3
2013,Qtr 4,November,10,10/11/2013,Ontario,Swearingen,Swearingen SA227 AC Metro IIC,Red Lake Ontario,Canada Bearskin Airlines,7,5,0,5
1938,Qtr 1,January,12,12/01/1938,Ontario,Stinson,Stinson Reliant SR 9CF,North Pine Ontario,Canada General Airways,1,1,0,1
1967,Qtr 2,May,19,19/05/1967,Ontario,Douglas,Douglas DC 8,Ottawa Ontario,Canada Air Canada,3,3,0,3
1989,Qtr 1,March,10,10/03/1989,Ontario,Fokker,Fokker F 28 Fellowship 1000C,Dryden Ontario,Canada Air Ontario,69,24,0,24
1995,Qtr 2,May,1,01/05/1995,Ontario,Swear,Swear. SA 227CC Metro 23/Piper NavajoC,Sioux Falls Ontario,Canada Bearskin Airlines / Air Sandy,8,8,0,8
1989,Qtr 4,October,4,04/10/1989,Ontario,Boeing,Boeing KC 135A56,Perth Ontario,Canada Military - U.S. Air Force,4,4,0,4
2013,Qtr 2,May,31,31/05/2013,Ontario,Sirkorsky,Sikorsky S 76,Moosonee Ontario,Ambulance Air Ornge,4,4,0,4
1941,Qtr 4,October,30,30/10/1941,Ontario,Douglas,Douglas DC 3NC25663,St. Thomas Ontario,Canada American Airlines,20,20,0,20
2003,Qtr 4,December,16,16/12/2003,Ontario,de Havilland,de Havilland DHC 3 OtterC,Jellicoe Ontario,Canada Huron Air,3,2,0,2
1987,Qtr 2,May,11,11/05/1987,Ontario,Douglas,Douglas C 47BC,Pickle Lake Ontario,Canada Air Manitoba,2,2,0,2
1929,Qtr 3,September,14,14/09/1929,Ontario,Travel,Travel Air 6000CF ABE,Saint Catharines Ontario,Skyways,6,6,0,6
1959,Qtr 2,June,12,12/06/1959,Ontario,Noorduyn,Noorduyn NorsemanCF BHX,Sandy Lake Ontario,Tranair,8,8,0,8
1941,Qtr 1,February,6,06/02/1941,ON,Lockheed,Lockheed 14 H2 Super ElectraCF,Armstrong ON,Canada Trans Canada Air Lines,12,12,0,12
1990,Qtr 2,April,30,30/04/1990,ON,Beechcraft,Beechcraft C99C FGAW,Ship Sands Island ON,Canada Frontier Air,4,1,0,1
1949,Qtr 3,August,9,09/08/1949,Oman,Douglas,Douglas C 47BKN336,Salalah Oman,Force Air Royal - Military,12,12,0,12
1931,Qtr 3,September,15,15/09/1931,Oltenia,Fokker,Fokker F VIIb,Near Craiova Oltenia,Romania CIDNA,6,6,0,6
1943,Qtr 2,June,14,14/06/1943,OLD,B,B  17C Flying Fortress12406,Near Mackay OLD,Australia Military - U.S. Army Air Forces,41,40,0,40
1966,Qtr 2,April,22,22/04/1966,Oklahoma,Lockheed,Lockheed 188C ElectraN183H,Near Ardmore Oklahoma,Airline Flyers American,98,83,0,83
1956,Qtr 3,September,9,09/09/1956,Oklahoma,Douglas,Douglas DC 3 / Cessna 170BN33315 / N8143A,Bartlesville Oklahoma,Airlines Continental,18,0,0,0
1957,Qtr 1,January,6,06/01/1957,Oklahoma,Convair,Convair CV 240,Owasso Oklahoma,Airlines American,10,1,0,1
1939,Qtr 1,March,26,26/03/1939,Oklahoma,Douglas,Douglas DC 2,Oklahoma City Oklahoma,Airlines Braniff,12,8,0,8
1958,Qtr 1,March,7,07/03/1958,Okinawa,Fairchild,Fairchild R4Q / Dougas AD 6 skyraider129741/135350,Off Ryukyu Islands Okinawa,Corps Marine U.S. - Corps/Military Marine U.S. - Military,26,26,0,26
1960,Qtr 3,September,22,22/09/1960,Okinawa,Douglas,Douglas R5D 356541,Off Naha Okinawa,Navy U.S. - Military,29,29,0,29
1938,Qtr 4,December,8,08/12/1938,Okinawa,Nakajima,Nakajima A T2J,Off Kuba Island Okinawa,Corporation Aviation Japan,15,10,0,10
1962,Qtr 4,December,20,20/12/1962,Okinawa,KB,KB  50,Kadena AB Okinawa,Force Air U.S. - Military,12,12,0,12
1928,Qtr 4,November,24,24/11/1928,Ohio,Hamilton,Hamilton H 47NC7521,Edgerton Ohio,Airlines Universal,3,3,0,3
1931,Qtr 2,June,11,11/06/1931,Ohio,Lockheed,Lockheed Vega 2NC857E,Walbridge Ohio,Service Flying Rubner,3,2,0,2
1923,Qtr 3,September,7,07/09/1923,Ohio,de Havilland,De Havilland DH 4283,Colton Ohio,Service Mail Aerial US,1,1,0,1
1981,Qtr 2,April,7,07/04/1981,Ohio,Learjet,Learjet 23N400PG,Cincinnati Ohio,International Freedom,2,1,0,1
1967,Qtr 4,November,6,06/11/1967,Ohio,Boeing,Boeing B 707,Cincinnati Ohio,Airlines World Trans,36,1,0,1
1962,Qtr 3,September,4,04/09/1962,Ohio,Lockheed,Lockheed 18 LodestarN1000F,Near Lake Milton Ohio,Company Oil Ashland - Private,13,13,0,13
1946,Qtr 4,November,11,11/11/1946,Ohio,Douglas,Douglas DC 3 (C,Cleveland Ohio,Lines Air United,20,2,0,2
1925,Qtr 4,October,1,01/10/1925,Ohio,de Havilland,De Havilland DH 4385,Mt. Nittany Ohio,Service Mail Aerial US,1,1,0,1
1919,Qtr 2,May,25,25/05/1919,Ohio,de Havilland,De Havilland DH 461,Cleveland Ohio,Service Mail Aerial US,1,1,0,1
2004,Qtr 3,August,13,13/08/2004,Ohio,Convair,Convair CV 580N586P,Cincinnati Ohio,Taroma Air,2,1,0,1
1967,Qtr 3,August,27,27/08/1967,Ohio,North,North American B 25 MitchellN3443G,Lake Erie off Huron Ohio,Private,22,16,0,16
1921,Qtr 2,April,29,29/04/1921,Ohio,de Havilland,De Havilland DH 4196,Cleveland Ohio,Service Mail Aerial US,1,1,0,1
1926,Qtr 1,February,12,12/02/1926,Ohio,Curtiss,Curtiss Carrier Pigeon602,Montpelier Ohio,Service Mail Aerial US,1,1,0,1
1920,Qtr 3,September,15,15/09/1920,Ohio,Junkers,Junkers F 13308,Pemberville Ohio,Service Mail Aerial US,2,2,0,2
1948,Qtr 2,May,16,16/05/1948,Ohio,Curtiss,Curtiss C 46ENC59489,Columbus Ohio,Airways Slick,2,2,0,2
1928,Qtr 4,December,20,20/12/1928,Ohio,Douglas,Douglas M 4NC790,Huron Ohio,Transport Air National,1,1,0,1
1960,Qtr 4,October,29,29/10/1960,Ohio,Curtiss,Curtiss C 46F,Toledo Ohio,Pacific Arctic,48,22,0,22
1931,Qtr 4,December,31,31/12/1931,Ohio,Fairchild,Fairchild Pilgrim 100A,Springfield Ohio,Airways American,5,4,0,4
1938,Qtr 2,May,24,24/05/1938,Ohio,Douglas,Douglas DST A,Cleveland Ohio,Lines Air United,10,10,0,10
1979,Qtr 3,August,2,02/08/1979,Ohio,Cessna,Cessna  501 CitationN15NY,Canton Ohio,Private,3,1,0,1
1975,Qtr 2,June,26,26/06/1975,Ohio,Beechcraft,Beechcraft E18SN791A,Toledo Ohio,Aviation Hamilton,2,2,0,2
2019,Qtr 3,September,11,11/09/2019,Ohio,Convair,Convair CV 440FN24DR,Toledo Ohio,Private,2,2,0,2
1994,Qtr 1,January,7,07/01/1994,Ohio,British,British Aerospace Jetstream 4101N304UE,Columbus Ohio,Express) (United Airlines Coast Atlantic,8,5,0,5
1929,Qtr 4,October,29,29/10/1929,Ohio,Stearman,Stearman C 38,Mount Vernon Ohio,Lines Air Continental,1,1,0,1
1932,Qtr 1,March,21,21/03/1932,Ohio,Northrop,Northrop Alpha 3NC966Y,Steubenville Ohio,Air Western and Continental Trans,1,1,0,1
1932,Qtr 1,March,31,31/03/1932,Ohio,Boeing,Boeing 95NC191E,Bedford Ohio,Transport Air National,1,1,0,1
1970,Qtr 1,January,28,28/01/1970,Ohio,de Havilland,De Havilland DoveN2300H,Cleveland Ohio,Airlines TAG,9,9,0,9
1929,Qtr 4,December,2,02/12/1929,Ohio,Douglas,Douglas M 3NC789,Chagrin Falls Ohio,Transport Air National,1,1,0,1
2007,Qtr 4,December,5,05/12/2007,Ohio,Cessna,Cessna 208B Caravan I Super CargomasterN28MG,Columbus Ohio,Aviation Castle,2,2,0,2
1928,Qtr 4,November,25,25/11/1928,Ohio,Travel,Travel Air 4000NC5436,Edgerton Ohio,Lines Air Continental,1,1,0,1
1964,Qtr 2,April,18,18/04/1964,Ohio,Fairchild,Fairchild C 119G  Fairchild C,Wilmington Ohio,Force Air US -  Military,19,17,0,17
1920,Qtr 2,June,6,06/06/1920,Ohio,de Havilland,De Havilland DH 4204,Cleveland Ohio,Service Mail Aerial US,1,1,0,1
1928,Qtr 4,November,25,25/11/1928,Ohio,Douglas,Douglas M 4NC792,Bristolville Ohio,Transport Air National,1,1,0,1
1925,Qtr 3,September,3,03/09/1925,Ohio,Dirigible,Dirigible ZR 1 Shenandoah (airship)ZR,Caldwell Ohio,Navy U.S. - Military,43,14,0,14
1949,Qtr 4,November,4,04/11/1949,Ohio,Douglas,Douglas DC 3NC29086,Akron Ohio,Inc Harrington's,3,3,0,3
1931,Qtr 3,August,9,09/08/1931,Ohio,Ford,Ford 5 AT,Cincinnati Ohio,Airways American,6,6,0,6
1923,Qtr 4,December,6,06/12/1923,Ohio,de Havilland,De Havilland DH 4318,Castalia Ohio,Service Mail Aerial US,1,1,0,1
1967,Qtr 1,March,5,05/03/1967,Ohio,Convair,Convair CV 580N73130,Near Marseille Ohio,Airlines Central Lake,38,38,0,38
1948,Qtr 1,February,25,25/02/1948,Ohio,Douglas,Douglas C 47ANC36498,Columbus Ohio,Aviation Bruning,2,2,0,2
2008,Qtr 3,September,1,01/09/2008,Ohio,Convair,Convair CV 580N587X,Columbus Ohio,Tahoma Air,3,3,0,3
1992,Qtr 1,February,15,15/02/1992,Ohio,McDonnell,McDonnell Douglas DC 8,Toledo Ohio,ATI,4,3,0,3
1967,Qtr 1,March,9,09/03/1967,Ohio,MD,MD Douglas DC 9,Urbana Ohio,Private / Airlines World Trans,26,26,0,26
1929,Qtr 2,June,29,29/06/1929,Ohio,Travel,Travel Air 4000NC5435,Columbus Ohio,Lines Air Continental,1,1,0,1
1991,Qtr 1,February,17,17/02/1991,Ohio,McDonnell,McDonnell Douglas DC 9,Cleveland Ohio,Airlines International Ryan,2,2,0,2
1949,Qtr 2,May,7,07/05/1949,off,Douglas,Douglas DC 3PI,Sibuyan Sea off,Lines Air ElalatPhilippine of island Philippine the,13,13,0,13
1997,Qtr 4,December,27,27/12/1997,off,Antonov,Antonov An 72ER,Atlantic Ocean off,Airways AngolaRenan,5,5,0,5
1949,Qtr 1,January,17,17/01/1949,off,Avro,Avro 688 Tudor 4BG AGRE,Atlantic Ocean off,Airways American South BermudaBritish,20,20,0,20
1945,Qtr 1,March,27,27/03/1945,off,Douglas,Douglas C 47A,Coral Sea off,Force Air U.S. - AustraliaMilitary,24,24,0,24
1974,Qtr 3,September,8,08/09/1974,off,Boeing,Boeing B 707,Ionian Sea  off,Greece          Kefallinia Trans World Airlines,88,88,0,88
1921,Qtr 2,April,21,21/04/1921,NYUS,de Havilland,De Havilland DH 4160,Mitchel Field NYUS,Service Mail Aerial,1,1,0,1
1993,Qtr 4,December,3,03/12/1993,NWT,Britten,Britten Norman BN 2A Trislander7C,Tuktoyaktuk NWT,Canada Arctic Wings & Rotors,7,7,0,7
2011,Qtr 3,August,20,20/08/2011,Nunavut,Boeing,Boeing B 737,Resolute Bay Nunavut,Canada First Air,15,12,0,12
1969,Qtr 2,June,4,04/06/1969,Nuevo,Boeing,Boeing B 727,Near Salinas Victoria Nuevo,Mexico          Leon Compania Mexicana de Aviacion,79,79,0,79
1961,Qtr 4,November,30,30/11/1961,NSW,Vickers,Vickers Viscount 720VH TVC,Sydney NSW,Australia Ansett ANA,15,15,0,15
1980,Qtr 1,February,21,21/02/1980,NSW,Beechcraft,Beechcraft Super King Air 200VH AAV,Sydney NSW,Australia Advance Airlines,13,13,0,13
1998,Qtr 3,September,2,02/09/1998,Nova,McDonnell,McDonnell Douglas MD 11HB,Off Peggy's Cove Nova,Canada          Scotia Swissair,229,229,0,229
1965,Qtr 1,March,17,17/03/1965,Nova,Handley,Handley Page HPR 7 Herald 211CF,Musquodoboit Nova,Canada          Scotia Eastern Provincial Airways,8,8,0,8
2004,Qtr 4,October,14,14/10/2004,Nova,Boeing,Boeing 747 244B,Halifax Nova,Canada          Scotia MK Airlines,7,7,0,7
2016,Qtr 2,April,29,29/04/2016,"Norway	CHC",Eurocopter,"Eurocopter EC225LP Super Puma M2+ 	LN OJF","Sorta Norway	CHC",Service Helikopter,13,13,0,13
1952,Qtr 2,May,5,05/05/1952,Norway,Douglas,Douglas C 47ALN,Near Skien Norway,Flyveselskap Olsen Fred,29,11,0,11
1941,Qtr 1,March,1,01/03/1941,Norway,Junkers,Junkers JU 52/3mD,Trontheim Norway,Lufthansa Deutsche,12,3,0,3
1948,Qtr 4,October,2,02/10/1948,Norway,Shorts,Short Sandringham 6 (flying boat)LN IWA,Near Trondheim Norway,Airlines Norwegian,45,19,0,19
1949,Qtr 4,November,20,20/11/1949,Norway,Douglas,Douglas C 47APH,Near Oslo Norway,Holland Aero,35,34,0,34
1945,Qtr 4,December,18,18/12/1945,Norway,Douglas,Douglas C 47BKN413,Voksenkollen Norway,Force Air Royal - Military,17,17,0,17
1944,Qtr 2,April,21,21/04/1944,Norway,Douglas,Douglas DC 3D,Frederikstad Norway,Lufthansa Deutsche,20,9,0,9
1988,Qtr 2,May,6,06/05/1988,Norway,de Havilland,de Havilland Canada DHC 7,Near Broennoysund Norway,Flyveselksap Wideroe's,36,36,0,36
1944,Qtr 4,November,9,09/11/1944,Norway,N/A,42  52196,Seljord Norway,Corps Air Army U.S. - Military,0,0,0,0
1972,Qtr 4,December,23,23/12/1972,Norway,Fokker,Fokker F 28 Fellowship 1000LN,Skaugum Norway,Braathens,45,40,0,40
1944,Qtr 4,October,16,16/10/1944,Norway,Junkers,Junkers JU 52/3mD,Telemark Norway,Lufthansa Deutsche,15,15,0,15
1947,Qtr 3,August,28,28/08/1947,Norway,Shorts,Short Sandringham (flying boat)LN IAV,Harsiad Norway,Airlines Norwegian,35,35,0,35
1993,Qtr 4,October,27,27/10/1993,Norway,de Havilland,de Havilland Canada DHC 6 Twin Otter 300LN,Near Namsos Norway,Flyveselksap Wideroe's,20,7,0,7
1963,Qtr 2,April,14,14/04/1963,Norway,Vickers,Vickers Viscount 759DTF ISU,Oslo Norway,Icelandair,12,12,0,12
1978,Qtr 2,June,26,26/06/1978,Norway,Sirkorsky,Sikorsky S 61NLN,Off Bergen Norway,Service Helikopter,18,18,0,18
1946,Qtr 2,May,22,22/05/1946,Norway,Junkers,Junkers JU 52/3mLN,Oslo Norway,Lines Air Norwegian DNL,14,13,0,13
1996,Qtr 3,August,29,29/08/1996,Norway,Tupolev,Tupolev TU 154MRA,Near Longyearbyen Norway,Airlines Vnokovo,141,141,0,141
1982,Qtr 1,March,11,11/03/1982,Norway,de Havilland,de Havilland Canada DHC 6 Twin Otter 300LN,Mehamn Norway,Flyveselksap Wideroe's,15,15,0,15
1946,Qtr 3,August,7,07/08/1946,Norway,Douglas,Douglas C 47A,Oslo Norway,Airways European British,16,3,0,3
2006,Qtr 4,October,10,10/10/2006,Norway,BAE,BAe 146 200OY,Stord Norway,Airways Atlantic,16,4,0,4
1956,Qtr 4,November,7,07/11/1956,Norway,de Havilland,de Havilland DH 114 Heron 2BLN,Hommelfjell Norway,Braathens,12,2,0,2
1961,Qtr 3,August,9,09/08/1961,Norway,Vickers,Vickers Viking 3BG AHPM,Sola Norway,Airways Eagle Cunard,39,39,0,39
1972,Qtr 3,July,11,11/07/1972,Norway,de Havilland,de Havilland Canada DHC 6 Twin Otter 10067,Near Grytoya Norway,Force Air Norwegian Royal - Military,19,19,0,19
1990,Qtr 2,April,12,12/04/1990,Norway,de Havilland,de Havilland Canada DHC 6 Twin Otter 300LN,Off Vaeroy Norway,Flyveselksap Wideroe's,5,5,0,5
1936,Qtr 2,June,16,16/06/1936,Norway,Junkers,Junkers JU 52/3mLN,Mt. Lihesten Norway,Luftfartskole Norske Den,7,7,0,7
1968,Qtr 3,August,31,31/08/1968,Norway,de Havilland,de Havilland Canada DHC 3 OtterLN,Near Odda Norway,Westwing,6,5,0,5
1990,Qtr 2,June,6,06/06/1990,Northwest,de Havilland,de Havilland Canada DHC 6 Twin Otter 300C,Thistle Lake Northwest,Canada          Territory Ptarmigan Airways,2,2,0,2
1983,Qtr 4,December,17,17/12/1983,Northwest,de Havilland,de Havilland Canada DHC 6 Twin Otter 200C,Paulatuk Northwest,Canada          Territory Inuvik Coastal Airways,12,2,0,2
1955,Qtr 3,September,29,29/09/1955,Northwest,Avro,Avro 685 York C 1CF,Yellowknife Northwest,Canada          Territory Associated Airways,2,1,0,1
1967,Qtr 2,May,15,15/05/1967,Northwest,Curtiss,Curtiss C 46TCF,Cape Dyer Northwest,CanadaNordair Territories,4,4,0,4
2000,Qtr 4,October,8,08/10/2000,Northwest,Shorts,Shorts SC.7 Skyvan 3 100C,Port Radium Northwest,Canada          Territories Summit Air Charters,3,3,0,3
2011,Qtr 3,September,22,22/09/2011,Northwest,de Havilland,de Havilland Canada DHC 6,Yellowknife Northwest,Canada          Territories Arctic Sunwest Charters,9,2,0,2
1953,Qtr 1,January,5,05/01/1953,Northern,Vickers,Vickers Viking 610 1BG,Belfast Northern,Airways European IrelandBritish,35,27,0,27
1968,Qtr 1,February,7,07/02/1968,Northern,Antonov,Antonov AN 12BPBL534,Rohtang Pass Northern,Force Air Indian - IndiaMilitary,102,102,0,102
1946,Qtr 2,April,1,01/04/1946,Northern,de Havilland,de Hvilland 89A Dragon RapideG AERZ,near Craigavad Northern,Ltd. Services Air IrelandRailway,6,6,0,6
1947,Qtr 4,October,16,16/10/1947,North,Douglas,Douglas DC 3,Sylva North,CarolinaStratofreight,3,3,0,3
1971,Qtr 4,December,4,04/12/1971,North,Douglas,Douglas DC 9,Raleigh North,Lines Air CarolinaEastern,29,2,0,2
1998,Qtr 2,May,25,25/05/1998,North,Bell,Bell 206L 3N96CW,Indian Trail North,Inc. Helicopters US - Taxi CarolinaAir,5,5,0,5
1943,Qtr 2,June,7,07/06/1943,North,Douglas,Douglas C 47A,Red Springs North,Forces Air Army U.S. - CarolinaMilitary,20,20,0,20
1943,Qtr 3,September,20,20/09/1943,North,Douglas,Douglas C 53D,Near Maxton North,Forces Air Army U.S. - CarolinaMilitary,25,25,0,25
1974,Qtr 3,September,11,11/09/1974,North,McDonnell,McDonnell Douglas DC 9,Near Charlotte North,Lines Air CarolinaEastern,82,70,0,70
1986,Qtr 4,October,3,03/10/1986,North,Shorts,Short SC 7 Skyvan VariantPK,Manado North,Indonesia          Sulawesi Eastindo,13,13,0,13
1987,Qtr 3,July,1,01/07/1987,North,Lockheed,Lockheed C 130E Hercules68,Fort Bragg AFB North,Force Air U.S. - CarolinaMilitary,6,4,1,5
1988,Qtr 1,February,19,19/02/1988,North,Swearingen,Swearingen SA227 ACN622AV,Cary North,Eagle American / Air CarolinaAV,12,12,0,12
1983,Qtr 1,February,13,13/02/1983,North,Lockheed,Lockheed C 130H Hercules74,Fayetteville North,Force Air U.S. - CarolinaMilitary,6,6,0,6
1918,Qtr 3,August,11,11/08/1918,North,Zeppelin,Zeppelin L 53 (airship),Ameland Island North,Navy German - SeaMilitary,19,19,0,19
1987,Qtr 2,April,23,23/04/1987,North,Swearingen,Swearingen SA 26TC Metro IIN505LB,Wilmington North,Commuter CarolinaAir-Lift,2,2,0,2
1960,Qtr 2,April,20,20/04/1960,North,Fairchild,Fairchild F 27 / Cessna 310N2704R/N1807H,Hickory North,Private / Airlines CarolinaPiedmont,44,4,0,4
1960,Qtr 1,January,6,06/01/1960,North,Douglas,Douglas DC 6BN8225H,Wilmington/Bolivia North,Airlines CarolinaNational,34,34,0,34
1967,Qtr 2,June,23,23/06/1967,North,Bell,Bell UH 1B / Sikorsky CH53A helicopters638572/153305,Near Jacksonville North,Corps Marine U.S. - Corps/Military Marine U.S. - CarolinaMilitary,35,22,0,22
1994,Qtr 4,December,13,13/12/1994,North,British,British Aerospace Jetstream 3201N918AE,Morrisville North,Eagle CarolinaAmerican,20,15,0,15
1953,Qtr 3,July,27,27/07/1953,North,Ilyushin,Ilyushin IL 12,Near Kanggye North,KoreaAeroflot,21,21,0,21
1917,Qtr 2,May,14,14/05/1917,North,Zeppelin,Zeppelin L 22 (airship),Near Texel Island North,Navy German - SeaMilitary,21,21,0,21
2000,Qtr 3,July,13,13/07/2000,North,de Havilland,de Havilland Canada DHC 6 Twin Otter 200N201RH,Raleigh North,Aviation Win CarolinaWin,3,1,0,1
1961,Qtr 4,November,21,21/11/1961,North,Aero,Aero Commander 680FZK BWA,Mt Ruapehu North,New Zealand          Island Bay of Plenty Airways,6,6,0,6
1954,Qtr 3,August,23,23/08/1954,North,Douglas,Douglas DC 6BPH,Off IJuuiden North,Airlines Dutch Royal SeaKLM,21,21,0,21
1994,Qtr 3,July,2,02/07/1994,North,McDonnell,McDonnell Douglas DC 9,Charlotte North,CarolinaUSAir,57,37,0,37
2003,Qtr 1,January,8,08/01/2003,North,Beech,Beech BE 1900DN233YV,Charlotte North,Midwest Express/Air Air CarolinaUS,21,21,0,21
1917,Qtr 2,June,14,14/06/1917,North,Zeppelin,Zeppelin L 43 (airship),Off Vlieland Island North,Navy German - SeaMilitary,24,24,0,24
1964,Qtr 1,March,20,20/03/1964,North,Piper,Piper PA 23N4320P,Near Danbury North,Taxi Air CarolinaCommercial,3,3,0,3
1952,Qtr 2,June,25,25/06/1952,North,Avro,Avro Shackleton MR 1VP261,Off Northumberland North,Force Air Royal - SeaMilitary,13,11,0,11
1936,Qtr 4,October,9,09/10/1936,North,Blackburn,Blackburn B 2G,Selby North,United Kingdom          Yorkshire North Sea Aerial and General Transport,1,1,0,1
1950,Qtr 3,July,23,23/07/1950,North,Curtiss,Curtiss C 46 Commando44,Myrtle Beach North,Force Air U.S. - CarolinaMilitary,39,39,0,39
1966,Qtr 4,November,20,20/11/1966,North,Martin,Martin 404N40406,Near New Bern North,Airlines CarolinaPiedmont,3,3,0,3
1969,Qtr 2,April,15,15/04/1969,North,Lockheed,Lockheed EC 121M135749,Off Chongjin North,Navy U.S. - KoreaMilitary,31,31,0,31
1961,Qtr 1,January,24,24/01/1961,North,Boeing,Boeing B 52G Stratofortress58,Goldsboro North,Force Air US - CarolinaMilitary,8,3,0,3
1967,Qtr 3,July,19,19/07/1967,North,Boeing,Boeing B 727,Near Hendersonville North,Private / Airlines CarolinaPiedmont,82,82,0,82
2016,Qtr 1,January,8,08/01/2016,Norrbotten,Canadair,Canadair CRJ 200SE,Akkajaure Lake Norrbotten,Sweden West Air Sweden,2,2,0,2
2002,Qtr 3,July,16,16/07/2002,Norfork,Sirkorsky,Sikorsky S 76AG,Off Cromer Norfork,England Bristow Helicopters,11,11,0,11
1969,Qtr 3,August,3,03/08/1969,Nigeria,Lockheed,Lockheed L 1049H Super ConstellationCF,Uli  Nigeria,Air Canairelief,4,4,0,4
1994,Qtr 3,September,13,13/09/1994,Nigeria,de Havilland,de Havilland Canada DHC 6 Twin Otter 3005N,Near Abuja Nigeria,Charter - Aerocontroctors,5,3,0,3
1996,Qtr 1,January,18,18/01/1996,Nigeria,British,British Aerospace BAe 125,Near Kano Nigeria,Force Air Nigerian - Military,14,14,0,14
1996,Qtr 4,November,7,07/11/1996,Nigeria,Boeing,Boeing B 727,Lagos Nigeria,Corporation Development Aviation,143,143,0,143
2012,Qtr 2,June,3,03/06/2012,Nigeria,McDonnell,McDonnell Douglas MD 835N,Lagos Nigeria,Air Dana,153,153,10,163
1995,Qtr 4,November,13,13/11/1995,Nigeria,Boeing,Boeing B 737,Kaduna Nigeria,Airways Nigeria,137,9,0,9
1991,Qtr 2,June,26,26/06/1991,Nigeria,BAC,BAC One Eleven 402AP5N,Near Sokotu Nigeria,Air Okada,53,4,0,4
1983,Qtr 4,November,28,28/11/1983,Nigeria,Fokker,Fokker F 28 Fellowship 20005N,Near Enugu Nigeria,Airways Nigeria,72,53,0,53
2006,Qtr 3,September,17,17/09/2006,Nigeria,Dornier,Dornier 228NAF033,Vandeikya Nigeria,Force Air Nigerian - Military,18,13,0,13
1997,Qtr 1,January,31,31/01/1997,Nigeria,Embraer,Embraer 110P1A Bandeirante5N AXS,Yola Nigeria,Airways Express Skypower,16,5,0,5
2005,Qtr 4,October,22,22/10/2005,Nigeria,Boeing,Boeing B 737,Lisa Nigeria,Airlines Bellview,117,117,0,117
1956,Qtr 2,June,24,24/06/1956,Nigeria,Canadair,Canadair C 4 ArgonautG,Kano Nigeria,Airways Overseas British,45,32,0,32
2005,Qtr 4,December,10,10/12/2005,Nigeria,McDonnell,McDonnell DC 9,Near Port Harcourt Nigeria,Airlines Sosoliso,110,108,0,108
1946,Qtr 2,June,9,09/06/1946,Nigeria,Douglas,Douglas C 47 DakotaKG747,Near Abeokuta Nigeria,Force Air -Royal Military,18,18,0,18
1948,Qtr 2,April,10,10/04/1948,Nigeria,Douglas,Douglas DC 4F,Kano Nigeria,France Air,6,1,0,1
1978,Qtr 1,March,2,02/03/1978,Nigeria,Fokker,Fokker F 28 Fellowship 1000 / MiG,Kano Nigeria,Airways Nigeria,18,18,0,18
1955,Qtr 1,February,5,05/02/1955,Nigeria,Bristol,Bristol 170 Freighter 21EVR NAD,Near Calabar Nigeria,Airways African West,13,13,0,13
2001,Qtr 4,November,27,27/11/2001,Nigeria,Boeing,Boeing 747 246F9G,Port Harcourt Nigeria,Airlines MK,13,1,0,1
1973,Qtr 1,January,22,22/01/1973,Nigeria,Boeing,Boeing B 707,Kano Nigeria,Airlines Jordanian Royal Alia,202,176,0,176
1995,Qtr 2,June,24,24/06/1995,Nigeria,Tupolev,Tupolev TU 134ARA,Lagos Nigeria,Services Air Harka,80,16,0,16
1969,Qtr 3,September,26,26/09/1969,Nigeria,Boeing,Boeing C 97N52676,Uli Nigeria,Nordchurchaid,5,5,0,5
1969,Qtr 4,November,20,20/11/1969,Nigeria,BAC,BAC VC 10,Near Ikeja Nigeria,Airways Nigeria,87,87,0,87
1968,Qtr 3,July,13,13/07/1968,Nigeria,Boeing,Boeing 707 329COO,Near Lagos Nigeria,Sabena,7,7,0,7
2002,Qtr 2,May,21,21/05/2002,Nigeria,LET,LET 410UVP9Q CEX,Near Calabar Nigeria,Services Air Executive Sky,5,5,0,5
2013,Qtr 4,October,3,03/10/2013,Nigeria,Embraer,Embraer 120RT Brasilia5N BJY,Lagos Nigeria,Aviation Associated,20,16,0,16
1992,Qtr 3,September,26,26/09/1992,Nigeria,Lockheed,Lockheed C 130HNAF911,Near Lagos Nigeria,Force Air Nigerian Federal - Military,158,158,0,158
2006,Qtr 4,October,29,29/10/2006,Nigeria,Boeing,Boeing 737 2B75N,Near Abuja Nigeria,Airlines ADC,105,96,0,96
2000,Qtr 1,January,5,05/01/2000,Nigeria,Embraer,Embraer 110P1A Bandeirante5N AXL,Abuja Nigeria,Airways Express Skypower,16,1,1,2
1997,Qtr 3,July,29,29/07/1997,Nigeria,BAC,BAC One Eleven 203AE5N,Calabar  Nigeria,Airlines ADC,55,1,0,1
1995,Qtr 2,April,23,23/04/1995,Nigeria,de Havilland,de Havilland Canada DHC 6 Twin Otter 3005N,Lagos Nigeria,Helicopters Bristow,9,1,0,1
1988,Qtr 3,July,21,21/07/1988,Nigeria,Boeing,Boeing 707 328CD2,Near Lagos Nigeria,Charter Air Angola,6,6,0,6
2002,Qtr 2,May,4,04/05/2002,Nigeria,BAC,BAC One Eleven 525FT5N,Kano Nigeria,Services) Airline (Executive Airlines EAS,77,74,78,152
2021,Qtr 2,May,21,21/05/2021,Nigeria,Beechcraft,Beechcraft B300 King Air 350iNAF203,Near Kaduna Nigeria,Force Air Nigerian - Military,11,11,0,11
1961,Qtr 2,June,17,17/06/1961,Nigeria,Douglas,Douglas C 54B,Near Kano Nigeria,Luftreederei Deutsche Continentale,7,1,0,1
1997,Qtr 2,April,16,16/04/1997,Niger,Lockheed,Lockheed C 130H Hercules5U,Near Sorei Niger,Force Air Niger - Military,14,14,0,14
1977,Qtr 1,March,4,04/03/1977,Niger,McDonnell,McDonnell Douglas DC 8,Niamey Niger,Airways National Overseas,4,2,0,2
1989,Qtr 3,September,19,19/09/1989,Niger,McDonnell,McDonnell Douglas DC 10,Near Bilma Niger,Aeriens Transportes des Union,171,171,0,171
1959,Qtr 1,March,5,05/03/1959,Nicaragua,Vickers,Vickers Viscount 763YS 09C,Managua Nicaragua,TACA,19,15,0,15
1957,Qtr 1,January,23,23/01/1957,Nicaragua,Douglas,Douglas DC 3AN,Ometepe Island Nicaragua,Lanica,16,16,0,16
1982,Qtr 4,December,9,09/12/1982,Nicaragua,Mil,Mil Mi 8 (helicopter)265,Near San Andres de Bocay Nicaragua,Force Air Nicaraguan - Military,88,84,0,84
1999,Qtr 1,January,21,21/01/1999,Nicaragua,Antonov,Antonov AN 26,Bluefields Nicaragua,Nicaragua Aérea Fuerza,28,28,0,28
1961,Qtr 4,December,15,15/12/1961,Nicaragua,Curtiss,Curtiss C 46AN,Managua Nicaragua,Lanica,2,2,0,2
1946,Qtr 2,April,22,22/04/1946,Nicaragua,Lockheed,Lockheed 14 Super ElectraAN ACC,La Liberiad Nicaragua,TACA,21,20,0,20
1956,Qtr 4,November,15,15/11/1956,Nicaragua,Douglas,Douglas C 54A,Puerto Somoza Nicaragua,Guest Aerovias,25,25,0,25
1982,Qtr 3,August,14,14/08/1982,Nicaragua,Arava,Arava 201223,Near Managua Nicaragua,Force Air Nicaraguan - Military,20,20,0,20
1986,Qtr 4,October,30,30/10/1986,Nicaragua,Mil,Mil Mi 17 (helicopter)294,Near Managua Nicaragua,Force Air Nicaraguan - Military,23,21,0,21
1960,Qtr 2,April,5,05/04/1960,Nicaragua,Curtiss,Curtiss C 46A,Siuna Nicaragua,Lanica,18,2,0,2
1944,Qtr 4,November,29,29/11/1944,Nicaragua,Ford,Ford 5 AT,Tegucigalpa Nicaragua,TACA,16,16,0,16
1953,Qtr 1,March,18,18/03/1953,Newfoundland,Boeing,Boeing B 29 Superfortress44,Stephenville Newfoundlandu.s.,Force Air,10,10,0,10
1986,Qtr 1,March,24,24/03/1986,Newfoundland,de Havilland,de Havilland Canada DHC 3 OtterC,Goose Bay Newfoundland,Canada Goose Bay Air Services,5,4,0,4
1953,Qtr 1,March,18,18/03/1953,Newfoundland,Convair,Convair RB 36H51,Random Island Newfoundland,Force Air U.S. - Military,23,23,0,23
1942,Qtr 4,October,3,03/10/1942,Newfoundland,Sirkorsky,Sirkorsky 44A (flying boat)NC41880,Botwood Newfoundland,Airlines Export American,37,11,0,11
1961,Qtr 1,January,26,26/01/1961,Newfoundland,Douglas,Douglas C 118A Liftmaster51,Trinity Bay Newfoundland,Force Air U.S. - Military,23,23,0,23
1949,Qtr 1,February,2,02/02/1949,Newfoundland,Avro,Avro AnsonCF FEO,Trinity Bay Newfoundland,Airways Lawrence Saint,10,6,0,6
1967,Qtr 3,July,15,15/07/1967,Newfoundland,N/A,N/A,Near Williamsport Newfoundland,Canada Eastern Provincial Airways,4,4,0,4
1985,Qtr 4,December,12,12/12/1985,Newfoundland,McDonnell,McDonnell Douglas DC 8 Super 63PFN950JW,Gander Newfoundland,Canada Arrow Airways,256,256,0,256
1946,Qtr 3,September,18,18/09/1946,Newfoundland,Douglas,Douglas DC 4,Near Gander Newfoundland,Sabena,44,27,0,27
1946,Qtr 4,October,3,03/10/1946,Newfoundland,Douglas,Douglas C 54E,Stephenville Newfoundland,Airlines Overseas American,39,39,0,39
2009,Qtr 2,June,7,07/06/2009,Newfoundland,Britten,Britten  Norman BN,Near Port Hope Simpson Newfoundland,Canada Strait Air,1,1,0,1
2009,Qtr 1,March,12,12/03/2009,Newfoundland,Sirkorsky,Sikorsky S 92AC,Off St. Johns Newfoundland,Helicopters Cougar,18,17,0,17
1960,Qtr 2,April,18,18/04/1960,Newfoundland,Douglas,Douglas C 124C Globemaster52,Stephenville Newfoundland,Force Air U.S. - Military,9,9,0,9
1999,Qtr 1,March,19,19/03/1999,Newfoundland,de Havilland,de Havilland Canada DHC 6 Twin Otter 300C,Davis Inlet Newfoundland,Canada Provincial Airlines,2,1,0,1
1967,Qtr 3,September,5,05/09/1967,Newfoundland,Ilyushin,Ilyushin IL 18OK,Near Gander Newfoundland,Canada Ceskoslovenske Aerolinie,69,37,0,37
1984,Qtr 4,October,11,11/10/1984,Newfoundland,de Havilland,de Havilland Canada DHC 6 Twin Otter 100C,Goose Bay Newfoundland,Canada Labradore Airways,4,4,0,4
1964,Qtr 4,November,17,17/11/1964,Newfoundland,Lockheed,Lockheed P 3A151362,Off Argentia Newfoundland,Canada Military - U.S. Navy,10,10,0,10
1978,Qtr 2,June,23,23/06/1978,Newfoundland,Beech,Beech Queen Air A80C GGAL,Saint John's Newfoundland,Aviation Gander,10,10,0,10
1965,Qtr 1,March,18,18/03/1965,Newfoundland,Douglas,Douglas DC,Trinity Bay Newfoundland,Canada Miami Aviaition/Air Manila,2,2,0,2
1943,Qtr 1,February,9,09/02/1943,Newfoundland,Consolidated,Consolidated 32 3 Liberator IIAL,Near Gander Newfoundland,Airways Overseas British,21,19,0,19
1956,Qtr 1,January,17,17/01/1956,Newfoundland,Douglas,Douglas DC 3CF,Oreway Newfoundland,Canada Quebecair,18,4,0,4
1930,Qtr 2,April,18,18/04/1930,New,Fairchild,Fairchild 71NC9148,Jersey City New,Airways Colonial JerseyCanadian,4,4,0,4
1967,Qtr 2,May,1,01/05/1967,New,de Havilland,de Havilland DH 104 / Piper PA,Flushing New,Private / Airways YorkGreylock,14,3,0,3
1959,Qtr 1,February,3,03/02/1959,New,Lockheed,Lockheed  188A ElectraN6101A,La Guardia Airport New,NYAmerican Airlines          York,73,65,0,65
1971,Qtr 1,January,9,09/01/1971,New,Boeing,Boeing B 707,Edison New,Private / Airlines JerseyAmerican,21,2,0,2
1960,Qtr 3,July,6,06/07/1960,New,Goodyear,Goodyear ZPG 3W (airship)144242,Off Barnegat City New,Navy U.S. - JerseyMilitary,21,18,0,18
1920,Qtr 1,March,30,30/03/1920,New,de Havilland,De Havilland DH 472,Newark New,Service Mail Aerial JerseyUS,1,1,0,1
1957,Qtr 1,February,1,01/02/1957,New,Douglas,Douglas DC 6AN34954,New York New,Airlines YorkNortheast,101,21,0,21
1984,Qtr 1,February,28,28/02/1984,New,McDonnell,McDonnell Douglas DC 10,JFK Airport New,New York          York Scandinavian Airlines (SAS),177,0,0,0
1979,Qtr 1,February,17,17/02/1979,New,Fokker,Fokker F 27 Friendship 500ZK,Manakau Harbor New,Zealand New ZealandAir,4,2,0,2
1964,Qtr 1,February,25,25/02/1964,New,McDonnell,McDonnell Douglas DC 8,Lake Pontchartrain New,Louisiana          Orleans Eastern Air Lines,58,58,0,58
1946,Qtr 3,August,9,09/08/1946,New,Lockheed,Lockheed 18 56 Lodestar,Lakehurst New,Airlines Central JerseyAtlantic,6,4,0,4
1969,Qtr 3,July,15,15/07/1969,New,de Havilland,de Havilland Canada DHC 6 Twin Otter 200N558MA,New York City New,Airways York YorkNew,14,3,0,3
2001,Qtr 3,September,11,11/09/2001,New,Boeing,Boeing 767 223ERN334AA,New York City New,Airlines YorkAmerican,92,92,2750,2842
1933,Qtr 1,January,14,14/01/1933,New,Curtiss,Curtiss Condor 18NC185H,Newark New,Transport Air JerseyEastern,2,2,0,2
1971,Qtr 2,April,22,22/04/1971,New,Beechcraft,Beechcraft C35N144H,Manchester New,Aviaiton England HampshireNew,4,4,0,4
1975,Qtr 2,June,24,24/06/1975,New,Boeing,Boeing B 727,JFK Airport New,New York          York Eastern Air Lines,124,113,0,113
1955,Qtr 1,February,19,19/02/1955,New,Martin,Martin 404N40416,Albuquerque New,Airlines World MexicoTrans,16,16,0,16
1947,Qtr 3,August,8,08/08/1947,New,Douglas,Douglas DC 3CNX88787,New York New,Airlines YorkAmerican,5,3,0,3
1954,Qtr 4,December,18,18/12/1954,New,Douglas,Douglas DC 6BI,New York New,Italiane Aeree YorkLinee,32,26,0,26
2003,Qtr 4,October,3,03/10/2003,New,Convair,Convair CV 580FZK,Off Waikanae New,Zealand New Freight ZealandAir,2,2,0,2
1945,Qtr 3,July,28,28/07/1945,New,North,North American B 25D bomber43,New York New,Forces Air Army U.S. - YorkMilitary,3,3,11,14
1962,Qtr 1,March,1,01/03/1962,New,Boeing,Boeing B 707,Jamaica Bay New,New York          York American Airlines,95,95,0,95
1987,Qtr 1,February,6,06/02/1987,New,Embraer,Embraer 110P2 BandeiranteP2 RDM,Off Papua New,GuineaTalair,17,14,0,14
1990,Qtr 1,January,25,25/01/1990,New,Boeing,Boeing B 707,Cove Neck New,YorkAVIANCA,158,73,0,73
2005,Qtr 2,May,2,02/05/2005,New,Swearingen,Swearingen SA.227AC Metro IIIZK POA,Near Stratford New,NZ ZealandAirwork,2,2,0,2
1979,Qtr 2,April,18,18/04/1979,New,Sirkorsky,Sikorsky S61 LN618PA,Newark New,Airways York JerseyNew,18,3,0,3
1969,Qtr 2,May,7,07/05/1969,New,Curtiss,Curtiss C 46FN1243N,Medford New,Airways W JerseyFlying,2,2,0,2
2001,Qtr 3,September,11,11/09/2001,New,Boeing,Boeing B 767,New York City New,Lines Air YorkUnited,65,65,2750,2815
1990,Qtr 1,January,29,29/01/1990,New,Cessna,Cessna 208B Caravan I Super CargomasterN854FE,Plattsburgh New,Airways YorkWiggins,1,1,0,1
1935,Qtr 4,October,21,21/10/1935,New,Curtiss,Curtiss AT 32C CondorNC725K,Troy New,Service Flying YorkChamberlin,6,1,0,1
1986,Qtr 4,October,22,22/10/1986,New,Enstrom,Enstrom F 28FN8617B,Manhattan New,WNBC - YorkPrivate,2,2,0,2
2001,Qtr 3,August,24,24/08/2001,New,Learjet,Learjet 25N153TW,Ithaca New,Charter Jet YorkAmeristar,2,2,0,2
1994,Qtr 4,December,17,17/12/1994,New,de Havilland,de Havilland Canada DHC 6 Twin Otter 200P2,Papua New,Fellowship Aviation GuineaMissionary,28,28,0,28
2000,Qtr 3,August,9,09/08/2000,New,Piper,Piper Navajo PA 31/ Piper Seminole PA,Burlington Township New,Private / Airways JerseyPatuxent,11,11,0,11
1969,Qtr 4,December,5,05/12/1969,New,Lockheed,"Lockheed 18 08 Lodestar	N410M",Nnear Albuquerque New,MexicoPrivate,9,9,0,9
1945,Qtr 4,November,7,07/11/1945,New,Budd,Budd RB 1 Conestoga,Near Grants New,Co. Freight Skyway MexicoNational,3,1,0,1
1977,Qtr 2,May,16,16/05/1977,New,Sirkorsky,Sikorsky S61LN619PA,New York New,Helicopter York  YorkNew,25,4,1,5
2003,Qtr 2,June,6,06/06/2003,New,Piper,Piper PA 31,Christchurch New,Ltd Zealand New Adventures Air - ZealandCharter,10,8,0,8
1950,Qtr 2,May,27,27/05/1950,New,Curtiss,Curtiss C 46F,Teterboro New,Airlines Cargo JerseyRegina,2,1,0,1
1943,Qtr 4,November,26,26/11/1943,New,Lockheed,Lockheed L 18,Port Moresby New,GuineaQantas,15,15,0,15
1961,Qtr 1,January,28,28/01/1961,New,Boeing,Boeing 707 123N7502A,Off Montauk Point New,Airlines YorkAmerican,6,6,0,6
1970,Qtr 3,September,8,08/09/1970,New,McDonnell,McDonnell Douglas DC 8,New York New,Airlines International YorkTrans,11,11,0,11
1945,Qtr 3,September,11,11/09/1945,New,Douglas,Douglas C 47AA6556,Near Milne Bay New,Force Air Australian Royal - GuineaMilitary,11,11,0,11
1985,Qtr 2,April,16,16/04/1985,New,Boeing,Boeing B 727,Las Cruces New,Airlines MexicoAmerican,89,0,0,0
1960,Qtr 4,December,16,16/12/1960,New,MD,MD DC 8,Staten Island / Brooklyn New,Airlines World Trans / Lines Air YorkUnited,128,128,6,134
1995,Qtr 2,June,9,09/06/1995,New,de Havilland,de Havilland Canada DHC 8,Near Palmerston North New,Zealand New ZealandAnsett,21,5,0,5
1977,Qtr 3,September,14,14/09/1977,New,Boeing,Boeing   EC,Near Albuquerque New,Force Air U.S. - MexicoMilitary,20,20,0,20
1961,Qtr 1,January,19,19/01/1961,New,McDonnell,McDonnell Douglas DC 8,New York New,Mexico de (Idlewild)Aeronaves York,106,4,0,4
1948,Qtr 3,August,9,09/08/1948,New,Douglas,Douglas C 47BZK,Port Underwood New,Airways National Zealand ZealandNew,2,2,0,2
1955,Qtr 2,April,4,04/04/1955,New,Douglas,Douglas DC 6N37512,Islip New,Lines Air YorkUnited,3,3,0,3
1985,Qtr 1,January,20,20/01/1985,New,Bell,Bell 206 L 1N40TE,Carson New,EMS - Taxi MexicoAir,3,3,0,3
1934,Qtr 2,June,9,09/06/1934,New,Curtiss,Curtiss Condor T 32NC12354,Mongaup Mountain New,Airways YorkAmerican,7,7,0,7
1952,Qtr 2,April,5,05/04/1952,New,Curtiss,Curtiss C 46F,New York New,Airlines YorkUS,2,2,3,5
1970,Qtr 4,October,10,10/10/1970,New,Lockheed,Lockheed L 100,Fort Dix New,Airways JerseySaturn,3,3,0,3
1920,Qtr 2,April,11,11/04/1920,New,Curtiss,Curtiss JN 4H44,Heller Field New,Service Mail Aerial JerseyUS,2,1,0,1
1984,Qtr 2,June,19,19/06/1984,New,Aerospatiale,Aerospeciale AS 350DN5784M,Island Beach New,Corp. Helicopters Raco - Taxi JerseyAir,3,3,0,3
1986,Qtr 2,April,2,02/04/1986,New,Lockheed,Lockheed HC 130P Hercules66,Near Magdalena New,Force Air U.S. - MexicoMilitary,11,11,0,11
1969,Qtr 3,July,26,26/07/1969,New,Boeing,Boeing 707 331CN787TW,Atlantic City New,Airlines World JerseyTrans,5,5,0,5
1994,Qtr 1,March,2,02/03/1994,New,McDonnell,McDonnell Douglas MD 82N18835,New York New,Airlines YorkContinental,116,0,0,0
1920,Qtr 2,April,10,10/04/1920,New,Curtiss,Curtiss R 4LM49,Newark New,Service Mail Aerial JerseyUS,2,1,0,1
1990,Qtr 3,July,5,05/07/1990,New,Britten,Britten  Norman 2B,Near Port Morseby New,Airways GuineaDouglas,12,8,0,8
1928,Qtr 1,January,8,08/01/1928,New,Fairchild,Fairchild FC 2NC3780,Near Canajoharie New,Airlines Western YorkColonial,3,3,0,3
1950,Qtr 3,September,4,04/09/1950,New,Douglas,Douglas DC 3N18936,Utica New,Airlines YorkRobinson,23,16,0,16
2009,Qtr 1,February,12,12/02/2009,New,Bombardier,Bombardier DHC 8,Clarence Center New,Air Connection/Colgan YorkContinental,49,49,1,50
1976,Qtr 4,December,12,12/12/1976,New,de Havilland,de Havilland Canada DHC 6 Twin Otter 300N101AC,Cape May New,Airlines City JerseyAtlantic,10,3,0,3
1948,Qtr 4,October,23,23/10/1948,New,Lockheed,Lockheed 10A ElectraZK AGK,Mt. Ruapehu New,Airways National Zealand ZealandNew,13,13,0,13
1947,Qtr 1,January,5,05/01/1947,New,Douglas,Douglas DC 3N50046,Carmel New,Transport Air JerseyNationwide,23,3,0,3
1912,Qtr 3,July,12,12/07/1912,New,Dirigible,Dirigible,Atlantic City New,Navy U.S. - JerseyMilitary,5,5,0,5
2009,Qtr 1,January,15,15/01/2009,New,Airbus,Airbus A320 214N106US,New York New,Airways YorkUS,155,0,0,0
1952,Qtr 1,February,11,11/02/1952,New,Douglas,Douglas DC 6N90891,Elizabeth New,Airlines JerseyNational,63,29,4,33
1945,Qtr 4,December,30,30/12/1945,New,Douglas,Douglas DC 3NC18l23,New York City New,Lines Air YorkEastern,12,1,0,1
1929,Qtr 1,March,17,17/03/1929,New,Ford,Ford 5 AT,Newark New,Airlines Western JerseyColonial,15,14,0,14
1927,Qtr 3,September,17,17/09/1927,New,Fokker,Fokker F VIINC776,Hadley New,Airways JerseyReynolds,12,7,0,7
1989,Qtr 3,July,31,31/07/1989,New,Convair,Convair CV 580ZK,Auckland New,Zealand New Freight ZealandAir,3,3,0,3
2005,Qtr 1,January,13,13/01/2005,New,Embraer,Embraer EMB 110 BandeiranteN49BA,Keene New,HampshireAirNow,1,1,0,1
1949,Qtr 3,July,30,30/07/1949,New,Douglas,Douglas DC 3,Chesterfield New,USN - Military / Lines Air JerseyEastern,16,16,0,16
1951,Qtr 4,November,5,05/11/1951,New,Martin,Martin 202N93039,Near Tucumcari New,Lines Air MexicoTransocean,29,1,0,1
1931,Qtr 1,February,8,08/02/1931,New,de Havilland,Desoutter IIZK ACA,Wairoa New,Lines Air ZealandDominion,3,3,0,3
1989,Qtr 3,July,21,21/07/1989,New,de Havilland,de Havilland Canada DHC 6 Twin Otter 300P2,Porgera New,GuineaTalair,22,3,0,3
1951,Qtr 2,May,6,06/05/1951,New,Convair,Convair B 36D49,Near Albuquerque New,Force Air U.S. - MexicoMilitary,25,23,0,23
1972,Qtr 1,March,3,03/03/1972,New,Fairchild,Fairchild  Hiller FH,Albany New,Airlines YorkMohawk,48,16,1,17
1993,Qtr 4,October,25,25/10/1993,New,GAF,GAF Nomad N 22ZK,Franz Josef Glacier New,Air ZealandHibiscus,9,9,0,9
1927,Qtr 4,October,30,30/10/1927,New,Fairchild,Fairchild FC 2,New Brunswick New,Transport Air JerseyColonial,4,4,0,4
1972,Qtr 2,April,17,17/04/1972,New,Bell,Bell 47J 2N8467E,New York New,Helicopter YorkHelaire,3,3,0,3
1933,Qtr 3,August,29,29/08/1933,New,Ford,Ford 5 AT,Quay New,Air Western and Continental MexicoTrans,5,5,0,5
1981,Qtr 1,February,11,11/02/1981,New,Lockheed,Lockheed 1339N520S,White Plains New,Corporate - YorkPrivate,8,8,0,8
1956,Qtr 2,June,20,20/06/1956,New,Lockheed,Lockheed 1049E 55 Super ConstellationYV,Asbury Park New,Venezolana Aeropostal JerseyLinea,74,74,0,74
1989,Qtr 3,August,8,08/08/1989,New,Britten,Britten  Norman BN,Near Midford Sound New,Air ZealandAspring,10,10,0,10
1963,Qtr 3,July,3,03/07/1963,New,Douglas,Douglas DC 3ZK,Mt. Ngatamahinerua New,Airways National Zealand ZealandNew,23,23,0,23
1972,Qtr 3,August,28,28/08/1972,New,de Havilland,de Havilland Canada DHC 4 CaribouA4,Papua New,Force Air Australian Royal - GuineaMilitary,29,25,0,25
1956,Qtr 3,July,13,13/07/1956,New,Douglas,Douglas C 118A53,Near Brows Mills New,Force Air U.S. - JerseyMilitary,66,46,0,46
1962,Qtr 4,November,30,30/11/1962,New,Douglas,Douglas DC 7BN815D,New York New,Lines Air YorkEastern,51,25,0,25
1996,Qtr 3,July,9,09/07/1996,New,de Havilland,de Havilland Canada DHC 6 Twin Otter 300P2,Papua New,Air Bay GuineaMilne,20,20,0,20
1958,Qtr 1,March,22,22/03/1958,New,Lockheed,Lockheed 18 LodestarN300E,Grants New,MexicoPrivate,4,4,0,4
1937,Qtr 3,July,2,02/07/1937,New,Lockheed,Lockheed 10E ElectraNR16020,Off Lae New,Foundation Reasearch Purdue - GuineaPrivate,2,2,0,2
2018,Qtr 1,March,11,11/03/2018,New,Eurocopter,Eurocopter AS 350B2N350LH,New York New,Helicopters YorkLiberty,6,5,0,5
1954,Qtr 2,May,22,22/05/1954,New,Douglas,Douglas DC 3ZK,Paraparaumu New,Airways National Zealand ZealandNew,28,3,0,3
1949,Qtr 1,March,18,18/03/1949,New,Lockheed,Lockheed 18 LodestarZK AKX,Near Waikanae New,Airways National Zealand ZealandNew,15,15,0,15
1938,Qtr 3,August,29,29/08/1938,New,Ford,Ford Tri motorNC17316,Near Tucumcari New,Air &Western MexicoTranscontinental,11,0,0,0
1959,Qtr 3,August,15,15/08/1959,New,Boeing,Boeing 707 123N7514A,Calverton New,Airlines YorkAmerican,5,5,0,5
1963,Qtr 3,July,2,02/07/1963,New,Martin,Martin 404N449A,Rochester New,Airlines YorkMohawk,43,7,0,7
1949,Qtr 1,January,30,30/01/1949,New,Lockheed,Lockheed L 749 / Cessna 140NC86530/NC76981,Port Washington New,Airways World American YorkPan,35,2,0,2
1947,Qtr 2,May,11,11/05/1947,New,Lockheed,Lockheed L 049 ConstellationNC86508,Delaware Bay New,Air Western and Continental JerseyTrans,4,4,0,4
1951,Qtr 3,July,16,16/07/1951,New,de Havilland,de Havilland DHA 3 Drover IIVH,Off Lae New,GuineaQantas,7,7,0,7
1994,Qtr 3,August,12,12/08/1994,New,Bell,Bell 206L 4N124NH,Whiting New,Helicopters National - Taxi JerseyAir,3,3,0,3
1933,Qtr 4,November,10,10/11/1933,New,Northrop,Northrop DeltaNC12292,Moriarty New,Air Western and Continental MexicoTrans,1,0,0,0
1996,Qtr 3,July,17,17/07/1996,New,Boeing,Boeing B 747,Off East Moriches New,Airlines World YorkTrans,230,230,0,230
1937,Qtr 2,May,6,06/05/1937,New,Zeppelin,Zeppelin LZ 129D,Lakehurst New,Reederei Zeppelin JerseyDeutsche,97,35,1,36
1968,Qtr 3,September,8,08/09/1968,New,Cessna,Cessna 402 / Piper PA 28N8283F / N8828W,Flushing New,Air - Flying Speeds / Taxi Air - Aviation YorkFar,9,2,0,2
1926,Qtr 3,September,26,26/09/1926,New,Sirkorsky,Sikorsky S 25,New York New,York?,5,2,0,2
1920,Qtr 3,September,1,01/09/1920,New,Junkers,Junkers JL 6305,Morristown New,Service Mail Aerial JerseyUS,2,2,0,2
1989,Qtr 4,October,10,10/10/1989,New,Agusta,Agusta A109A MK IIN21FL,Lacey Township New,Corp. Aviation Paramount - Taxi JerseyAir,5,5,0,5
1945,Qtr 2,May,13,13/05/1945,New,Douglas,Douglas C 47B,Iran Jayas New,Forces Air Army U.S. - GuineaMilitary,23,20,0,20
1957,Qtr 4,November,21,21/11/1957,New,Bristol,Bristol 170 Freighter 31ZK AYH,Christchurch New,Express Freight Air ZealandStraits,4,4,0,4
1945,Qtr 2,May,5,05/05/1945,New,Douglas,Douglas C 54E,Manus Island New,Forces Air Army U.S. - GuineaMilitary,21,21,0,21
2002,Qtr 4,November,8,08/11/2002,New,IAI,IAI 1124A WestwindN61RS,Taos New,Aviation MexicoRichmor,2,2,0,2
1919,Qtr 4,October,30,30/10/1919,New,de Havilland,De Havilland DH.477,Long Valley New,Service Mail Aerial JerseyUS,1,1,0,1
1983,Qtr 1,March,30,30/03/1983,New,Learjet,Learjet 25N51CA,Newark New,Airlines JerseyCentral,2,2,0,2
1933,Qtr 2,April,4,04/04/1933,New,Goodyear,Goodyear  Zeppelin U.S.S. Akron (airship)ZRS,Off Barnegat New,Navy U.S. - JerseyMilitary,76,73,0,73
1947,Qtr 4,November,11,11/11/1947,New,Douglas,Douglas DC 6NC90741,Gallup New,Airlines MexicoAmerican,25,0,0,0
1953,Qtr 3,September,16,16/09/1953,New,Convair,Convair CV 240,Albany New,Airlines YorkAmerican,28,28,0,28
1936,Qtr 2,April,1,01/04/1936,New,Stinson,Stinson Model ANC15152,Pavillon New,Airlines YorkAmerican,2,2,0,2
1943,Qtr 2,April,22,22/04/1943,New,Shorts,Short S 23VH,Off Port Moresby New,GuineaQantas,31,13,0,13
1992,Qtr 1,March,22,22/03/1992,New,Fokker,Fokker F 28 Fellowship 4000N485US,La Guardia Airport New,New York          York USAir,51,27,0,27
1968,Qtr 4,October,25,25/10/1968,New,Fairchild,Fairchild  Hiller FH227CN380NE,Hanover New,Airlines HampshireNortheast,42,32,0,32
1952,Qtr 1,January,22,22/01/1952,New,Convair,Convair CV 240,Elizabeth New,Airlines JerseyAmerican,23,23,7,30
1931,Qtr 4,November,5,05/11/1931,New,Lockheed,Lockheed Orion 9NC12221,Camden New,Phil.          JerseyNY,5,5,0,5
1963,Qtr 4,October,14,14/10/1963,New,Boeing,Boeing Vetrol 107 II helicopterN6673D,Jamaica New,Airways York YorkNew,6,6,0,6
1938,Qtr 2,May,10,10/05/1938,New,Lockheed,Lockheed 10 ElectraZK AFC,Mangere New,Zealand New of Airways ZealandUnited,2,2,0,2
1929,Qtr 3,August,11,11/08/1929,New,Lockheed,Lockheed 5 VegaNC870E,Clovis New,Airlines States MexicoMiddle,4,4,0,4
1989,Qtr 3,September,20,20/09/1989,New,Boeing,Boeing B 737,La Guardia Airport New,New York          York USAir,63,2,0,2
1951,Qtr 4,December,29,29/12/1951,New,Curtiss,Curtiss C 46A,Near Little Valley New,Charters YorkContinental,40,26,0,26
1918,Qtr 4,December,16,16/12/1918,New,de Havilland,De Havilland DH 497,Elizabeth New,Service Mail Aerial JerseyUS,1,1,0,1
1951,Qtr 4,December,16,16/12/1951,New,Curtiss,Curtiss Wright C 46FN1678M,Elizabeth New,Airlines JerseyMiami,56,56,1,57
1953,Qtr 4,October,19,19/10/1953,New,Lockheed,Lockheed 749A ConstellationN119A,New York City New,Lines Air YorkEastern,27,2,0,2
1992,Qtr 3,July,30,30/07/1992,New,Lockheed,Lockheed L 1011N11002,JFK Airport New,New York          York Trans World Airlines,292,0,0,0
1954,Qtr 4,November,30,30/11/1954,New,Douglas,Douglas DC 3N17891,Berlin New,Airlines HampshireNortheast,7,2,0,2
1996,Qtr 4,December,24,24/12/1996,New,Learjet,Learjet 35AN388LS,Dorchester New,Inc Group Charter HampshireAircraft,2,2,0,2
1965,Qtr 4,December,4,04/12/1965,New,Boeing,Boeing B 707,Carmel New,Lines Air Eastern / Airlines World YorkTrans,112,4,0,4
1966,Qtr 3,July,4,04/07/1966,New,Douglas,Douglas DC 8,Auckland New,Zealand New ZealandAir,5,2,0,2
1998,Qtr 3,August,19,19/08/1998,New,Cessna,Cessna 402CZK VAC,Foveaux Strait New,Aviation ZealandVincent,10,5,0,5
2009,Qtr 3,August,8,08/08/2009,New,Eurocopter,Eurocopter AS 350BA / Piper PA,New York New,Private / Tours Sightseeing Helicopter YorkLiberty,9,9,0,9
1946,Qtr 3,September,5,05/09/1946,Nevada,Douglas,Douglas DC 3 (C,Elko Nevada,Airlines Trans-Luxury,22,21,0,21
1985,Qtr 1,January,21,21/01/1985,Nevada,Lockheed,Lockheed L 188A ElectraN5532,Reno Nevada,Airlines Galaxy,71,70,0,70
1994,Qtr 2,April,3,03/04/1994,Nevada,Bell,Bell 206B3N27736,Lamoille Nevada,Inc. Services Aero El - Taxi Air,5,5,0,5
1983,Qtr 2,June,28,28/06/1983,Nevada,Lockheed,Lockheed C 130H Hercules74,Las Vegas Nevada,Force Air U.S. - Military,6,6,0,6
1921,Qtr 1,February,22,22/02/1921,Nevada,de Havilland,De Havilland DH 467,Elko Nevada,Service Mail Aerial US,1,1,0,1
1970,Qtr 3,August,3,03/08/1970,Nevada,Lockheed,Lockheed P 3A Orion152159,Near Las Vegas Nevada,Navy States United - Military,10,10,0,10
1942,Qtr 1,January,16,16/01/1942,Nevada,Douglas,Douglas DC 3NC1946,Near Las Vegas Nevada,Air Western and Continental Trans,22,22,0,22
1981,Qtr 3,September,21,21/09/1981,Nevada,Lockheed,Lockheed C 130H Hercules74,Nellis AFB Nevada,Force Air U.S. - Military,70,7,0,7
2011,Qtr 3,September,16,16/09/2011,Nevada,North,North American P 51D,Reno Nevada,Corp Trans Aero - Private,1,1,10,11
1978,Qtr 3,August,30,30/08/1978,Nevada,Piper,Piper PA 31,Las Vegas Nevada,Airlines Vegas Las,10,10,0,10
2009,Qtr 4,November,14,14/11/2009,Nevada,Aerospatiale,Aerospatiale AS350N5793P,Near Reno Nevada,Lifeflight Mountain,3,3,0,3
1955,Qtr 4,November,17,17/11/1955,Nevada,Douglas,Douglas MC 54M44,Near Las Vegas Nevada,Force Air U.S. - Military,14,14,0,14
1968,Qtr 1,January,10,10/01/1968,Nevada,Douglas,Douglas C 54P50850,Near Copper Canyon Nevada,Corps Marine U.S. - Military,19,19,0,19
2011,Qtr 4,December,7,07/12/2011,Nevada,Aerospatiale,Aerospatiale AS 350 B2 EcureuilN37SH,Near Henderson Nevada,Inc. Helicopters Sundance,5,5,0,5
1964,Qtr 4,November,15,15/11/1964,Nevada,Fairchild,Fairchild F 27AN745L,Las Vegas Nevada,Airlines Bonanza,29,29,0,29
1964,Qtr 1,March,1,01/03/1964,Nevada,Lockheed,Lockheed 049 ConstellationN86504,Near Zephyr Cove Nevada,Airlines Paradise,85,85,0,85
2004,Qtr 1,March,16,16/03/2004,Nevada,Beechcraft,Beechcraft 1900CN27RA,Tonopah Nevada,Force Air States United - Military,5,5,0,5
2009,Qtr 1,February,25,25/02/2009,Netherlands,Boeing,Boeing 737 8F2TC,Amsterdam Netherlands,Airlines Turkish,134,9,0,9
1994,Qtr 2,April,4,04/04/1994,Netherlands,Saab,Saab 340BPH KSH,Amsterdam Netherlands,Cityhopper KLM,24,3,0,3
1992,Qtr 3,September,18,18/09/1992,Netherlands,Douglas,Douglas C 118AYV,Off Curacao Netherlands,Ejecutivos AntillesAero,3,3,0,3
1992,Qtr 4,October,4,04/10/1992,Netherlands,Boeing,Boeing B 747,Amsterdam Netherlands,Al El,4,4,39,43
1935,Qtr 3,July,14,14/07/1935,Netherlands,Fokker,Fokker F XXIIPH,Amsterdam Netherlands,Airlines Dutch Royal KLM,20,6,0,6
1981,Qtr 4,October,6,06/10/1981,Netherlands,Fokker,Fokker F 28 Fellowship 4000PH,Moerdijk Netherlands,Maatschappij) Luchtvaart (Nederlandse NLM,17,17,0,17
2009,Qtr 4,October,22,22/10/2009,Netherlands,Britten,Britten  Norman BN,Off Bonaire Netherlands,Air Divi AntillesDivi,10,1,0,1
1928,Qtr 3,July,24,24/07/1928,Netherlands,Fokker,Fokker (KLM) F.IIIH NABR,Waalhaven Netherlands,Airlines Dutch Royal KLM,6,1,0,1
1996,Qtr 3,September,25,25/09/1996,Netherlands,Douglas,Douglas DC 3CPH,Waddenzee Netherlands,Association Dakota Dutch,32,32,0,32
1938,Qtr 4,December,9,09/12/1938,Netherlands,Lockheed,Lockheed 14 WF62 Super ElectraPH,Amsterdam Netherlands,Airlines Dutch Royal KLM,4,4,0,4
1946,Qtr 4,November,14,14/11/1946,Netherlands,Douglas,Douglas C 47A,Amsterdam Netherlands,Airlines Dutch Royal KLM,26,26,0,26
1972,Qtr 4,December,21,21/12/1972,Netherlands,de Havilland,de Havilland Canada DHC 6 Twin Otter 300F,Off St. Maarten off Netherlands,Guadeloupe AntillesAir,13,13,0,13
1937,Qtr 4,October,6,06/10/1937,Netherlands,Douglas,Douglas DC 3PH,Palembang Netherlands,Airlines Dutch Royal IndiesKLM,11,4,0,4
1970,Qtr 3,August,30,30/08/1970,Netherlands,Britten,Britten  Norman BN,Haringvreter Netherlands,Airways Continental Dutch,10,3,0,3
1953,Qtr 2,May,25,25/05/1953,Netherlands,Convair,Convair CV 240,Amsterdam Netherlands,Airlines Dutch Royal KLM,34,0,2,2
1960,Qtr 4,November,5,05/11/1960,Nepal,Douglas,Douglas C 47A9N,Bhairawa Nepal,Airlines Nepal Royal,4,4,0,4
2023,Qtr 1,January,15,15/01/2023,Nepal,ATR,ATR 72 500,Pokhara Nepal,Airlines Yeti,72,72,0,72
1998,Qtr 3,August,21,21/08/1998,Nepal,de Havilland,de Havilland Canada DHC 6 Twin Otter 3009N,Near Ghorepani Nepal,Airways Lumbini,18,18,0,18
2004,Qtr 2,May,25,25/05/2004,Nepal,de Havilland,de Havilland DHC 6 Twin Otter 3009N,Near Lukla Nepal,Airlines Yeti,3,3,0,3
2002,Qtr 3,August,22,22/08/2002,Nepal,de Havilland,de Havilland Canada DHC 6,Pokhara Nepal,Air La Shangri,18,18,0,18
1981,Qtr 4,November,19,19/11/1981,Nepal,Pilatus,Pilatus PC 6/B2,Biratnagar Nepal,Airlines Nepal Royal,10,10,0,10
2012,Qtr 2,May,14,14/05/2012,Nepal,Dornier,Dornier 228 2129N,Jomsom Nepal,Air Agni,21,15,0,15
2002,Qtr 3,July,17,17/07/2002,Nepal,de Havilland,de Havilland Canada DHC 6 Twin Otter 3009N,Surkhet Nepal,Airways Skyline,4,4,0,4
2010,Qtr 4,December,15,15/12/2010,Nepal,de Havilland,de Havilland Canada DHC 6 Twin Otter9N,Palunge Hill Nepal,Air Tara,22,22,0,22
2017,Qtr 2,May,27,27/05/2017,Nepal,LET,Let L 410UVP,Tenzing Nepal,Air Summit,3,2,0,2
2008,Qtr 1,March,3,03/03/2008,Nepal,Mi,Mi  17,Near Bethani Nepal,Mission Nations United,10,10,0,10
2011,Qtr 3,September,25,25/09/2011,Nepal,Beechcraft,Beechcraft 1900D9N AEK,Near Kathmandu Nepal,Air Buddha,19,19,0,19
1995,Qtr 1,January,17,17/01/1995,Nepal,de Havilland,de Havilland Canada DHC 6 Twin Otter 3009N,Kathmandu Nepal,Airlines Nepal Royal,24,2,0,2
1955,Qtr 3,August,30,30/08/1955,Nepal,Douglas,Douglas C 47AVT,Simra Nepal,Airlines Kalinga,3,2,0,2
1999,Qtr 3,September,5,05/09/1999,Nepal,Hawker,Hawker Siddeley HS 748,Near Kathmandu Nepal,Air Necon,15,15,0,15
1969,Qtr 3,July,12,12/07/1969,Nepal,Douglas,Douglas DC 39N,Hitauda Nepal,Airlines Nepal Royal,35,35,0,35
2016,Qtr 1,February,24,24/02/2016,Nepal,de Havilland,de Havilland DHC 6 Twin Otter 4009N,Dana Nepal,Air Tara,23,23,0,23
1956,Qtr 2,May,15,15/05/1956,Nepal,Douglas,Douglas DC 3VT,Kathmandu Nepal,Airlines Indian,31,14,1,15
1992,Qtr 3,September,28,28/09/1992,Nepal,Airbus,Airbus A300B4 203AP,Near  Kathmandu Nepal,Airlines International Pakistan,167,167,0,167
2010,Qtr 3,August,24,24/08/2010,Nepal,Dornier,Dornier 228 1019NAHE,Bastipur Nepal,Air Agni,14,14,0,14
1984,Qtr 4,December,22,22/12/1984,Nepal,de Havilland,de Havilland Canada DHC 6 Twin Otter 3009N,Near Bhojpur Nepal,Airlines Nepal Royal,23,15,0,15
1993,Qtr 3,July,31,31/07/1993,Nepal,Dornier,Dornier Do 228,Devghat Nepal,Air Everest,19,19,0,19
1999,Qtr 4,December,25,25/12/1999,Nepal,de Havilland,de Havilland Canada DHC 6 Twin Otter9N,Near Simara Nepal,Airways Skyline,10,10,0,10
1992,Qtr 3,July,31,31/07/1992,Nepal,Airbus,Airbus A310 304HS,Near Kathmandu Nepal,Airways Thai,113,113,0,113
2014,Qtr 1,February,16,16/02/2014,Nepal,de Havilland,de Havilland Canada DHC 6 Twin Otter 3009N,Sandhikhark Nepal,Airlines Nepal,18,18,0,18
2016,Qtr 1,February,26,26/02/2016,Nepal,PAC,PAC 750XL9N AJB,250 miles northwest of Kathmandu Nepal,Airlines Kasthamandap,11,2,0,2
2012,Qtr 3,September,28,28/09/2012,Nepal,Dornier,Dornier 228 2029N,Kathmandu Nepal,Air Sita,19,19,0,19
1962,Qtr 3,August,1,01/08/1962,Nepal,Douglas,Douglas DC 39N,Near Kathmandu Nepal,Airlines Nepal Royal,10,10,0,10
1985,Qtr 4,December,30,30/12/1985,Nepal,Shorts,Short SC7  SkyvanRAN,Near Dhangadhi Nepal,Force Air Nepalese Royal - Military,25,25,0,25
2008,Qtr 4,October,8,08/10/2008,Nepal,de Havilland,de Havilland Canada DHC 6 Twin Otter 3009N,Lukla Nepal,Airlines Yeti,19,18,0,18
1999,Qtr 3,July,7,07/07/1999,Nepal,Boeing,Boeing 727 243FVT,Near Kathmandu Nepal,Airlines Cargo Lufthansa,5,5,0,5
2000,Qtr 3,July,27,27/07/2000,Nepal,de Havilland,de Havilland Canada DHC 6 Twin Otter 3009N,Jodhura Nepal,Airlines Nepal Royal,25,25,0,25
1958,Qtr 1,March,24,24/03/1958,Nepal,Douglas,Douglas DC 3VT,Near Kathmandu Nepal,Airlines Indian,20,20,0,20
2018,Qtr 1,March,12,12/03/2018,Nepal,de Havilland,de Havilland Canada DHC 8,Kathmandu Nepal,Airlines US-Bangla,71,51,0,51
1972,Qtr 3,September,13,13/09/1972,Nepal,Douglas,Douglas C 479N,Near Dhulikhel Nepal,Force Air Nepalese Royal - Military,31,31,0,31
1930,Qtr 1,January,10,10/01/1930,Nebraska,Boeing,Boeing 95NC184E,Brawnson Nebraska,Transport Air Boeing,1,1,0,1
1944,Qtr 3,August,3,03/08/1944,Nebraska,Douglas,Douglas C 47A,Naper Nebraska,Forces Air Army U.S. - Military,28,28,0,28
1966,Qtr 3,August,6,06/08/1966,Nebraska,BAC,BAC One Eleven 203AEN1553,Near Falls City Nebraska,Airlines Braniff,42,42,0,42
1928,Qtr 1,February,26,26/02/1928,Nebraska,Boeing,Boeing 40NC280,Marquette Nebraska,Transport Air Boeing,2,1,0,1
1980,Qtr 2,June,12,12/06/1980,Nebraska,Swearingen,Swearingen 226TC Metro IIN6505,Valley Nebraska,Wisconsin Air,15,13,0,13
1935,Qtr 3,August,15,15/08/1935,Near,Lockheed,Lockheed Orion 9E Explorer float planeNR12283,Walakpa near,Alaska         Barrow Point Private,2,2,0,2
1992,Qtr 1,January,20,20/01/1992,Near,Airbus,Airbus A320 111F,Mt. Saint-Odile near,France          Strasbourg Air Inter,96,87,0,87
1967,Qtr 2,June,3,03/06/1967,Near,Douglas,Douglas C54AG APYK,Mt. Canigou near,France          Roussillon Air Ferry Ltd,88,88,0,88
1952,Qtr 3,July,18,18/07/1952,Near,Fairchild,Fairchild packet (C119 flying boxcar),Whiting Field near,Florida          Milton Military - Navy,46,41,0,41
1994,Qtr 4,October,12,12/10/1994,Near,Fokker,Fokker F 28 Fellowship 1000EP,Krakas Mountains near,Iran          Natanz Iran Asseman Airlines,66,66,0,66
2013,Qtr 2,June,25,25/06/2013,Near,MI,MI 172 V5 helicopter,Gaurikund near,Uttarakhand State          Kedarnath,20,20,0,20
1980,Qtr 1,January,21,21/01/1980,Near,Boeing,Boeing B 727,Elburz Mtns. near,Iran          Tehran Iran Air,128,128,0,128
1981,Qtr 4,December,1,01/12/1981,Near,McDonnell,McDonnell Douglas MD 81YU,Mt. San Pietro near,Corsica          Ajaccio,180,180,0,180
1932,Qtr 3,July,16,16/07/1932,Near,Ford,Ford 5 AT,Mount El Plomo near,Chile          Vitacura Panagra,9,9,0,9
1951,Qtr 2,June,30,30/06/1951,Near,Douglas,Douglas DC 6BN37543,Rocky Mountain Nat. Park near,Colorado         Collins Ft. United Air Lines,50,50,0,50
1997,Qtr 4,October,12,12/10/1997,Near,Rutan,Rutan Long EZ (experimental aircraft)N555JD,Monterey Bay near,California         Grove Pacific Private,1,1,0,1
1985,Qtr 3,August,12,12/08/1985,Near,Boeing,Boeing B 747,Mt. Osutaka near,Japan         Village Ueno Japan Air Lines,524,520,0,520
1988,Qtr 3,July,3,03/07/1988,Near,Airbus,Airbus A300B2 203EP,Over the Persian Gulf near,Iran         Abbas Bandar Iran Air,290,290,0,290
2015,Qtr 3,September,5,05/09/2015,Near,Hawker,Hawker Siddeley HS 1256V,Off Dakar Near,Senegal          Dioubel Senegalair,7,7,0,7
1951,Qtr 2,April,6,06/04/1951,Near,Douglas,Douglas DC 3N63439,Refugio Pass near,California         Barbara Santa Southwest Airways,22,22,0,22
1977,Qtr 4,December,4,04/12/1977,Near,Boeing,Boeing B 737,Straits of Johore near,Malaysia         Ladang Kampung Malaysia Airlines,100,100,0,100
1929,Qtr 3,September,3,03/09/1929,Near,Ford,Ford 5 AT,Mt. Taylor near,New Mexico          Grants Trans Continental Air Transport,8,8,0,8
1965,Qtr 4,November,8,08/11/1965,Near,Boeing,Boeing B 727,Cincinnati Airport near,Kentucky          Covington American Airlines,62,58,0,58
1942,Qtr 1,February,15,15/02/1942,Near,Consolidated,Consolidated LiberatorG AGDR,English Channel near,England          Plymouth British Overseas Airways,9,9,0,9
1965,Qtr 3,August,16,16/08/1965,Near,Boeing,Boeing B 727,Lake Michigan near,Illinois          Chicago United Air Lines,30,30,0,30
1970,Qtr 4,October,2,02/10/1970,Near,Martin,Martin 404N464M,Mt. Trelease near,Colorado         Plume Silver Charter,40,32,0,32
1948,Qtr 1,January,30,30/01/1948,NE,Avro,Avro 688 Tudor IG AHNP,Atlantic Ocean NE,Airways American South BermudaBritish of,31,31,0,31
2006,Qtr 2,June,21,21/06/2006,Napal,de Havilland,de Havilland Canada DHC 6 Twin Otter 3009N,Jumla Napal,Airlines Yeti,9,9,0,9
2013,Qtr 4,November,29,29/11/2013,Namibia,Embraer,Embraer ERJ 190ARC9,Bwabwata National Park Nambia,Airline Mozambique,33,33,0,33
2003,Qtr 2,June,26,26/06/2003,Namibia,Cessna,Cessna 208B Grand CaravanV5 CAS,Near Rooisand Desert Ranch Namibia,Aviation Comvac,4,4,0,4
1952,Qtr 1,February,28,28/02/1952,N/A,Douglas,Douglas DC 3APP,Uberlandia,Brasil do BrazilPanair,8,8,0,8
1935,Qtr 4,October,9,09/10/1935,N/A,Junkers,Junkers F 13OH,Gulf of FinlandAero O-Y,N/A,6,6,0,6
1942,Qtr 4,October,30,30/10/1942,N/A,Handley,Handley Page HP 57 HalifaxW7773,NorwayMilitary - Royal Air Force,N/A,10,10,0,10
1926,Qtr 4,October,21,21/10/1926,N/A,Handley,Handley Page W 10G,English ChannelImperial Airways,N/A,12,0,0,0
1964,Qtr 1,March,8,08/03/1964,N/A,Douglas,Douglas DC 3N410D,Near Chicago IllinoisSnow Valley Ski Lines,N/A,30,1,0,1
1947,Qtr 3,August,6,06/08/1947,N/A,Consolidated,Consolidated PBY 5A Catalina34032,North Pacific OceanMilitary - U.S. Navy,N/A,20,20,0,20
1956,Qtr 4,October,16,16/10/1956,N/A,Boeing,Boeing  377 StratocruiserN90943,Over the Pacific OceanPan American World Airways,N/A,31,0,0,0
1966,Qtr 3,July,15,15/07/1966,N/A,Lockheed,Lockheed C 130B Hercules24142,PakistanMilitary - Pakistan Air Force,N/A,10,10,0,10
1995,Qtr 3,September,15,15/09/1995,N/A,Fokker,Fokker 509M MGH,Tawau,Airlines MalaysiaMalaysia,53,34,0,34
1927,Qtr 4,November,16,16/11/1927,N/A,Junkers,Junkers F 13K,Over the Gulf of FinlandAero O-Y,N/A,6,6,0,6
1963,Qtr 3,September,2,02/09/1963,N/A,Curtiss,Curtiss C 46 Commando,Northeast Laos?,N/A,16,15,0,15
1963,Qtr 1,February,8,08/02/1963,N/A,Antonov,Antonov AN 10ACCCP,Syktyvkar,N/A,7,7,0,7
1946,Qtr 4,November,16,16/11/1946,N/A,Douglas,Douglas C 47,North Pacific OceanMilitary - U.S. Army Air Forces,N/A,23,23,0,23
1979,Qtr 3,September,14,14/09/1979,N/A,McDonnell,McDonnell Douglas DC 9,Near Sarroch,Italiani Transporti ItalyAero,31,31,0,31
1952,Qtr 2,June,13,13/06/1952,N/A,Douglas,Douglas DC 379001,Baltic SeaSwedish Air Force,N/A,8,8,0,8
1956,Qtr 4,October,28,28/10/1956,N/A,Curtiss,Curtiss C 46SU,Over the Mediterranean SeaMilitary - Egyptian Air Force,N/A,16,16,0,16
1958,Qtr 2,April,21,21/04/1958,N/A,Douglas,Douglas DC 7 / F,Near Sloan 10,Nevada      Vegas Las of SW miles United Air Lines / Military - U.S. Air Force,49,49,0,49
1948,Qtr 3,July,16,16/07/1948,N/A,Consolidated,Consolidated OA 10 CatalinaVR,Pacific Ocean between Hong Kong and MacaoCathay Pacific Airways,N/A,26,25,0,25
1926,Qtr 2,May,31,31/05/1926,N/A,Breguet,Breguet 14F ADAI,English ChannelAir Union,N/A,1,1,0,1
2014,Qtr 1,January,20,20/01/2014,N/A,Britten,Britten Norman BN 2A,Near Petreasa RomaniaScoala Superioara de Aviatie Civla,N/A,7,2,0,2
1944,Qtr 4,October,10,10/10/1944,N/A,Junkers,Junkers JU 52/3mD,BosniaDeutsche Lufthansa,N/A,7,7,0,7
1941,Qtr 1,January,10,10/01/1941,N/A,Savoia,Savoia  Marchetti SM,Mediterranean SeaLATI,N/A,16,16,0,16
1963,Qtr 2,June,3,03/06/1963,N/A,Douglas,Douglas DC 7CFN290,Pacific Ocean 116,Alaska      Island Annette of WSW miles Northwest Orient Airlines,101,101,0,101
1944,Qtr 4,December,3,03/12/1944,N/A,Avro,Avro 683 LancasterCF CMU,Atlantic OceanTrans-Canada Air Lines,N/A,5,5,0,5
1994,Qtr 1,March,17,17/03/1994,N/A,Lockheed,Lockheed Hercules C 1305,Near NagMilitary - Iranian Air Force,N/A,32,32,0,32
1931,Qtr 4,December,9,09/12/1931,N/A,Cams,CAMS 56F AIOX,Off AlgiersAeropostale,N/A,2,2,0,2
1927,Qtr 3,September,17,17/09/1927,N/A,Fokker,Fokker F7NX703,Atlantic OceanPrivate,N/A,3,3,0,3
1939,Qtr 1,January,21,21/01/1939,N/A,Shorts,Short S 23 (flying boat)G,Atlantic Ocean between N.Y. and BermudaImperial Airways,N/A,13,3,0,3
1965,Qtr 1,January,22,22/01/1965,N/A,Douglas,Douglas C 124C52,Mt. Helmos. GreeceMilitary - U.S. Air Force,N/A,10,10,0,10
2014,Qtr 1,March,8,08/03/2014,N/A,Boeing,Boeing 777 2009M,South Indian OceanMalaysia Airlines,N/A,239,239,0,239
1994,Qtr 4,November,22,22/11/1994,N/A,Britten,Britten Norman BN 2A TrislanderP2,Papua New GuineaSouthwest Air,N/A,7,7,0,7
1965,Qtr 3,August,24,24/08/1965,N/A,Lockheed,Lockheed KC 130F149802,Hong KongMilitary - U.S. Marine Corps,N/A,72,59,0,59
1943,Qtr 2,April,4,04/04/1943,N/A,Lockheed,Lockheed C 56B LodestarG,North SeaBritish Overseas Airways,N/A,7,7,0,7
1984,Qtr 1,March,31,31/03/1984,N/A,Cessna,Cessna 402BN44NC,Off  BiminiState Airlines,N/A,6,6,0,6
1937,Qtr 2,June,20,20/06/1937,N/A,Travel,Travel Air 6000TI 3,?ENTA,N/A,6,6,0,6
1917,Qtr 1,March,30,30/03/1917,N/A,Schutte,Schutte  Lanz S,Off Northern GermanyMilitary - German Navy,N/A,23,23,0,23
1943,Qtr 2,June,1,01/06/1943,N/A,Douglas,Douglas DC 3G,Off the coast of FranceBritish Overseas Airways,N/A,17,17,0,17
1944,Qtr 4,December,15,15/12/1944,N/A,UC,UC  64A Noorduyn Norseman44,English ChannelMilitary - U.S. Army Air Forces,N/A,3,3,0,3
1995,Qtr 3,July,17,17/07/1995,N/A,de Havilland,de Havilland Canada DHC 6 Twin Otter 300PK,Bintuni,Airlines Nusantara IndonesiaMerpati,18,1,0,1
1937,Qtr 2,June,2,02/06/1937,N/A,Sirkorsky,Sirkorsky S 43 (flying boat)2,Desertores Island Región de Los LagosFuerzs Aerea De Chile,N/A,9,9,0,9
1994,Qtr 2,April,14,14/04/1994,N/A,Sirkorsky,Sikorsky UH 60 / Sikorsky UH,Northern IraqMilitary - U.S. Army / Military U.S. Army,N/A,26,26,0,26
1952,Qtr 2,April,30,30/04/1952,N/A,Douglas,Douglas DC 3VT,Delhi,Airways IndiaDeccan,9,9,0,9
1964,Qtr 1,March,28,28/03/1964,N/A,Douglas,Douglas C 54A,North Pacific OceanPrivate - Facilities Management Co.,N/A,9,9,0,9
1940,Qtr 4,November,27,27/11/1940,N/A,Farman,Farman F 224F,Mediterranean SeaAir France,N/A,6,6,0,6
1943,Qtr 3,July,4,04/07/1943,N/A,Consolidated,Consolidated Liberator B24 CA L,Gibraltar?,N/A,13,12,0,12
1943,Qtr 1,January,18,18/01/1943,N/A,Consolidated,Consolidated C 8741,Off the Brazilian coast,Forces Air Army U.S. - OceanMilitary Atlantic,26,26,0,26
1957,Qtr 3,September,18,18/09/1957,N/A,Convair,Convair CV 440,Montevideo,UruguayREAL,35,1,0,1
1994,Qtr 4,December,10,10/12/1994,N/A,Boeing,Boeing B 747,Pacific OceanPhilippine Air Lines,N/A,293,1,0,1
1947,Qtr 1,January,25,25/01/1947,N/A,Douglas,Douglas C 47API,Hong KongPhilippine Air Lines,N/A,4,4,0,4
1957,Qtr 1,March,22,22/03/1957,N/A,Boeing,Boeing C 97C50,Over the North Pacific OceanMilitary - U.S. Air Force,N/A,67,67,0,67
1943,Qtr 2,June,8,08/06/1943,N/A,Douglas,Douglas C 47 Skytrain (DC,Noumea,Navy US - CaledoniaMilitary New,23,23,0,23
1982,Qtr 2,April,30,30/04/1982,N/A,Sirkorsky,Sikorsky S 76C,Gulf of ThailandOkanagan Helicopters,N/A,13,13,0,13
2009,Qtr 2,June,1,01/06/2009,N/A,Airbus,Airbus A330 203F,Atlantic Ocean 570,Brazil       Natal of northeast miles Air France,228,228,0,228
1960,Qtr 3,July,10,10/07/1960,N/A,Douglas,Douglas DC 3VT,Persian GulfGulf Aviation (Kalinga Airways),N/A,20,20,0,20
1946,Qtr 2,April,30,30/04/1946,N/A,Douglas,Douglas C 47A FZ559,Pindi-Khut  -,Force Air Royal,12,12,0,12
1960,Qtr 2,April,14,14/04/1960,N/A,Douglas,Douglas DC 4,Taipei -,Force Air Thai Royal,18,18,0,18
1923,Qtr 4,December,23,23/12/1923,N/A,Zeppelin,Zeppelin Dixmunde (airship)L 72,Over the Mediterranean SeaMilitary - French Navy,N/A,52,52,0,52
1931,Qtr 1,February,24,24/02/1931,N/A,Latecoere,Latecoere 32F AITX,Off SpainAeropostale,N/A,3,1,0,1
1936,Qtr 3,September,25,25/09/1936,N/A,Boulton,Boulton and Paul P 71G,English ChannelImperial Airways,N/A,2,2,0,2
1982,Qtr 2,May,19,19/05/1982,N/A,Westland,Westland Sea King HC 4 (helicopter)ZA,South Atlantic OceanMilitary - Royal British Navy,N/A,30,21,0,21
1924,Qtr 2,April,24,24/04/1924,N/A,Fokker,Fokker F.IIIH NABS,Over the English ChannelKLM Royal Dutch Airlines,N/A,3,3,0,3
1936,Qtr 3,August,3,03/08/1936,N/A,Lockheed,Lockheed 9 OrionXA BAY,Ciudad Serdan,N/A,1,1,0,1
1924,Qtr 3,August,1,01/08/1924,N/A,de Havilland,De Havilland DH 4297,United StatesUS Aerial Mail Service,N/A,1,1,0,1
1982,Qtr 3,August,11,11/08/1982,N/A,Boeing,Boeing B 747,Pacific OceanPan American World Airways,N/A,285,1,0,1
1981,Qtr 1,February,26,26/02/1981,N/A,Lockheed,Lockheed MC 130E,Off Tabones Island  PhilippinesMilitary - U.S. Air Force,N/A,24,23,0,23
1945,Qtr 4,November,11,11/11/1945,N/A,Douglas,Douglas C 54,HimalayasMilitary - U.S. Army,N/A,44,44,0,44
1951,Qtr 2,May,18,18/05/1951,N/A,Douglas,Douglas DC 3PP,Rancharia,BrazilVASP,7,7,0,7
1997,Qtr 4,December,28,28/12/1997,N/A,Boeing,Boeing B 747,Over the Pacific OceanUnited Air Lines,N/A,393,1,0,1
1960,Qtr 1,March,17,17/03/1960,N/A,Lockheed,Lockheed 188C ElectraN121US,Near Cannelton 10,Indiana      City Tell of SE mile Northwest Orient Airlines,63,63,0,63
1959,Qtr 2,June,1,01/06/1959,N/A,Curtiss,Curtiss C 46TI,NicaraguaAerolineas Nacionales,N/A,60,60,0,60
1998,Qtr 3,September,2,02/09/1998,N/A,Antonov,Antonov AN 26RA,AngolaPermaviatrans,N/A,24,24,0,24
1923,Qtr 4,November,18,18/11/1923,N/A,Junkers,Junkers F 13D,RussiaCCCP,N/A,5,3,0,3
1944,Qtr 4,October,17,17/10/1944,N/A,Junkers,Junkers JU 52/3mD,Komarom,Hungary Deutsche Lufthansa,9,1,0,1
1945,Qtr 4,November,15,15/11/1945,N/A,Douglas,Douglas C 47 Dakota,Near Jacquinot Bay  New GuineaMilitary - Royal Australian Air Force,N/A,28,28,0,28
1945,Qtr 4,December,5,05/12/1945,N/A,Five,Five Grumman TBM Avengers,Off the Florida coastMilitary - U.S. Navy,N/A,14,14,0,14
1982,Qtr 1,January,23,23/01/1982,N/A,McDonnell,McDonnell Douglas DC 10,Logan Airport,Massachusetts          Boston World Airways,212,2,0,2
1942,Qtr 1,February,28,28/02/1942,N/A,Shorts,Short S 23 (flying boat)G,Indian OceanBritish Overseas Airways,N/A,20,20,0,20
1951,Qtr 3,September,27,27/09/1951,N/A,Fairchild,Fairchild C 119C,Near Tachikawa Air BaseMilitary - US Air Force,N/A,14,14,0,14
1951,Qtr 4,October,15,15/10/1951,N/A,Boeing,Boeing C 97A Stratofreighter49,North AtlanticMilitary - U.S. Air Force,N/A,12,12,0,12
1936,Qtr 4,October,6,06/10/1936,N/A,Lockheed,Lockheed OrionXA BDH,Francisco Rueda,Mexico          Tabasco Mexicana,1,1,0,1
1960,Qtr 1,February,26,26/02/1960,N/A,Antonov,Antonov 10ACCCP 11180,Lvov-Snilow,UkraineAeroflot,33,32,0,32
1981,Qtr 3,July,24,24/07/1981,N/A,de Havilland,de Havilland Canada DHC 6 Twin Otter 3005R,MadagascarAir Madagascar,N/A,19,19,0,19
1959,Qtr 4,November,16,16/11/1959,N/A,Douglas,Douglas DC 7BN4891C,Gulf of MexicoNational Airlines,N/A,42,42,0,42
1999,Qtr 1,February,8,08/02/1999,N/A,Lockheed,Lockheed L 188A Electra9Q,Kinshasa,Karibu CongoAir Republic Democratic,7,7,0,7
1960,Qtr 1,January,10,10/01/1960,N/A,de Havilland,de Havilland Canada U 1A Otter55,Gulf of SirteMilitary - U.S. Army,N/A,10,10,0,10
2009,Qtr 3,July,3,03/07/2009,N/A,Mil,Mil Mi 17,Near,Pakistan          Peshawar Military - Pakistan Army,26,26,0,26
1961,Qtr 1,January,22,22/01/1961,N/A,Lockheed,Lockheed WV 2 Super ConstellationBU143193,Midway Island Naval Air StationMilitary - U.S. Navy,N/A,22,6,3,9
1931,Qtr 4,October,14,14/10/1931,N/A,Dornier,Dornier WalP BALSA,BrazilSyndicato Condor,N/A,3,3,0,3
1946,Qtr 3,September,25,25/09/1946,N/A,Douglas,Douglas C 47B,Near Hong Kong International AirportMilitary - Royal Air Force,N/A,19,19,0,19
1980,Qtr 1,January,2,02/01/1980,N/A,Britten,Britten Norman BN IslanderHH CNC,HaitiHaïti Air Inter,N/A,9,9,0,9
1980,Qtr 1,January,11,11/01/1980,N/A,Cessna,Cessna 441 ConquestN442NC,Over the Atlantic OceanPrivate charter,N/A,2,2,0,2
1962,Qtr 2,April,19,19/04/1962,N/A,Douglas,Douglas C 47,Near Hong KongMilitary - U.S. Air Force,N/A,16,15,0,15
1958,Qtr 3,September,2,02/09/1958,N/A,Douglas,Douglas C 124C Globemaster52,Off GuamMilitary - U.S. Air Force,N/A,19,19,0,19
1980,Qtr 1,January,23,23/01/1980,N/A,CASA,CASA 212 Aviocar 100PK PCX,Mt. Cemonyet,Service Air IndonesiaPelita,13,13,0,13
1958,Qtr 3,August,14,14/08/1958,N/A,Lockheed,Lockheed 1049H Super ConstellationPH LKM,North Atlantic Ocean 100,Ireland      Bay Galway of W miles KLM Royal Dutch Airlines,99,99,0,99
1942,Qtr 3,September,24,24/09/1942,N/A,Shorts,Short S 30 (flying boat)G,Off West AfricaBritish Overseas Airways,N/A,19,19,0,19
1962,Qtr 4,November,23,23/11/1962,N/A,Douglas,Douglas C 54D7502,Sao Tomé & PrincipeMilitary - Portuguese Air Force,N/A,37,23,0,23
2014,Qtr 4,December,28,28/12/2014,N/A,Airbus,Airbus A 320,Java SeaAirAsia,N/A,162,162,0,162
1913,Qtr 3,September,9,09/09/1913,N/A,Zeppelin,Zeppelin L 1 (airship),Over the North SeaMilitary - German Navy,N/A,20,14,0,14
1936,Qtr 1,February,10,10/02/1936,N/A,Latecoere,Latecoere 301 (flying boat)F ANLE,Atlantic OceanAir France,N/A,6,6,0,6
1936,Qtr 1,February,15,15/02/1936,N/A,Dornier,Dormier Do J,South Atlantic OceanDeutsche Lufthansa,N/A,4,4,0,4
1958,Qtr 2,June,10,10/06/1958,N/A,Douglas,Douglas DC 6LV,Ilha Grande Rio de JaneiroAerolenas Argentinas,N/A,22,0,0,0
1962,Qtr 3,September,23,23/09/1962,N/A,Lockheed,Lockheed 1049H 82 Super ConstellationN6923C,North Atlantic OceanFlying Tiger Line,N/A,76,28,0,28
1962,Qtr 3,September,20,20/09/1962,N/A,Douglas,Douglas C 47 SkytrainUN,Kamunza-Goi,Nations KatangaUnited,10,2,0,2
1962,Qtr 1,March,20,20/03/1962,N/A,Nord,Nord 2501 Noratlas204,AlgeriaMilitary - French Air Force,N/A,11,11,0,11
1997,Qtr 3,July,18,18/07/1997,N/A,de Havilland,de Havilland Canada DHC 6 Twin Otter 300P2,Goroka,Services Air GuineaGoroka New,4,2,0,2
1951,Qtr 1,March,23,23/03/1951,N/A,Douglas,Douglas C 124A Globemaster49,Over the North AtlanticMilitary - U.S. Air Force,N/A,53,53,0,53
2008,Qtr 4,December,15,15/12/2008,N/A,Britten,Britten Norman BN 2A Trislander Mk3N650LP,Off Turks and Caicos IslandsAlantis Aviation,N/A,12,12,0,12
2009,Qtr 1,January,4,04/01/2009,N/A,Sirkorsky,Sikorsky S 76C++N748P,Near Houma LouisianaPetroleum Helicopters Inc,N/A,9,8,0,8
1961,Qtr 2,May,29,29/05/1961,N/A,Handley,Handley Page Hastings C 2WD497,SingaporeMilitary - Royal Air Force,N/A,13,13,0,13
1946,Qtr 2,June,29,29/06/1946,N/A,Douglas,Douglas C 47BKJ918,Off MalayaMilitary - Royal Air Force,N/A,18,18,0,18
1958,Qtr 4,November,9,09/11/1958,N/A,Martin,Martin MarinerCS THB,North Atlantic OceanARTOP Aerotopografica LDA,N/A,36,36,0,36
1982,Qtr 4,November,17,17/11/1982,N/A,Bell,Bell 212B 2311,Off TaiwanFar Eastern Air Transport,N/A,15,15,0,15
1946,Qtr 3,July,20,20/07/1946,N/A,Boeing,Boeing B 17G / Boeing B,Off the Panama coastMilitary -  (2) U.S. Army Air Forces,N/A,20,20,0,20
1958,Qtr 3,September,29,29/09/1958,N/A,Avro,Avro 685 York IOD ADB,Over the Mediterranean SeaMiddle East Airlines,N/A,5,5,0,5
1961,Qtr 4,November,23,23/11/1961,N/A,Douglas,Douglas C 54 Skymaster,Sao ToméMilitary - Força Aérea Portuguesa,N/A,35,21,0,21
1997,Qtr 1,February,4,04/02/1997,N/A,Sirkorsky,Sikorsky CH53D / Sikorsky CH53D357 / 903,Northern IsraelMilitary - Israel Air Force /Military -  Israel Air Force,N/A,73,73,0,73
1983,Qtr 1,March,11,11/03/1983,N/A,McDonnell,McDonnell Douglas DC 9,Barquisimeto VenezuelaAvensa,N/A,50,23,0,23
1942,Qtr 3,August,21,21/08/1942,N/A,Siebel,Siebel Si 204,?Deutsche Lufthansa,N/A,4,4,0,4
1980,Qtr 2,June,27,27/06/1980,N/A,McDonnell,McDonnell Douglas DC 9,Tyrrhenian Sea,Italy         Ustica off Itavia,81,81,0,81
1961,Qtr 4,November,11,11/11/1961,N/A,Lockheed,Lockheed L 749A ConstellationHH,Off Puerto RicoAir Haiti International,N/A,3,3,0,3
1942,Qtr 3,August,22,22/08/1942,N/A,Lockheed,Lockheed 14 ElectraPJ AIP,TrinidadKLM Royal Dutch Airlines,N/A,13,13,0,13
1943,Qtr 4,November,5,05/11/1943,N/A,Shorts,Short Sunderland 3G AGIB,Eastern LibyaBritish Overseas Airways,N/A,19,19,0,19
1941,Qtr 2,June,21,21/06/1941,N/A,Mitsubishi,Mitsubishi MC 20M,Sea of JapanManchurian Air Lines,N/A,18,18,0,18
1955,Qtr 1,March,26,26/03/1955,N/A,Boeing,Boeing 377 Stratocruiser 10 26N1032V,Off the Oregon coastPan American World Airways,N/A,23,4,0,4
2016,Qtr 2,May,19,19/05/2016,N/A,Airbus,Airbus A320 232SU,175 miles off the Egyptian coastEgyptAir,N/A,66,66,0,66
1985,Qtr 3,September,22,22/09/1985,N/A,Antonov,Antonov AN 12,AfghanistanMilitary - Soviet Air Force,N/A,26,26,0,26
1970,Qtr 1,February,19,19/02/1970,N/A,Douglas,Douglas DC 39Q,CongoAir Congo,N/A,17,17,0,17
1970,Qtr 2,April,28,28/04/1970,N/A,de Havilland,de Havilland Canada DHC 6 Twin Otter 100VH,Kainatu,Airlines Australia GuineaTrans New,11,8,0,8
1977,Qtr 1,January,13,13/01/1977,N/A,Tupolev,Tupolev TU 104ACCCP,Near Alma Ata,USSRAeroflot          Kazakastan,90,90,0,90
1975,Qtr 4,November,3,03/11/1975,N/A,Bell,Bell 212N90057,Gulf of MexicoPetroleum Helicopter,N/A,9,9,0,9
1928,Qtr 4,November,15,15/11/1928,N/A,Latecoere,Latecoere 32F AISN,Off GibraltarAeropostale,N/A,3,1,0,1
1976,Qtr 4,November,5,05/11/1976,N/A,Douglas,Douglas DC 3HP,Atlantic OceanInair Panama,N/A,2,2,0,2
1941,Qtr 2,June,3,03/06/1941,N/A,de Havilland,de Havilland DH 84 DragonG,Atlantic OceanGreat Western and Southern Air Lines,N/A,6,6,0,6
1939,Qtr 2,June,20,20/06/1939,N/A,de Havilland,de Havilland DH.89 Dragon RapideG AERE,Forest-in-Teesdale. United Kingdom British American Air Services,N/A,3,3,0,3
1945,Qtr 2,June,30,30/06/1945,N/A,Boeing,Boeing TB 29A Super Fortress44,TexasMilitary - U.S. Air Force,N/A,12,12,0,12
1988,Qtr 4,December,10,10/12/1988,N/A,Antonov,Antonov AN 32,AfghanistanMilitary - Afghan Republican Air Force,N/A,25,25,0,25
1970,Qtr 3,July,18,18/07/1970,N/A,Antonov,Antonov AN 22CCCP,North Atlantic OceanMilitary - Soviet Air Force,N/A,23,23,0,23
2022,Qtr 2,May,29,29/05/2022,N/A,de Havilland,de Havilland Canada DHC 6 Twin Otter 3009N,Near Lete PassTara Air,N/A,22,22,0,22
1939,Qtr 3,September,26,26/09/1939,N/A,Douglas,Douglas DC 3PH,North SeaKLM Royal Dutch Airlines,N/A,20,1,0,1
1950,Qtr 2,June,5,05/06/1950,N/A,Curtiss,Curtiss C 46,Atlantic Ocean off FloridaWestair Transport,N/A,65,28,0,28
2003,Qtr 2,June,4,04/06/2003,N/A,EMB,EMB 721C SertanejoPT EPH,Near Oiapoque,Taxi Air Zero Marco - Taxi BrazilAir,5,5,0,5
1991,Qtr 1,March,23,23/03/1991,N/A,Antonov,Antonov AN 24BCCCP,Navoi,UzbekistanAeroflot,63,34,0,34
1969,Qtr 4,October,2,02/10/1969,N/A,Grumman,Grumman C 2A152796,Gulf of TonkinMilitary - U.S. Navy,N/A,26,26,0,26
1934,Qtr 4,October,2,02/10/1934,N/A,de Havilland,de havilland 89 Dragon RapideG ACPM,English ChannelHillman's Airways,N/A,7,7,0,7
2016,Qtr 4,October,24,24/10/2016,N/A,Swearingen,Swearingen SA277 AT ExpditerN577MX,Malta International AirportAE Aviation,N/A,5,5,0,5
1948,Qtr 2,June,10,10/06/1948,N/A,de Havilland,de Havilland DH 89A Dragon RapideG,Isle of ManHargreaves Airways,N/A,8,6,0,6
1953,Qtr 3,July,12,12/07/1953,N/A,Douglas,Douglas DC 6AN90806,Pacific Ocean 325,Lines Air IslandTransocean Wake of east miles,58,58,0,58
1929,Qtr 2,May,22,22/05/1929,N/A,Cams,Cams 53F AISX,AlgiersAeropostale,N/A,6,4,0,4
1940,Qtr 3,July,7,07/07/1940,N/A,de Havilland,Dewoitine D 338F,Gulf of TonkinAir France,N/A,4,4,0,4
1977,Qtr 1,January,20,20/01/1977,N/A,Bristol,Bristol 170 Freighter 31MC FWAD,?North Canada Air,N/A,2,1,0,1
1945,Qtr 3,July,4,04/07/1945,N/A,Consolidated,Consolidated LB 30A LiberatorJT982,North Atlantic OceanMilitary -Royal Air Force,N/A,15,15,0,15
1988,Qtr 3,August,15,15/08/1988,N/A,Antonov,Antonov AN 22,Northern AfghanistanMilitary - Afghan Republican Air Force,N/A,39,39,0,39
1918,Qtr 2,April,7,07/04/1918,N/A,Zeppelin,Zeppelin L 59 (airship),Over the MediterraneanMilitary - German Navy,N/A,23,23,0,23
1973,Qtr 2,April,10,10/04/1973,N/A,Vickers,Vickers Vanguard 952G AXOP,Near Basel,(UK) Airlines International SwitzerlandInvicta,145,108,0,108
1970,Qtr 1,January,12,12/01/1970,N/A,Douglas,Douglas C 47,Near Villia GreeceMilitary - Royal Hellenic Air Force,N/A,27,23,0,23
1976,Qtr 2,April,23,23/04/1976,N/A,Bell,Bell 205 A 1 helicopterN8167J,Gulf of MexicoPetroleum Helicopter,N/A,12,12,0,12
2005,Qtr 1,January,13,13/01/2005,N/A,Antonov,Antonov AN 2RA,Tura,Russia Tura Air Enterprise,9,9,0,9
1933,Qtr 1,January,10,10/01/1933,N/A,Cams,CAMS 53F AISV,AlgiersAeropostale,N/A,3,1,0,1
1939,Qtr 4,December,18,18/12/1939,N/A,Junkers,Junkers JU 52M,South of GibraltarIberia Airlines,N/A,9,9,0,9
1939,Qtr 4,December,21,21/12/1939,N/A,Lockheed,Lockheed 14 Super ElectraG AFYU,Off Malta-LuqaBritish Airways,N/A,8,5,0,5
1929,Qtr 1,January,31,31/01/1929,N/A,Latecoere,"Latecoere 26F AIMU
F",Off MoroccoAeropostale,N/A,2,2,0,2
1972,Qtr 2,May,8,08/05/1972,N/A,Douglas,Douglas C 47BYV,VenezuelaAerotechnia,N/A,7,7,0,7
1945,Qtr 2,April,27,27/04/1945,N/A,Lockheed,Lockheed 18 LodestarNC33328,Washington D.C.Page Airways,N/A,13,6,0,6
1944,Qtr 1,February,20,20/02/1944,N/A,Douglas,Douglas C 4775,ChinaChina National Aviation Corporation,N/A,2,2,0,2
1954,Qtr 3,August,12,12/08/1954,N/A,Douglas,Douglas DC 3F,VietnamAutrex,N/A,3,3,0,3
1944,Qtr 1,March,22,22/03/1944,N/A,Consolidated,Consolidated B 24 Liberator,New GuineaMilitary - U.S. Army,N/A,21,21,0,21
1972,Qtr 4,October,16,16/10/1972,N/A,Cessna,Cessna 310CN1812H,Off the Alaska coastPrivate,N/A,4,4,0,4
1938,Qtr 1,February,13,13/02/1938,N/A,Cant,Cant Z 506I,Mediterranean SeaAla Littoria SA,N/A,14,14,0,14
1972,Qtr 2,June,18,18/06/1972,N/A,Hawker,Hawker Siddeley Trident 1CG ARPI,London Heathrow,Surrey          Staines,118,118,0,118
1976,Qtr 1,March,2,02/03/1976,N/A,IAI,IAI Arava 201TAM 76,Southeastern BoliviaTAM (Bolivia),N/A,22,19,0,19
1989,Qtr 2,June,28,28/06/1989,N/A,Hawker,Hawker Siddeley HS 748,Yaounde,Airlines CameroonCameroon,47,3,0,3
1950,Qtr 1,February,2,02/02/1950,N/A,Douglas,Douglas DC 3PH,North SeaKLM Royal Dutch Airlines,N/A,7,7,0,7
2003,Qtr 3,July,23,23/07/2003,N/A,Bell,Bell 206BN37741,Waialeale,Hawaii Jack Harter Helicopters,5,5,0,5
1934,Qtr 2,May,9,09/05/1934,N/A,Wibault,Wibault 282TF AMHP,English ChannelAir France,N/A,6,6,0,6
1972,Qtr 4,December,3,03/12/1972,N/A,Convair,Convair CV 990,Tenerife,IslandsSpantax Canary,155,155,0,155
1929,Qtr 2,May,18,18/05/1929,N/A,Fokker,Fokker F IIIH,Tököl,HungaryMALERT Pest,2,2,0,2
1940,Qtr 1,March,1,01/03/1940,N/A,Handley,Handley Page HP 42G,Gulf of OmanImperial Airways,N/A,8,8,0,8
1945,Qtr 2,June,15,15/06/1945,N/A,Douglas,Douglas C 4781,ChinaChina National Aviation Corporation,N/A,3,3,0,3
1990,Qtr 1,March,23,23/03/1990,N/A,Antonov,Antonov AN 26CU,Santiago de CubaCubana de Aviacion,N/A,46,4,0,4
1922,Qtr 1,March,22,22/03/1922,N/A,Aeromarine,Aeromarine Model 85 (flying boat),North Atlantic OceanAero Limited,N/A,6,5,0,5
1970,Qtr 4,December,31,31/12/1970,N/A,Fokker,Fokker F 27 Friendship 200 AP,Near Shemshernagar,Airlines International PakistanPakistan,35,7,0,7
1989,Qtr 3,September,28,28/09/1989,N/A,Antonov,Antonov An 32CCCP,Semyonovka,N/A,9,9,0,9
1989,Qtr 4,November,23,23/11/1989,N/A,Mil,Mil Mi 4 / Mil Mi,AlbaniaMilitary - People's Army/ Military - Peoples Air Force,N/A,24,24,0,24
1989,Qtr 3,September,21,21/09/1989,N/A,Mil,Mil Mi 8 (helicopter),"Centeral Afghanistan
AfghanistanMilitary - Afghan Republican Air Force",N/A,26,26,0,26
1989,Qtr 3,September,26,26/09/1989,N/A,Swearingen,Swearingen SA.227AC Metro IIIC GSLB,Terrace,Airlines CanadaSkylink,7,7,0,7
1971,Qtr 2,June,13,13/06/1971,N/A,Boeing,Boeing   EC,North Pacific OceanMilitary - U.S. Air Force,N/A,24,24,0,24
1955,Qtr 1,February,23,23/02/1955,N/A,Douglas,Douglas DC 3VP,Salisbury,Airways African ZimbabweCentral,26,1,0,1
2012,Qtr 4,October,7,07/10/2012,N/A,Britten,Britten  Norman BN,AntiguaFly Montserrat,N/A,4,3,0,3
1989,Qtr 4,December,30,30/12/1989,N/A,Cessna,Cessna 207 / Cessna 207ZK DAX / ZK,Milford SoundAir Fiordland,N/A,5,5,0,5
1950,Qtr 2,June,23,23/06/1950,N/A,Douglas,Douglas DC 4N95425,Lake Michigan 18,Michigan       Harbor Benton of NNW Northwest Orient Airlines,58,58,0,58
1974,Qtr 1,February,23,23/02/1974,N/A,Curtiss,Curtiss C 46A,San Francisco de Moxos,BoliviaSAVCO,7,7,0,7
2006,Qtr 3,July,27,27/07/2006,N/A,Mil,Mil Mi 8,AfghanistanAfghan Army,N/A,17,17,0,17
1956,Qtr 2,June,13,13/06/1956,N/A,Douglas,Douglas DC 3,Over North CarolinaPiedmont,N/A,0,1,0,1
2003,Qtr 4,October,3,03/10/2003,N/A,EMB,EMB 721C SertanejoPT EBK,Sao Gabriel de CachoeriaAir taxi - Rumo Notre Air Taxi,N/A,4,4,0,4
1987,Qtr 4,December,30,30/12/1987,N/A,de Havilland,de Havilland Canada DHC 6 Twin Otter 300PK,Pacific OceanMerpati Nasantara Airlines,N/A,17,17,0,17
1921,Qtr 1,February,15,15/02/1921,N/A,Breguet,Breguet 14F ALBA,Off GibraltarAeropostale,N/A,2,2,0,2
1956,Qtr 1,March,31,31/03/1956,N/A,Douglas,Douglas C 47AL2,Korat  -,Force Air Thai Royal,19,19,0,19
1948,Qtr 1,February,20,20/02/1948,N/A,Douglas,Douglas C 47,Collesalvetti,Teseo Aerea ItalySocietà,10,7,0,7
1956,Qtr 1,January,12,12/01/1956,N/A,Douglas,Douglas C 47VH,Frederick Henry Bay,ANA AustraliaAnsett,2,1,0,1
1992,Qtr 3,July,24,24/07/1992,N/A,Vickers,Vickers Viscount 816PK RVU,Mt. Lalaboy,Airlines IndonesiaMandala,70,70,0,70
1938,Qtr 3,July,29,29/07/1938,N/A,Martin,Martin M 130 (flying boat)NC14714,Pacific Ocean between Manila and GuamPan American World Airways,N/A,15,15,0,15
1968,Qtr 3,July,18,18/07/1968,N/A,Curtiss,Curtiss C 46DCC,Off ChiliAerolineas Flecha Austral,N/A,5,5,0,5
1945,Qtr 1,January,14,14/01/1945,N/A,Douglas,Douglas C 4770,ChinaChina National Aviation Corporation,N/A,6,4,0,4
1937,Qtr 4,October,27,27/10/1937,N/A,de Havilland,Dewoitine D 333F,Off Western AfricaAir France,N/A,7,7,0,7
1947,Qtr 4,October,14,14/10/1947,N/A,Boeing,Boeing 314A NC18612,Ocean 800,Airways International NewfoundlandAmerican of east miles,69,0,0,0
1947,Qtr 4,November,27,27/11/1947,N/A,Douglas,Douglas DC 3,?China National Aviation Corporation,N/A,3,2,0,2
2006,Qtr 1,January,2,02/01/2006,N/A,British,British Aerospace BAe 125,Near KarkovEvolga,N/A,3,3,0,3
2013,Qtr 4,November,29,29/11/2013,N/A,Eurocopter,Eurocopter EC135 T2G SPAO,Glasgow ScotlandBond Air Services Ltd.,N/A,3,3,5,8
2000,Qtr 2,April,19,19/04/2000,N/A,Antonov,Antonov AN 8TL,Pepa  -,Airlines Centrafricain,24,24,0,24
1967,Qtr 4,October,9,09/10/1967,N/A,BAC,BAC One Eleven,Over the Carribean SeaLACSA,N/A,23,2,0,2
1987,Qtr 4,November,29,29/11/1987,N/A,Boeing,Boeing B 707,Over the Andaman SeaKorean Airlines,N/A,115,115,0,115
1987,Qtr 4,December,21,21/12/1987,N/A,Aerospatiale,Aerospatiale SA 330JN3596N,Eugene IslandAir Taxi - Petroleum Helicopters Inc.,N/A,15,15,0,15
1974,Qtr 2,June,8,08/06/1974,N/A,Vickers,Vickers Viscount 785DHK 1058,Monte San Isidro,TAO ColombiaAerolineas,44,44,0,44
1974,Qtr 4,December,1,01/12/1974,N/A,Boeing,Boeing B 727,Bear Mountain,New York          Thiells Northwest Orient Airlines,3,3,0,3
1967,Qtr 4,October,24,24/10/1967,N/A,Douglas,Douglas DC 3B,South VietnamChina Airlines (Taiwan),N/A,16,16,0,16
1944,Qtr 3,July,26,26/07/1944,N/A,Douglas,Douglas C 54A,North Atlantic OceanMilitary - U.S. Army Air Forces,N/A,26,26,0,26
1943,Qtr 3,August,27,27/08/1943,N/A,Douglas,Douglas DC 3SE,North SeaAB Aerotransport,N/A,7,7,0,7
1953,Qtr 3,August,5,05/08/1953,N/A,Convair,Convair B 3652,Off Irish coastMilitary - U.S. Air Force,N/A,23,19,0,19
1988,Qtr 1,February,1,01/02/1988,N/A,CASA,CASA 212 Aviocar 200FAP215,PanamaMilitary - Fuerza Aérea Panamena,N/A,16,16,0,16
1991,Qtr 3,September,29,29/09/1991,N/A,Curtiss,Curtiss C 46AHK,Near Villavicencio,Colombia ColombiaCORAL,10,1,0,1
1988,Qtr 2,June,18,18/06/1988,N/A,Mil,Mil Mi 8 (helicopter),Central MozambiqueMilitary - Mozambique Air Force,N/A,25,21,0,21
1940,Qtr 3,August,22,22/08/1940,N/A,Lockheed,Lockheed 10 Electra YU SBC,Gospic,Coatia Aeroput,11,11,0,11
1969,Qtr 1,March,8,08/03/1969,N/A,Douglas,Douglas DC 4N3821,Atlantic OceanContinental Air Transport,N/A,3,3,0,3
1985,Qtr 2,June,23,23/06/1985,N/A,Boeing,Boeing B 747,Atlantic Ocean 110,India IrelandAir of West miles,329,329,0,329
1929,Qtr 3,September,14,14/09/1929,N/A,Latecoere,Latecoere 25F AIUJ,North Atlantic OceanAeropostale,N/A,6,6,0,6
1973,Qtr 4,November,3,03/11/1973,N/A,McDonnell,McDonnell Douglas DC 10,Near Albuquerque,Airlines MexicoNational New,128,1,0,1
1950,Qtr 2,June,13,13/06/1950,N/A,Douglas,Douglas DC 4,Off BahrainAir France,N/A,52,46,0,46
1950,Qtr 2,June,14,14/06/1950,N/A,Douglas,Douglas DC 4F,BahrainAir France,N/A,53,40,0,40
1977,Qtr 2,June,21,21/06/1977,N/A,Lockheed,Lockheed EC 130Q156176,Off Wake IslandMilitary - U.S. Navy,N/A,16,16,0,16
1948,Qtr 2,April,24,24/04/1948,N/A,sunov,Lisnov Li 2CCCP,Near Irkutsk RussiaAeroflot,N/A,29,28,0,28
1944,Qtr 3,September,18,18/09/1944,N/A,Douglas,Douglas C 47A,AlaskaU. S. Air Force,N/A,19,19,0,19
1948,Qtr 2,April,18,18/04/1948,N/A,Lockheed,Lockheed Hudson IIIAVH ALA,Territory of New GuineaNew Guinea Air Traders,N/A,37,37,0,37
1977,Qtr 3,September,2,02/09/1977,N/A,Canadair,Canadair CL 44D4,Off Hong KongTransmeridian Air Cargo,N/A,4,4,0,4
2010,Qtr 3,September,4,04/09/2010,N/A,Fletcher,Fletcher FU 24,Fox Glacier AirstripSky Dive New Zealand,N/A,9,9,0,9
1928,Qtr 3,July,10,10/07/1928,N/A,Junkers,Junkers F 13K,Over the Gulf of FinlandAero O-Y,N/A,6,6,0,6
1934,Qtr 4,December,31,31/12/1934,N/A,Tupolev,Tupolev ANT 9,?Aeroflot,N/A,10,10,0,10
1933,Qtr 3,July,18,18/07/1933,N/A,CMASA,CMASA Wal (flying boat)I AZEE,Aegean SeaSocieta Anonima Aero Expresso Italiana,N/A,6,6,0,6
1977,Qtr 3,September,27,27/09/1977,N/A,McDonnell,McDonnell Douglas DC 8,Kuala Lumpur,Lines Air MalaysiaJapan,79,34,0,34
1917,Qtr 3,August,21,21/08/1917,N/A,Zeppelin,Zeppelin L 23 (airship),Off western DenmarkMilitary - German Navy,N/A,18,18,0,18
2006,Qtr 2,May,23,23/05/2006,N/A,de Havilland,de Havilland Canada DHC 6 Twin Otter 300S9,Off São Tomé IslandAir São Tomé,N/A,4,4,0,4
1992,Qtr 1,February,20,20/02/1992,N/A,Boeing,Boeing B 747,En route from Argentina  to  CaliforniaAerolineas Argentinas,N/A,0,1,0,1
1938,Qtr 3,July,19,19/07/1938,N/A,Douglas,Douglas DC 2NC14272,AndesPanagra,N/A,4,4,0,4
1988,Qtr 1,March,17,17/03/1988,N,Boeing,Boeing B 727,Near Cucuta N,Colombia        Santander  of AVIANCA,143,143,0,143
1985,Qtr 4,October,12,12/10/1985,Myanmar,Fokker,Fokker F 27 Friendship 600XY,Putao Myanmar,Airways Burma,4,4,0,4
1983,Qtr 4,October,8,08/10/1983,Myanmar,de Havilland,de Havilland Canada DHC 6 Twin Otter 300XY,Near Lonkin Myanmar,Airways Burma,14,9,0,9
2012,Qtr 4,December,25,25/12/2012,Myanmar,Fokker,Fokker 100XY AGC,Heho Myanmar,Bagan Air,71,1,1,2
1999,Qtr 3,July,2,02/07/1999,Myanmar,Fokker,Fokker F 27 Friendship 600XY,Sittwe Myanmar,Airways Myanmar,8,8,0,8
1982,Qtr 3,August,12,12/08/1982,Myanmar,de Havilland,de Havilland Canada DHC 6 Twin Otter 300XY,Mindat Myanmar,Airways Burma,8,8,0,8
2017,Qtr 2,June,7,07/06/2017,Myanmar,Shaanxi,Shaanxi Y 8F,Off Dawei Myanmar,Force Air Myanmar - Military,122,122,0,122
1998,Qtr 3,August,24,24/08/1998,Myanmar,Fokker,Fokker F 27 Friendship 600XY,Manibagi Myanmar,Airways Myanmar,44,44,0,44
1978,Qtr 4,October,3,03/10/1978,Myanmar,Fokker,Fokker F 27 Friendship 600XY,Near Mandalay Myanmar,Airways Burma,44,2,0,2
1998,Qtr 1,January,27,27/01/1998,Myanmar,Fokker,Fokker F 27 Friendship 600XY,Yangon (Rangoon) Myanmar,Airways Myanmar,45,16,0,16
1987,Qtr 4,October,11,11/10/1987,Myanmar,Fokker,Fokker F 27 Friendship 500XY,Near Pagan Myanmar,Airways Burma,49,49,0,49
2021,Qtr 2,June,10,10/06/2021,Myanmar,Beechcraft,Beechcraft 1900D4610,Near Pyin Oo Lwin Myanmar,Force Air Myanmar - Military,14,12,0,12
1989,Qtr 1,February,3,03/02/1989,Myanmar,Fokker,Fokker F 27 Friendship 600XY,Rangoon Myanmar,Airways Burma,29,26,0,26
1966,Qtr 1,March,5,05/03/1966,Mt,Boeing,Boeing B 707,Near Gotemba City Mt.,Japan          Fuji British Overseas Airways,124,124,0,124
1939,Qtr 2,May,1,01/05/1939,Mozambique,Shorts,Short S 23 Empire Flying BoatG,Lumbo Mozambique,Airways Imperial,4,2,0,2
1991,Qtr 4,November,25,25/11/1991,Mozambique,Douglas,Douglas C 47B,Sena Mozambique,STASA,3,1,0,1
1944,Qtr 1,February,10,10/02/1944,Mozambique,Lockheed,Lockheed 14 H2 Super ElectraCR,Near Quelimane Mozambique,DETA,14,14,0,14
1986,Qtr 3,July,10,10/07/1986,Mozambique,Douglas,Douglas C 47A7312,Maputo Mozambique,Force Air Zimbabwe - Military,17,17,0,17
1986,Qtr 1,March,30,30/03/1986,Mozambique,Antonov,Antonov AN 26042,Near Pemba Mozambique,Force Air Mozambique - Military,54,49,0,49
2012,Qtr 2,June,6,06/06/2012,Mount,Sirkorsky,Sikorsly S 58ETOB,Hualla Hualla Mount,Peru Heli          Mamarosa Cusco,14,14,0,14
1961,Qtr 3,July,12,12/07/1961,Morroco,Ilyushin,Ilyushin IL 18BOK,Casablanca Morocco,Aerolinie Ceskoslovenske,72,72,0,72
1939,Qtr 4,December,24,24/12/1939,Morroco,Savoia,Savoia  Marchetti SM83I,Mogador Morocco,Italiane Aeree Linee,7,7,0,7
1922,Qtr 4,December,3,03/12/1922,Morroco,Breguet,Breguet 14F ALNA,Fez Morocco,Aeriens Express Grands,1,1,0,1
1998,Qtr 3,September,25,25/09/1998,Morroco,British,British Aerospace BAe 146,Near Nador Morroco,Air Paukn,38,38,0,38
1927,Qtr 1,March,20,20/03/1927,Morroco,Breguet,Breguet 14F ALRA,Rabat Morocco,Aeriens Express Grands,1,1,0,1
1939,Qtr 2,April,3,03/04/1939,Morroco,Caudron,Caudron C.635 SimounF AOOT,Near Marrakech Morocco,France Air,9,9,0,9
1960,Qtr 3,August,17,17/08/1960,Morroco,Avro,Avro Lancaster 1WU 26,Near El Kelaa Morocco,Aviation Naval French - Military,20,20,0,20
2003,Qtr 1,February,7,07/02/2003,Morroco,Antonov,Antonov 12BPUR LIP,Near Agadir Morocco,Enterprise Aviation Volare,8,8,0,8
1994,Qtr 3,August,21,21/08/1994,Morroco,Aerospatiale,Aerospatiale ATR 42,Near Agadir Morocco,Maroc Air Royal,44,44,0,44
1922,Qtr 4,October,25,25/10/1922,Morroco,Breguet,Breguet 14,Larache Morocco,Aeriens Express Grands,2,2,0,2
1934,Qtr 1,February,26,26/02/1934,Morroco,Latecoere,Latécoère 28F AJPA,Rio de Oro Morocco,France Air,6,1,0,1
1929,Qtr 3,September,17,17/09/1929,Morroco,Latecoere,Latecoere 25 3,Off Larache Morocco,Aeropostale,5,5,0,5
1950,Qtr 4,October,13,13/10/1950,Morroco,Douglas,Douglas DC 3F,Casablanca Morocco,Atlas Air,7,4,0,4
1965,Qtr 1,March,31,31/03/1965,Morroco,Convair,Convair CV 440,Off Tangier Morocco,Airlines Iberia,53,50,0,50
1930,Qtr 4,October,12,12/10/1930,Morroco,Latecoere,Latecoere 28F AJUU,La Rache Morocco,Aeropostale,4,4,0,4
1958,Qtr 2,May,18,18/05/1958,Morroco,Douglas,Douglas DC 7COO,Near Casablanca Morocco,Sabena,69,65,0,65
1970,Qtr 2,April,1,01/04/1970,Morroco,Aerospatiale,Aerospatiale Caravelle 3CN CCV,Casablanca Morocco,Maroc Air Royal,82,61,0,61
1973,Qtr 4,December,22,22/12/1973,Morroco,Sud,Sud  Aviation Caravelle VI,Near Tetouan Morocco,Maroc Air Royal,106,106,0,106
1946,Qtr 4,October,10,10/10/1946,Morroco,Junkers,Junkers Ju 52/3mF,Near Sefrou Morocco,Ocean Air,16,16,0,16
2011,Qtr 3,July,26,26/07/2011,Morroco,Lockheed,Lockheed C 130 HerculeCNA,Near Guelmim Morocco,Force Air Moroccan Royal - Military,80,80,0,80
1939,Qtr 2,May,2,02/05/1939,Morroco,de Havilland,Dewoitine D 338F,Near Marrakech Morocco,France Air,9,9,0,9
1926,Qtr 4,November,11,11/11/1926,Morroco,Breguet,Breguet 14F AFAX,Cape Bojador Morocco,Aeriens Express Grands,3,3,0,3
1961,Qtr 3,September,12,12/09/1961,Morroco,Sud,Sud  Aviation Caravelle IIIF,Near Rabat Morocco,France Air,77,77,0,77
1975,Qtr 3,August,3,03/08/1975,Morroco,Boeing,Boeing B 707,Near Immouzer Morocco,Airlines Jordanian Royal Alia,188,188,0,188
1950,Qtr 3,July,9,09/07/1950,Morroco,Douglas,Douglas DC 3F,Casablanca Morocco,Azur Aigle,29,22,0,22
1945,Qtr 1,February,23,23/02/1945,Morroco,Curtiss,Curtiss C 46A42,Casablanca Morocco,Force Air Army States United - Military,30,13,0,13
1965,Qtr 3,September,17,17/09/1965,Montserrat,Boeing,Boeing B 707,Chances Peak Montserrat,Airways World American Pan,30,30,0,30
1950,Qtr 4,November,7,07/11/1950,Montana,Martin,Martin 202N93040,Near Butte Montana,Airlines Orient Northwest,21,21,0,21
1952,Qtr 4,November,17,17/11/1952,Montana,Fairchild,Fairchild C 119C,Shepard Montana,Force Air U.S. - Military,16,9,0,9
1938,Qtr 3,July,8,08/07/1938,Montana,Lockheed,Lockheed 14 Super ElectraNC17383,Billings Montana,Airlines Orient Northwest,10,1,0,1
1939,Qtr 1,January,13,13/01/1939,Montana,Lockheed,Lockheed 14 H Super ElectraNC17389,Miles City Montana,Airlines Orient Northwest,4,4,0,4
1992,Qtr 4,November,30,30/11/1992,Montana,Lockheed,Lockheed C 141B / Lockheed C141B650255/660142,Near Harlem Montana,Force Air U.S. - Military / Force Air U.S. - Military,13,13,0,13
1964,Qtr 1,March,12,12/03/1964,Montana,Douglas,Douglas DC 3CN61442,Miles City Montana,Airlines Frontier,5,5,0,5
1963,Qtr 3,August,14,14/08/1963,Montana,Curtiss,Curtiss C 46F,Near Great Falls Montana,Co. Import & Export  Air American,2,1,0,1
1934,Qtr 4,November,15,15/11/1934,Montana,Stinson,Stinson SM 6000,Amazonia Montana,Transport Air Rapid,2,2,0,2
1942,Qtr 2,May,12,12/05/1942,Montana,Douglas,Douglas DC 3,Miles City Montana,Airlines Orient Northwest,14,3,0,3
1960,Qtr 4,October,28,28/10/1960,Montana,Douglas,Douglas C 54A,Near Missoula Montana,Airlines Orient Northwest,12,12,0,12
1938,Qtr 1,January,10,10/01/1938,Montana,Lockheed,Lockheed 14H Super ElectraNC 17388,Bozeman Montana,Airlines Orient Northwest,10,10,0,10
2009,Qtr 1,March,22,22/03/2009,Montana,Pilatus,Pilatus PC 12/45N128CM,Butte Montana,Leasing Cap Eagle,14,14,0,14
1945,Qtr 4,December,8,08/12/1945,Montana,Douglas,Douglas C 4745,Near Billings Montana,Army U.S. - Military,21,17,0,17
1995,Qtr 3,September,21,21/09/1995,Mongolia,Antonov,Antonov AN 24RVBNMAU,Near Moron Mongolia,Airlines Mongolian - MIAT,43,42,0,42
2007,Qtr 2,June,13,13/06/2007,Mongolia,Mi,Mi  8,Selenge province Mongolia,Ministry Defense Mongolian,22,15,0,15
1993,Qtr 2,April,23,23/04/1993,Mongolia,Antonov,Antonov AN 26BBHMAY,Zavnah Mongolia,Airlines Mongolian - MIAT,40,32,0,32
1990,Qtr 1,January,26,26/01/1990,Mongolia,Antonov,"Antonov AN 26V	 BNMAU",Zavkhan Mongolia,Airlines Mongolian - MIAT,30,30,0,30
1998,Qtr 2,May,26,26/05/1998,Mongolia,Harbin,Harbin Yunshuji Y 12 IIJU,Near Erdenet Mongolia,Airlines Mongolian - MIAT,28,28,0,28
1997,Qtr 2,June,10,10/06/1997,Mongolia,Harbin,Harbin Yunshuji Y 12 IIJU,Mandalgobi Mongolia,Airlines Mongolian - MIAT,12,7,0,7
2011,Qtr 4,November,10,10/11/2011,Molokai,Eurocopter,Eurocopter EC 130 B4N11QV,Near Kilohana Molokai,Hawaii Blue Hawaiian Helicopter,5,5,0,5
1989,Qtr 4,October,28,28/10/1989,Molokai,de Havilland,de Havilland DHC 6 Twin Otter 300N707PV,Halawa Point Molokai,Hawaii Aloha Island Air,20,20,0,20
1970,Qtr 2,May,15,15/05/1970,Moldavia,Antonov,Antonov AN 10CCCP11149,Kishiniev Moldavia,USSRAeroflot,11,11,0,11
2008,Qtr 2,April,11,11/04/2008,Moldavia,Antonov,Antonov An 32ST,Chrisinau Moldova,Transportation Kata,8,8,0,8
1955,Qtr 1,March,20,20/03/1955,Missouri,Convair,Convair CV 240,Springfield Missouri,Airlines American,35,13,0,13
1994,Qtr 4,November,22,22/11/1994,Missouri,McDonnell,McDonnell Douglas DC 9,Bridgeton Missouri,Private / Airlines World Trans,142,2,0,2
1936,Qtr 3,August,5,05/08/1936,Missouri,Lockheed,Lockheed 10B ElectraNC16022,St. Louis Missouri,Airlines Southern Chicago,8,8,0,8
1968,Qtr 1,March,27,27/03/1968,Missouri,McDonnell,McDonnell Douglas DC 9 and Cessna 150FN970Z/N8669G,St. Louis Missouri,Private / Lines Air Ozark,51,2,0,2
1965,Qtr 3,July,1,01/07/1965,Missouri,Boeing,Boeing B 707,Kansas City Missouri,Airlines Continental,66,0,0,0
1934,Qtr 3,August,31,31/08/1934,Missouri,Stinson,Stinson  SM 6000BNC11118,Amazonia Missouri,Transport Air Rapid,5,5,0,5
1962,Qtr 2,May,22,22/05/1962,Missouri,Boeing,Boeing B 707,Near Unionville Missouri,Airlines Continental,45,45,0,45
2004,Qtr 4,October,19,19/10/2004,Missouri,BAE,Bae Jetstream 3201N875JX,Near Kirksville Missouri,Connection) (American Airlines Corporate,15,13,0,13
1973,Qtr 3,July,23,23/07/1973,Missouri,Fairchild,Fairchild  Hiller FH,St. Louis Missouri,Lines Air Ozark,44,38,0,38
1955,Qtr 3,August,4,04/08/1955,Missouri,Convair,Convair CV 240,Fort Leonard Wood Missouri,Airlines American,30,30,0,30
1934,Qtr 4,December,8,08/12/1934,Missouri,Lockheed,Lockheed Vega 5CNC106W,Columbia Missouri,Airlines Braniff,1,1,0,1
1977,Qtr 3,July,6,06/07/1977,Missouri,Lockheed,Lockheed L 188AF ElectraN280F,Saint Louis Missouri,Airways International Fleming,3,3,0,3
1954,Qtr 1,January,20,20/01/1954,Missouri,Douglas,Douglas DC 3AN49551,Kansas City Missouri,Transport Air Zantop,3,3,0,3
1941,Qtr 1,January,23,23/01/1941,Missouri,Douglas,Douglas DC 3,Near Robertson Missouri,Air Western and Continental Trans,13,2,0,2
2011,Qtr 3,August,26,26/08/2011,Missouri,Eurocopter,Eurocopter AS350B2N352LN,Mosby Missouri,Life,4,4,0,4
1945,Qtr 3,September,15,15/09/1945,Missouri,Douglas,Douglas C 47B,Near Kansas Missouri,Forces Air Army U.S. - Military,24,23,0,23
1953,Qtr 2,May,24,24/05/1953,Missouri,Douglas,Douglas DC 3N53596,St. Louis Missouri,Air Meteor,7,6,0,6
1984,Qtr 1,January,9,09/01/1984,Missouri,Douglas,Douglas DC 3C,Saint Louis Missouri,Transport Air Skycraft,2,1,0,1
1968,Qtr 2,June,28,28/06/1968,Missouri,Douglas,Douglas DC 3 (C,Vichy Missouri,Inc. Airlines Purdue,27,1,0,1
1995,Qtr 1,February,16,16/02/1995,Missouri,McDonnell,McDonnell Douglas DC 8,Kansas City Missouri,ATI,3,3,0,3
2004,Qtr 4,October,14,14/10/2004,Missouri,Canadair,Canadair CRJ200LR RegionalJetN8396A,Jefferson City Missouri,Airlink Airlines/Northwest Pinnacle,2,2,0,2
1963,Qtr 1,January,29,29/01/1963,Missouri,Vickers,Vickers Viscount 812N242V,Kansas City Missouri,Airlines Continental,8,8,0,8
1935,Qtr 2,May,6,06/05/1935,Missouri,Douglas,Douglas DC 2,Atlanta Missouri,Air Western and Continental Trans,14,5,0,5
2000,Qtr 4,October,16,16/10/2000,Missouri,Cessna,Cessna 335N8354N,Hillsboro Missouri,Private,3,3,0,3
1930,Qtr 1,January,27,27/01/1930,Missouri,Travel,Travel Air A6000A,Kansas City Missouri,Corporation) Aviation (Universal Airlines  Central,5,5,0,5
1935,Qtr 3,July,19,19/07/1935,Mississippi,General,General 102 ENC,Off Chandeleur Island Mississippi,Corporation Service Air Wedell-Williams,2,2,0,2
2017,Qtr 3,July,10,10/07/2017,Mississippi,Lockheed,Lockheed KC 130T Hercules165000,Near Itta Bena Mississipi,USMC,16,16,0,16
1979,Qtr 1,March,1,01/03/1979,Mississippi,Beech,Beech BE 70N777AE,Gulfport Mississippi,Airways Universal,8,8,0,8
1989,Qtr 3,August,13,13/08/1989,Mississippi,Cessna,Cessna 177RGN1976Q,Janice Mississippi,Private,2,2,0,2
1977,Qtr 4,October,20,20/10/1977,Mississippi,Convair,Convair CV 300N55VM,Near Gillsburg Mississippi,Company J & L,26,6,0,6
1983,Qtr 1,January,9,09/01/1983,Minnesota46826/N/A9,Convair,Convair 580 11AN844H,Brainerd Minnesota46826/109,N/A,33,1,0,1
1993,Qtr 4,December,1,01/12/1993,Minnesota,British,British Aerospace Jetstream BA 3100N334PX,Hibbing Minnesota,Airlink Northwest - Airlines Express,18,18,0,18
1948,Qtr 3,August,29,29/08/1948,Minnesota,Martin,Martin 202NC93044,Near Winona Minnesota,Airlines Orient Northwest,37,37,0,37
1941,Qtr 4,October,30,30/10/1941,Minnesota,Douglas,Douglas DC 3NC21712,Near Moorhead Minnesota,Airlines Orient Northwest,15,14,0,14
1921,Qtr 1,February,3,03/02/1921,Minnesota,de Havilland,De Havilland DH 4130,Mendotta Minnisota,Service Mail Aerial US,1,1,0,1
2008,Qtr 3,July,31,31/07/2008,Minnesota,British,British Aerospace BAe 125,Owatonna Minnesota,Jets Coast East,8,8,0,8
1928,Qtr 2,May,12,12/05/1928,Minnesota,Ford,Ford 4NC1492,Dearborn Minnesota,Inc. Freight Air Ford,2,2,0,2
1929,Qtr 2,June,24,24/06/1929,Minnesota,Ford,Ford 5 AT,St. Paul Minnesota,Airlines Orient Northwest,8,1,0,1
1950,Qtr 4,October,13,13/10/1950,Minnesota,Martin,Martin 202NC93037,Almelund Minnisota,Airlines Orient Northwest,6,6,0,6
1950,Qtr 1,March,7,07/03/1950,Minnesota,Martin,Martin 202N93050,Minneapolis Minnesota,Airlines Orient Northwest,13,13,2,15
2001,Qtr 1,February,8,08/02/2001,Minnesota,Swearingen,Swearingen SA.227AT Merlin IVCN318DH,Beaver Island Minnesota,Center Flight Illinois Northern,6,2,0,2
1986,Qtr 1,January,21,21/01/1986,Minnesota,Bell,Bell 296BN1498W,Ellendale Minnesota,Taxi Air,3,3,0,3
1955,Qtr 3,September,24,24/09/1955,Miles,Douglas,Douglas C 54AN90433,Pacific Ocean (1 miles,HI)Flying Tiger Line        Honolulu of west,5,3,0,3
1948,Qtr 3,August,1,01/08/1948,Miles,Latecoere,Latecoere 631 (flying boat)F BDRC,1 miles,Atlantic Ocean         Dakar off Air France,52,52,0,52
1948,Qtr 3,July,4,04/07/1948,Middlesex,Douglas,Douglas DC 6 / RAF YorkSE,Northolt Middlesex,England Scandinavian Airlines (SAS),39,39,0,39
2018,Qtr 3,September,28,28/09/2018,Micronesia,Boeing,Boeing 737 8BKP2,Chuuk Micronesia,Niugini Air,47,1,0,1
1997,Qtr 1,January,9,09/01/1997,Michigan,Embraer,Embraer 120RT BrasiliaN265CA,Near Monroe Michigan,Comair,29,29,0,29
1935,Qtr 2,May,18,18/05/1935,Michigan,Ford,Ford model 4 AT,Flint Michigan,Detroit of Service Flying Knowles,12,3,0,3
1964,Qtr 4,December,30,30/12/1964,Michigan,Curtiss,Curtis C 46AN608Z,Detroit Michigan,Transport Air Zantop,4,4,0,4
1958,Qtr 2,April,6,06/04/1958,Michigan,Vickers,Vickers Viscount 745DN7437,Freeland Michigan,Airlines Capital,47,47,0,47
1976,Qtr 3,September,26,26/09/1976,Michigan,Boeing,Boeing KC 135A61,Near Alpena Michigan,Force Air U.S. - Military,20,15,0,15
1988,Qtr 4,October,11,11/10/1988,Michigan,Boeing,Boeing KC 135A60,Wurtsmith AFB Michigan,Force Air U.S. - Military,17,6,0,6
1987,Qtr 1,March,4,04/03/1987,Michigan,CASA,CASA 212 Aviocar 200N160FB,Detroit Michigan,Airlink Northwest,22,9,0,9
1983,Qtr 1,January,11,11/01/1983,Michigan,McDonnell,McDonnell Douglas DC 8,Detroit Michigan,Lines Air United,3,3,0,3
1956,Qtr 3,July,9,09/07/1956,Michigan,Vickers,Vickers ViscountCF TGR,Near Flat Rock Michigan,Lines Air Canada Trans,35,1,0,1
1986,Qtr 1,March,13,13/03/1986,Michigan,Embraer,Embraer 110P1 BandeiranteN1356P,Alpena Michigan,Airlines Simmons,9,3,0,3
1970,Qtr 2,May,9,09/05/1970,Michigan,Gates,Gates Learjet 23N434EJ,Pellston Michigan,Inc. Sales Jet Executive,6,6,0,6
1987,Qtr 3,August,16,16/08/1987,Michigan,McDonnell,McDonnell Douglas MD 82N312RC,Romulus Michigan,Airlines Northwest,155,154,2,156
1932,Qtr 1,February,2,02/02/1932,Michigan,Stearman,Stearman C 3MBNC6411,Marcellus Michigan,Airlines Transamerican,1,1,0,1
1990,Qtr 4,December,3,03/12/1990,Michigan,Boeing,Boeing B 727,Romulus Michigan,Airlines Northwest Airlines/ Northwest,198,8,0,8
1981,Qtr 3,August,22,22/08/1981,Miao-li,Boeing,Boeing B 737,Near Sanyi Miao-li,Taiwan Far Eastern Air Transport,110,110,0,110
1996,Qtr 2,May,11,11/05/1996,Miami,McDonnell,McDonnell Douglas DC 9,Everglades Miami,Florida Valu,110,110,0,110
1967,Qtr 1,February,9,09/02/1967,Mexico,Antonov,Antonov AN 12CU,Near Mexico City Mexico,Aviacion de Cubana,10,10,0,10
2010,Qtr 2,April,13,13/04/2010,Mexico,Airbus,Airbus A300B4 203FXA,Monterey Mexico,Union Company Freight Airborne,5,5,2,7
1953,Qtr 4,October,19,19/10/1953,Mexico,Douglas,Douglas C 46A,Near Monterrey Mexico,Contreras Aerovias,21,21,0,21
2003,Qtr 3,September,19,19/09/2003,Mexico,Lockheed,Lockheed C 130A Hercules3603,Near La Quemada Mexico,Force Air Mexican - Military,6,6,0,6
1936,Qtr 1,March,26,26/03/1936,Mexico,Ford,Ford 5 AT,Amemeca Mexico,Mexicana,14,14,0,14
1981,Qtr 4,November,8,08/11/1981,Mexico,McDonnell,McDonnell Douglas DC 9,Sierra de Guerro Mexico,Aeromexico,18,18,0,18
1947,Qtr 4,December,28,28/12/1947,Mexico,Douglas,Douglas DC 2,Leon Mexico,Panini Aéreo Servicio,10,5,3,8
1954,Qtr 1,March,26,26/03/1954,Mexico,Douglas,Douglas DC 3XA,Monterrey Mexico,Mexico de Aeronaves,18,18,0,18
1949,Qtr 4,December,16,16/12/1949,Mexico,Douglas,Douglas DC 3XA,Orizaba Mexico,Mexicana,17,17,0,17
1953,Qtr 3,September,14,14/09/1953,Mexico,Douglas,Douglas C 47AXA,Chablekal Mexico,Mexicanos Aéreos Transportes,2,1,0,1
1945,Qtr 3,August,11,11/08/1945,Mexico,Douglas,Douglas DC 2,Ixtaccihuati Mexico,Mexicana,16,16,0,16
1993,Qtr 2,May,15,15/05/1993,Mexico,Douglas,Douglas DC 6BFXA,Near Cancun Mexico,Caribe del Carga,5,3,0,3
1945,Qtr 3,August,1,01/08/1945,Mexico,Boeing,Boeing 247DXA DUY,Near San Luis Potosi Mexico,Mineras Aereas Lineas,12,12,0,12
1959,Qtr 3,September,8,08/09/1959,Mexico,Douglas,Douglas DC 3,Poza Rica Mexico,Mexicana,16,1,0,1
2004,Qtr 2,May,2,02/05/2004,Mexico,Rockwell,Rockwell Gulfstream Jetprop 840  XC JEH,Near Milpillas Mexico,Republica la de General Procuradoria,7,7,0,7
1967,Qtr 2,June,12,12/06/1967,Mexico,Douglas,Douglas DC 3A,Near La Paz Mexico,Mexico de Aeronaves,4,3,2,5
1968,Qtr 2,April,10,10/04/1968,Mexico,Douglas,Douglas DC 3XA,Near Mexico City Mexico,Rojas Aerovias,18,18,0,18
1949,Qtr 3,September,26,26/09/1949,Mexico,Douglas,Douglas DC 3XA,Mt. Popocatepetl Mexico,Mexicana,24,24,0,24
2003,Qtr 4,October,27,27/10/2003,Mexico,Hawker,Hawker 800AXA ISH,Tampico Mexico,Aeroextra,3,3,0,3
1938,Qtr 4,December,2,02/12/1938,Mexico,Lockheed,Lockheed 10E ElectraX ABAU,Mexico City Mexico,Mexicana,8,8,0,8
1980,Qtr 3,August,1,01/08/1980,Mexico,Douglas,Douglas DC 8,Cerro Lilio Mexico,Peru del Aeronaves,7,3,0,3
1998,Qtr 1,March,31,31/03/1998,Mexico,Convair,Convair CV 240,Near Mexico City Mexico,Carga de Mexicana Aérea Linea,4,2,0,2
1988,Qtr 3,August,31,31/08/1988,Mexico,Embraer,Embraer 110P1 BandeiranteXC COX,Cerro de la Calera Mexico,Federal Aereo Transporte,20,20,0,20
1988,Qtr 3,August,31,31/08/1988,Mexico,Convair,Convair CV 240XA,Merida Mexico,Aerocaribe,20,1,0,1
1987,Qtr 3,July,30,30/07/1987,Mexico,Boeing,Boeing B 377 StratofreighterHI,Mexico City Mexico,Ltd. International Air Belize,12,5,44,49
1999,Qtr 3,July,9,09/07/1999,Mexico,Hawker,Hawker Siddeley HS 125XA,Toluca  Mexico,Express Jet Aero,4,4,0,4
1992,Qtr 3,July,27,27/07/1992,Mexico,Vickers,Vickers 798D ViscountXA SCM,Near Mexico City Mexico,Eslava Aero,4,4,0,4
2004,Qtr 3,September,9,09/09/2004,Mexico,Rockwell,Rockwell CT 39A SabrelinerXA,Villahermosa Mexico,SA Paqueteria Jett,2,2,0,2
1977,Qtr 4,November,3,03/11/1977,Mexico,Britten,Britten  Norman BN,San Cristobal de las Casas Mexico,Leon Martinez Aereos Servicios,13,13,0,13
1938,Qtr 2,May,5,05/05/1938,Mexico,Lockheed,Lockheed Vega 5BXA BFR,Balbuena Mexico,Mineras Aéreas Lineas,6,1,0,1
1973,Qtr 2,June,20,20/06/1973,Mexico,McDonnell,McDonnell Douglas DC 9,Near Puerto Vallarta Mexico,Aeromexico,27,27,0,27
1960,Qtr 3,September,28,28/09/1960,Mexico,Douglas,Douglas DC 3 (C,Near Juchetipec Mexico,Mexicana,18,8,0,8
1978,Qtr 3,September,9,09/09/1978,Mexico,de Havilland,de Havilland Canada DHC 6 Twin Otter 100XA,Near Mexico City Mexico,Centro del Areas Lineas,21,18,0,18
2011,Qtr 4,November,11,11/11/2011,Mexico,Aerospatiale,Aerospatiale AS 332L1 Super PumaXC UHM,Near Santa Catarina Atoyzingo Mexico,Mexicana Aerea Fuerza,8,8,0,8
1972,Qtr 1,January,6,06/01/1972,Mexico,Hawker,Hawker Siddeley HS 748,Near Chetumal Mexico,SAESA,23,23,0,23
1957,Qtr 4,October,30,30/10/1957,Mexico,Fairchild,Fairchild C 82AXA,Near Campeche Mexico,Mexicanos Aereos Transportes,3,3,0,3
1969,Qtr 3,September,21,21/09/1969,Mexico,Boeing,Boeing B 727,Mexico City Mexico,Mexicana,118,27,0,27
1999,Qtr 3,September,17,17/09/1999,Mexico,Lockheed,Lockheed C 130A Hercules3610,Mt. Hidalgo Mexico,Force Air Mexican - Military,5,5,0,5
2007,Qtr 3,July,5,05/07/2007,Mexico,North,North American CT 39A SabrelineXA,Culiacan Mexico,SA Paqueteria Jett,3,3,6,9
1986,Qtr 1,March,31,31/03/1986,Mexico,Boeing,Boeing B 727,Maravatio Mexico,Mexicana,167,167,0,167
1981,Qtr 2,May,21,21/05/1981,Mexico,Convair,Convair CV 440,Pinarete Mountain Mexico,Aereas Lineas,24,24,0,24
2001,Qtr 3,September,12,12/09/2001,Mexico,LET,LET 410UVPXA ACM,Near Chichen Itza Mexico,Charter Ferinco Aero,19,19,0,19
1994,Qtr 4,November,1,01/11/1994,Mexico,Bell,Bell 212XA SVS,Off Cozumel Mexico,Pegaso Aereos Transportes,14,14,0,14
1955,Qtr 1,March,7,07/03/1955,Mexico,Lockheed,Lockheed 18 LodeStarXB ZEH,Near Cuidad de Valles Mexic,Private,6,6,0,6
1986,Qtr 1,January,29,29/01/1986,Mexico,Douglas,Douglas DC 3A,Las Lomitas Mexico,Aerocalifornia,21,21,0,21
2000,Qtr 3,July,8,08/07/2000,Mexico,British,British Aerospace  BAe Jetstream 32EPN912FJ,Near Villahermosa Mexico,Aerocaribe,19,19,0,19
1990,Qtr 2,May,10,10/05/1990,Mexico,Fairchild,Fairchild F 27F,Tuxtla-Gutierrez Mexico,Avicsa,40,20,0,20
1951,Qtr 4,November,27,27/11/1951,Mexico,DC,DC  2,San Luis Acatlan Mexico,Unidas Aereas Lineas,21,13,0,13
1955,Qtr 2,June,18,18/06/1955,Mexico,Curtiss,Curtiss C 46XA,Leon Mexico,Voladores Tigres,39,18,0,18
1999,Qtr 4,November,9,09/11/1999,Mexico,McDonnell,McDonnell Douglas DC 9,Near Uruapan Mexico,TAESA,18,18,0,18
1959,Qtr 2,April,17,17/04/1959,Mexico,Curtiss,Curtiss C 46F,Puerto Kino Mexico,Voladores Tigres,26,26,0,26
2014,Qtr 2,April,19,19/04/2014,Mexico,British,British Aerospace BAe 125 700A HawkerXA,Ramos Arizpe Mexico,Comerciales Aereas Lineas,8,8,0,8
1955,Qtr 3,July,14,14/07/1955,Mexico,Douglas,Douglas DC 2,Oaxaca Mexico,Unidas Areas Lineas,22,22,0,22
2000,Qtr 4,October,6,06/10/2000,Mexico,McDonnell,McDonnell Douglas DC 9,Reynosa Mexico,Aeromexico,88,0,4,4
2012,Qtr 4,December,9,09/12/2012,Mexico,Learjet,Learjet 25N345MC,Near Iturbide Mexico,LLC Management Starwood,7,7,0,7
1994,Qtr 2,June,13,13/06/1994,Mexico,Swearingen,Swearingen SA.226TC Metro IIXA SLU,Near Uruapan Mexico,Cuahonte Aerolineas,9,9,0,9
2002,Qtr 1,January,15,15/01/2002,Mexico,de Havilland,de Havilland DHC 6 Twin Otter 300XC,Chilpancingo Mexico,República la de General Procuraduría,17,5,0,5
1965,Qtr 1,January,17,17/01/1965,Mexico,Curtiss,Curtiss C 46XA,Near Durango Mexico,Norte del Aerovias,10,10,0,10
1947,Qtr 1,January,14,14/01/1947,Mexico,Lockheed,Lockheed C 60 Lodestar60,Near Puebla Mexico,Force Air Mexican - Military,21,21,0,21
1970,Qtr 1,January,25,25/01/1970,Mexico,Convair,Convair CV 240,Near Poza Rica Mexico,Commission Electricity -Federal Charter,19,18,0,18
1957,Qtr 2,April,15,15/04/1957,Mexico,Consolidated,Consolidated B 24JXA,Merida Mexico,Mexicanos Aéreos Transportes,3,3,1,4
1998,Qtr 3,July,23,23/07/1998,Mexico,Shorts,Shorts SC 7 Skyvan 3,Pico de Orizaba Mexico,Force Air Mexican - Military,4,4,0,4
1979,Qtr 4,October,31,31/10/1979,Mexico,McDonnell,McDonnell Douglas DC 10,Mexico City Mexico,Airlines Western,88,72,1,73
2019,Qtr 2,May,5,05/05/2019,Mexico,Canadair,Canadair CL 600,Near Monclava Mexico,Solutions Aircraft TVPX,13,13,0,13
1989,Qtr 2,May,5,05/05/1989,Mexico,Britten,Britten Norman BN 2A Trislander IIXA,Near Cancun Mexico,Cozumel Aero,19,6,0,6
1996,Qtr 2,May,10,10/05/1996,Mexico,de Havilland,de Havilland Canada DHC 6 Twin Otter 200XA,Otaez Mexico,Durango de Empresariales Aeroservicios,19,16,0,16
1968,Qtr 4,December,31,31/12/1968,Mexico,Douglas,Douglas DC 3XA,Near Ciudad Victoria Mexico,Especiales Aéreos Servicios,26,26,0,26
1955,Qtr 1,March,8,08/03/1955,Mexico,Douglas,Douglas DC 3XA,Mascota Mexico,Mexicana,26,26,0,26
1992,Qtr 4,December,9,09/12/1992,Mexico,Britten,Britten  Norman BN,Uruapan Mexico,Sudpacifico Aero,9,9,0,9
1929,Qtr 2,May,9,09/05/1929,Mexico,Ford,Ford Tri motor 4M,Tampico Mexico,Mexicana,5,5,0,5
1938,Qtr 1,February,9,09/02/1938,Mexico,Lockheed,Lockheed 10 ElectraXA BAS,Guadalupe Mexico,Mexicana,2,2,0,2
1981,Qtr 3,July,27,27/07/1981,Mexico,McDonnell,McDonnell Douglas DC 9,Chihuahua Mexico,Aeromexico,66,32,0,32
1958,Qtr 2,June,2,02/06/1958,Mexico,Lockheed,Lockheed 749A ConstellationXA MEV,Near Guadalajara Mexico,Mexico de Aeronaves,45,45,0,45
1951,Qtr 4,October,8,08/10/1951,Mexico,Douglas,Douglas DC 3XA,Cerro Blanco Mexico,Transportes Aero,8,8,0,8
1996,Qtr 3,July,17,17/07/1996,Mexico,de Havilland,de Havilland Canada DHC 6 Twin Otter 300XA,Near Playa del Carmen Mexico,(Aerocaribe) Aerolatino,18,1,0,1
1968,Qtr 4,December,26,26/12/1968,Mexico,Douglas,Douglas DC 3,Ensenada Mexico,S.A. Sal De Exportada,12,12,0,12
1929,Qtr 4,November,4,04/11/1929,Mexico,Lockheed,Lockheed Vega 5NC46M,Cerro del Carbon Mexico,Transportes de Aeronautica Corp.,4,4,0,4
2008,Qtr 3,July,6,06/07/2008,Mexico,Douglas,Douglas DC9 15FN199US,Saltillo Mexico,Airlines Jet USA,2,1,0,1
1946,Qtr 4,November,13,13/11/1946,Mexico,Douglas,Douglas DC 3XA,Near Cofre de Perote Mexico,Veracruz de Aéreas Commun. Empressa,15,15,0,15
1988,Qtr 4,December,8,08/12/1988,Mauritania,Douglas,Douglas DC 7CFN284,Bîr Mogreïn Mauritania,Aviation G & T,5,5,0,5
1952,Qtr 2,May,26,26/05/1952,Mauritania,Handley,Handley Page HP 81 Hermes IVG,Near Atar Mauritania,Airways Overseas British,18,1,0,1
1932,Qtr 4,October,12,12/10/1932,Mauritania,Latecoere,Latecoere 28F AJIP,Port Etienne Mauritania,Aeropostale,1,1,0,1
1925,Qtr 4,November,14,14/11/1925,Mauritania,Breguet,Breguet 14F AEGZ,Nouadhibou Mauritania,Latecoere Aeriennes Lignes,1,1,0,1
1980,Qtr 3,August,7,07/08/1980,Mauritania,Tupolev,Tupolev TU 154B,Nouadhibou Mauretania,TAROM,168,1,0,1
1927,Qtr 4,October,6,06/10/1927,Mauritania,Breguet,Breguet 14F AGBN,Thies Mauritania,Latecoere Aeriennes Lignes,2,2,0,2
1998,Qtr 2,May,12,12/05/1998,Mauritania,Xian,Xian Yunshuji Y 7,Near Nema Mauritania,Force Air Mauritanian - Military,42,39,0,39
1994,Qtr 3,July,1,01/07/1994,Mauritania,Fokker,Fokker F 28 Fellowship 40005T,Near Tidjika Mauritania,Mauritanie Air,93,80,0,80
1930,Qtr 2,June,5,05/06/1930,Massachusetts,Ford,Ford Tri Motor 5NC9675,Boston Massachusetts,Transport Air Colonial,15,1,0,1
1946,Qtr 3,July,9,09/07/1946,Massachusetts,Boeing,Boeing B17G43 39136,Holyoke Massachusetts,Forces Air Army U.S. - Military,25,25,0,25
2003,Qtr 3,August,26,26/08/2003,Massachusetts,Beechcraft,Beechcraft 1900DN240CJ,Off Hyannis Massachusetts,Express Airways US,2,2,0,2
1964,Qtr 1,March,10,10/03/1964,Massachusetts,Douglas,Douglas DC 4N384,Boston Massachutes,Cargo - Airways Slick,3,3,0,3
1999,Qtr 4,October,31,31/10/1999,Massachusetts,Boeing,Boeing B 767,Off Nantucket Island Massachusetts,Egypt,217,217,0,217
1965,Qtr 3,July,11,11/07/1965,Massachusetts,EC,EC  121H (Super Constellation)55,Off Nantucket Massachusetts,Force Air U.S. - Military,19,16,0,16
1966,Qtr 4,November,11,11/11/1966,Massachusetts,Lockheed,Lockheed EC 121H55,Off Chatham Massachusetts,Force Air U.S. - Military,19,19,0,19
1960,Qtr 4,October,4,04/10/1960,Massachusetts,Lockheed,Lockheed 188A ElectraN5533,Boston Massachusetts,Lines Air Eastern,72,62,0,62
2008,Qtr 2,June,18,18/06/2008,Massachusetts,de Havilland,de Havilland Canada DHC 6 Twin Otter 100N656WA,Hyannis Massachusetts,Airways Wiggins,1,1,0,1
1963,Qtr 1,February,28,28/02/1963,Massachusetts,Douglas,Douglas DC 7N842D,Boston Massachusetts,Lines Air Eastern,26,0,1,1
1958,Qtr 3,August,15,15/08/1958,Massachusetts,Convair,Convair CV 240,Nantucket Massachusetts,Airlines Northeast,34,25,0,25
1979,Qtr 2,June,17,17/06/1979,Massachusetts,de Havilland,de Havilland Canada DHC 6 Twin Otter 300N383EX,Hyannis Massachusetts,England New Air,10,1,0,1
1958,Qtr 2,June,27,27/06/1958,Massachusetts,Boeing,Boeing KC 135A56,Near Chicopee Falls Massachusetts,Force Air U.S. - Military,15,15,0,15
1999,Qtr 3,July,16,16/07/1999,Massachusetts,Piper,Piper PA 32,Off Martha's Vineyard Massachusetts,Private,3,3,0,3
1973,Qtr 4,November,3,03/11/1973,Massachusetts,Boeing,Boeing B 707,Boston Massachusetts,Airways World American Pan,3,3,0,3
1957,Qtr 3,September,15,15/09/1957,Massachusetts,Douglas,Douglas DC 3N33417,New Bedford Massachusetts,Airlines Northeast,24,12,0,12
1989,Qtr 3,July,19,19/07/1989,Maryland,Beech,Beech E18SN138JR,Glen Burnie Maryland,Inc. Airlines Centre - Taxi Air,5,2,0,2
1919,Qtr 4,October,14,14/10/1919,Maryland,Curtiss,Curtiss R 4LM32,Cantonsville Maryland,Service Mail Aerial US,1,1,0,1
1998,Qtr 4,November,21,21/11/1998,Maryland,Burgess,Burgess RV 6 experimentalN956DB,Edgewater Maryland,Private,1,1,0,1
1962,Qtr 4,November,23,23/11/1962,Maryland,Vickers,Vickers Viscount 745DN7430,Ellicott City Maryland,Lines Air United,18,18,0,18
1981,Qtr 2,May,6,06/05/1981,Maryland,Boeing,Boeing EC 135N61,Near Fredrick Maryland,Force Air U.S. - Military,21,21,0,21
1948,Qtr 1,January,13,13/01/1948,Maryland,Douglas,Douglas DC 3,Oxon Hill Maryland,Lines Air Eastern,9,5,0,5
1957,Qtr 2,June,22,22/06/1957,Maryland,Douglas,Douglas C 47AN88835,Near Clarksburg Maryland,Airlines Capital,3,3,0,3
1920,Qtr 3,August,16,16/08/1920,Maryland,de Havilland,De Havilland DH 4317,College Park Maryland,Service Mail Aerial US,1,1,0,1
1963,Qtr 1,January,30,30/01/1963,Maryland,Lockheed,Lockheed P 3A Orion149672,Off Patuxent River Maryland,Navy U.S. - Military,14,14,0,14
1954,Qtr 1,March,19,19/03/1954,Maryland,Fairchild,Fairchild C 110F51,Near Lothian Maryland,Force Air U.S. - Military,18,18,0,18
1958,Qtr 2,May,20,20/05/1958,Maryland,Vickers,Vickers Viscount 745D / T 33AN7410/53,Brunswick Maryland,Guard National Air - Military / Airlines Capital,13,12,0,12
2008,Qtr 3,September,27,27/09/2008,Maryland,Aerospatiale,Aerospatiale SA365N 1 Dauphin IIN92MD,Camp Springs Maryland,Police State Maryland,5,4,0,4
1989,Qtr 4,December,1,01/12/1989,Maryland,CASA,CASA 212 Aviocar 200N296CA,Patuxent Maryland,Army U.S. - Military,5,5,0,5
1947,Qtr 2,May,30,30/05/1947,Maryland,Douglas,Douglas C 54B,Port Deposit Maryland,Lines Air Eastern,53,53,0,53
1949,Qtr 1,January,6,06/01/1949,Maryland,Douglas,Douglas C 47ANC53210,Brandywine Maryland,Cargo Coastal,2,2,0,2
1963,Qtr 4,December,8,08/12/1963,Maryland,Boeing,Boeing B 707,Elkton Maryland,Airways World American Pan,81,81,0,81
1974,Qtr 1,February,22,22/02/1974,Maryland,Mc,Mc Donnell Dougals DC 9,Baltimore Maryland,Lines Air Delta,15,1,0,1
1959,Qtr 2,May,12,12/05/1959,Maryland,Vickers,Vickers Viscount 745DN7463,Chase Maryland,Airlines Capital,31,31,0,31
1954,Qtr 4,October,30,30/10/1954,Maryland,Lockheed,Lockheed R7V 1128441,Off Ocean City Maryland,Navy U.S. - Military,42,42,0,42
1945,Qtr 3,August,3,03/08/1945,Martinique,Sirkorsky,Sikorsky S 43 (flying boat)NC15066,Fort de France Martinique,Airways World American Pan,14,4,0,4
1994,Qtr 3,July,17,17/07/1994,Martinique,Britten,Britten  Norman BN,Near Fort de France Martinique,Martinique Air,6,6,0,6
1950,Qtr 3,September,20,20/09/1950,Marshall,Douglas,Douglas R5D 356496,Kwajalein Marshall,Navy U.S. - IslandsMilitary,26,26,0,26
1943,Qtr 1,January,9,09/01/1943,Marine,Shorts,Short S 26 (flying boat)G,Near Cabo Ruivo Marine,Lisbon          Base,15,13,0,13
1953,Qtr 4,December,17,17/12/1953,Mariana,Boeing,Boeing B 2944,Guam Mariana,Force Air U.S. - IslandsMilitary,16,11,8,19
1962,Qtr 1,February,25,25/02/1962,Margarita,Fairchild,Fairchild F 27YV,Portlamar Margarita,Venezuela          Island Avensa,23,23,0,23
1996,Qtr 3,July,24,24/07/1996,Manmar,Fokker,Fokker F 27 Friendship 600XY,Near Mergui Manmar,Airways Myanmar,49,8,0,8
1949,Qtr 3,August,21,21/08/1949,Manitoba,Consolidated,Consolidated Canso (amphibian)11057,Near Bigstone Lake Manitoba,Force Air Canadian Royal - Military,21,21,0,21
1992,Qtr 3,August,27,27/08/1992,Manitoba,de Havilland,de Havilland Canada DHC 4T CaribouN400NC,Gimli Manitoba,Canada New,3,3,0,3
1983,Qtr 3,July,23,23/07/1983,Manitoba,Boeing,Boeing B 767,Gimli Manitoba,Canada Air Canada,69,0,0,0
1999,Qtr 2,June,25,25/06/1999,Manitoba,de Havilland,de Havilland Canada DHC 3 OtterC,Long Haul Lake Manatoba,Canada Blue Water Aviation Services,2,1,0,1
1931,Qtr 1,February,20,20/02/1931,Manitoba,Fokker,Fokker Universal F 14,Bagot Manitoba,Canada Western Canada Airways,3,2,0,2
1956,Qtr 1,February,18,18/02/1956,Malta,Avro,Avro 685 York C 1G,Near Zurrieg Malta,Airlines Scottish,50,50,0,50
1945,Qtr 4,October,24,24/10/1945,Malta,Douglas,Douglas C 47 Skytrain (DC,Valetta Malta,BOAC,16,9,0,9
1985,Qtr 4,November,24,24/11/1985,Malta,Boeing,Boeing B 737,Luqa Malta,Egypt,103,60,0,60
1946,Qtr 2,April,5,05/04/1946,Malta,Vickers,Vickers Wellington bomberHE 274,Rabat Malta,Navy British Royal - Military,4,4,16,20
1946,Qtr 3,August,14,14/08/1946,Malta,Douglas,Douglas C 47AG,Malta-Luqa Malta,BOAC,5,1,0,1
1954,Qtr 1,February,12,12/02/1954,Malta,Avro,Avro Shackleton MR 2WL794,Off Gozo Malta,Force Air Royal - Military,10,10,0,10
2013,Qtr 4,November,9,09/11/2013,Malinau,Mil,Mil   Mi,Pujungan Malinau,Borneo          district Military - Indonesian Army,21,13,0,13
2014,Qtr 3,July,24,24/07/2014,Mali,Mc,Mc Donnell Douglas MD 83EC,Aguelhok Mali,Algerie Air,116,116,0,116
1985,Qtr 1,February,22,22/02/1985,Mali,Antonov,Antonov AN 24VTZ,Timbuktu Mali,Mali Air,51,50,0,50
1951,Qtr 3,July,24,24/07/1951,Mali,Douglas,Douglas DC 3OO,Gao Mali,Sabena,3,3,0,3
1983,Qtr 2,June,21,21/06/1983,Mali,de Havilland,de Havilland Canada DHC 6 Twin Otter 300TZ,Niela Mali,Mali Air,7,7,0,7
1971,Qtr 3,July,24,24/07/1971,Mali,Douglas,Douglas DC 36V,Near Bamako Mali,Ivoire Air,6,6,0,6
1993,Qtr 3,July,30,30/07/1993,Malaysia,Shorts,Shorts SC 7 Skyvan 3,Serawak Malaysia,Airways Hornbill,17,1,0,1
1999,Qtr 2,May,24,24/05/1999,Malaysia,de Havilland,de Havilland Canada DHC 4AM21,Kuching Malaysia,Force Air Malaysian - Military,5,5,0,5
2013,Qtr 4,October,10,10/10/2013,Malaysia,de Havilland,de Havilland Canada DHC 6 Twin Otter 3109M,Kudat Malaysia,MASwings,16,2,0,2
1950,Qtr 3,August,25,25/08/1950,Malaysia,Douglas,Douglas C 47BKN630,Kampong Jenera Malaysia,Force Air Royal - Military,12,12,0,12
1989,Qtr 1,February,19,19/02/1989,Malaysia,Boeing,Boeing 747 249FN807FT,Near Kuala Lumpur Malaysia,Line Tiger Flying,4,4,0,4
1976,Qtr 2,June,6,06/06/1976,Malaysia,GAF,GAF Nomad N 22B9M,Off Kota Kinabalu Malaysia,Air Sabah,11,11,0,11
1991,Qtr 3,September,4,04/09/1991,Malaysia,Shorts,Shorts SC 7 Skyvan 3,Long Seridan Malaysia,Udara Rajawaldi Airtech,20,14,0,14
1952,Qtr 2,May,9,09/05/1952,Malaysia,Douglas,Douglas DC 3PK,Ipoh Malaysia,Airlines Indonesia Garuda,17,17,0,17
1997,Qtr 3,September,6,06/09/1997,Malaysia,Dornier,Dornier 228 2129M,Near Miri Malaysia,Airways Borneo,10,10,0,10
1995,Qtr 4,November,29,29/11/1995,Malaysia,Bell,Bell 412 (helicopter)9M AYW,Off Labuan Malaysia,Air Sabah,10,10,0,10
1946,Qtr 4,October,6,06/10/1946,Malaya,Avro,Avro 685 York 1MW125,Off Penang Malaya,Force Air -Royal Military,21,21,0,21
1987,Qtr 4,November,6,06/11/1987,Malawi,Shorts,Shorts SC 7 Skyvan 3,Ulongue Malawi,Malawi Air,10,10,0,10
1967,Qtr 3,July,19,19/07/1967,Malagasy,Douglas,Douglas DC 4,Tananarive Malagasy,Madagascar RepublicAir,42,42,0,42
1944,Qtr 3,July,11,11/07/1944,Maine,Douglas,Douglas A 26B Invader 43,Portland Maine,Army U.S. - Military,2,2,19,21
1979,Qtr 2,May,30,30/05/1979,Maine,de Havilland,de Havilland DHC 6,Rockland Maine,Airlines Downeast,18,17,0,17
1971,Qtr 3,August,19,19/08/1971,Maine,Piper,Piper PA 31N595DE,Augusta Maine,Airlines Downeast,8,3,0,3
2000,Qtr 3,July,19,19/07/2000,Maine,Grumman,Grumman G 159 Gulfstream IC,Linneus Maine,Transport Airwave,2,2,0,2
1985,Qtr 3,August,25,25/08/1985,Maine,Beechcraft,Beechcraft 99N300WP,Auburn Maine,Airlines Harbor Bar,8,8,0,8
1978,Qtr 1,January,1,01/01/1978,Maharashtra,Boeing,Boeing B 747,Off Bandra Maharashtra,India Air India,213,213,0,213
1963,Qtr 3,July,27,27/07/1963,Maharashtra,de Havilland,de Havilland Comet 4CSU ALD,Off Bandra Maharashtra,India United Arab Airlines,63,63,0,63
1957,Qtr 3,September,27,27/09/1957,Maharashtra,LET,Let Aero 45SVT DHO,Bhiwandi Maharashtra,Indiaèkoda (India) Ltd,3,3,0,3
1962,Qtr 3,July,7,07/07/1962,Maharashtra,McDonnell,McDonnell Douglas DC 8,Near Junnar Maharashtra,India Alitalia,94,94,0,94
1957,Qtr 2,May,9,09/05/1957,Madrid,Bristol,Bristol 170 FreighterEC ADI,Barajas Madrid,Spain Aviaco,37,37,0,37
1953,Qtr 2,April,10,10/04/1953,Madagascar,Junkers,Junkers JU 5/,Miandivazo Madagascar,France Air,15,4,0,4
1986,Qtr 2,May,24,24/05/1986,Madagascar,Douglas,Douglas C 47,Antananarivo Madagascar,Malgache l'Air de Armée - Military,13,13,0,13
1995,Qtr 3,July,18,18/07/1995,Madagascar,Douglas,Douglas C 47A5R,Near Antananivo Madagascar,Force Air Madagascar - Military,34,34,0,34
1950,Qtr 1,January,24,24/01/1950,Madagascar,Douglas,Douglas C 47A,Near Tamatave Madagascar,Aerienne Transatlantique Societe,14,14,0,14
1963,Qtr 3,July,15,15/07/1963,Madagascar,Douglas,Douglas C 475R,Farafangana Madagascar,Madagascar Air,12,6,0,6
1952,Qtr 1,January,2,02/01/1952,Madagascar,Junkers,Junkers Ju 52/3mF,Andapa Madagascar,France Air,11,6,0,6
1930,Qtr 1,January,13,13/01/1930,Madagascar,Farman,Farman 190F AJJK,Antananarivo Madagascar,Orient Air,3,3,0,3
1993,Qtr 4,November,20,20/11/1993,Macedonia,Yakovlev,Yakovlev YAK 42DRA,Near Ohrid Macedonia,(Macedonia) Aviaimpex,116,116,0,116
2008,Qtr 1,January,12,12/01/2008,Macedonia,Mi,Mi  17 HelicopterVAM,Blace Macedonia,Force Air Macedonian - Military,11,11,0,11
1993,Qtr 1,March,5,05/03/1993,Macedonia,Fokker,Fokker 100PH KXL,Skopje Macedonia,Macedonian Palair,97,83,0,83
1992,Qtr 3,July,24,24/07/1992,Macedonia,Antonov,Antonov 12BKCCCP 11342,Near Skopje Macedonia,Airlines Volga-Dnepr,8,8,0,8
2002,Qtr 4,November,6,06/11/2002,Luxembourg,Fokker,Fokker 50LX LGB,Near Niederanven Luxembourg,Luxair,22,20,0,20
1982,Qtr 3,September,29,29/09/1982,Luxembourg,Ilyushin,Ilyushin IL 62MCCCP,Luxembourg Luxembourg,Aeroflot,77,7,0,7
1982,Qtr 3,July,9,09/07/1982,Louisiana,Boeing,Boeing B 727,Kenner Louisiana,Airways World American Pan,145,145,8,153
1980,Qtr 3,August,6,06/08/1980,Louisiana,Bell,Bell 205A 1 helicopterN95AL,Houma Louisiana,Logistics Air,13,13,0,13
1973,Qtr 3,September,20,20/09/1973,Louisiana,Beechcraft,Beechcraft E18SN50JR,Natchitoches Louisiana,Charter Private,6,6,0,6
1988,Qtr 3,July,20,20/07/1988,Louisiana,Douglas,Douglas C 118AN33VX,Golden Meadow Louisiana,TACA,3,3,0,3
1977,Qtr 4,December,8,08/12/1977,Louisiana,SNIAS,SNIAS SA330JN4730S,Intracostal City Louisiana,Helicopter Petroleum,19,17,0,17
1969,Qtr 1,March,20,20/03/1969,Louisiana,Douglas,Douglas DC 3N142D,New Orleans Louisiana,Airways Avion,27,16,0,16
1988,Qtr 2,May,24,24/05/1988,Louisiana,Boeing,Boeing B 737,New Orleans Louisiana,TACA,45,0,0,0
1980,Qtr 1,February,21,21/02/1980,Louisiana,Sirkorsky,Sikorsky S 62AN442Y,Leeville Louisiana,Taxi Air - Inc Airs Rotor,7,6,0,6
1967,Qtr 1,March,30,30/03/1967,Louisiana,McDonnell,McDonnell Douglas DC 8,New Orleans Louisiana,Lines Air Delta,6,6,13,19
1972,Qtr 2,May,29,29/05/1972,Louisiana,Bell,Bell 205AN2256W,Dulac Louisiana,Helicopter Petrolium,11,11,0,11
1973,Qtr 1,February,19,19/02/1973,Louisiana,Bell,Bell 206BN14831,Morgan City Louisiana,Inc. Helo Petrolium,5,5,0,5
1966,Qtr 4,October,8,08/10/1966,Louisiana,Bell,Bell 204B helicopterN1187W,Off Morgan City Louisiana,Helicopter Petroleum,11,11,0,11
1991,Qtr 1,February,1,01/02/1991,Los,Boeing,Boeing B 737,LAX Los,California          Angeles USAir / Skywest Airlines,101,34,0,34
1978,Qtr 1,March,1,01/03/1978,Los,McDonnell,McDonnell Douglas DC 10,LAX Los,California          Angeles Continental Airlines,200,2,0,2
1922,Qtr 3,July,16,16/07/1922,Lorraine,Potez,Potez 29F FREI,Near Saverne Lorraine,France Compagnie Franco-Roumaine de Navigaation Aerienne,5,5,0,5
1948,Qtr 1,March,2,02/03/1948,London,Douglas,Douglas DC 3OO,Heathrow Airport London,England Sabena,22,20,0,20
1968,Qtr 2,April,8,08/04/1968,London,Boeing,Boeing B 707,Heathrow Airport London,England British Overseas Airways,127,5,0,5
1990,Qtr 1,January,25,25/01/1990,Lombok,Hawker,Hawker Siddeley HS 748,Mt Rijani Lombok,Indonesia          Island Airfast Services,19,19,0,19
1959,Qtr 2,June,26,26/06/1959,Lombardia,Lockheed,Lockheed 1649A StarlinerN7313C,Near Varese Lombardia,20 miles NW of Milan,68,68,0,68
1949,Qtr 1,January,17,17/01/1949,Lochgoilhead,Boeing,Boeing B 29A Superfortress44,Near Succoth Glen Lochgoilhead,Scotland Military - U.S. Air Force,20,20,0,20
1972,Qtr 4,October,27,27/10/1972,Liore,Vickers,Vickers Viscount 724F BMCH,Near Noiretable Loire,France Air Inter,68,60,0,60
1955,Qtr 3,September,22,22/09/1955,Libya,Canadair,Canadair C 4 ArgonautG,Idris Libya,Airways Overseas British,47,15,0,15
1945,Qtr 4,November,11,11/11/1945,Libya,Shorts,Short StirlingPJ950,Near Castel Libya,Force Air -Royal Military,29,29,0,29
1971,Qtr 1,January,2,02/01/1971,Libya,de Havilland,de Havilland Comet 4CSU ALC,Ben Gashir Libya,Airlines Arab United,16,16,0,16
2010,Qtr 2,May,12,12/05/2010,Libya,Airbus,Airbus A330 2025A,Tripoli Libya,Airways Afriqiyah,104,103,0,103
1949,Qtr 1,February,4,04/02/1949,Libya,Douglas,Douglas C 54A,Castel Benito Libya,London of Skyways,53,1,0,1
1961,Qtr 4,October,10,10/10/1961,Libya,Handley,Handley Page Hastings C 2WD498,El Adem Libya,Force Air Royal - Military,37,17,0,17
1989,Qtr 3,July,27,27/07/1989,Libya,McDonnell,McDonnell Douglas DC 10,Tripoli Libya,Airlines Korean,199,75,4,79
1936,Qtr 3,September,24,24/09/1936,Libya,CRDA,CRDA CANT Z 506I,Benghazi Libya,SA Littoria Ala,10,9,0,9
2000,Qtr 1,January,13,13/01/2000,Libya,Shorts,Shorts 360 300HB,Off Marsa el-Brega Libya,Avisto,41,22,0,22
1958,Qtr 3,August,9,09/08/1958,Libya,Vickers,Vickers Viscount 748DVP YNE,Benghazi Libya,Airways African Central,54,36,0,36
1992,Qtr 4,December,22,22/12/1992,Libya,Boeing,Boeing B 727,Tripoli Libya,Force Air Libya  - Military / Airlines Arab Libya,157,157,0,157
1988,Qtr 4,November,30,30/11/1988,Libya,de Havilland,de Havilland Canada DHC 6 Twin Otter 3005A,Hamada al Hambra Libya,Libya Club Aero,14,14,0,14
1992,Qtr 2,April,7,07/04/1992,Libya,Antonov,Antonov AN 24RVJ5,Near Sarra Libya,Bissau Air,13,3,0,3
1970,Qtr 2,June,1,01/06/1970,Libya,Tupolev,Tupolev TU 104AOK,Tripoli Libya,Aerolinie Ceskoslovenske,13,13,0,13
1946,Qtr 3,September,19,19/09/1946,Libya,Avro,Avro LancasterNX690,Near Tripoli Libya,Force Air -Royal Military,25,25,0,25
1989,Qtr 4,November,9,09/11/1989,Liberia,Britten,Britten  Norman BN,Monrovia Liberia,Ttansport Air Weasua,10,2,0,2
2002,Qtr 1,February,15,15/02/2002,Liberia,Antonov,Antonov 12BPER ADL,Monrovia Liberia,Tiramavia,10,1,0,1
1951,Qtr 2,June,22,22/06/1951,Liberia,Lockheed,Lockheed 049 ConstellationN88846,Near Sanoyea Liberia,Airways World American Pan,40,40,0,40
1967,Qtr 1,March,5,05/03/1967,Liberia,McDonnell,McDonnell Douglas DC 8,Monrovia Liberia,Varig,90,51,5,56
1989,Qtr 4,November,10,10/11/1989,Lesotho,CASA,Casa 212 AviocarLDF 46,Maluti Mountains Lesotho,Force Defence Lesotho Royal - Military,18,18,0,18
1986,Qtr 3,August,4,04/08/1986,Leeward,de Havilland,de Havilland Canada DHC 6 Twin Otter 300V2,Off St. Vincent Leeward,Transport Air Islands IslandsLeeward,13,13,0,13
1959,Qtr 4,November,21,21/11/1959,Lebanon,Douglas,Douglas DC 4YA,Beirut Lebanon,Airlines Afghan Ariana,27,24,0,24
1975,Qtr 3,September,30,30/09/1975,Lebanon,Tupolev,Tupolev TU 154BHA,Off Beirut Lebanon,Airlines Hungarian Malev,60,60,0,60
2010,Qtr 1,January,25,25/01/2010,Lebanon,Boeing,Boeing 737 8ASET,Off Na'ameh Lebanon,Airlines Ethiopian,90,90,0,90
1932,Qtr 3,August,12,12/08/1932,Lebanon,Cams,CAMS 53F AIQY,Beyrouth Lebanon,Orient Air,7,0,0,0
1979,Qtr 3,July,23,23/07/1979,Lebanon,Boeing,Boeing 707 327COD,Beirut Lebanon,Airways Mediterranean Trans,6,6,0,6
1957,Qtr 4,October,3,03/10/1957,Lebanon,Curtiss,Curtiss C 46A,Beirut Lebanon,Airways International Lebanese,27,27,0,27
1977,Qtr 4,December,2,02/12/1977,Lebanon,Tupolev,Tupolev TU 154BLZ,Near Al Bayda Lebanon,Airlines Bulgarian Balkan,165,59,0,59
1977,Qtr 2,May,13,13/05/1977,Lebanon,Antonov,Antonov An 12BPSP,Beiruit Lebanon,Airlines Polish Lot,9,9,0,9
1967,Qtr 4,December,30,30/12/1967,Latvia,Antonov,Antonov AN 24BCCCP,Liepaja Latvia,Aeroflot,51,44,0,44
1993,Qtr 4,December,13,13/12/1993,Laos,Yunshuji,Yunshuji Y 12,Phonesavanh Laos,Aviation Lao,18,18,0,18
1963,Qtr 3,July,17,17/07/1963,Laos,Curtiss,Curtiss C 46FB,Pak Tha Laos,America Air,6,6,0,6
1972,Qtr 1,February,11,11/02/1972,Laos,Douglas,Douglas DC 4XW,Near Vientiane Laos,Lao Air Royal,23,23,0,23
1967,Qtr 4,December,7,07/12/1967,Laos,Douglas,Douglas DC 3XW,Muong Soui Laos,Airlines Cathay Lao,12,10,0,10
1972,Qtr 2,April,24,24/04/1972,Laos,Pilatus,Pilatus PC6CH2N391R,Nyot Mo Laos,America Air,10,4,0,4
1975,Qtr 1,January,16,16/01/1975,Laos,Antonov,Antonov AN 12 CCCP,Xam Neua Laos,Aeroflot,16,16,0,16
1967,Qtr 3,July,25,25/07/1967,Laos,Douglas,Douglas DC 3B,Near Luang Prabang Laos,Aviation Taiwan,18,18,0,18
1967,Qtr 3,July,25,25/07/1967,Laos,Douglas,Douglas DC 3XW,Near Luang Prabang Laos,Akat Vehu,16,16,0,16
2014,Qtr 2,May,17,17/05/2014,Laos,Antonov,Antonov 74TK 300RDPL,Xiang Khouang province Laos,Force Air Laos,17,16,0,16
1968,Qtr 1,February,24,24/02/1968,Laos,Douglas,Douglas DC 3XW,Ban Napa Laos,Lao Air Royal,37,37,0,37
1954,Qtr 4,December,4,04/12/1954,Laos,Douglas,Douglas DC 3F,Near Luang Pragang Laos,Laos Air,29,29,0,29
2000,Qtr 4,October,19,19/10/2000,Laos,Harbin,Harbin Yunshuji Y 12,Near Sam Neua Laos,Aviation Lao,17,8,0,8
1998,Qtr 2,May,25,25/05/1998,Laos,Yakovlev,Yakovlev YAK 4034001,Near Longtiang Laos,Force Air Army Liberation People's Lao - Military,26,26,0,26
1954,Qtr 2,April,13,13/04/1954,Laos,Lockheed,Lockheed 18 LodestarF OALK,Xieng Kouang Laos,Raviteillement de Indochinoise Societe,23,16,0,16
1969,Qtr 4,December,23,23/12/1969,Laos,Douglas,Douglas C 47A,Near Luang Prabang Laos,Air Laos,6,6,0,6
2013,Qtr 4,October,16,16/10/2013,Laos,ATR,ATR  72,Near Pakse Laos,Airlines Lao,49,49,0,49
1969,Qtr 3,August,19,19/08/1969,Laos,Pilatus,Pilatus Pc 6CN196X,Near Long Tieng Laos,America Air,13,13,0,13
1954,Qtr 3,August,16,16/08/1954,Laos,Bristol,Bristol 170 Freighter 21EF VNAI,Near Pakse Laos,Vietnam) (South Vietnam Air,55,47,0,47
1968,Qtr 4,November,25,25/11/1968,Laos,Curtiss,Curtiss C 46D,Savannakhet Laos,America Air,28,26,0,26
1969,Qtr 3,September,2,02/09/1969,Laos,Douglas,Douglas C 47248,Near Pakse Laos,Force Air Lao Royal - Military,35,35,0,35
1972,Qtr 1,February,4,04/02/1972,Laos,de Havilland,de Havilland Canada C 7A Caribou393,Pha Khao Laos,America Air,38,1,0,1
1958,Qtr 1,February,27,27/02/1958,Lancs,Bristol,Bristol 170 Freighter 21G AICS,Horwich Lancs,England Silver City Airways,42,35,0,35
1947,Qtr 4,December,10,10/12/1947,Labrador,Douglas,Douglas C 54D,Near Goose Bay Labrador,Force Air U.S. - Military,29,23,0,23
2017,Qtr 1,January,16,16/01/2017,Kyrgyzstan,Boeing,Boeing 747 412FTC,Bishkek Kyrgyzstan,Airlines) (ACT Airlines Cargo My,4,4,35,39
1969,Qtr 2,June,28,28/06/1969,Kyrgyzstan,Ilyushin,Ilyushin IL 14CCCP,Near Talas Kyrgyzstan,Aeroflot,40,40,0,40
2008,Qtr 3,August,24,24/08/2008,Kyrgyzstan,Boeing,Boeing B 737,Bishkek Kyrgyzstan,Air Itek,90,68,0,68
1959,Qtr 3,July,15,15/07/1959,Kuwait,Avro,Avro 685 YorkEP ADE,Kuwait City Kuwait,PAS,32,32,0,32
1999,Qtr 4,December,10,10/12/1999,Kuwait,Lockheed,Lockheed C 130H63,Kuwait City Kuwait,Force Air U.S. - Military,94,3,0,3
1999,Qtr 4,November,12,12/11/1999,Kosovo,Aerospatiale,Aerospatiale Alenia ATR 42F,Near Pristina Kosovo,charter U.N. - Fly Si,24,24,0,24
1961,Qtr 4,December,24,24/12/1961,Kodiak,Grumman,Grumman G 21A GooseN1503V,Old Harbor Kodiak,Alaska          Island Kodiak Airways,5,1,0,1
1995,Qtr 4,October,4,04/10/1995,Kirghizia,Mil,Mil Mi 8MTV,Barskoon Kirghizia,Zaoldoru Aba Kirghizia,15,15,0,15
1974,Qtr 2,June,27,27/06/1974,Khmer,Boeing,Boeing 307B 1 StratolinerXW,Battambang Khmer,Air RepublicCambodia,39,19,0,19
1998,Qtr 1,March,10,10/03/1998,Kenya,Boeing,Boeing 707 336CSU,Mombasa Kenya,Memphis Air,6,6,0,6
1999,Qtr 2,May,29,29/05/1999,Kenya,LET,Let 410UVP E5Y,Ol Kiombo Kenya,Services Air Malindi,2,2,0,2
1976,Qtr 4,October,4,04/10/1976,Kenya,Douglas,Douglas DC 7CFTZ,Nairobi Kenya,Transport Air Emirates,4,4,0,4
2004,Qtr 2,May,23,23/05/2004,Kenya,LET,Let 410UVP5Y VVD,Mwingi Kenya,Aviation Bird Blue,2,2,0,2
1944,Qtr 4,November,29,29/11/1944,Kenya,Lockheed,Lockheed 18 LodeStarG AGBW,Nairobi Kenya,BOAC,11,11,0,11
1992,Qtr 2,April,14,14/04/1992,Kenya,de Havilland,de Havilland DHC 5 Buffalo218,Nairobi Kenya,Force Air Kenyan - Military,46,46,6,52
2003,Qtr 1,January,24,24/01/2003,Kenya,Grumman,Grumman G 159 Gulfstream I5Y,Busia Kenya,Services Commuter African,13,3,0,3
1974,Qtr 4,November,20,20/11/1974,Kenya,Boeing,Boeing B 747,Near Nairobi Kenya,Lufthansa,157,59,0,59
2018,Qtr 2,June,5,05/06/2018,Kenya,Cessna,"Cessna 208B Grand Carivan	5Y CAC",Near Njabini Kenya,SAX Fly,10,10,0,10
2014,Qtr 3,July,2,02/07/2014,Kenya,Fokker,Fokker 505Y CET,Near Nairobi Kenya,Aviation International Skyward,4,4,0,4
1955,Qtr 2,May,18,18/05/1955,Kenya,Douglas,Douglas DC 3VP,Mt. Kilimanjaro Kenya,Airways African East,20,20,0,20
1990,Qtr 4,December,4,04/12/1990,Kenya,Boeing,Boeing B 707,Nairobi Kenya,Cargo Air Sudania,10,10,0,10
1962,Qtr 2,May,17,17/05/1962,Kenya,Lockheed,Lockheed C 130A Hercules56,Near Nairobi Kenya,Force Air U.S. - Military,13,13,0,13
2006,Qtr 2,April,10,10/04/2006,Kenya,Harbin,Harbin Yunshuji Y 12,Marsabit Kenya,Force Air Kenya - Military,17,14,0,14
2003,Qtr 3,July,19,19/07/2003,Kenya,Swearingen,Swearingen SA 226T Metro IIZS,Mount Kenya Kenya,Charter Air Blake Ryan,14,14,0,14
1938,Qtr 3,July,27,27/07/1938,Kenya,Armstrong,Armstrong  Withworth AtlantaG,Kisumu Kenya,Airways Imperial,4,4,0,4
1945,Qtr 3,July,11,11/07/1945,Kenya,Douglas,Douglas C 476812,Near Kisumu Kenya,Force Air African South - Military,28,28,0,28
2002,Qtr 4,November,28,28/11/2002,Kenya,LET,Let 410UVP E205Y,Masai Mara Game Reserve Kenya,Aviation Eagle,20,1,0,1
1994,Qtr 1,March,14,14/03/1994,Kenya,Lockheed,Lockheed C 130H Hercules69,Off Malindi Kenya,Force Air U.S. - Military,8,8,0,8
1979,Qtr 4,October,8,08/10/1979,Kentucky,Piper,Piper PA 31N6642L,Covington Kentucky,Comair,8,8,0,8
1953,Qtr 3,September,28,28/09/1953,Kentucky,Curtiss,Curtiss C 46F,Louisville Kentucky,Airlines Resort,41,25,0,25
1989,Qtr 3,September,15,15/09/1989,Kentucky,Beech,Beech King Air B100N887PE,Mayfield Kentucky,Aviation Cap Wehite,6,6,0,6
1972,Qtr 4,November,17,17/11/1972,Kentucky,Beech,Beech G18SN2700S,Elkton Kentucky,Systems Air Metro,11,11,0,11
1986,Qtr 3,September,9,09/09/1986,Kentucky,Lockheed,Lockheed C 130A Hercules56,Hopkinsville Kentucky,Force Air U.S. - Military,4,3,0,3
2003,Qtr 1,February,16,16/02/2003,Kentucky,Cessna,Cessna 421N421TJ,Ferguson Kentucky,Co. Aircraft Northern Great - Taxi Air,7,3,0,3
2006,Qtr 3,August,27,27/08/2006,Kentucky,Canadair,Canadair CRJ 200ERN431CA,Lexington Kentucky,Comair,50,49,0,49
1943,Qtr 3,July,28,28/07/1943,Kentucky,Douglas,Douglas DC 3NC16014,Trammel Kentucky,Airlines American,22,20,0,20
1926,Qtr 3,August,18,18/08/1926,Kent,Bleriot,Bleriot 155F AIEB,Hurst Kent,England Air Union,15,3,0,3
1919,Qtr 4,October,20,20/10/1919,Kent,de Havilland,De Havilland DH 4G,English Channel off Forkstone Kent,Travel and Transport Aircraft,0,0,0,0
1926,Qtr 4,October,2,02/10/1926,Kent,Bleriot,Bleriot 155F  AICQ,Leigh Kent,Unied Kingdom Air Union,7,7,0,7
1930,Qtr 3,July,21,21/07/1930,Kent,Junkers,Junkers F 13geG,Near Meopham Kent,England Walcot Air Line,6,6,0,6
1922,Qtr 2,June,3,03/06/1922,Kent,Bleriot,Bleriot Spad 27F ACMH,Off Folkestone Kent,England Cie des Messageries Aeriennes,3,3,0,3
1965,Qtr 1,January,3,03/01/1965,Kazakhstan,Ilyushin,Ilyushin IL 18BCCCP,Alma-Ata Kazakhstan,Kazakhstan / Aeroflot,103,64,0,64
2019,Qtr 4,December,27,27/12/2019,Kazakhstan,Fokker,Fokker 100UP F100,Almaty Kazakhstan,Air Bek,98,12,0,12
1941,Qtr 4,December,26,26/12/1941,Kazakhstan,Tupolev,Tupolev ANT 6CCCP,Baiserke Kazakhstan,Aeroflot,34,26,0,26
1948,Qtr 3,September,30,30/09/1948,Kazakhstan,sunov,Lisunov LI 2CCCP,Balkhash Kazakhstan,Aeroflot,15,15,0,15
2012,Qtr 4,December,25,25/12/2012,Kazakhstan,Antonov,Antonov AN 72,Near Shymkent Kazakhstan,Guards Border Kazakhstan - Military,27,27,0,27
1980,Qtr 3,July,8,08/07/1980,Kazakhstan,Tupolev,Tupolev TU 154BCCCP,Near Alma-Ata Kazakhstan,USSRAeroflot,166,166,0,166
2013,Qtr 1,January,29,29/01/2013,Kazakhstan,Canadair,Canadair CRJ 200ERUP,Near Kyzyltu Kazakhstan,Air SCAT,21,21,0,21
1987,Qtr 1,March,6,06/03/1987,Kazakhstan,Antonov,Antonov AN 26CCCP,Near Almaty Kazakhstan,Aeroflot,9,9,0,9
1973,Qtr 1,February,28,28/02/1973,Kazakhstan,Yakovlev,Yakovlev YAK 40CCCP,Semipalatinsk Kazakhstan,Aeroflot,32,32,0,32
2004,Qtr 2,May,18,18/05/2004,Kazakhstan,PZL,PZL  Mielec AN,Bozoy Kazakhstan,Aray-Avia,12,1,0,1
1983,Qtr 3,August,30,30/08/1983,Kazakhstan,Tupolev,Tupolev TU 134ACCCP,Near Alma-Ata Kazakastan,USSRAeroflot,90,90,0,90
2007,Qtr 1,March,11,11/03/2007,Kauai,Mc,Mc Donnell Douglas 369FF RotocraftN911VC,Hanea Kauai,Hawaii Inter-Island,5,1,0,1
1985,Qtr 1,January,9,09/01/1985,Kansas,Lockheed,Lockheed L 188AF ElectraN357Q,Kansas City Kansas,Airways International TPI,3,3,0,3
1928,Qtr 2,June,22,22/06/1928,Kansas,Douglas,Douglas M 4NC1059,Lebo Kansas,Transport Air National,1,1,0,1
1931,Qtr 1,March,31,31/03/1931,Kansas,Fokker,Fokker F10A TrimotorNC 999,Bazaar Kansas,Air Western and Continental Trans,8,8,0,8
1944,Qtr 3,September,17,17/09/1944,Kansas,Consolidated,Consolidated B 24 Liberator,Copeland Kansas,Army U.S. - Military,13,13,2,15
1946,Qtr 3,July,18,18/07/1946,Kansas,Douglas,Douglas C 47,Goodland Kansas,Corps Air Army U.S. - Military,13,13,0,13
1965,Qtr 1,January,16,16/01/1965,Kansas,Boeing,Boeing KC 135A57,Wichita Kansas,Force Air U.S. - Military,7,7,23,30
2000,Qtr 4,October,10,10/10/2000,Kansas,Canadair,Canadair CL 600,Wichita Kansas,Aerospace Bombardier,3,2,0,2
1987,Qtr 2,April,13,13/04/1987,Kansas,Boeing,Boeing 707 351CN144SP,Kansas City Kansas,Express Air Burlington,4,4,0,4
2000,Qtr 3,July,26,26/07/2000,Jordan,Lockheed,Lockheed C 130H Hercules348,Mafraq Jordan,Force Air Jordanian Royal - Military,13,13,0,13
1959,Qtr 1,January,22,22/01/1959,Jordan,Convair,Convair CV 240,Dabouk Jordan,Jordan Air,15,10,0,10
1957,Qtr 2,April,17,17/04/1957,Jordan,Vickers,Vickers Valetta C Mk.1VW832,Near El Quweira Jordan,Force Air -Royal Military,24,24,0,24
1956,Qtr 3,September,9,09/09/1956,Jordan,Curtiss,Curtiss C 46A,Amman Jordan,Airlines International Jordan,57,1,0,1
1973,Qtr 2,June,30,30/06/1973,Jordan,Tupolev,Tupolev TU 134ACCCP,Amman Jordan,Aeroflot,85,2,7,9
1984,Qtr 1,January,2,02/01/1984,Jordan,CASA,CASA 212 A3 Aviocar 100324,Amman Jordan,Force Air Jordanian Royal - Military,13,13,0,13
1977,Qtr 2,May,10,10/05/1977,Jordan,Sirkorsky,Sikorsky CH 53D (helicopter)360,Near Jericho Jordan,Force Air Israel - Military,54,54,0,54
1946,Qtr 4,December,25,25/12/1946,Jiangsu,Curtiss,Curtiss C 47,Near Wusong Jiangsu,China CNAC,34,13,3,16
1992,Qtr 3,July,31,31/07/1992,Jiangsu,Yakovlev,Yakovlev YAK 42DB,Nanjing Jiangsu,China China General Aviation Corporation,126,108,0,108
1938,Qtr 4,November,4,04/11/1938,Jersey,de Havilland,De Havilland DH 86G,Channel Islands Jersey,Airways Jersey,14,14,1,15
1936,Qtr 3,July,31,31/07/1936,Jersey,Saro,Saro A 19 CloudG,Off Channel Islands Jersey,Airways Guernsey,10,10,0,10
1979,Qtr 4,November,26,26/11/1979,Jeddah,Boeing,Boeing B 707,Near At Ta'if Jeddah,Saudi Arabia Pakistan International Airlines,156,156,0,156
1992,Qtr 4,October,18,18/10/1992,Jawa,CASA,CASA 235 10PK,Near Garut Jawa,Indonesia Merpati Nusantara Airlines,31,31,0,31
1963,Qtr 3,August,17,17/08/1963,Japan,de Havilland,de Havilland DH 114 HeronJA6155,Hachijo-Jima Island Japan,Kai Kabushki Koku Fujita,19,19,0,19
1950,Qtr 3,July,27,27/07/1950,Japan,Douglas,Douglas C 47D44,Off O-shima Island Japan,Force Air U.S. - Military,26,25,0,25
1957,Qtr 1,March,4,04/03/1957,Japan,Curtiss,Curtiss C 46D,Near Miho AB Japan,Force Air Japanese,17,17,0,17
2009,Qtr 1,March,23,23/03/2009,Japan,McDonnell,McDonnell Douglas MD 11N526FE,Tokyo Japan,Fed,2,2,0,2
1962,Qtr 4,November,19,19/11/1962,Japan,Vickers,Vickers 828 ViscountJA8202,Near Nagoya Japan,Airways Nippon All,4,4,0,4
1950,Qtr 3,September,26,26/09/1950,Japan,Douglas,Douglas C 54D,Near Kyushu Island Japan,Force Air U.S. - Military,51,23,0,23
1966,Qtr 4,November,13,13/11/1966,Japan,NAMC,NAMC  YS,Off Matsuyama Japan,Airways Nippon All,50,50,0,50
1963,Qtr 1,March,23,23/03/1963,Japan,H,H  21B,Misaki Mountain Japan,Force Defense Self Air Japan - Military,10,10,0,10
1966,Qtr 1,February,4,04/02/1966,Japan,Boeing,Boeing B 727,Tokyo Bay Japan,Airways Nippon All,133,133,0,133
1955,Qtr 4,November,20,20/11/1955,Japan,Douglas,Douglas C124 DL Globemaster II51,Iwo Jima Japan,Force Air US - Military,11,10,0,10
1952,Qtr 1,February,7,07/02/1952,Japan,Boeing,Boeing B 29,Kaneko Japan,Force Air U.S. - Military,13,13,5,18
1985,Qtr 2,May,6,06/05/1985,Japan,CH,CH  53D157138,Off Tanegashima Japan,Corps Marine U.S. - Military,17,17,0,17
1966,Qtr 1,March,4,04/03/1966,Japan,McDonnell,McDonnell Douglas DC 8,Near Tokyo Japan,Lines Air Pacific Canadian,72,64,0,64
1964,Qtr 1,February,27,27/02/1964,Japan,Convair,Convair CV 240,Oita Japan,Airlines Fuji,42,20,0,20
1982,Qtr 1,February,9,09/02/1982,Japan,McDonnell,McDonnell Douglas DC 8,Tokyo Japan,Lines Air Japan,174,24,0,24
1996,Qtr 2,June,13,13/06/1996,Japan,McDonnell,McDonnell Douglas DC 10,Fukuoka Japan,Airlines Indonesia Garuda,275,3,0,3
2000,Qtr 2,June,27,27/06/2000,Japan,Kawasaki,Kawasaki C 1A88,Off Shimano Japan,Force Self-Defence Air Japanese - Military,5,5,0,5
1960,Qtr 1,March,16,16/03/1960,Japan,Douglas,Douglas DC 3JA,Nagoya Japan,Airways Nippon All,40,5,0,5
1938,Qtr 3,August,24,24/08/1938,Japan,N/A,Unknown / Unknown,Tokyo Japan,School Flying Japan / Air Japan,5,5,53,58
1954,Qtr 1,February,1,01/02/1954,Japan,Curtiss,Curtiss  Wright C46D,Off Hokkaido Japan,Force Air U.S. - Military,35,35,0,35
1983,Qtr 2,April,19,19/04/1983,Japan,Kawasaki,Kawasaki C 1 / Kawasaki C,Near Toba Japan,Force Self-Defence Air Japan,14,14,0,14
1947,Qtr 2,May,29,29/05/1947,Japan,Douglas,Douglas C 54D,Atsugi Japan,Forces Air Army U.S. - Military,40,40,0,40
1979,Qtr 1,January,30,30/01/1979,Japan,Boeing,Boeing B 707,125 miles ENE of Tokyo Japan,Varig,6,6,0,6
2007,Qtr 3,August,20,20/08/2007,Japan,Boeing,Boeing 737 809B,Okinawa Japan,Airlines China,165,0,0,0
1958,Qtr 3,September,9,09/09/1958,Japan,Lockheed,Lockheed L 1049H Super ConstellationN6920C,Mount Oyama Japan,Line Tiger Flying,8,8,0,8
1938,Qtr 3,August,10,10/08/1938,Japan,Douglas,Douglas DF 151J,Shishijima Japan,Nippon Dai,6,6,0,6
1971,Qtr 3,July,3,03/07/1971,Japan,NAMC,NAMC YS 11A,Hokkaido Japan,(Japan) Airline Domestic Toa,68,68,0,68
1958,Qtr 3,August,12,12/08/1958,Japan,Douglas,Douglas DC 3JA5045,Sakiya Saugye Japan,Airways Nippon All,33,33,0,33
1952,Qtr 2,April,9,09/04/1952,Japan,Martin,Martin 202N93043,Mihara Volcano Japan,Lines Air Japan,37,37,0,37
1962,Qtr 3,September,3,03/09/1962,Japan,Lockheed,Lockheed P2V 7KA,Yanoyaki Japan,Force Defense Self Maritime Japan - Military,12,12,1,13
1950,Qtr 2,April,21,21/04/1950,Japan,Douglas,Douglas C 54D42,Near Atsugi Japan,Force Air U.S. - Military,35,35,0,35
1999,Qtr 3,July,23,23/07/1999,Japan,Boeing,Boeing B 747JA8966,Tokyo Japan,Airways Nippon All,517,1,0,1
1946,Qtr 4,December,10,10/12/1946,Japan,Curtiss,Curtiss  Wright C,Near Osaka Japan,Forces Air Army U.S. - Military,24,24,0,24
1983,Qtr 2,April,26,26/04/1983,Japan,Shin,Shin Meiwa PS 15801,Iwakuni AB Japan,Force Defense Self Maritime Japan - Military,14,11,0,11
1970,Qtr 3,July,27,27/07/1970,Japan,McDonnell,McDonnell Douglas DC 8,Tokyo Japan,Line Tiger Flying,4,4,0,4
1971,Qtr 3,July,30,30/07/1971,Japan,Boeing,Boeing B 727,Near Morioko Japan,Force Air Japanese  / Airways Nippon All,164,163,0,163
1960,Qtr 1,January,21,21/01/1960,Jamaica,Lockheed,Lockheed 1049E Super ConstellationHK 177,Montego Bay Jamacia,Avianca,46,37,0,37
1953,Qtr 2,April,10,10/04/1953,Jamaica,Lockheed,Lockheed 18 56 LodeStarVP,Off Kingston Jamaica,Airways International Caribbean,13,13,0,13
2017,Qtr 4,October,14,14/10/2017,Ivory,Antonov,Antonov An 26,Abidjan Ivory,Charter Cargo International CoastValan,10,4,0,4
2000,Qtr 1,January,30,30/01/2000,Ivory,Airbus,AirbusA310  3045Y,Off Abidjan Ivory,Airways CoastKenya,179,169,0,169
1945,Qtr 2,May,30,30/05/1945,Ivory,Douglas,Douglas C 47B,Off Drewin Ivory,Forces Air Army U.S. - CoastMilitary,21,21,0,21
1994,Qtr 2,June,26,26/06/1994,Ivory,Fokker,Fokker F 27 Friendship 400MTU,Abidjan Ivory,Ivorie CoastAir,17,17,0,17
1987,Qtr 1,January,3,03/01/1987,Ivory,Boeing,Boeing B 707,Abidjan Ivory,CoastVarig,51,50,0,50
1954,Qtr 1,January,14,14/01/1954,Italy,Douglas,Douglas DC 6PI,Rome Italy,Lines Air Philippine,16,16,0,16
1954,Qtr 1,January,10,10/01/1954,Italy,de Havilland,de Havilland DH106 Comet 1G ALYP,Off Elba Italy,Airways Overseas British,35,35,0,35
1987,Qtr 4,October,15,15/10/1987,Italy,Aerospatiale,Aerospatiale Alenia ATR 42,Mt. Crezzo Italy,Italiani Transporti Aero,37,37,0,37
1938,Qtr 2,April,30,30/04/1938,Italy,Junkers,Junkers JU 52I,Near Formia Italy,Littoria Ala,19,19,0,19
2006,Qtr 3,August,13,13/08/2006,Italy,Lockheed,Lockheed L 100,Near Piacenza Italy,Algerie Air,3,3,0,3
1919,Qtr 3,August,2,02/08/1919,Italy,Caproni,Caproni Ca.48,Verona Italy,Company Caproni,14,14,0,14
1948,Qtr 4,December,31,31/12/1948,Italy,Douglas,Douglas DC 3ZS,Mt. Argentari Italy,Charter Air African Pan,13,13,0,13
1959,Qtr 1,January,27,27/01/1959,Italy,Avro,Avro 688G AGRG,Brindisi Italy,Charter Air,6,2,0,2
1973,Qtr 4,December,17,17/12/1973,Italy,Boeing,Boeing B 707,Rome Italy,Airways World American Pan,177,30,0,30
1974,Qtr 1,January,1,01/01/1974,Italy,Fokker,Fokker F 28 Fellowship 1000I,Near Turin Italy,Itavia,42,38,0,38
1949,Qtr 2,June,23,23/06/1949,Italy,Lockheed,Lockheed 749 79,Off Bari Italy,Airlines Dutch Royal KLM,33,33,0,33
1929,Qtr 4,October,26,26/10/1929,Italy,Shorts,Short Calcutta (flying boat)G AADN,Off Spezia Italy,Airways Imperial,7,7,0,7
1940,Qtr 1,February,10,10/02/1940,Italy,Savoia,Savoia  Marchetti SM,Near Cosenza Italy,SA Littoria Ala,10,10,0,10
1940,Qtr 1,March,16,16/03/1940,Italy,Savoia,Savoia Marchetti SM 73I  SUTO,Stromboli Island Italy,Littoria Ala,14,14,0,14
1969,Qtr 2,May,25,25/05/1969,Italy,Fokker,Fokker F 27 Friendship 600I,Reggio di Calabria Italy,Italiani Transporti Aero,36,1,0,1
1955,Qtr 1,February,13,13/02/1955,Italy,Douglas,Douglas DC 6OO,Abruzzio Mountains Italy,Sabena,29,29,0,29
1948,Qtr 4,December,6,06/12/1948,Italy,Douglas,Douglas C 47I,Milan Italy,Italiane Linee ItalianeAvio Linee Avio,7,7,0,7
1953,Qtr 1,January,15,15/01/1953,Italy,Vickers,Vickers Valetta Mk1 / Avero LancasterVX562 / TX270,25 nm off Agrigento Italy,Force Air -Royal Military,26,26,0,26
2005,Qtr 3,August,6,06/08/2005,Italy,ATR,ATR  72,Off Palermo Italy,Tuninter,39,16,0,16
1999,Qtr 1,February,25,25/02/1999,Italy,Dornier,Dornier 328 110D,Genoa Italy,Airlines Minerva,31,4,0,4
1945,Qtr 1,February,2,02/02/1945,Italy,Douglas,Douglas C 47,Near Montieri Italy,Forces Air Army U.S. - Military,26,23,0,23
1977,Qtr 1,March,3,03/03/1977,Italy,Lockheed,Lockheed C 130HMM61995,Near Cascina Italy,Force Air Italian - Military,44,44,0,44
1990,Qtr 4,November,25,25/11/1990,Italy,Aerospatiale,Aerospatiale 330J PumaI EHPA,Off Ravenna Italy,Eitos,13,13,0,13
1937,Qtr 4,December,5,05/12/1937,Italy,Shorts,Short Empire Flying BoatG ADUZ,Brindisi Harbor Italy,Airways Imperial,19,2,0,2
2001,Qtr 4,October,8,08/10/2001,Italy,MD,MD  87 / Cessna 525A Citation IISE,Milan Italy,Private / (SAS) Airlines Scandinavian,114,114,4,118
1970,Qtr 2,April,25,25/04/1970,Italy,Fairchild,Fairchild C 119GMM52,Rivolto Italy,Force Air Italian - Military,19,17,0,17
1949,Qtr 2,May,4,04/05/1949,Italy,Fiat,FIAT G 212CPI,Superga Italy,Italiane Linee Avio,31,31,0,31
1972,Qtr 4,October,30,30/10/1972,Italy,Fokker,Fokker F 27 Friendship 200I,Poggiorsini Italy,Italiani Transporti Aero,27,27,0,27
1945,Qtr 4,November,11,11/11/1945,Italy,Boeing,Boeing B 17G43,Near Picinisco Italy,Forces Air Army U.S. - Military,20,20,0,20
1977,Qtr 4,November,19,19/11/1977,Italy,Boeing,Boeing 707 360CET,Rome Italy,Airlines Ethiopian,5,5,0,5
1968,Qtr 3,August,2,02/08/1968,Italy,McDonnell,McDonnell Douglas DC 8I,Near Milan Italy,Alitalia,95,13,0,13
1988,Qtr 4,October,17,17/10/1988,Italy,Boeing,Boeing B 707,Rome Italy,Airlines Uganda,52,33,0,33
1954,Qtr 2,April,8,08/04/1954,Italy,de Havilland,de Havilland DH106 Comet 1G ALYY,Off Stromboli Italy,leased from British Overseas Airways         Airways African South,21,21,0,21
2003,Qtr 2,June,1,01/06/2003,Italy,Gates,Gates Learjet 45I ERJC,Milan Italy,Italila Eurojet,2,2,0,2
1941,Qtr 3,July,30,30/07/1941,Italy,Macchi,Macchi C.100I PACE,Rome Italy,Littoria Ala,25,5,0,5
1937,Qtr 4,December,5,05/12/1937,Italy,Shorts,Short S 23 (flying boat)G,Brindisi Italy,Airways Imperial,8,2,0,2
1938,Qtr 3,July,14,14/07/1938,Italy,Savoia,Savoia Marchetti S 66I,Off Sardinia Italy,Littoria Ala,20,20,0,20
1971,Qtr 4,November,9,09/11/1971,Italy,Lockheed,Lockheed C 130K HerculesXV216,Off Livorno Italy,Force Air Royal - Military,52,52,0,52
1972,Qtr 2,April,16,16/04/1972,Italy,Fokker,Fokker F 27 Friendship 200I,Near Ardinello di Amaseno Italy,Italiani Transporti Aero,18,18,0,18
1954,Qtr 4,October,24,24/10/1954,Italy,Douglas,Douglas C 47A,Near Nice Italy,Force Air U.S. - Military,21,21,0,21
1959,Qtr 4,December,21,21/12/1959,Italy,Vickers,Vickers 785D ViscountI LIZT,Rome Italy,Alitalia,2,2,0,2
1947,Qtr 4,November,28,28/11/1947,Italy,Douglas,Douglas C 47B43,Near Trappa Italy,Force Air U.S. - Military,20,20,0,20
1947,Qtr 1,February,15,15/02/1947,Italy,Savoia,Savoia  Marchetti SM,Off Terracina Italy,Militari Aerei Corrieri - Military,16,16,0,16
1947,Qtr 4,November,18,18/11/1947,Italy,Bristol,Bristol 170 Freighter XISE BNG,Ravello Italy,Trafik-Turist-Transportflyg,25,20,0,20
1966,Qtr 1,February,18,18/02/1966,Italy,Douglas,Douglas DC 6BOO,Near Milan Italy,Services Air International Belgian,4,4,0,4
1962,Qtr 1,March,8,08/03/1962,Italy,Douglas,Douglas DC 6BI,Rome Italy,Mediterranea Aerea Societa,5,5,0,5
1984,Qtr 3,July,12,12/07/1984,Italy,Lockheed,Lockheed C 141B64,Sigonella AFB Italy,Force Air U.S. - Military,9,9,0,9
1995,Qtr 4,December,13,13/12/1995,Italy,Antonov,Antonov AN 24BYR,Verona  - Villafranca Italy,Air Banat Romanian,49,49,0,49
1978,Qtr 4,December,16,16/12/1978,Italy,Cessna,Cessna 421 Golden EagleI ASON,Selvapiana Italy,70 Air,10,10,0,10
1952,Qtr 1,February,16,16/02/1952,Italy,Vickers,Vickers 614 Viking 1G AHPI,Near Burgio Italy,Travel Air Hunting,31,31,0,31
1964,Qtr 4,November,23,23/11/1964,Italy,Boeing,Boeing B 707,Rome Italy,Airlines World Trans,73,50,0,50
1936,Qtr 2,April,15,15/04/1936,Italy,OFM,OFM F VIIb/3mI,Near Turin Italy,Italiane Linee Avio,7,7,0,7
1951,Qtr 1,January,17,17/01/1951,Italy,Savoia,Savoia Marchetti SM 95I,Near Civitavecchia Italy,Alitalia,17,14,0,14
1960,Qtr 4,October,14,14/10/1960,Italy,de Havilland,de Havilland DH 114 Heron 2I,Elba Italy,Itavia,11,11,0,11
1938,Qtr 3,August,18,18/08/1938,Italy,Macchi,Macchi C 94I,Montnago Italy,Macchi,15,15,0,15
1996,Qtr 4,October,8,08/10/1996,Italy,Antonov,Antonov AN 124RA,San Francesco al Campo Italy,Aeroflot,23,2,2,4
1964,Qtr 1,March,28,28/03/1964,Italy,Vickers,Vickers Viscount 785DI LAKE,Mt. Vesuvius Italy,Alitalia,45,45,0,45
1940,Qtr 4,December,24,24/12/1940,Italy,Savoia,Savoia  Marchetti SM.75 I,Capri Island Italy,Littolia Ala,7,7,0,7
1960,Qtr 3,September,29,29/09/1960,Italy,Vickers,Vickers Viscount 739BSU AKW,Off Elba Italy,Airlines Arab United,21,21,0,21
1962,Qtr 3,July,9,09/07/1962,Italy,Douglas,Douglas DC 4OD,Off Brindisi Italy,Airways Mediterranean Trans,6,6,0,6
1942,Qtr 2,May,19,19/05/1942,Italy,Savoia,Savoia  Marchetti SM,Near Rome Italy,LATI,20,20,0,20
1946,Qtr 2,June,1,01/06/1946,Italy,Douglas,Douglas C 54,Off Amalfi Italy,Forces Air Army U.S. - Military,38,30,0,30
1997,Qtr 3,July,30,30/07/1997,Italy,Aerospatiale,Aerospatiale ATR 42,Florence Italy,Littoral Air,17,1,0,1
1952,Qtr 3,August,21,21/08/1952,Italy,Handley,Handley Page HP 81 Hermes 4AG,Off Trapani Italy,Airwork,57,7,0,7
1958,Qtr 4,November,3,03/11/1958,Italy,Douglas,Douglas C 47,Near Roccatamburo di Poggiodomo Italy,Airlines Yemen,8,8,0,8
1963,Qtr 1,March,30,30/03/1963,Italy,Douglas,Douglas DC 3I,Near Sora Italy,Itavia,11,11,0,11
1922,Qtr 4,October,2,02/10/1922,Italy,de Havilland,de Havilland DH 9G,Venice Italyde,Service Air Havilland,4,4,0,4
1956,Qtr 4,December,22,22/12/1956,Italy,Douglas,Douglas DC 3I,Mt. Giner Italy,Italiane Aeree Linee,21,21,0,21
1958,Qtr 1,February,15,15/02/1958,Italy,Douglas,Douglas VC 47A42,Mount Vesuvius Italy,Force Air US - Military,16,16,0,16
1967,Qtr 1,March,11,11/03/1967,Italy,de Havilland,de Havilland Canada DHC 6 Twin Otter 100I,Mt Visenti Italy,Aeralpi,5,4,0,4
1960,Qtr 3,July,31,31/07/1960,Italy,Convair,Convair CV 240,Near Rimini Italy,Flugdienst Deutsche,34,1,0,1
1935,Qtr 4,November,9,09/11/1935,Italy,Shorts,Short S 17 KentG,Brindisi Italy,Airways Imperial,13,12,0,12
2002,Qtr 1,March,9,09/03/2002,Italy,Antonov,Antonov 2TPLY AVD,Monte Rotondo Italy,Prekés Svedijos,3,3,0,3
1963,Qtr 1,March,20,20/03/1963,Italy,de Havilland,de Havilland Comet 4CSA R,Monte Matto Italy,Flight Royal Arabian Saudi,18,18,0,18
1947,Qtr 1,March,8,08/03/1947,Italy,Douglas,Douglas C 47BKK122,L'isola di Ischia Italy,Force Air Royal - Military,13,13,0,13
1958,Qtr 4,October,22,22/10/1958,Italy,Vickers,Vickers Viscount 701CG ANHC,Anzio Italy,Airways European British,31,31,0,31
1945,Qtr 4,November,9,09/11/1945,Italy,Douglas,Douglas C 47A,Near Boccadi Italy,Forces Air Army U.S. - Military,24,24,0,24
1945,Qtr 2,April,23,23/04/1945,Isle,B,B17G Flying Fortress43 38856,North Barrule Isle,England         Man of Military - U.S. Air Force,31,31,0,31
1986,Qtr 2,June,12,12/06/1986,Islay,de Havilland,de Havilland Canada DHC 6 Twin Otter 300G,Port Ellen Islay,IslandLoganair,16,1,0,1
1977,Qtr 4,November,19,19/11/1977,Island,Boeing,Boeing B 727,Near Funchal Island,Portugal         Madeira of TAP (Air Portugal),164,131,0,131
2011,Qtr 1,February,10,10/02/2011,Ireland,Swearingen,Swearingen SA 227BC Metro IIIEC,Cork Ireland,Manx2,12,6,0,6
1961,Qtr 3,September,10,10/09/1961,Ireland,Douglas,Douglas DC 6BN90773,Shannon Ireland,Airlines President,83,83,0,83
1948,Qtr 2,April,15,15/04/1948,Ireland,Lockheed,Lockheed L 049,Shannon Ireland,Airways World American Pan,31,30,0,30
1955,Qtr 1,January,11,11/01/1955,Ireland,Avro,Avro Shackleton M 2 / Avro Shakleton M,Off Skellings Ireland,Force Air -Royal Military,18,18,0,18
1954,Qtr 3,September,5,05/09/1954,Ireland,Lockheed,Lockheed 1049C 55,Foynes Ireland,Airlines Dutch Royal KLM,56,28,0,28
1943,Qtr 3,July,28,28/07/1943,Ireland,Shorts,Short S 25 Sunderland 3 (flying boat)G,Brandon Head Ireland,Airways Overseas British,25,10,0,10
1949,Qtr 3,August,15,15/08/1949,Ireland,Douglas,Douglas DC 3 (C,Off Lurga Point Ireland,Lines Air Transocean,58,8,0,8
1967,Qtr 2,June,12,12/06/1967,Ireland,Bristol,Bristol 170 Freighter 31EEI APM,Dublin Ireland,Turas Aer,2,2,0,2
1960,Qtr 1,February,26,26/02/1960,Ireland,Douglas,Douglas DC 7CI,Shannon Ireland,Alitalia,52,34,0,34
1946,Qtr 4,December,28,28/12/1946,Ireland,Lockheed,Lockheed 049 ConsellationNC86505,Near Shannon Ireland,Air Western and Continental Trans,23,13,0,13
1952,Qtr 1,January,10,10/01/1952,Ireland,Douglas,Douglas DC 3EI,Com Edno Ireland,Lingus Aer,23,23,0,23
1968,Qtr 1,March,24,24/03/1968,Ireland,Vickers,Vickers Viscount 803EI AOM,Off Wexford Harbor Ireland,Lingus Aer,61,61,0,61
1957,Qtr 4,October,23,23/10/1957,Ireland,Vickers,Vickers 802 ViscountG AOJA,Belfast Ireland,Airways European British,7,7,0,7
1956,Qtr 3,July,15,15/07/1956,Ireland,Convair,Convair CV 440,Shannon Ireland,Swissair,4,4,0,4
2007,Qtr 1,January,20,20/01/2007,Iraq,Sirkorsky,Sikorsky UH 60L Black Hawk,Near Baghdad Iraq,Army US - Military,12,12,0,12
2005,Qtr 1,January,30,30/01/2005,Iraq,Lockheed,Lockheed Hercules C.1XV179,Near Al Taji Iraq,Force Air Royal - Military,10,10,0,10
2005,Qtr 1,January,26,26/01/2005,Iraq,CH,CH53E Sea Stallion164536,Rutbah Iraq,Marines U.S. - Military,31,31,0,31
2003,Qtr 4,November,2,02/11/2003,Iraq,CH,CH  47 Chinook,Near Hasi Iraq,Army U.S. - Military,36,15,0,15
1957,Qtr 2,April,20,20/04/1957,Iraq,Lockheed,Lockheed Super ConstellationF BGNE,Jirkouk Iraq,France Air,0,1,0,1
2006,Qtr 1,January,7,07/01/2006,Iraq,UH,UH  60L Black Hawk91,Near Tal Afar Iraq,Army US - Military,12,12,0,12
2007,Qtr 1,January,9,09/01/2007,Iraq,Antonov,Antonov 26B 100ER,Near Balad Air Base Iraq,Cargo Air Aeriantur-M Moldovan,35,34,0,34
2003,Qtr 4,November,15,15/11/2003,Iraq,UH,UH  60 Black Hawk / UH,Mosul Iraq,Army U.S. - Military,22,17,0,17
2008,Qtr 4,November,13,13/11/2008,Iraq,Antonov,Antonov An 12S9,Fallujah Iraq,Group Aviation Falcon,7,7,0,7
2007,Qtr 3,August,22,22/08/2007,Iraq,UH,UH  60 Blackhawk helilcopter,Near Kirkuk Iraq,Army U.S. - Military,14,14,0,14
1932,Qtr 1,March,29,29/03/1932,Iraq,Farman,Farman F 190F,Rutbah Wells Iraq,Orient Air,3,3,0,3
2005,Qtr 2,April,21,21/04/2005,Iraq,Mil,Mil Mi 8,Near Baghdad Iraq,Bulgarian - Military,11,11,0,11
1938,Qtr 4,November,27,27/11/1938,Iraq,Shorts,Short Empire Flying BoatG AETW,Bagdad Iraq,Airways Imperial,6,4,0,4
1993,Qtr 4,November,15,15/11/1993,Iran,Antonov,Antonov AN 124RA,Near Kerman Iran,Avialinii Magistralnye,17,17,0,17
1993,Qtr 1,February,8,08/02/1993,Iran,Tupolev,Tupolev TU 154M / Sukhoi Su,Near Tehran Iran,Force Air Iranian - Military  /  Tours Air Iran,133,133,0,133
2006,Qtr 1,January,9,09/01/2006,Iran,Dassault,Dassault Falcon 2015 2233,Near Orumiyeh Iran,Force Air Corps Guard Revolutionary Iranian - Military,11,11,0,11
2000,Qtr 1,February,2,02/02/2000,Iran,Lockheed,Lockheed C 130 Hercules,Tehran Iran,Force Air Iran of Republic Islamic - Military,8,8,0,8
1950,Qtr 3,September,14,14/09/1950,Iran,Douglas,Douglas DC 3EP,Tehran Iran,Air Iran,8,8,0,8
1992,Qtr 2,April,26,26/04/1992,Iran,Fokker,Fokker F 27 Friendship 400M5,Saveh Iran,Services Airline Saha,39,39,0,39
2006,Qtr 4,November,27,27/11/2006,Iran,Antonov,Antonov 74T 20015,Tehran Iran,Force Air Corps Guard Revolutionary Iranian - Military,38,38,0,38
2006,Qtr 3,September,1,01/09/2006,Iran,Tupolev,Tupolev Tu 154MEP,Mahad Iran,Tours Air Iran,148,29,0,29
1967,Qtr 2,April,17,17/04/1967,Iran,Lockheed,Lockheed C 130B5,Near Mamuniyeh Iran,Force Air Iranian Imperial - Military,23,23,0,23
1991,Qtr 2,May,24,24/05/1991,Iran,Ilyushin,Ilyushin 76TDLZ INK,Bakhtaran Iran,Cargo Metro,10,4,0,4
2019,Qtr 1,January,14,14/01/2019,Iran,Boeing,Boeing 707 3J9CEP,Karaj Iran,Air Saha,16,15,0,15
2018,Qtr 3,September,17,17/09/2018,Iran,Ilyushin,Ilyushin Il 20MRF,Near Latakia-Khmeimim Air Base Iran,Force Air Russian - Military,15,15,0,15
2003,Qtr 1,February,19,19/02/2003,Iran,Ilyushin,Ilyushin Il 76MD15,Near Shahdad Iran,Corps Guards Revolution's Islamic - Military,275,275,0,275
1976,Qtr 3,August,2,02/08/1976,Iran,Boeing,Boeing 707 373HL7412,Near Tehran Iran,Airlines Korean,5,5,0,5
2002,Qtr 4,December,23,23/12/2002,Iran,Antonov,Antonov AN 140UR,Near Isfanan Iran,Aeromist-Kharkiv,44,44,0,44
2003,Qtr 2,June,25,25/06/2003,Iran,Lockheed,Lockheed C 130 Hercules,Near Rudshour Iran,Force Air Iran of Republic Islamic - Military,7,7,0,7
1997,Qtr 1,March,13,13/03/1997,Iran,Lockheed,Lockheed C 130HF,Near Mashhad Iran,Force Air Iranian - Military,88,88,0,88
1929,Qtr 3,September,6,06/09/1929,Iran,de Havilland,de Havilland DH 66 HerculesG,Jask Iran,Airways Imperial,5,3,0,3
2005,Qtr 2,April,20,20/04/2005,Iran,Boeing,Boeing B 707,Tehran Iran,Services Airline Saha,169,3,0,3
1974,Qtr 1,March,15,15/03/1974,Iran,Aerospatiale,Aerospatiale Caravelle 10B3OY STK,Tehran Iran,Airways Sterling,96,15,0,15
2014,Qtr 3,August,10,10/08/2014,Iran,HESA,HESA Iran 140,Tehran Iran,Airlines Sepahan,48,39,0,39
2009,Qtr 3,July,15,15/07/2009,Iran,Tupolev,Tupolev 154MEP CPG,Near Qazvin Iran,Airlines Caspian,168,168,0,168
1996,Qtr 2,June,9,09/06/1996,Iran,Boeing,Boeing 727 286EP,Rasht Iran,Air Iran,7,7,0,7
1986,Qtr 4,October,15,15/10/1986,Iran,Boeing,Boeing 737 286EP,Chiraz Iran,Air Iran,80,3,0,3
2020,Qtr 1,January,8,08/01/2020,Iran,Boeing,Boeing 737 8KV WLUR,Near Shahriah Iran,Airlines International Ukraine,176,176,0,176
1981,Qtr 3,September,29,29/09/1981,Iran,Lockheed,Lockheed C 130H5,Tehran Iran,Force Air Iranian - Military,80,60,20,80
2018,Qtr 1,March,11,11/03/2018,Iran,Canadair,Canadair CL 600,81 miles SW o fShahre Kurd Iran,Aviation Mc,11,11,0,11
1951,Qtr 4,December,23,23/12/1951,Iran,SNCASE,SNCASE LanguedocSU AHH,Tehran Iran,Misrair,22,22,0,22
1946,Qtr 4,December,4,04/12/1946,Iran,sunov,Lisunov Li 2,Meshed Iran,Aeroflot,24,24,0,24
2009,Qtr 3,July,24,24/07/2009,Iran,Ilyushin,Ilyushin Il 62MUP,Mashad Iran,Airlines Aria,153,16,0,16
1989,Qtr 2,June,18,18/06/1989,Iran,Antonov,Antonov AN 26YA,Zabol Iran,Airlines Afghan Ariana,39,6,0,6
1963,Qtr 1,March,15,15/03/1963,Iran,Avro,Avro 685 York C1OD ACZ,Near Karai Iran,Airlines East Middle,4,4,0,4
1986,Qtr 4,November,2,02/11/1986,Iran,Lockheed,Lockheed C 130,Near Zahedan Iran,Force Air Iranian - Military,103,103,0,103
1950,Qtr 4,December,1,01/12/1950,Iran,Douglas,Douglas DC 3EP,Near Chamaran Iran,Air Iran,8,8,0,8
2001,Qtr 2,May,17,17/05/2001,Iran,Yakovlev,Yakovlev YAK 40EP,Near Sari Iran,Airlines Qeshm Faraz,30,30,0,30
2005,Qtr 4,December,6,06/12/2005,Iran,Lockheed,Lockheed C 130B Hercules5,Tehran Iran,Force Air Iran of Republic Islamic - Military,94,94,14,108
2018,Qtr 1,February,18,18/02/2018,Iran,ATR,ATR 72 212EP,Kohangan village Iran,Airlines Aseman Iran,66,66,0,66
1980,Qtr 2,April,24,24/04/1980,Iran,Lockheed,Lockheed EC 130E Hercules62,Posht-i-Badam Iran,Force Air U.S. - Military,7,5,0,5
2011,Qtr 1,January,9,09/01/2011,Iran,Boeing,Boeing B 727,Orumiyeh Iran,Air Iran,105,77,0,77
2002,Qtr 1,February,12,12/02/2002,Iran,Tupolev,Tupolev TU 154EP,Near Khorramabed Iran,Tours Air Iran,117,117,0,117
1995,Qtr 1,January,5,05/01/1995,Iran,Lockheed,Lockheed 1329 Jetstar 81003,Isfahan Iran,Force Air Iranian - Military,12,12,0,12
1947,Qtr 3,July,16,16/07/1947,Iran,Avro,Avro 685 YorkG AGMR,Az-Zubair Iran,Airways Overseas British,6,6,0,6
1952,Qtr 4,December,25,25/12/1952,Iran,Douglas,Douglas DC 3EP,Tehran Iran,Air Iran,29,27,0,27
1993,Qtr 3,July,1,01/07/1993,Iran,Fokker,Fokker F 28 Fellowship 3000PK,Sorong Irian,Indonesia          Jaya Merpati Nusantara Airlines,43,41,0,41
1954,Qtr 3,August,22,22/08/1954,Iowa,Douglas,Douglas DC 3N61451,Near Mason City Iowa,Airlines Braniff,19,12,0,12
1989,Qtr 3,July,19,19/07/1989,Iowa,McDonnell,McDonnell Douglas DC 10,Sioux City Iowa,Lines Air United,298,112,0,112
1959,Qtr 1,February,3,03/02/1959,Iowa,Beechcraft,Beechcraft Bonanza 35N3794N,Mason City Iowa,Charter Private - Service Flying Dwyer,4,4,0,4
1993,Qtr 2,April,19,19/04/1993,Iowa,Mitsubishi,Mitsubishi MU 2B,Zwingle Iowa,Private,8,8,0,8
1955,Qtr 1,January,19,19/01/1955,Iowa,Convair,Convair CV 340N73154,Des Moines Iowa,Lines Air United,39,0,0,0
2003,Qtr 1,March,28,28/03/2003,Iowa,Beech,Beech A36N1636W,New Vienna Iowa,Charter - Club Flying Hancock Morris,3,3,0,3
1920,Qtr 2,May,12,12/05/1920,Iowa,de Havilland,De Havilland DH 479,Oskaloosa Iowa,Service Mail Aerial US,2,1,0,1
2013,Qtr 1,January,2,02/01/2013,Iowa,Bell,Bell 407N445MT,Near Clear Lake Iowa,Corporaion Med-Trans,3,3,0,3
1951,Qtr 1,March,2,02/03/1951,Iowa,Douglas,Douglas DC 3N19928,Sioux City Iowa,Airlines Continent Mid,25,16,0,16
1969,Qtr 3,August,31,31/08/1969,Iowa,Cessna,Cessna 172HN3149X,Newton Iowa,Charter Private,3,3,0,3
2004,Qtr 4,November,21,21/11/2004,Inner,Bombardier,Bombardier CRJ200B 3072,Baotou Inner,China          Mongolia China Eastern Airlines,53,53,0,53
2005,Qtr 1,February,22,22/02/2005,"Indonesia
	
Sarmi",CASA,"CASA 212 AviocarP 2032
P","Off Sarmi Indonesia
	
Sarmi",Indonesia Indonesian National Police,18,15,0,15
1982,Qtr 2,June,24,24/06/1982,Indonesia,Boeing,Boeing B 747G,Mount Galunggung Indonesia,Airways British,257,0,0,0
1994,Qtr 4,November,4,04/11/1994,Indonesia,de Havilland,de Havilland Canada DHC 6 Twin Otter 100PK,Near Nabire Indonesia,Service Air Trigana,4,4,0,4
1997,Qtr 4,December,19,19/12/1997,Indonesia,Boeing,Boeing B 737,Near Palembang Indonesia,Silk,104,104,0,104
1961,Qtr 4,December,29,29/12/1961,Indonesia,Douglas,Douglas DC 3PK,Surabaya Indonesia,Airlines Indonesia Garuda,14,14,0,14
2002,Qtr 4,November,7,07/11/2002,Indonesia,Britten,Britten  Norman BN,Tarakan Indonesia,Services Air Dirgantara,10,7,0,7
1993,Qtr 1,January,31,31/01/1993,Indonesia,Shorts,Shorts SC 7 Skyvan 3,Sumatra Indonesia,Transport Air Malaysian Pan,16,16,0,16
1991,Qtr 3,September,3,03/09/1991,Indonesia,Britten,Britten  Norman BN,Sampit Indonesia,Services Air Dirgantara,10,3,0,3
2006,Qtr 4,November,17,17/11/2006,Indonesia,de Havilland,de Havilland Canada DHC 6 Twin Otter 300PK,Puncak Jaya Indonesia,Service Air Trigana,12,12,0,12
2012,Qtr 2,June,21,21/06/2012,Indonesia,Fokker,Fokker F 27 Friendship 400MA,Jakarta Indonesia,Force Air Indonesian - Military,7,7,4,11
1991,Qtr 2,May,9,09/05/1991,Indonesia,Fokker,Fokker F 27 Friendship 600PK,Sulawesi Indonesia,Airlines Nusantara Merpati,13,13,0,13
1957,Qtr 3,July,16,16/07/1957,Indonesia,Lockheed,Lockheed 1049C Super ConstellationPH LKT,Near Biak Indonesia,Airlines Dutch Royal KLM,68,58,0,58
1982,Qtr 2,May,28,28/05/1982,Indonesia,Aerospatiale,Aerospatiale 330G PumaPK PDU,Off Natuma Island Indonesia,Service Air Pelita,10,10,0,10
2015,Qtr 4,October,2,02/10/2015,Indonesia,de Havilland,de Havilland DHC 6 Twin Otter PK,Near Masamba Indonesia,Mandari Avistar,10,10,0,10
1984,Qtr 3,August,15,15/08/1984,Indonesia,Douglas,Douglas C 47APK,Near Wamena Indonesia,Indonesia Airfast,3,2,0,2
2002,Qtr 1,January,16,16/01/2002,Indonesia,Boeing,Boeing B 737,Near Solo Indonesia,Airlines Indonesia Garuda,62,1,0,1
1997,Qtr 3,July,17,17/07/1997,Indonesia,Fokker,Fokker F 27 Friendship 600PK,Bandung Indonesia,Air Sempati,50,30,0,30
1987,Qtr 2,April,4,04/04/1987,Indonesia,McDonnell,McDonnell Douglas DC 9,Medan-Polonia Indonesia,Airlines Indonesia Garuda,45,27,0,27
1942,Qtr 1,January,20,20/01/1942,Indonesia,Lockheed,Lockheed HudsonA16 79,Kupang Indonesia,Force Air Australian Royal - Military,11,11,0,11
1980,Qtr 3,August,26,26/08/1980,Indonesia,Vickers,Vickers Viscount 812PK IVS,Near Jakarta Indonesia,Airlines Indonesia Bouraq,37,37,0,37
2005,Qtr 3,September,5,05/09/2005,Indonesia,Boeing,Boeing 737 230PK,Medan Indonesia,Airlines Mandala,117,99,44,143
1994,Qtr 2,June,18,18/06/1994,Indonesia,Fokker,Fokker F 27 Friendship 500FPK,Mt.  Kalora Indonesia,Airlines Nusantara Merpati,12,12,0,12
1990,Qtr 4,December,6,06/12/1990,Indonesia,IPTN,IPTN 332C Super PumaPK PUI,Near Matak Indonesia,Service Air Pelita,12,10,0,10
1987,Qtr 2,May,25,25/05/1987,Indonesia,de Havilland,de Havilland Canada DHC 6 Twin Otter 100PK,Ilaga Indonesia,Fellowship Aviation Missionary,30,7,0,7
2001,Qtr 2,June,15,15/06/2001,Indonesia,Transall,Transall C 160NGPK,Jayapura Indonesia,Air Manunggal,19,1,0,1
1991,Qtr 1,January,30,30/01/1991,Indonesia,CASA,CASA 212 Aviocar 200PK NCY,Jalaludin Indonesia,Airlines Nusantara Merpati,21,1,0,1
2012,Qtr 2,May,9,09/05/2012,Indonesia,Sukhoi,Sukhoi Superjet 100 95RA,Near Cidahu Indonesia,Sukhoi,45,45,0,45
2015,Qtr 2,June,30,30/06/2015,Indonesia,Lockheed,Lockheed C130 B HerculesA,Medan Indonesia,Force Air Indonesian - Military,122,122,19,141
2011,Qtr 2,May,7,07/05/2011,Indonesia,Xian,Xian MA 60PK,Off Kaimana Indonesia,Airlines Nusantara Merpati,27,27,0,27
1982,Qtr 1,March,20,20/03/1982,Indonesia,Fokker,Fokker F 28 Fellowship 1000PK,Branti Airport Indonesia,Airlines Indonesia Garuda,27,27,0,27
1993,Qtr 1,January,9,09/01/1993,Indonesia,Hawker,Hawker Siddeley HS 748,Surabaya Indonesia,Airlines Indonesia Bouraq,44,17,0,17
1950,Qtr 4,November,17,17/11/1950,Indonesia,Douglas,Douglas DC 3PK,Surabaya Indonesia,Airlines Indonesia Garuda,23,2,0,2
1994,Qtr 2,April,25,25/04/1994,Indonesia,Britten,Britten Norman BN 2A,Nanga Pinoh Indonesia,Services Air Dirgantara,11,11,0,11
1997,Qtr 2,April,19,19/04/1997,Indonesia,British,British Aerospace ATPPK MTX,Tanjung Pandan Indonesia,Airlines Nusantara Merpati,53,15,0,15
1985,Qtr 4,November,21,21/11/1985,Indonesia,Lockheed,Lockheed C 130H HerculesA,Near Sibyak Indonesia,Force Air Indonesian - Military,11,11,0,11
1976,Qtr 4,November,4,04/11/1976,Indonesia,Fokker,Fokker F 27 Friendship 100PK,Banjarmasin Indonesia,Service Air International Bali,38,29,0,29
1977,Qtr 1,March,29,29/03/1977,Indonesia,de Havilland,de Havilland Canada DHC 6 Twin Otter 300PK,Bainaha Valley Indonesia,Airlines Nusantara Merpati,23,15,0,15
2013,Qtr 2,April,13,13/04/2013,Indonesia,Boeing,Boeing B 737,Denpasar Indonesia,Air Lion,108,0,0,0
1985,Qtr 3,August,12,12/08/1985,Indonesia,de Havilland,de Havilland Canada DHC 6 Twin Otter 300PK,Mulia Indonesia,Airlines Nusantara Merpati,19,8,0,8
1987,Qtr 2,May,23,23/05/1987,Indonesia,de Havilland,de Havilland Canada DHC 6 Twin Otter 300PK,Near Ruteng Indonesia,Airlines Nusantara Merpati,8,8,0,8
1994,Qtr 3,July,26,26/07/1994,Indonesia,Sirkorsky,Sikorsky S 58ETPK,East Kalimantan Indonesia,Services Airfast,18,18,0,18
1974,Qtr 3,September,7,07/09/1974,Indonesia,Fokker,Fokker F 27 Friendship 600PK,Tandjung-karang Indonesia,Airlines Indonesia Garuda,39,36,0,36
2021,Qtr 1,January,9,09/01/2021,Indonesia,Boeing,Boeing 737 524PK,Near Jakarta Indonesia,Air Sriwijaya,62,62,0,62
2003,Qtr 1,March,27,27/03/2003,Indonesia,de Havilland,de Havilland Canada DHC 6 Twin OtterPK,Mulia Indonesia,Regional Air PT,16,4,0,4
1979,Qtr 3,July,11,11/07/1979,Indonesia,Fokker,Fokker F 28 Fellowship 1000PK,Near Medan Airfield Indonesia,Airlines Indonesia Garuda,61,61,0,61
1971,Qtr 4,November,10,10/11/1971,Indonesia,Vickers,Vickers Viscount 828PK MVS,Off Padang Indonesia,Airlines Nusantara Merpati,69,69,0,69
1983,Qtr 2,June,2,02/06/1983,Indonesia,Fokker,Fokker F 28 Fellowship 3000RCPK,Tanjung Karang Indonesia,Airlines Indonesia Garuda,61,3,0,3
2008,Qtr 2,June,26,26/06/2008,Indonesia,CASA,CASA NC 212A,Near Salak Mountain Indonesia,Force Air Indonesian - Military,18,18,0,18
1961,Qtr 1,January,24,24/01/1961,Indonesia,Douglas,Douglas DC 3PK,Mt. Burangrang Indonesia,Airlines Indonesia Garuda,21,21,0,21
2007,Qtr 1,January,1,01/01/2007,Indonesia,Boeing,Boeing B 737,Off Parepare Indonesia,Air Adam,102,102,0,102
1995,Qtr 3,August,9,09/08/1995,Indonesia,Hawker,Hawker Siddeley HS 748 2APK,Near Kaimana Indonesia,Airlines Indonesia Bourag,10,10,0,10
1975,Qtr 3,September,24,24/09/1975,Indonesia,Fokker,Fokker F 28 Fellowship 1000PK,Near Palembang Indonesia,Airlines Indonesia Garuda,61,25,1,26
1940,Qtr 1,January,22,22/01/1940,Indonesia,Lockheed,Lockheed 14 Super ElectraPK AFO,Denpasar Indonesia,KNILM,9,8,0,8
2004,Qtr 4,November,30,30/11/2004,Indonesia,McDonnell,McDonnell  Douglas MD,Solo Indonesia,Air Lion,163,25,0,25
2002,Qtr 3,July,16,16/07/2002,Indonesia,Britten,Britten  Norman BN,Near Long Barai Indonesia,Charter Air Raya Merauke Sabang,10,10,0,10
2016,Qtr 4,December,3,03/12/2016,Indonesia,M,M28 SkytruckP 4201,Near Tanjung Pinanga Indonesia,Police Indonesian,13,13,0,13
1986,Qtr 1,March,20,20/03/1986,Indonesia,CASA,CASA 212 Aviocar 100PK NCF,Near Naha Indonesia,Airlines Nusantara Merpati,16,2,0,2
1941,Qtr 4,December,29,29/12/1941,Indonesia,Shorts,Short S 23 Empire Flying Boat G,Sabang Indonesia,BOAC,4,4,0,4
1997,Qtr 3,September,26,26/09/1997,Indonesia,Airbus,Airbus A300 B4,Buah Nabar Indonesia,Airlines Indonesia Garuda,234,234,0,234
2018,Qtr 4,October,29,29/10/2018,Indonesia,Boeing,Boeing 737 MAX 8PK,Off Jakarta Indonesia,Air Lion,189,189,0,189
1972,Qtr 1,February,1,01/02/1972,Indonesia,Douglas,Douglas DC 6XW,Near Tegal Indonesia,Laos/PENAS Air Royal,9,6,0,6
1995,Qtr 4,October,3,03/10/1995,Indonesia,CASA,CASA 212PK ZAG,Gunung Antara Indonesia,Charter Air Raya Merauke Sabang,14,1,0,1
1993,Qtr 2,June,16,16/06/1993,Indonesia,de Havilland,de Havilland Canada DHC 6 Twin Otter 300PK,Nabire Indonesia,Airlines Nasantara Merpati,3,1,0,1
1961,Qtr 1,February,3,03/02/1961,Indonesia,Douglas,Douglas DC 3PK,Off Surabaya Indonesia,Airlines Indonesia Garuda,26,26,0,26
1989,Qtr 3,September,15,15/09/1989,Indonesia,de Havilland,de Havilland Canada DHC 6 Twin Otter 300PK,Near Bentuni Indonesia,Airlines Nusantara Merpati,22,22,0,22
1973,Qtr 1,February,28,28/02/1973,Indonesia,de Havilland,de Havilland Canada DHC 6 Twin Otter 100PK,Near Nabire Indonesia,Airlines Nusantara Merpati,13,13,0,13
2015,Qtr 3,August,12,12/08/2015,Indonesia,Pacific,Pacific AerospacePK KIG,Ninia Indonesia,Air Komala,6,1,0,1
2009,Qtr 2,April,6,06/04/2009,Indonesia,Fokker,Fokker F 27 Friendship 400MA,Bandung Indonesia,Force Air Indonesian - Military,24,24,0,24
1948,Qtr 1,February,10,10/02/1948,Indonesia,Douglas,Douglas DC 3PK,Near Padalarang Indonesia,Airlines Dutch Royal KLM,19,19,0,19
1996,Qtr 4,December,7,07/12/1996,Indonesia,CASA,CASA 212 Aviocar 100PK VSO,Banjarmasin Indonesia,Services Air Dirgantara,17,16,2,18
1991,Qtr 4,October,25,25/10/1991,Indonesia,Britten,Britten  Norman BN2A,Tumbang Miri Indonesia,Service Air International Bali,17,17,0,17
2009,Qtr 2,June,29,29/06/2009,Indonesia,de Havilland,de Havilland Canada DHC 6 Twin Otter 300PK,Near Wamena Indonesia,Mandiri Aviastar,3,3,0,3
2011,Qtr 3,September,29,29/09/2011,Indonesia,CASA,CASA NC 212 Aviocar 200PK,Near Bohorok Indonesia,Air Buana Nusantara,18,18,0,18
2009,Qtr 2,April,9,09/04/2009,Indonesia,British,British Aerospace BAe 146,Near Wamena Indonesia,Mandiri Aviastar,6,6,0,6
1945,Qtr 1,January,23,23/01/1945,Indonesia,Consolidated,Consolidated LiberatorA72 70,Timor Indonesia,Force Air Australian Royal - Military,11,11,0,11
2009,Qtr 3,August,2,02/08/2009,Indonesia,de Havilland,de Havilland Canada DHC 6 Twin Otter 300PK,Ampisibil Village Indonesia,Airlines Nusantara Merpati,16,16,0,16
1991,Qtr 4,October,5,05/10/1991,Indonesia,Lockheed,Lockheed C 130H,Near Jakarta Indonesia,Force Air Indonesian - Military,134,134,2,136
2002,Qtr 2,May,25,25/05/2002,Indonesia,de Havilland,de Havilland Canada DHC 6 Twin Otter 300PK,Near Nabire Indonesia,Service Air Trigana,6,6,0,6
2001,Qtr 1,January,8,08/01/2001,Indonesia,CASA,CASA 212 MP Aviocar 200U,Near Silimo Indonesia,Navy Indonesia Nasional Tentara - Military,9,9,0,9
1959,Qtr 4,December,24,24/12/1959,Indonesia,Douglas,Douglas C 47APK,Palembang Indonesia,Airlines Indonesia Garuda,2,1,0,1
2009,Qtr 2,May,20,20/05/2009,Indonesia,Lockheed,Lockheed C 130 HerculesA,Near Madiun Indonesia,Force Air Indonesian - Military,112,112,2,114
2005,Qtr 2,April,12,12/04/2005,Indonesia,de Havilland,de Havilland Canada DHC 6 Twin Otter 100PK,Enarotali Indonesia,Air GT,18,18,0,18
2007,Qtr 1,March,7,07/03/2007,Indonesia,Boeing,Boeing B 737,Yogyakarta Indonesia,Airlines Indonesia Garuda,140,22,0,22
1981,Qtr 2,April,28,28/04/1981,Indonesia,Douglas,Douglas C 47A,Pekanbaru Indonesia,Indonesia Airfast - Private,17,15,0,15
2008,Qtr 1,January,26,26/01/2008,Indonesia,CASA,CASA NC 212,Near Malinau Indonesia,Service Air Dirgantara,3,3,0,3
1967,Qtr 1,February,16,16/02/1967,Indonesia,Lockheed,Lockheed L 188C ElectraPK,Manado Indonesia,Airlines Indonesia Garuda,63,22,0,22
2015,Qtr 4,October,31,31/10/2015,Indonesia,de Havilland,de Havilland DCH 4T CaribouPK,Near Ilaga Indonesia,Service Air Trigana,4,4,0,4
2001,Qtr 1,March,26,26/03/2001,Indonesia,Fokker,Fokker F 27 Friendship 500FPK,Jadura Indonesia,Airlines Nusantara Merpati,3,3,0,3
1990,Qtr 1,January,2,02/01/1990,Indonesia,CASA,CASA 212 Aviocar 200PK PCM,Java Sea Indonesia,Service Air Pelita,16,9,0,9
1995,Qtr 1,January,10,10/01/1995,Indonesia,de Havilland,de Havilland Canada DHC 6 Twin Otter 300PK,Off Flores Island Inodnesia,Airlines Nusantara Merpati,14,14,0,14
1984,Qtr 1,January,30,30/01/1984,Indiana,Swearingen,Swearingen SA.226TC Metro IIN63Z,Terre Haute Indiana,Airways Britt,3,3,0,3
1966,Qtr 3,July,24,24/07/1966,Indiana,Beechcraft,Beechcraft H50N538B,Near Munster Indiana,Aviation Mainline - Private,4,4,0,4
1932,Qtr 2,April,21,21/04/1932,Indiana,Stearman,Stearman C 3MBNC6412,Fort Wayne Indiana,Airlines Transamerica,1,1,0,1
1987,Qtr 4,November,28,28/11/1987,Indiana,Boeing,Boeing B 747,Off Mauritius Indian,Airways African OceanSouth,159,159,0,159
1966,Qtr 3,September,4,04/09/1966,Indiana,Sud,Sud Aviation SE 210 CaravelleVT,Mumbai Indian,Airlines Indian,4,4,0,4
1927,Qtr 2,April,22,22/04/1927,Indiana,Douglas,Douglas M 4626,Goshen Indiana,Service Mail Aerial US,1,1,0,1
1930,Qtr 4,October,30,30/10/1930,Indiana,Pitcairn,Pitcairn PA 6 Mailwing,Brookston Indiana,Company Riddle Embry,1,1,0,1
1987,Qtr 4,October,20,20/10/1987,Indiana,A,A  7D Corsair,Indianapolis Indiana,Force Air U.S. - Military,11,10,10,20
2016,Qtr 3,July,22,22/07/2016,Indiana,Antonov,Antonov 32K2743,Bay of Bengal Indian,Force Air OceanIndian,29,29,0,29
1989,Qtr 1,March,15,15/03/1989,Indiana,NAMC,NAMC YS 11A,West Lafayette Indiana,Air Pacific Mid,2,2,0,2
1951,Qtr 2,April,28,28/04/1951,Indiana,Douglas,Douglas DC 3N16088,Fort Wayne Indiana,Lines Air United,11,11,0,11
1969,Qtr 3,September,9,09/09/1969,Indiana,MD,MD Douglas DC 9,Near Fairland Indiana,Corporation Forth / Airlines Allegheny,83,83,0,83
1924,Qtr 4,December,21,21/12/1924,Indiana,de Havilland,De Havilland DH 4311,Goshen Indiana,Service Mail Aerial US,1,1,0,1
1927,Qtr 4,November,29,29/11/1927,Indiana,Douglas,"Douglas M 4NC62  	
NC1062",Corunna Indiana,Transport Air National,1,1,0,1
1920,Qtr 1,March,10,10/03/1920,Indiana,de Havilland,De Havilland DH 465,New Paris Indiana,Service Mail Aerial US,1,1,0,1
1933,Qtr 4,October,10,10/10/1933,Indiana,Boeing,Boeing 247NC13304,Chesterton Indiana,Lines Air United,10,10,0,10
1992,Qtr 1,February,6,06/02/1992,Indiana,Lockheed,Lockheed C 130B Hercules58,Evansville Indiana,Force Air US - Military,5,5,12,17
1922,Qtr 3,September,7,07/09/1922,Indiana,de Havilland,De Havilland DH 4227,Indianapolis Indiana,Service Mail Aerial US,1,1,0,1
1977,Qtr 4,December,13,13/12/1977,Indiana,Douglas,Douglas DC 3N51071,Evansville Indiana,(Air Indiana)        Inc. Services Jet National,29,29,0,29
2000,Qtr 4,November,9,09/11/2000,Indiana,Swearingen,Swearingen SA.226TC Metro IIN731AC,Fort Wayne Indiana,Aviation Superior,1,1,0,1
1946,Qtr 4,December,28,28/12/1946,Indiana,Douglas,Douglas DC 3 (C,Michigan City Indiana,Airlines American,21,2,0,2
1994,Qtr 4,October,31,31/10/1994,Indiana,ATR,ATR  72,Roselawn Indiana,Eagle American,68,68,0,68
2011,Qtr 2,April,19,19/04/2011,"India	Pawan",Mil,"Mil Mi 172	VT","Tawang India	Pawan",Ltd. Helicopters Hans,23,18,0,18
1972,Qtr 3,August,12,12/08/1972,India,Fokker,Fokker F 27 Friendship 100VT,Near Delhi India,Airlines Indian,18,18,0,18
1991,Qtr 1,March,25,25/03/1991,India,Hindustan,Hindustan Aeronautics 748 2H1513,Near Bangalore India,Force Air Indian - Military,28,28,0,28
1963,Qtr 3,September,11,11/09/1963,India,Vickers,Vickers Viscount 768DVT DIO,Near Patti India,Airlines Indian,18,18,0,18
1949,Qtr 1,January,16,16/01/1949,India,Douglas,Douglas DC 3VT,Near Srinagar India,Airways Jain Dalmia,13,13,0,13
1982,Qtr 2,June,22,22/06/1982,India,Boeing,Boeing B 707,Bombay India,India Air,111,17,0,17
1952,Qtr 2,April,10,10/04/1952,India,Douglas,Douglas C 47AVT,Agartala India,Airlines Kalinga,4,4,0,4
1971,Qtr 4,December,9,09/12/1971,India,HAL,HAL  748,Chinnamanur India,Airlines Indian,31,21,0,21
1978,Qtr 4,November,19,19/11/1978,India,Antonov,Antonov AN 12,Near Leh India,Force Air Indian - Military,77,77,1,78
1970,Qtr 1,January,25,25/01/1970,India,Fokker,Fokker F 27 Friendship 2009N,Near Delhi India,Airlines Nepal Royal,23,1,0,1
1963,Qtr 2,June,3,03/06/1963,India,Douglas,Douglas C 47VT,Pathankot India,Airlines Indian,29,29,0,29
1979,Qtr 3,August,4,04/08/1979,India,Hindustan,Hindustan Aeronautics 748 2 224VT,Near Panvel India,Airlines Indian,45,45,0,45
1959,Qtr 1,March,29,29/03/1959,India,Douglas,Douglas DC 3VT,Near Silchar India,Airlines Indian,24,24,0,24
2002,Qtr 4,October,1,01/10/2002,India,Ilyushin,Ilyushin IL 38 / Ilyushin IL,Vasco India,Navy Indian - Military,12,12,5,17
1957,Qtr 2,May,13,13/05/1957,India,Douglas,Douglas DC 3VT,New Delhi India,Airlines Indian,2,2,3,5
2020,Qtr 3,August,7,07/08/2020,India,Boeing,Boeing 737 8HGVT,Calicut India,Exppress India Air,190,20,0,20
1972,Qtr 2,June,14,14/06/1972,India,McDonnell,McDonnell Douglas DC 8,Near New Delhi India,Lines Air Japan,87,82,4,86
1945,Qtr 4,October,23,23/10/1945,India,Douglas,Douglas C 47BKJ957,Near Chiringa India,Force Air Royal - Military,14,14,0,14
1945,Qtr 2,June,29,29/06/1945,India,N/A,N/A,Bangalore India,Force Air Indian Royal - Military,2,2,36,38
1951,Qtr 4,November,21,21/11/1951,India,Douglas,Douglas DC 3VT,Calcutta India,Airways Deccan,17,16,0,16
1990,Qtr 1,March,1,01/03/1990,India,MiG,MiG  23,Near Meerut India,Force Air Indian - Military,1,0,50,50
1943,Qtr 4,November,8,08/11/1943,India,N/A,N/A,Poona India,Force Air Indian - Military,1,1,37,38
1957,Qtr 3,August,20,20/08/1957,India,Douglas,Douglas DC 3VT,Assam India,Indamer,8,8,0,8
1990,Qtr 1,February,14,14/02/1990,India,Airbus,Airbus A320 231VT,Near Bangalore India,Airlines Indian,146,92,0,92
1960,Qtr 1,January,3,03/01/1960,India,Douglas,Douglas C 47AVT,Taksing India,Airlines Indian,9,9,0,9
1950,Qtr 4,December,13,13/12/1950,India,Douglas,Douglas DC 3VT,Katagiri India,India Air,21,21,0,21
1966,Qtr 1,February,7,07/02/1966,India,Fokker,Fokker F 27 Friendship 200PH,Srinagar India,Airlines Indian,37,37,0,37
1970,Qtr 4,December,5,05/12/1970,India,Douglas,Douglas DC 3VT,Delhi India,Jamair,16,5,0,5
1959,Qtr 1,March,12,12/03/1959,India,Douglas,Douglas C 47AVT,Tobu India,Airlines Indian,7,5,0,5
1978,Qtr 4,December,17,17/12/1978,India,Boeing,Boeing B 737,Hyderabad India,Airlines Indian,132,1,3,4
1991,Qtr 3,August,16,16/08/1991,India,Boeing,Boeing B 737,Imphal India,Airlines Indian,69,69,0,69
2009,Qtr 2,June,8,08/06/2009,India,Antonov,Antonov AN 32,State of Arunachal Pradesh India,Force Air Indian - Military,13,13,0,13
1957,Qtr 2,May,5,05/05/1957,India,Douglas,Douglas C 47AVT,Santoshpur India,Airlines Indian,3,1,0,1
1976,Qtr 4,October,13,13/10/1976,India,Sud,Sud  Aviation Caravelle VI,Near Bombay India,Airlines Indian,95,95,0,95
1966,Qtr 1,February,15,15/02/1966,India,Sud,Sud Aviation SE 210 Caravelle VINVT,Delhi India,Airlines Indian,80,2,0,2
1994,Qtr 1,March,8,08/03/1994,India,Boeing,Boeing 737 2R4CVT,New Delhi India,Sahara,4,4,0,4
1964,Qtr 1,March,4,04/03/1964,India,Fairchild,Fairchild C 119,Barrackpore India,Force Air Indian - Military,22,22,0,22
1950,Qtr 2,April,5,05/04/1950,India,Douglas,Douglas C 47AVT,Hatiara India,Airways Deccan,3,3,0,3
1979,Qtr 2,June,7,07/06/1979,India,Hindustan,Hindustan Aeronautics 748 2MH2178,Near Leh India,Force Air Indian - Military,27,27,0,27
1964,Qtr 1,February,18,18/02/1964,India,Ilyushin,Ilyushin IL 14,Banihal Pass India,Force Air Indian - Military,13,13,0,13
1952,Qtr 1,February,19,19/02/1952,India,Douglas,Douglas DC 3VT,Nagpur India,Airways Deccan,16,3,0,3
1953,Qtr 1,March,14,14/03/1953,India,Convair,Convair CV 240,Kalasahar India,Airways Orient,16,16,0,16
1989,Qtr 3,September,23,23/09/1989,India,Dornier,Dornier Do 288,Ujani Dam India,Vayudoot,11,11,0,11
1955,Qtr 1,February,2,02/02/1955,India,Douglas,Douglas DC 3VT,Nagpur India,Airlines Indian,10,10,0,10
1999,Qtr 4,December,24,24/12/1999,India,Airbus,Airbus A300B2 101VT,Amritsar India,Afghanistan         Kandahar / Indian Airlines,189,1,0,1
1971,Qtr 1,March,26,26/03/1971,India,Douglas,Douglas DC 3VT,Gauhati India,Jamair,15,15,0,15
2010,Qtr 2,May,22,22/05/2010,India,Boeing,Boeing 737 8HGVT,Mangalore India,Express India Air,166,159,0,159
1970,Qtr 3,August,29,29/08/1970,India,Fokker,Fokker F 27 Friendship 400VT,Near Silchar India,Airlines Indian,39,39,0,39
2000,Qtr 3,July,17,17/07/2000,India,Boeing,Boeing B 737,Patna India,Airlines Airlines/Alliance Indian,58,55,5,60
2019,Qtr 3,July,30,30/07/2019,India,Beechcraft,Beechcraft B300 King Air766,Rawalpindi India,Army Pakistan - Military,5,5,14,19
1943,Qtr 3,September,22,22/09/1943,India,Douglas,Douglas C 5342,Near Calcutta India,Forces Air Army U.S. - Military,20,20,0,20
1947,Qtr 4,December,27,27/12/1947,India,Douglas,Douglas DC 3 (C,Korangi Creek India,India Air,23,23,0,23
1962,Qtr 3,September,21,21/09/1962,India,Douglas,Douglas C 47AVT,Sela Pass India,Airlines Kalinga,8,8,0,8
1997,Qtr 3,July,3,03/07/1997,India,Fokker,Fokker F 27 Friendship 200VT,Madh Island India,Airlines Elbee,2,2,0,2
1980,Qtr 1,February,22,22/02/1980,India,Fairchild,Fairchild C 119G,Near Agra India,Force Air Indian - Military,47,46,1,47
1950,Qtr 3,July,17,17/07/1950,India,Douglas,Douglas DC 3VT,Near Pathankot India,Airlines National Indian,22,22,0,22
1945,Qtr 1,January,6,06/01/1945,India,Douglas,Douglas C 4777,Near Dinjan India,Corporation Aviation National China,4,4,0,4
1973,Qtr 2,May,31,31/05/1973,India,Boeing,Boeing B 737,Near New Delhi India,Airlines Indian,65,48,0,48
1956,Qtr 1,March,31,31/03/1956,India,Douglas,Douglas C 47AVT,Indapur India,Operators Air National,3,3,0,3
1973,Qtr 1,March,15,15/03/1973,India,HAL,HAL  748,Hyderabad India,Airlines Indian,3,3,0,3
1988,Qtr 4,October,19,19/10/1988,India,Boeing,Boeing B 737,Near Ahmedabad India,Airlines Indian,129,124,0,124
1993,Qtr 2,April,26,26/04/1993,India,Boeing,Boeing B 737,Aurangabad India,Airlines Indian,118,55,0,55
1947,Qtr 4,October,31,31/10/1947,India,Douglas,Douglas C 47BM965,Near Srinagar India,Force Air Indian Royal - Military,25,25,0,25
1988,Qtr 4,October,19,19/10/1988,India,Fokker,Fokker F 27 Friendship 100VT,Gauhati India,Vayudoot,34,34,0,34
1982,Qtr 1,February,7,07/02/1982,India,Fairchild,Fairchild C 119G,Near Srinagar India,Force Air Indian - Military,23,23,0,23
1992,Qtr 4,November,11,11/11/1992,India,Mil,Mil Mi 8 (helicopter),Off Bombay India,Force Air Indian - Military,20,20,0,20
1959,Qtr 3,August,3,03/08/1959,India,Douglas,Douglas DC 3VT,Sagone India,Airlines Kalinga,6,6,0,6
1946,Qtr 4,October,17,17/10/1946,India,Douglas,Douglas C 47BKN236,Near Chitral India,Force Air Royal - Military,11,11,0,11
1945,Qtr 4,November,3,03/11/1945,India,Douglas,Douglas C 54G45528A,Near Chuka India,Forces Air Army U.S. - Military,44,44,0,44
1944,Qtr 4,October,7,07/10/1944,India,Douglas,Douglas C 47101,Near Sadiya India,Corporation Aviation National China,3,3,0,3
1953,Qtr 4,December,12,12/12/1953,India,Douglas,Douglas DC 3VT,Nagpur India,Airlines Indian,14,13,0,13
1939,Qtr 3,August,28,28/08/1939,India,de Havilland,De Havilland D 84VT,Lahore India,Airways National Indian,2,2,0,2
1944,Qtr 2,May,27,27/05/1944,India,Douglas,Douglas DC 3,Off Calcutta India,Corporation Aviation National China,14,14,0,14
1996,Qtr 4,December,24,24/12/1996,India,Hindustan,Hindustan Aeronautics 748 2H1032,Near Nellore India,Force Air Indian - Military,22,22,0,22
1968,Qtr 2,June,12,12/06/1968,India,Boeing,Boeing B 707,Calcutta India,Airways World American Pan,63,6,0,6
1968,Qtr 2,May,28,28/05/1968,India,Convair,Convair CV 990,Near Bombay India,Airlines Indonesia Garuda,29,29,1,30
1951,Qtr 4,December,31,31/12/1951,India,Douglas,Douglas C 47AVT,Calcutta India,Airlines Kalinga,3,3,0,3
1958,Qtr 2,June,25,25/06/1958,India,Douglas,Douglas C 47AVT,Mohanbari India,Airlines Indian,7,5,0,5
1999,Qtr 1,March,7,07/03/1999,India,Antonov,Antonov AN 32 TransportK2673,New Delhi India,Force Air Indian - Military,19,19,3,22
1949,Qtr 3,July,12,12/07/1949,India,Lockheed,Lockheed L 749,Near Bombay India,Airlines Dutch Royal KLM,45,45,0,45
1951,Qtr 3,September,15,15/09/1951,India,Douglas,Douglas C 47A,Bangalore India,India Air,28,22,0,22
1996,Qtr 4,November,12,12/11/1996,India,Boeing,Boeing B 747,Near Charkhi Dadri India,Airlines Kazakhstan / Airlines Arabian Saudi,349,349,0,349
2019,Qtr 2,June,3,03/06/2019,India,Antonov,Antonov An 32K2752,Near Lipo India,Force Air Indian - Military,13,13,0,13
1954,Qtr 1,February,25,25/02/1954,India,Douglas,Douglas DC 3VT,New Delhi India,Airlines Indian,3,3,0,3
1962,Qtr 3,July,16,16/07/1962,India,Douglas,Douglas C 47VT,Near Loheshyphn India,Airlines Kalinga,9,9,0,9
1958,Qtr 2,May,25,25/05/1958,India,Avro,Avro 685 York C 1G,Gurgaon India,Services Dan-Air,5,4,0,4
1954,Qtr 2,April,30,30/04/1954,India,Douglas,Douglas C 47A,Near Calcutta India,Aviation Darbhanga,11,5,0,5
1949,Qtr 4,November,16,16/11/1949,India,Tempest,Tempest,Calcutta India,Force Air Indian Royal,2,1,14,15
1938,Qtr 1,March,7,07/03/1938,India,Potez,Potez 621F ANQR,Datia India,France Air,7,7,0,7
1953,Qtr 2,May,9,09/05/1953,India,Douglas,Douglas DC 3VT,New Delhi India,India Air,18,18,0,18
1998,Qtr 3,July,30,30/07/1998,India,Dornier,Dornier 228 201VT,Kochi India,Airlines Alliance,6,6,2,8
1958,Qtr 2,May,15,15/05/1958,India,Convair,Convair CV 240,New Delhi India,Airlines International Pakistan,38,21,2,23
1956,Qtr 4,October,19,19/10/1956,India,Douglas,Douglas DC 3VT,Agartala India,Airlines Indian,3,3,0,3
1956,Qtr 1,March,21,21/03/1956,India,Douglas,Douglas DC 3VT,Tezpur India,Airlines Indian,21,2,0,2
1953,Qtr 2,April,14,14/04/1953,India,Douglas,Douglas C 47AVT,Near Guwahati India,Airways,3,3,0,3
1996,Qtr 3,July,11,11/07/1996,India,LET,Let 410VT ETC,Near Kanda India,Airlines Archana,9,9,0,9
1951,Qtr 3,July,12,12/07/1951,India,Douglas,Douglas C 47BVT,Near Tezpur India,Indamer,3,3,0,3
1920,Qtr 4,October,15,15/10/1920,Illinois,de Havilland,De Havilland DH 476,Batavia Illinois,Service Mail Aerial US,1,1,0,1
2008,Qtr 4,October,15,15/10/2008,Illinois,Bell,Bell 222N992AA,Aurora Illinois,Inc. Angles Air,4,4,0,4
1983,Qtr 4,October,11,11/10/1983,Illinois,Hawker,Hawker Siddeley HS 748,Pinckneyville Illinois,Illinois Air,10,10,0,10
1932,Qtr 1,January,21,21/01/1932,Illinois,Stinson,Stinson SM 2ANC443H,Colvin Park Ilinois,Airways Northwest,1,1,0,1
1968,Qtr 4,December,27,27/12/1968,Illinois,Convair,Convair CV 580N2045,Chicago Illinois,Airlines Central North,45,27,1,28
1972,Qtr 4,December,20,20/12/1972,Illinois,Convair,Convair CV 880 / McDonnell DC,Chicago Illinois,Airlines Central North Lines/ Air Delta,133,10,0,10
2005,Qtr 4,December,8,08/12/2005,Illinois,Boeing,Boeing B 737,Chicago Illinois,Airlines Southwest,103,0,1,1
1996,Qtr 4,November,19,19/11/1996,Illinois,Beechcraft,Beechcraft 1900 C / Beech King Air A90N87GL / N1127D,Quincy Illinois,Private /  Express United,14,14,0,14
1935,Qtr 2,May,28,28/05/1935,Illinois,Stinson,Stinson SM6000B Tri motorNC10894,Maywood Illinois,Airlines Southern and Chicago,2,2,0,2
1934,Qtr 1,March,6,06/03/1934,Illinois,Fairchild,Fairchild Pilgrim 100ANC710Y,Petersburg Illinois,Airways American,4,4,0,4
1933,Qtr 4,November,24,24/11/1933,Illinois,Boeing,Boeing 247NC13324,Wedron Illinois,Transport Air National,2,2,0,2
1932,Qtr 1,March,8,08/03/1932,Illinois,Stinson,Stinson SM 6000BNC11122,Saint Louis Illinois,Lines Air Century,5,3,0,3
2002,Qtr 4,December,17,17/12/2002,Illinois,Cessna,Cessna 208B Caravan I Super CargomasterN277PM,Rockford Illinois,Planemasters,1,1,0,1
1936,Qtr 3,September,29,29/09/1936,Illinois,Lockheed,Lockheed Vega 5CNC959Y,Napierville Illinois,Service Air Bird Blue,4,4,0,4
1948,Qtr 1,March,10,10/03/1948,Illinois,Douglas,Douglas DC 4NC37478,Chicago Illinois,Lines Air Delta,13,12,0,12
1940,Qtr 4,December,4,04/12/1940,Illinois,Douglas,Douglas DC 3ANC25678,Chicago Illinois,Lines Air United,16,10,0,10
1979,Qtr 2,May,25,25/05/1979,Illinois,McDonnell,McDonnell Douglas DC 10,Chicago O'Hare Illinois,Airlines American,271,271,2,273
1946,Qtr 4,December,28,28/12/1946,Illinois,Douglas,Douglas C 47ANC58024,Walshville Illinois,Skyways Southern City Kansas,2,2,0,2
1982,Qtr 1,March,19,19/03/1982,Illinois,Boeing,Boeing KC 135C58,Near Woodstock Illinois,Force Air U.S. - Military,27,27,0,27
1919,Qtr 3,July,21,21/07/1919,Illinois,FD,FD Type Dirigible,Chicago Illinois,Tire Goodyear Express Air Wingfoot,0,3,10,13
1931,Qtr 3,September,14,14/09/1931,Illinois,Lockheed,Lockheed VegaNC606,Chicago Illinois,Airways Chicago-Detroit,1,1,0,1
1931,Qtr 3,July,21,21/07/1931,Illinois,Pitcairn,Pitcairn PA 6 Mailwing,Centralia Illinois,Airways American,1,1,0,1
1971,Qtr 4,October,21,21/10/1971,Illinois,Beech,Beech E18SN51CS,Peoria Illinois,Airlines Southern and Chicago,16,16,0,16
1960,Qtr 3,July,27,27/07/1960,Illinois,Sirkorsky,Sikorsky S 58C helicopterN879,Forest Park Illinois,Airways Helicopter Chicago,13,13,0,13
1931,Qtr 3,July,12,12/07/1931,Illinois,Lockheed,Lockheed VegaNC8497,Chicago Illinois,Airlines Braniff,2,2,0,2
1961,Qtr 3,September,17,17/09/1961,Illinois,Lockheed,Lockheed 188C  ElectraN137US,Chicago Illinois,Airlines Orient Northwest,37,37,0,37
1933,Qtr 2,June,11,11/06/1933,Illinois,Sirkorsky,Sikorsky S 38B (flying boat)NC,Glenview Illinois,Palwaukee,9,9,0,9
1974,Qtr 2,May,23,23/05/1974,Illinois,Lockheed,Lockheed L 100,Springfield Illinois,Airways Saturn,3,3,0,3
1959,Qtr 4,November,24,24/11/1959,Illinois,Lockheed,Lockheed L 1049H Super ConstellationN102R,Chicago Illinois,Airlines World Trans,3,3,8,11
1955,Qtr 3,July,17,17/07/1955,Illinois,Convair,Convair CV 340,Chicago Illinois,Airlines Braniff,43,22,0,22
1979,Qtr 4,November,15,15/11/1979,Illinois,Boeing,Boeing B 727,Near Chicago Illinois,Airlines American,78,0,0,0
1931,Qtr 4,December,5,05/12/1931,Illinois,Lockheed,Lockheed Vega 5NC433E,Kewanee Illinois,Airways Braniff,6,2,0,2
1961,Qtr 3,September,1,01/09/1961,Illinois,Lockheed,Lockheed 049 ConstellationN86511,Near Hinsdale Illinois,Airlines World Trans,78,78,0,78
1946,Qtr 3,August,21,21/08/1946,Illinois,Douglas,Douglas C 47,Moline Illinois,Airlines Luxury Trans,25,2,0,2
1927,Qtr 2,April,15,15/04/1927,Idaho,"Swallow
Swallow","Swallow
Swallow",King Hill Idaho,Lines Air Varney,1,1,0,1
1995,Qtr 2,May,13,13/05/1995,Idaho,Lockheed,Lockheed C 130E Hercules62,Near Boise Idaho,Force Air U.S. - Military,6,6,0,6
1936,Qtr 4,December,18,18/12/1936,Idaho,Lockheed,Lockheed 10 ElectraNC14935,Kellogg Idaho,Airlines Orient Northwest,2,2,0,2
1996,Qtr 4,December,9,09/12/1996,Idaho,Douglas,Douglas C 47AN75142,Boise Idaho,Worldwide Emery,2,2,0,2
1958,Qtr 4,October,9,09/10/1958,Idaho,Fairchild,Fairchild C 123 Provider55,Payette Idaho,Force Air U.S. - Military,19,19,0,19
1953,Qtr 1,January,7,07/01/1953,Idaho,Curtiss,Curtiss C 46N1648M,Fish Haven Idaho,Transport Air Associated,40,40,0,40
1928,Qtr 3,September,4,04/09/1928,Idaho,Fokker,Fokker Super UniversalNC7242,Pocatello Idaho,Airways Parks National,7,7,0,7
2001,Qtr 3,August,5,05/08/2001,Iceland,Dassault,Dassault Falcon 20CD CBNA,Reykjavík Iceland,Air Naske,3,3,0,3
1951,Qtr 1,January,31,31/01/1951,Iceland,Douglas,Douglas DC 3TF,Off Hafnarfjorour Iceland,Icelandair,20,20,0,20
1947,Qtr 2,May,29,29/05/1947,Iceland,Douglas,Douglas DC 3TF,Hjedinsfjordur Iceland,Flugefelag,25,25,0,25
1948,Qtr 1,March,7,07/03/1948,Iceland,Avro,Avro AnsonTF RVL,Near Skalafell Iceland,Airlines Icelandic Loftleidir,4,4,0,4
1941,Qtr 1,January,17,17/01/1941,Hungary,Junkers,Junkers JU 52/3mHA,Near Nagyvarad Hungary,Airlines Malert,16,12,0,12
1938,Qtr 3,August,10,10/08/1938,Hungary,Ford,Ford Tri motor F,Debrecen Hungary,Legiforagalmi Magyar,12,12,0,12
1925,Qtr 3,July,24,24/07/1925,Hungary,Potez,Potez IX,Budapest Hungary,CIDNA,1,1,0,1
2006,Qtr 1,January,19,19/01/2006,Hungary,Antonov,Antonov AN 24V5605,Near Telkibanya Hungary,Force Air Slovak - Military,43,42,0,42
2005,Qtr 1,January,27,27/01/2005,Hungary,LET,Let 410UVP E4HA,Lasi Hungary,Hungary Farnair,2,2,0,2
1963,Qtr 2,June,16,16/06/1963,Hungary,VEB,VEB 14PYR ILL,Bekkessamson Hungary,TAROM,31,31,0,31
1961,Qtr 3,August,6,06/08/1961,Hungary,Douglas,Douglas DC 3HA,Budapest Hungary,Airlines Hungarian Malev,27,27,3,30
1975,Qtr 1,January,15,15/01/1975,Hunary,Ilyushin,Ilyushin IL 18VHA,Budapest Hunary,Airlines Hungarian Malev,9,9,0,9
1983,Qtr 4,November,8,08/11/1983,Huila,Boeing,Boeing B 737,Lubango Huila,Angola TAAG Angola Airlines,130,130,0,130
1971,Qtr 4,December,24,24/12/1971,Huanuco,Lockheed,Lockheed 188A ElectraOB R,Near Puerto Inca Huanuco,Peru Lineas Aereas Nacionales SA (Peru),92,91,0,91
1976,Qtr 3,September,10,10/09/1976,Hrvatska,McDonnell,McDonnell Douglas DC 9,Near Gaj Hrvatska,Yugoslavia Inex Adria Aviopromet / British Airways,176,176,0,176
1969,Qtr 1,January,5,05/01/1969,Horley,Boeing,Boeing B 727,Gatwick Airport Horley,Surrey,62,48,2,50
1967,Qtr 2,June,30,30/06/1967,Hong,Sud,Sud Aviation SE 210 Caravelle IIIHS,Kai Tak Hong,International KongThai,80,24,0,24
1994,Qtr 3,September,23,23/09/1994,Hong,Lockheed,Lockheed L 100,Kowloon Bay Hong,Airlines Cargo KongHeavylift,12,6,0,6
1988,Qtr 3,August,31,31/08/1988,Hong,Hawker,Hawker Siddeley HS 121 Trident 2EB,Kowloon Bay Hong,KongCAAC,89,7,0,7
1948,Qtr 4,December,21,21/12/1948,Hong,Douglas,Douglas C 54B,Basalt Island Hong,Corporation Aviation National KongChina,33,33,0,33
1949,Qtr 1,February,24,24/02/1949,Hong,Douglas,Douglas DC 3VR,Braemar Resevoir Hong,Airways Pacific KongCathay,23,23,0,23
1961,Qtr 2,April,18,18/04/1961,Hong,C,C  47(DC,Mount Parker Hong,Force Air US - KongMilitary,15,14,0,14
1951,Qtr 2,April,9,09/04/1951,Hong,Douglas,Douglas DC 3HS,Cape d'Arguilar Hong,Airways KongSiamese,16,16,0,16
1951,Qtr 1,March,11,11/03/1951,Hong,Douglas,Douglas DC 4HS,Mt. Butler Hong,Airways Overseas KongPacific,24,24,0,24
1935,Qtr 2,May,29,29/05/1935,Honduras,N/A,N/A,San Barbra Honduras?,N/A,9,6,0,6
1957,Qtr 3,August,29,29/08/1957,Honduras,Douglas,Douglas DC 3XH,Near Juticalpa Honduras,Airlines Sahsa,12,12,0,12
1977,Qtr 3,July,25,25/07/1977,Honduras,Douglas,Douglas C 47FAH,Near Yoro Honduras,Force Air Honduran - Military,40,25,0,25
1959,Qtr 3,September,12,12/09/1959,Honduras,Douglas,Douglas DC 4N88900,Near Tegucigalpa Honduras,Airways World American Pan,3,3,0,3
1990,Qtr 1,March,21,21/03/1990,Honduras,Lockheed,Lockheed L 188CF ElectraHR,Las Mesitas Honduras,Honduras TAN,3,3,0,3
1970,Qtr 2,May,26,26/05/1970,Honduras,de Havilland,de Havilland DH 114 Heron 1BHR,Near Tegucigalpa Honduras,Aeroservicios,6,6,0,6
1975,Qtr 3,August,3,03/08/1975,Honduras,Douglas,Douglas DC 47412,Off Amapala Honduras,Force Air Nicaraguan - Military,20,20,0,20
1953,Qtr 3,September,8,08/09/1953,Honduras,Douglas,Douglas C 47AXH,San Andres Honduras,TACA,3,3,0,3
1997,Qtr 2,April,1,01/04/1997,Honduras,Lockheed,Lockheed C 130H Hercules88,Tegucigalpa Honduras,Force Air U.S. - Military,10,3,0,3
1973,Qtr 1,January,27,27/01/1973,Honduras,Douglas,Douglas DC 6AHR,Near Tegucigalpa Honduras,TAN,3,3,0,3
1986,Qtr 3,August,14,14/08/1986,Honduras,Lockheed,Lockheed C130D556,Near Wampusirpi Honduras,Force Air Honduran - Military,59,59,0,59
2008,Qtr 2,May,30,30/05/2008,Honduras,Airbus,Airbus A 320,Tegucigalpa Honduras,Airlines International TACA,136,3,2,5
1967,Qtr 1,February,20,20/02/1967,Honduras,Douglas,Douglas DC 6HR,Tegucigalpa Honduras,Airlines Sahsa,55,4,0,4
2011,Qtr 1,February,14,14/02/2011,Honduras,LET,Let L 410 UVPE,Near Santa Ana Francisco Morazan Honduras,Airways American Central,14,14,0,14
1985,Qtr 1,January,22,22/01/1985,Honduras,Lockheed,Lockheed C 130A56,Off Puerto Castilla Honduras,Force Air U.S. - Military,21,21,0,21
1989,Qtr 4,October,21,21/10/1989,Honduras,Boeing,Boeing B 727,Near Tegucigalpa Honduras,TAN,146,127,0,127
1974,Qtr 1,February,2,02/02/1974,HIPan,Boeing,Boeing B 747N732PA,Near Honolulu HIPan,Airways World American,298,1,0,1
1973,Qtr 3,July,24,24/07/1973,HIAir,Volpar,Volpar C45GN234JC,Honolulu HIAir,Hawaii,5,5,0,5
1969,Qtr 3,July,25,25/07/1969,Hawaii,de Havilland,De Havilland DH 104 DoveN88G,Kekaha Hawaii,Air Isle Trans,13,1,0,1
1962,Qtr 3,July,22,22/07/1962,Hawaii,Bristol,Bristol Britannia 314CF CZB,Honolulu Hawaii,Lines Air Pacific Canadian,40,27,0,27
1981,Qtr 4,December,5,05/12/1981,Hawaii,Beech,Beech C 45HN8185H,Honolulu Hawaii,show air Parajump - Private,12,11,0,11
2000,Qtr 2,May,10,10/05/2000,Hawaii,Rockwell,Rockwell Sabreliner 65N241H,Kaunakakai Hawaii,Company Aircraft Price,6,6,0,6
1992,Qtr 3,September,16,16/09/1992,Hawaii,Aerospatiale,Aerospatiale AS 350BN350SM,Hana Hawaii,Inc. Helicopters Hawaii - Taxi Air,7,7,0,7
1992,Qtr 2,April,22,22/04/1992,Hawaii,Beechcraft,Beechcraft E18SN342E,Mt. Haleakala Hawaii,Tours Air Scenic,9,9,0,9
1977,Qtr 3,August,25,25/08/1977,Hawaii,Shorts,Shorts SC 7 Skyvan 3,Kona Hawaii,Airways Island,2,2,0,2
1983,Qtr 2,June,16,16/06/1983,Hawaii,Lockheed,Lockheed P 3B Orion152720,Kauai Hawaii,Navy U.S. - Military,14,14,0,14
1957,Qtr 4,November,8,08/11/1957,Hawaii,Boeing,Boeing   377,900 miles E of Honolulu Hawaii,Pacific Ocean Pan American World Airways,44,44,0,44
1957,Qtr 4,December,23,23/12/1957,Hawaii,Lockheed,Lockheed WV 2143197,Off Oahu Hawaii,Navy U.S. - Military,23,19,0,19
1994,Qtr 3,July,14,14/07/1994,Hawaii,Aerospatiale,Aerospatiale AS350DN151BH,Hanalei Hawaii,Ltd. Helicopters Papillion - Taxi Air,7,3,0,3
1989,Qtr 1,February,24,24/02/1989,Hawaii,Boeing,Boeing B 747,Honolulu Hawaii,Lines Air United,356,9,0,9
1955,Qtr 1,March,22,22/03/1955,Hawaii,Douglas,Douglas R6D 1 (C,Oahu Hawaii,Navy U.S. - Military,66,66,0,66
1988,Qtr 2,April,28,28/04/1988,Hawaii,Boeing,Boeing B 737,Maui Hawaii,Airlines Aloha,95,1,0,1
2007,Qtr 1,March,8,08/03/2007,Hawaii,Aerospatiale,Aerospatiale AS350BA RotocraftN354NT,Princeville Hawaii,Airways Heli-USA,7,4,0,4
2003,Qtr 2,June,15,15/06/2003,Hawaii,McDonnell,McDonnell Douglas 369DN4493M,Volcano Hawaii,Helicopters Tour Paradise,4,4,0,4
2000,Qtr 3,July,21,21/07/2000,Hawaii,Aerospatiale,Aerospatiale AS355 F1N510TG,Maui Hawaii,Helicopters Hawaiian Blue,7,7,0,7
1998,Qtr 2,June,25,25/06/1998,Hawaii,Eurocopter,Eurocopter AS 350,Mt. Waialeale Hawaii,Tours Helicopter Ohana - Taxi Air,6,6,0,6
1957,Qtr 2,May,1,01/05/1957,Hants,Vickers,Vickers Viking 1BG AJBO,Blackbushe Hants,England Eagle Aviation,35,34,0,34
1996,Qtr 1,February,12,12/02/1996,Haiti,GAF,GAF Nomad N 24AN224E,Port-au-Prince Hati,Express Hati,15,11,0,11
1973,Qtr 3,August,15,15/08/1973,Haiti,Norman,Norman BN 2A,Don Don Haiti,Private,10,10,0,10
2003,Qtr 3,August,24,24/08/2003,Haiti,LET,Let 420UVP EHH,Cap Haitien Haiti,Airways Tropical,21,21,0,21
1966,Qtr 1,January,22,22/01/1966,Haiti,Douglas,Douglas DC 3N4662,Port-au-Prince Haiti,COHATA,35,30,0,30
2018,Qtr 4,November,6,06/11/2018,Guyana,Boeing,Boeing 757 N23N524AT,Georgetown Guyana,Airways Jamaica Fly,128,1,0,1
2007,Qtr 2,April,25,25/04/2007,Guyana,Pilatus,Pilatus Britten Norman BN 2A,Near Kopinang Guyana,Services Air,5,3,0,3
2000,Qtr 2,May,3,03/05/2000,Guyana,Britten,Britten  Norman BN,Kurupung Guyana,Airways Guyana Trans,1,1,0,1
2003,Qtr 4,November,8,08/11/2003,Guyana,Shorts,Shorts SC 7 Skyvan 3M Variant 1008R,Near Ogle Guyana,Airways Guyana Trans,7,2,0,2
1940,Qtr 2,June,14,14/06/1940,Gulf,Junkers,Junkers JU 52/3mgeOH,Off Prangli Island Gulf,Estonia         Finland of Aero O-Y,9,9,0,9
1947,Qtr 2,June,21,21/06/1947,Gulf,Ilyushin,Li  2CCCP,Black Sea Gulf,KarkinitskyAeroflot of,29,8,0,8
1949,Qtr 3,July,13,13/07/1949,Gujarat,Hawker,Hawker Hunter,Jamnagar Gujarat,India          state Indian Air Force,0,0,14,14
1978,Qtr 3,September,3,03/09/1978,Guinea,Ilyushin,Ilyushin IL 183X,Conakry Guinea,Guinee Air,17,15,0,15
1983,Qtr 3,July,1,01/07/1983,Guinea,Ilyushin,Ilyushin IL 62MB,Labe Guinea,CAAK,23,23,0,23
1961,Qtr 4,November,1,01/11/1961,Guernsey,Bristol,Bristol 170 Freighter 31MG ANWL,Les Prevosts Guernsey,Airways City Silver,10,2,0,2
1959,Qtr 1,January,6,06/01/1959,Guatemala,Douglas,Douglas DC 3XH,Mt. Pena Blanca Guatemala,Airlines Sahsa,5,5,0,5
1977,Qtr 2,April,27,27/04/1977,Guatemala,Convair,Convair CV 440TG,Guatemala City Guatemala,Aviateca,28,28,0,28
2001,Qtr 3,September,18,18/09/2001,Guatemala,LET,LET 410UVP ETG,Guatemala City Guatemala,Airlines Atlantic,13,9,0,9
1990,Qtr 2,May,5,05/05/1990,Guatemala,Douglas,Douglas DC 6BFN84BL,Guatamala City  Guatemala,Company Transit Aerial,3,3,24,27
1986,Qtr 1,January,18,18/01/1986,Guatemala,Sud,Sud  Aviation  Caravelle VI,Near Peten Guatemala,SA Guatemala de Aerovias,94,94,0,94
1975,Qtr 4,November,18,18/11/1975,Guatemala,Douglas,Douglas DC 3TG,Caoba Guatemala,Aviateca,22,15,0,15
1999,Qtr 4,December,21,21/12/1999,Guatemala,McDonnell,McDonnell Douglas DC 10,Guatemala City Guatemala,Aviacon de Cubana,314,16,2,18
1971,Qtr 2,May,11,11/05/1971,Guatemala,Curtiss,Curtiss C 46A,Guatemala City Guatemala,Aviateca,35,5,0,5
1997,Qtr 1,February,19,19/02/1997,Guatemala,IAI,IAI 1124 WestwindYV 160CP,Guatemala City Guatemala,Transpolar,5,5,0,5
1953,Qtr 4,December,15,15/12/1953,Guatemala,Curtiss,Curtiss C 46DTG,Tecpan Mt. Guatemala,Aviateca,2,2,0,2
1998,Qtr 4,November,1,01/11/1998,Guatemala,Douglas,Douglas DC 3CN3FY,Near Quetzaltenango Guatemala,Charter Ministries Teaching Water Living,18,11,0,11
1956,Qtr 2,May,24,24/05/1956,Guatemala,Douglas,Douglas C 47,Guatemala City Guatemala,Aviateca,31,30,0,30
1974,Qtr 4,December,29,29/12/1974,Guatemala,Lockheed,Lockheed 18 LodeStarTG HTM,Tikal Guatemala,Ortiz Edwin,24,24,0,24
1996,Qtr 4,November,1,01/11/1996,Guatemala,Embraer,Embraer 110P1 BandeiranteTG TPA,Near Tikal Guatemala,TAPSA - Profesionales Areos Transported,16,16,0,16
1951,Qtr 4,October,27,27/10/1951,Guatemala,Douglas,Douglas C 47FAGO961,Near Flores Guatemala,Force Air Guatemalan - Military,29,27,0,27
1993,Qtr 3,August,18,18/08/1993,Guantanamo,McDonnell,McDonnell Douglas DC 8,Leeward Point Airfield Guantanamo,Cuba          Bay American International Airways,3,0,0,0
2022,Qtr 1,March,22,22/03/2022,Guangxi,Boeing,Boeing 737 89P WLB,Wuzhou Guangxi,China China Eastern Airlines,132,132,0,132
1982,Qtr 2,April,26,26/04/1982,Guangxi,Hawker,Hawker Siddeley Trident 2EB 266,Near Yangshuo Guangxi,China CAAC,112,112,0,112
1947,Qtr 2,May,4,04/05/1947,Guanacaste,Lockheed,Lockheed 18 LoadstarTI 84,Near Nicoya Guanacaste,Costa Rica TACA,11,11,0,11
1960,Qtr 3,September,19,19/09/1960,Guam,Douglas,Douglas DC 6ABN90779,Agana Guam,Mariana Islands World Airways,94,80,0,80
1976,Qtr 2,June,4,04/06/1976,Guam,Lockheed,Lockheed 188A ElectraRP C1061,Agana Guam,Manila Air,45,45,1,46
1997,Qtr 3,August,6,06/08/1997,Guam,Boeing,Boeing B 747,Agana Guam,Airlines Korean,254,228,0,228
1970,Qtr 4,October,28,28/10/1970,Guadaloupe,Curtiss,Curtiss C 46DHK,Pointe-à-Pitre Guadeloupe,Colombia Aerocosta,4,2,0,2
1968,Qtr 1,March,6,06/03/1968,Guadaloupe,Boeing,Boeing B 707,Basse-Terre Guadeloupe,West Indies Air France,63,63,0,63
1962,Qtr 2,June,22,22/06/1962,Guadaloupe,Boeing,Boeing B 707,Basse-Terre Guadaloupe,West Indies Air France,112,112,0,112
1962,Qtr 2,May,12,12/05/1962,Greenland,Consolidated,Consolidated CatalinaCF IHA,Godthaab Greenland,Airways Provincial East,21,15,0,15
1962,Qtr 1,January,12,12/01/1962,Greenland,Lockheed,Lockheed P2V Neptune131521,Kronborg Glacier Greenland,Navy US - Military,12,12,0,12
1961,Qtr 3,August,29,29/08/1961,Greenland,de Havilland,de Havilland Canada DHC 3 OtterCF,Sondreströmfjord Greenland,Airways Provincial Eastern,6,1,0,1
1990,Qtr 3,September,12,12/09/1990,Greenland,Cessna,Cessna 441 Conquest IIOY CGM,Off Sondre Stromfjord Greenland,Air Nuna,8,8,0,8
1985,Qtr 2,April,20,20/04/1985,Greenland,Fokker,Fokker F 27 Friendship 100YN,Kulusuk Greenland,Aeronica,5,2,0,2
1957,Qtr 2,May,13,13/05/1957,Greenland,Douglas,Douglas DC 4N68736,Narsarressuak Greenland,Airways Overseas U.S.,3,2,0,2
1963,Qtr 3,August,10,10/08/1963,Greenland,Catalina,Catalina Flying BoatL 865,Cape Desolation Greenland,Force Air Danish,13,13,0,13
1960,Qtr 3,August,24,24/08/1960,Greece,Vickers,Vickers 634 Viking 1BG AMNK,Off Heraklion Greece,Aviation Everall Don,3,3,0,3
1985,Qtr 2,June,14,14/06/1985,Greece,Boeing,Boeing B 727,Athens Greece,Airlines World Trans,153,1,0,1
1966,Qtr 1,March,10,10/03/1966,Greece,Douglas,Douglas DC 6AOD,Athens Greece,Airways Mediterranean Trans,5,5,0,5
1947,Qtr 4,October,26,26/10/1947,Greece,Douglas,Douglas DC 4,Near Mt. Hymettus Greece,Aerotransport AB,44,44,0,44
1937,Qtr 4,October,1,01/10/1937,Greece,Shorts,Short Empire flying boatG ADVC,Phaleron Bay Greece,Airways Imperial,14,2,0,2
1991,Qtr 1,February,5,05/02/1991,Greece,Lockheed,Lockheed C 130H748,Near Nea Ankhialos Greece,Force Air Hellenic - Military,63,63,0,63
1992,Qtr 1,March,24,24/03/1992,Greece,Boeing,Boeing 707 321CST,Athens Greece,Cargo Air Star Golden,7,7,0,7
1943,Qtr 3,August,14,14/08/1943,Greece,Savoia,Savoia  Marchetti SM.75 I,Rhodes Greece,LATI,17,17,0,17
1936,Qtr 3,August,22,22/08/1936,Greece,Shorts,Short S 17 KentG,Mirabella Greece,Airways Imperial,11,2,0,2
1967,Qtr 4,October,12,12/10/1967,Greece,de Havilland,de Havilland Comet 4BG ARCO,Off Rhodes Greece,Airways European British,66,66,0,66
1969,Qtr 4,December,8,08/12/1969,Greece,Douglas,Douglas DC 6BSX,Near Keratea Greece,Airways Olympic,90,90,0,90
1976,Qtr 4,November,23,23/11/1976,Greece,NAMC,NAMC YS 11A,Kozani Greece,Airways Olympic,50,50,0,50
1944,Qtr 1,February,21,21/02/1944,Greece,Junkers,Junkers JU 52/3mD,Eubeoa Greece,Lufthansa Deutsche,16,16,0,16
1972,Qtr 4,October,21,21/10/1972,Greece,NAMC,NAMC YS 11A,Off Athens Greece,Airways Olympic,53,37,0,37
1986,Qtr 2,April,2,02/04/1986,Greece,Boeing,Boeing B 727N54340,Near Athens Greece,Airlines World Trans,121,4,0,4
1972,Qtr 3,July,20,20/07/1972,Greece,Sud,Sud  Aviation SE210 Caravelle,Corfu Island Greece,Charter,84,1,0,1
1959,Qtr 4,October,30,30/10/1959,Greece,Douglas,Douglas DC 3SX,Athens Greece,Airways Olympic,18,18,0,18
1979,Qtr 4,October,7,07/10/1979,Greece,McDonnell,McDonnell Douglas DC 8,Athens Greece,Swissair,156,14,0,14
2022,Qtr 3,July,16,16/07/2022,Greece,Antonov,Antonov An 12UR,Eleftheroupolis Greece,Meridian,8,8,0,8
1949,Qtr 2,June,6,06/06/1949,Greece,Douglas,Douglas DC 3SX,Malahasa Attica Greece,Explotiation Aeronautical - Tech,22,22,0,22
2004,Qtr 3,September,11,11/09/2004,Greece,CH,CH  47D Chinook,Off Mount Athos Greece,Army Greek - Military,17,17,0,17
1989,Qtr 3,August,3,03/08/1989,Greece,Shorts,Shorts 330 200SX,Samos Greece,Aviation Olympic,34,34,0,34
1997,Qtr 4,December,20,20/12/1997,Greece,Lockheed,Lockheed C 130H Hercules750,Tanagra Greece,Force Air Greek - Military,5,5,0,5
2005,Qtr 3,August,14,14/08/2005,Greece,Boeing,Boeing 737 31S5B,Near Grammatikos Greece,Airways Helios,121,121,0,121
1929,Qtr 1,January,25,25/01/1929,Greece,CMASA,CMASA WalI AZDA,Near Corfu Greece,Aeroespresso,9,2,0,2
1948,Qtr 4,December,21,21/12/1948,Greece,Douglas,Douglas DC 3OK,Near Pilos Greece,Aerolinie Ceskoslovenske,24,24,0,24
1997,Qtr 4,December,17,17/12/1997,Greece,Yakovlev,Yakovlev YAK 42UR,Fotina Greece,(LVOV) Airlines Aerosweet,70,70,0,70
1991,Qtr 2,June,1,01/06/1991,Great,GAF,GAF Nomad N24AN8071L,Off Matthewtown Great,Inc. Flight InaguaAgape,3,2,0,2
1964,Qtr 4,October,2,02/10/1964,Granada,Douglas,Douglas DC 6BF,Near Trevelez Granada,Spain Union des Transportes Aeriens,80,80,0,80
1969,Qtr 4,November,19,19/11/1969,Glens,Fairchild,Fairchild  Hiller FH,Mt. Pilot Knob Glens,New York          Falls Mohawk Airlines,14,14,0,14
1944,Qtr 3,July,31,31/07/1944,Gilbert,Consolidated,Consolidated Catalina PB2Y 3R7233,Funafuti Gilbert,Pacific Ocean          Islands Pan American Airways,24,22,0,22
1969,Qtr 2,April,24,24/04/1969,Ghana,Douglas,Douglas DC 39G,Near Takoradi Ghana,Airways Ghana,33,1,0,1
2012,Qtr 2,June,2,02/06/2012,Ghana,Boeing,Boeing B 727,Accra Ghana,Air Allied,4,0,12,12
2000,Qtr 2,June,5,05/06/2000,Ghana,Fokker,Fokker F 27 Friendship 600G,Accra Ghana,Airlink Ghana,52,7,0,7
1970,Qtr 3,July,3,03/07/1970,Gerona,de Havilland,de Havilland Comet 4G APDN,Near Arbucias Gerona,Spain Dan Air Services,112,112,0,112
1933,Qtr 4,December,11,11/12/1933,Germany,Focke,Focke  Wulf A,Hamburg Germany,Lufthansa Deutsche,10,6,0,6
1966,Qtr 1,January,28,28/01/1966,Germany,Convair,Convair CV 440,Bremen Germany,Lufthansa,46,46,0,46
1972,Qtr 2,May,27,27/05/1972,Germany,de Havilland,de Havilland Canada DHC 6 Twin OtterD,Near Helgoland Germany,Air General,13,8,0,8
1913,Qtr 4,October,17,17/10/1913,Germany,Zeppelin,Zeppelin L 2 (airship),Near Johannisthal Germany,Navy German - Military,28,28,0,28
1988,Qtr 1,February,8,08/02/1988,Germany,Swearingen,Swearingen SA.227AC Metro IIID CABB,Near Mulheim Germany,Flugdienst Nurnberger - NFD,21,21,0,21
1961,Qtr 1,March,28,28/03/1961,Germany,Ilyushin,Ilyushin IL 18OK,Forcheim Germany,Aerolinie Ceskoslovenske,52,52,0,52
1966,Qtr 4,November,15,15/11/1966,Germany,Boeing,Boeing 727 21N317PA,Near Dallgow Germany,Airways American Pan,3,3,0,3
1932,Qtr 3,August,31,31/08/1932,Germany,Junkers,Junkers G 23SE,Tubergen Germany,Aerotransport B A,2,2,0,2
1936,Qtr 3,August,12,12/08/1936,Germany,de Havilland,De Havilland DH 86G,Altenkirchen Germany,Airways British,2,2,0,2
1915,Qtr 3,September,3,03/09/1915,Germany,Zeppelin,Zeppelin L 10 (airship),Off Cuxhaven Germany,Navy German - Military,19,19,0,19
1930,Qtr 4,October,6,06/10/1930,Germany,Messerschmitt,Messerschmitt M 20BD,Dresden Germany,Lufthansa Deutsche,8,8,0,8
1936,Qtr 4,November,1,01/11/1936,Germany,Junkers,Junkers JU 52D,Near Tabarz Germany,Lufthansa Deutsche,15,11,0,11
1988,Qtr 2,May,26,26/05/1988,Germany,Fokker,Fokker F 27 Friendship 600OY,Hannover Germany,Starair,2,2,0,2
1989,Qtr 2,June,17,17/06/1989,Germany,Ilyushin,Ilyushin IL 62MKDDR,Berlin Germany,Interflug,113,20,1,21
1922,Qtr 3,July,4,04/07/1922,Germany,LVG,LVG C VI,Fuhlsbuttel Germany?,N/A,3,2,0,2
1936,Qtr 4,November,17,17/11/1936,Germany,Junkers,Junkers JU 52/3mD,Nurnberg Germany,Lufthansa Deutsche,16,4,0,4
1999,Qtr 1,January,13,13/01/1999,Germany,Boeing,Boeing KC 135E59,Geilenkirchen Germany,Guard National Air German - Military,4,4,0,4
1928,Qtr 2,May,26,26/05/1928,Germany,Junkers,Junkers F 13D,Radevormwald Germany,Lufthansa Deutsche,5,3,0,3
1935,Qtr 1,March,7,07/03/1935,Germany,Rochrbach,Rochrbach RolandD AJYP,Schievelbein Germany,Deruluft,3,0,0,0
1934,Qtr 2,June,22,22/06/1934,Germany,Dornier,Dornier MerkurD 1445,Chausseehausen Germany,Lufthansa Deutsche,7,1,0,1
1931,Qtr 2,June,13,13/06/1931,Germany,Dornier,Dornier MerkurD 1455,Saarbrucken Germany,Lufthansa Deutsche,4,4,0,4
2002,Qtr 3,July,1,01/07/2002,Germany,Tupolev,Tupolev TU 154M / Boeing B,Uberlingen Germany,Express Worldwide DHL / Airlines Bashkirian,71,71,0,71
1990,Qtr 2,May,11,11/05/1990,Germany,Transall,Transall C 160D50,Near Wurzburg  Germany,Luftwaffe - Military,10,10,0,10
1933,Qtr 2,April,29,29/04/1933,Germany,Junkers,Junkers W 34D,Traunstein Germany,Eurasia,4,4,0,4
1991,Qtr 4,December,22,22/12/1991,Germany,Douglas,Douglas DC 3AD,Heidelberg Germany,Wings Classic,30,27,0,27
1964,Qtr 3,July,15,15/07/1964,Germany,Boeing,Boeing 720D ABDOP,Ansbach Germany,Lufthansa,3,3,0,3
1918,Qtr 3,August,5,05/08/1918,Germany,Zeppelin,Zeppelin L 70 (airship),Off Helgoland Island Germany,Navy German - Military,22,22,0,22
1934,Qtr 3,July,27,27/07/1934,Germany,Curtiss,Curtiss AT 32C CondorCH,Near Tuttlingen Germany,Swissair,12,12,0,12
1929,Qtr 4,December,19,19/12/1929,Germany,Arado,Arado V1D 1594,Near Berlin Germany,Lufthansa Deutsche,3,2,0,2
1935,Qtr 1,January,31,31/01/1935,Germany,Junkers,Junkers JU 52/3mD,Stettin Germany,Deruluft,11,11,0,11
1926,Qtr 1,March,8,08/03/1926,Germany,Junkers,Junkers F 13D,Staaken Germany,Lufthansa Deutche,1,1,0,1
1990,Qtr 3,August,29,29/08/1990,Germany,Lockheed,Lockheed C 5A68,Near Kaiserslautern Germany,Force Air U.S. - Military,17,13,0,13
1928,Qtr 3,September,6,06/09/1928,Germany,Fokker,Fokker FG IIID 180,Heroldbach Germany,Lufthansa Deutsche,3,3,0,3
1926,Qtr 4,October,8,08/10/1926,Germany,Fokker,Fokker FG IIID 468,Bueren Germany,Lufthansa Deutsche,4,4,0,4
1926,Qtr 3,July,24,24/07/1926,Germany,Junkers,Junkers F 13D,Juist Germany,Lufthansa Deutsche,5,5,0,5
1933,Qtr 2,April,3,03/04/1933,Germany,Junkers,Junkers F 13D,Hemkenrode Germany,Lufthansa Deutsche,2,1,0,1
1928,Qtr 2,June,14,14/06/1928,Germany,AEGKD,AEGKD  74,Frankfurt Germany,Lufthansa Deutsche,5,5,0,5
1961,Qtr 4,December,4,04/12/1961,Germany,Boeing,Boeing 720 030BD,Mainz Germany,Lufthansa,3,3,0,3
1927,Qtr 3,September,23,23/09/1927,Germany,Dornier,Dornier MerkurD 585,Schleiz Germany,Lufthansa Deutsche,6,6,0,6
1932,Qtr 4,November,2,02/11/1932,Germany,Junkers,Junkers F 13D,Echterpfuhl Germany,Lufthansa Deutsche,5,5,0,5
1971,Qtr 3,September,6,06/09/1971,Germany,BAC,BAC One Eleven 515FBD,Near Hasloh Germany,International Pan,121,22,0,22
2001,Qtr 1,February,8,08/02/2001,Germany,Learjet,Learjet 35AI MOCO,Nurnberg Germany,Aeroservizi E.A.S.,3,3,0,3
1935,Qtr 2,April,6,06/04/1935,Germany,Fokker,Fokker F 12PH,Brilon Germany,Airlines Dutch Royal KLM,7,7,0,7
1936,Qtr 2,June,13,13/06/1936,Germany,Junkers,Junkers JU 160D,Hannover Germany,Lufthansa Deutsche,6,1,0,1
1935,Qtr 1,March,29,29/03/1935,Germany,Junkers,Junkers F 13D,Off Samland Germany,Lufthansa Deutsche,5,5,0,5
1916,Qtr 4,November,21,21/11/1916,Germany,Super,Super Zeppelin (airship),Mainz Germany,Army German - Military,28,27,0,27
2001,Qtr 4,December,26,26/12/2001,Germany,Britten,Britten Norman BN 2B TrislanderD,Bremerhaven Germany,Airline Bremerhaven BAL,9,8,0,8
1927,Qtr 2,April,22,22/04/1927,Germany,Fokker,Fokker FG IIID 729,Floh Germany,Lufthansa Deutsche,2,2,0,2
1929,Qtr 3,August,24,24/08/1929,Germany,Fokker,Fokker FG IID 757,Elm Germany,Lufthansa Deutsche,5,4,0,4
1928,Qtr 4,December,11,11/12/1928,Germany,Junkers,Junkers G 31D,Letzlingen Germany,Lufthansa Deutsche,4,3,0,3
1927,Qtr 3,July,27,27/07/1927,Germany,Junkers,Junkers F 13D,Amoneburg Germany,Lufthansa Deutsche,5,5,0,5
1931,Qtr 2,April,14,14/04/1931,Germany,Messerschmitt,Messerschmitt M 20D,Near Letschen Germany,Lufthansa Deutsche,10,2,0,2
1934,Qtr 4,December,7,07/12/1934,Germany,Junkers,Junkers F 13D,Salchau Germany,Lufthansa Deutsche,3,3,0,3
1974,Qtr 2,May,6,06/05/1974,Germany,Douglas,Douglas DC 6ATF,Nurnberg Germany,Fragtflug,3,3,0,3
1968,Qtr 3,August,9,09/08/1968,Germany,Vickers,Vickers Viscount 739AG ATFN,Pfaffenhofen Germany,Airlines International Eagle British,48,48,0,48
1937,Qtr 4,December,4,04/12/1937,Germany,Junkers,Junkers JU 52I,Munich Germany,Littoria Ala,17,4,0,4
1937,Qtr 1,March,26,26/03/1937,Germany,Junkers,Junkers JU 52/3mD,Wetnum Germany,Lufthansa Deutsche,6,0,0,0
1958,Qtr 1,February,6,06/02/1958,Germany,Airspeed,Airspeed Ambassador AS 57G,Munich Germany,Airways European British,44,23,0,23
1939,Qtr 3,August,30,30/08/1939,Germany,Junkers,Junkers JU 52/3mD,Hannover Germany,Lufthansa Deutsche,7,7,0,7
1940,Qtr 3,August,9,09/08/1940,Germany,Douglas,Douglas DC 2,Hannover Germany,Lufthansa Deutsche,13,2,0,2
1948,Qtr 2,April,5,05/04/1948,Germany,Vickers,Vickers Viking 1B & Soviet YAK 3 fighterG,Near Berlin Germany,Force Air Soviet - Military / Airways European British,14,14,0,14
1945,Qtr 2,April,20,20/04/1945,Germany,Junkers,Junkers JU 53/3mD,Near Steinreich Germany,Lufthansa,20,18,0,18
1938,Qtr 2,May,27,27/05/1938,Germany,Heinkel,Heinkel 116D ATIO,Langeoog Germany,Lufthansa Deutsche,3,3,0,3
1949,Qtr 1,March,15,15/03/1949,Germany,Avro,Avro 685 York IG AHFI,Berlin Germany,Skyways,3,3,0,3
1940,Qtr 4,October,29,29/10/1940,Germany,Douglas,Douglas DC 3D,Berlin Germany,Lufthansa Deutsche,15,2,0,2
1937,Qtr 2,May,20,20/05/1937,Germany,Heinkel,Heinkel He 70D,Stuttgart Germany,Lufthansa Deutsche,4,4,0,4
1937,Qtr 4,November,12,12/11/1937,Germany,Heinkel,Heinkel He 111D,Mannheim Germany,Lufthansa Deutsche,12,10,0,10
1940,Qtr 4,November,8,08/11/1940,Germany,Junkers,Junkers JU 90A,Brandenburg Germany,Lufthansa Deutsche,29,29,0,29
1953,Qtr 4,October,14,14/10/1953,Germany,Convair,Convair CV 240,Frankfurt Germany,Sabena,44,44,0,44
1948,Qtr 1,February,12,12/02/1948,Germany,Douglas,Douglas DC 3OY,Ubrichstein Germany,Luftfartselskab Danske Det,21,12,0,12
1938,Qtr 4,October,10,10/10/1938,Germany,Savoia,Savbia  Marchetti  S,Soest Germany,Sabena,20,20,0,20
1938,Qtr 1,January,4,04/01/1938,Germany,Junkers,Junkers JU 38D,Frankfurt Germany,Lufthansa,6,6,0,6
1945,Qtr 2,April,21,21/04/1945,Germany,Focke,Focke  Wulf FW 200D,Near Piesenkofen Germany,Lufthansa Deutsche,21,21,0,21
1945,Qtr 4,November,1,01/11/1945,Germany,Douglas,Douglas C 47A,Herrenalb Germany,Forces Air Army U.S. - Military,30,26,0,26
1952,Qtr 1,March,22,22/03/1952,Germany,Douglas,Douglas DC 6PH,Frankfurt Germany,Airlines Dutch Royal KLM,47,45,0,45
1938,Qtr 3,August,13,13/08/1938,Germany,Savoia,Savoia  Marchetti SM73OK,Kiel Germany,Airlines Czech CSA,17,16,0,16
1956,Qtr 4,December,22,22/12/1956,Germany,Convair,Convair CV 340,Grub Germany,Airlines Yugoslav JAT,30,3,0,3
1941,Qtr 1,February,26,26/02/1941,Georgia,Douglas,Douglas DC 3NC28394,Atlanta Georgia,Lines Air Eastern,16,9,0,9
1943,Qtr 4,October,22,22/10/1943,Georgia,Douglas,Douglas C 47,Columbus Georgia,Forces Air Army U.S. - Military,20,20,0,20
1933,Qtr 1,January,20,20/01/1933,Georgia,Stearman,Stearman 4N490W,Marietta Georgia,Airways American,1,1,0,1
1997,Qtr 2,April,4,04/04/1997,Georgia,Aviation,Aviation Traders ATL 98 CarvairN83FA,Griffin Georgia,Service Air Custom,2,2,0,2
1960,Qtr 2,May,23,23/05/1960,Georgia,Convair,Convair CV 880N8804E,Atlanta Georgia,Lines Air Delta,4,4,0,4
1948,Qtr 1,January,7,07/01/1948,Georgia,Douglas,Douglas DC 3N60331,Near Savannah Georgia,Lines Air Coastal,27,18,0,18
1965,Qtr 2,June,15,15/06/1965,Georgia,Bell,Bell UH 1D / Bell UH1D (helicopters)63,Near Colombus Georgia,Army U.S. - Military / Army U.S. - Military,18,18,0,18
1960,Qtr 2,June,10,10/06/1960,Georgia,Ilyushin,Ilyushin IL 14PCCCP,Nea Tkvarcheli Georgia,Aeroflot,31,31,0,31
1993,Qtr 3,July,6,06/07/1993,Georgia,Mil,Mil Mi 8,Near Ochamchire Georgia,Force Air Georgian - Military,23,23,0,23
1993,Qtr 2,June,17,17/06/1993,Georgia,Antonov,Antonov AN 26RA,Near Tbilisi Georgia,Airlines Tajikistan,41,41,0,41
2001,Qtr 1,March,3,03/03/2001,Georgia,Shorts,Short 36093 1336,Unadilla Georgia,Guard National Army Florida - Military,21,21,0,21
1993,Qtr 3,September,22,22/09/1993,Georgia,Tupolev,Tupolev TU 154BCCCP,Sukhumi Georgia,Airlines Georgia Transair,132,108,0,108
1993,Qtr 3,September,21,21/09/1993,Georgia,Tupolev,Tupolev TU 134ACCCP,Sukhumi Georgia,Airlines Georgia Transair,27,27,0,27
2018,Qtr 2,May,2,02/05/2018,Georgia,Lockheed,Lockheed HC 130H Hercules65,Port Wentworth Georgia,Force Air US - Military,9,9,0,9
1947,Qtr 2,April,22,22/04/1947,Georgia,Douglas,Douglas DC 3 (C,Columbus Georgia,Lines Air Delta,10,10,0,10
1992,Qtr 3,July,20,20/07/1992,Georgia,Tupolev,Tupolev TU 154BCCCP,Tbilisi Georgia,Air Georgian,24,24,4,28
1993,Qtr 4,October,4,04/10/1993,Georgia,Mil,Mil Mi 8 (helicopter),Near Svanetia Georgia,Force Air Georgian - Military,60,60,0,60
1989,Qtr 2,June,29,29/06/1989,Georgia,Dassault,Dassault Falcon 20N125CA,Cartersville Georgia,Calair,2,2,0,2
1975,Qtr 3,July,15,15/07/1975,Georgia,Yakovlev,Yakovlev YAK 40CCCP,Near Batumi Georgia,USSRAeroflot,40,40,0,40
1925,Qtr 1,March,22,22/03/1925,Georgia,Junkers,Junkers F 13R,Near Tiflis Georgia,USSRZakavia,5,5,0,5
1985,Qtr 3,September,29,29/09/1985,Georgia,Cessna,Cessna 208 Caravan IN551CC,Jenkinsburg Georgia,Inc Services Express Carriers Air,17,17,0,17
1982,Qtr 3,August,14,14/08/1982,Georgia,LET,Let 410UVP Turbojet / Tupolev TU 134V67191 / 65836,Sukhumi Georgia,USSRAeroflot / Aeroflot,11,11,0,11
1991,Qtr 2,April,5,05/04/1991,Georgia,Embraer,Embraer 120RT  BrasiliaN270AS,Brunswick Georgia,Airlines Southeast Atlantic,23,23,0,23
1977,Qtr 2,April,4,04/04/1977,Georgia,McDonnell,McDonnell Douglas DC 9,New Hope Georgia,Airways Southern,85,62,8,70
1975,Qtr 4,November,17,17/11/1975,Georgia,Antonov,Antonov AN 24CCCP,Near Sukhumi Georgia,USSRAeroflot,38,38,0,38
1953,Qtr 2,June,14,14/06/1953,Georgia,Ilyushin,Ilyushin IL 2CCCP,Near  Zugdidi Georgia,Aeroflot,18,18,0,18
1959,Qtr 1,March,30,30/03/1959,Georgia,Curtiss,Curtiss C 46AN7840B,Alma Georgia,Airlines Riddle,2,2,0,2
1969,Qtr 3,July,6,06/07/1969,Georgia,Beechcraft,Beechcraft B 99N844NS,Near Monroe Georgia,South Air,14,14,0,14
1992,Qtr 4,December,14,14/12/1992,Georgia,Mil,Mil Mi 8T (helicopter),Lata Georgia,Force Air Russian - Military,61,61,0,61
1970,Qtr 2,May,30,30/05/1970,Georgia,Martin,Martin 404N40412,Chamblee Georgia,Inc. Development Acres Lehigh,33,1,5,6
1995,Qtr 3,August,21,21/08/1995,Georgia,Embraer,Embraer 120 RT BrasiliaN256AS,Near Carrollton Georgia,Airlines Southeast Atlantic,29,10,0,10
1938,Qtr 4,November,26,26/11/1938,Gambia,Junkers,Junkers JU90V2D AIVI,Bathurst Gambia,Lufthansa Deutsche,15,12,0,12
1993,Qtr 2,April,27,27/04/1993,Gambia,de Havilland,de Havilland  Canada  DHC 5D BuffaloAF,Off  Libreville Gambia,Force Air Zambian - Military,30,30,0,30
1938,Qtr 4,October,1,01/10/1938,Gambia,Dornier,Dornier DO.18 (float plane)D AROZ,Off Bathurst Gambia,Lufthansa Deutsche,4,4,0,4
1946,Qtr 3,September,7,07/09/1946,Gambia,Avro,Avro 685 York IG AHEW,Bathurst Gambia,Airways American South British,24,24,0,24
1937,Qtr 1,March,12,12/03/1937,Gambia,Heinkel,Heinkel He 111V2D,Bathurst Gambia,Lufthansa Deutsche,4,4,0,4
2003,Qtr 1,January,17,17/01/2003,Gabon,Antonov,Antonov 24BER AFT,Near Ndjolé Gabon,Aerocom,7,7,0,7
2000,Qtr 2,May,17,17/05/2000,Gabon,Beechcraft,Beechcraft 1900C 1TR,Moanda Gabon,Avirex,10,3,0,3
2004,Qtr 2,June,8,08/06/2004,Gabon,BAE,BAe HS 748,Off Libreville Gabon,Express Gabon,30,19,0,19
1982,Qtr 3,July,3,03/07/1982,Gabon,Cessna,Cessna 404 TitanTR LYQ,Oganda Gabon,Gabon Affaires Air,12,12,0,12
1936,Qtr 4,December,7,07/12/1936,French,Latecoere,Latécoère 300 (float plane.F AKGF,Off Dakar French,France AfricaAir West,5,5,0,5
1958,Qtr 1,February,19,19/02/1958,French,Consolidated,Consolidated PBY 5A  CatalinaF,Raiatea French,Interinsulaire Aérien PolynesiaRéseau,15,15,0,15
1950,Qtr 4,December,8,08/12/1950,French,Douglas,Douglas C 54AF,Bangui French,Intercontinentaux AfricaT.A. Equatorial,56,46,0,46
2007,Qtr 3,August,9,09/08/2007,French,de Havilland,de Havilland Canada DHC 6 Twin Otter 300F,Off Moorea French,Moorea PolynesiaAir,20,20,0,20
1947,Qtr 3,July,1,01/07/1947,French,Junkers,Junkers Ju 52/3mF,Near Eaeka French,France CameroonsAir,13,13,0,13
1948,Qtr 3,July,7,07/07/1948,French,Douglas,Douglas DC 3F,Djiring French,Azur Indo-ChinaAigle,16,16,0,16
1991,Qtr 2,April,19,19/04/1991,French,Dornier,Dornier Do 228,Off Nuka Hiva French,Tahiti PolynesiaAir,22,11,0,11
1966,Qtr 1,January,24,24/01/1966,French,Boeing,Boeing B 707,Mont Blanc French,Switzerland          Alps Air India,117,117,0,117
1952,Qtr 1,March,24,24/03/1952,French,Lockheed,Lockheed 18 LodestarF ARTE,Near Gao French,Tropicaux Tr. de Aérienne AfricaSociété West,21,17,0,17
1965,Qtr 4,November,2,02/11/1965,French,Douglas,Douglas C 47A316410,Obock French,Force Air French - SomalilandMilitary,30,30,0,30
1945,Qtr 4,December,25,25/12/1945,French,Lockheed,Lockheed 18 LodestarF BALV,Bangui French,France AfricaAir Equatorial,8,8,0,8
1953,Qtr 2,June,16,16/06/1953,French,Douglas,Douglas DC 3F,Mount Phou-Lassy French,Azur Indo-ChinaAigle,34,34,0,34
1939,Qtr 1,January,7,07/01/1939,France,Douglas,Douglas DC 2,Paris France,Swissair,17,5,0,5
1921,Qtr 3,August,14,14/08/1921,France,Breguet,Breguet 14F ALBI,Toulouse France,Aeropostale,2,2,0,2
1977,Qtr 4,November,26,26/11/1977,France,Nord,Nord 2501 Noratlas182,Near Beziers France,Force Air French - Military,32,32,0,32
1936,Qtr 2,April,21,21/04/1936,France,Fokker,Fokker F VIIOO,Senlis France,Sabena,2,2,0,2
1988,Qtr 1,March,4,04/03/1988,France,Fairchild,Fairchild FH 227BF,Near Fontainebleau France,Transregional Arien Transport,23,23,0,23
1961,Qtr 4,October,7,07/10/1961,France,Douglas,Douglas DC 3G,Mt. Canigou France,Aviation Derby,34,34,0,34
1951,Qtr 3,August,11,11/08/1951,France,Douglas,Douglas DC 3DF,Moisville France,France Air,5,5,0,5
1945,Qtr 2,May,9,09/05/1945,France,Avro,Avro LancasterRF230,Roye France,Force Air -Royal Military,31,31,0,31
1921,Qtr 3,September,6,06/09/1921,France,Potez,Potez IXF ADCD,Paris France,Franco-Roumaine,5,5,0,5
1950,Qtr 4,December,9,09/12/1950,France,Douglas,Douglas DC 3F,Ruig Piner France,Atlas Air,7,5,0,5
1930,Qtr 4,October,30,30/10/1930,France,Handley,Handley Page W 8G,Near Neufchatel France,Airways Imperial,6,3,0,3
2000,Qtr 2,May,2,02/05/2000,France,Learjet,Learjet 35AG MURI,Lyon Satolas France,Aviation Executive Northern,5,2,0,2
1988,Qtr 4,November,18,18/11/1988,France,Swearingen,Swearingen SA 226TC Metro IIF,Montluçon France,Littoral Air,4,4,0,4
1909,Qtr 3,September,7,07/09/1909,France,Wright,Wright ByplaneSC1,Juvisy-sur-Orge France?,N/A,1,1,0,1
1959,Qtr 3,September,24,24/09/1959,France,Douglas,Douglas DC 7CF,Bordeaux France,(France) Intercontinentaux T.A.,65,54,0,54
1938,Qtr 1,March,23,23/03/1938,France,de Havilland,Dewoitine D 338F,Corsavy France,France Air,8,8,0,8
1936,Qtr 4,December,4,04/12/1936,France,Junkers,Junkers JU 52/3mD,Near Grenoble France,Lufthansa Deutsche,6,6,0,6
2008,Qtr 4,November,27,27/11/2008,France,Airbus,Airbus A320 232D,Off Perpignan France,Zealand New Air from leased Airways XL,7,7,0,7
1988,Qtr 2,June,26,26/06/1988,France,Airbus,Airbus A320 111F,Habsheim France,France Air,136,3,0,3
1922,Qtr 2,April,7,07/04/1922,France,de Havilland,de Havilland DH 18 / Farman F,Grandvilliers France,Aeriens Express Grands / Airways Daimler,7,7,0,7
1922,Qtr 1,January,14,14/01/1922,France,Handley,Handley Page O/10G EATN,Paris France,Transport Page Handley,5,5,5,10
1936,Qtr 3,August,2,02/08/1936,France,Wibault,"Wibault 280F ANBL
F",Mazamet France,France Air,3,3,0,3
1951,Qtr 2,May,8,08/05/1951,France,Vickers,Vickers 639 Viking 1G AHPD,Bordeaux France,Travel Air Hunting,32,2,0,2
2000,Qtr 3,July,25,25/07/2000,France,Aerospatiale,Aerospatiale BAe Concorde 101F BTSC,Gonesse France,France Air,109,109,4,113
1930,Qtr 4,October,5,05/10/1930,France,Royal,Royal Airship Works R 101G,Near Beauvais France,Ministry Air British - Military,54,48,0,48
1941,Qtr 3,September,1,01/09/1941,France,Bloch,Bloch 220F AQNL,Bollemont France,France Air,17,15,0,15
1979,Qtr 1,January,27,27/01/1979,France,Fokker,Fokker F 27 Friendship 500F,Rodez France,Rouergue Air,6,5,0,5
1935,Qtr 4,December,4,04/12/1935,France,Caudron,Caudron C 630 SimounF,Tours France,Bleu Air,2,1,0,1
1963,Qtr 4,October,9,09/10/1963,France,Douglas,Douglas C 74HP,Near Marseilles France,Panama de Aeronaves,6,6,0,6
1980,Qtr 3,September,5,05/09/1980,France,Lockheed,Lockheed L 100,Near Montelimar France,Force Air Kuwait - Military,8,8,0,8
1939,Qtr 1,February,24,24/02/1939,France,Junkers,Junkers JU 52/3mD,Near Roubien France,Lufthansa Deutsche,10,10,0,10
1949,Qtr 4,December,18,18/12/1949,France,Douglas,Douglas C 47A,Aulnay-sous-Bois France,Sabena,8,8,0,8
1929,Qtr 4,November,16,16/11/1929,France,Liore,Liore et Olivier 190F AIGB,Off Corsica France,Union Air,3,3,0,3
1950,Qtr 1,March,28,28/03/1950,France,Latecoere,Latecoere 631 (sea plane)F WANU,Off Cap-Ferret France,SEMAF,12,12,0,12
1935,Qtr 4,November,11,11/11/1935,France,Latecoere,Latecoere 28F AJPB,Istres France,France Air,3,3,0,3
1944,Qtr 3,September,27,27/09/1944,France,Focke,Focke  Wulf FW 200D,Near Dijon France,Lufthansa Deutsche,9,9,0,9
1937,Qtr 1,March,24,24/03/1937,France,Shorts,Short  S 23 (flying boat)G,Near Ouroux France,Airways Imperial,6,5,0,5
1952,Qtr 1,March,3,03/03/1952,France,SNCASE,SNCASE LanguedocF BCUM,Nice France,France Air,38,38,0,38
1963,Qtr 3,September,12,12/09/1963,France,Vickers,Vickers Viking 1BF BJER,Perpignan France,Nautic Air,40,40,0,40
1963,Qtr 3,August,12,12/08/1963,France,Vickers,Vickers Viscount 708F BGNV,Lyon France,Inter Air,20,20,1,21
2003,Qtr 2,June,22,22/06/2003,France,Canadair,Canadair CRJ 100ERF,Near Brest France,Air Brit,24,1,0,1
1958,Qtr 2,May,16,16/05/1958,France,Douglas,Douglas C 47AG,Chatenoy France,Airways European British,3,3,0,3
1950,Qtr 4,November,3,03/11/1950,France,Lockheed,Lockheed 749 ConstellationVT CQP,Mont Blanc France,India Air,48,48,0,48
1950,Qtr 4,November,13,13/11/1950,France,Douglas,Douglas C 54B,Mt.  Tete de L'Obiou France,(Canada) Ltd. Services Flying Curtiss-Reid,58,58,0,58
1962,Qtr 3,July,30,30/07/1962,France,Douglas,Douglas DC 3F,Coulommiers France,France Air,8,4,0,4
1917,Qtr 4,October,20,20/10/1917,France,Zeppelin,Zeppelin L 44 (airship),Near Luneville France,Navy German - Military,18,18,0,18
1958,Qtr 3,September,19,19/09/1958,France,Lockheed,Lockheed C 130A Hercules56,Triel France,Force Air U.S. - Military,15,15,0,15
2015,Qtr 1,March,24,24/03/2015,France,Airbus,Airbus A320 211D,Near Digne-Les-Bains France,Germanwings,150,150,0,150
2007,Qtr 1,January,25,25/01/2007,France,Fokker,Fokker 100F GMPG,Pau France,Europeenne Aerienne Compagnie Regional,54,0,1,1
1962,Qtr 1,March,8,08/03/1962,France,Lockheed,Lockheed C 130A Hercules55,Near Alencon France,Force Air U.S. - Military,15,15,0,15
1920,Qtr 4,October,2,02/10/1920,France,Salmson,Salmson 2 A,Off Port Vendres France,Airlines Latecoere,2,2,0,2
1944,Qtr 2,June,6,06/06/1944,France,Douglas,Douglas C 47A,Carentan France,Forces Air Army U.S. - Military,22,22,0,22
1944,Qtr 2,June,6,06/06/1944,France,Douglas,Douglas C 47A42,Barneville France,Forces Air Army U.S. - Military,22,22,0,22
1949,Qtr 4,November,29,29/11/1949,France,Douglas,Douglas DC 4F,Chaleyssin France,France Air,38,5,0,5
1987,Qtr 4,December,21,21/12/1987,France,Embraer,Embraer 120 BrasiliaF GEGH,Bordeaux France,Littoral Air,16,16,0,16
1951,Qtr 4,November,13,13/11/1951,France,Fairchild,Fairchild C 82 Packet45,Puy-de-Dôme France,Force Air S. U. - Military,36,36,0,36
1962,Qtr 4,November,23,23/11/1962,France,Ilyushin,Ilyushin IL 18DHA,Le Bourget France,Airlines Hungarian Malev,21,21,0,21
1944,Qtr 2,June,6,06/06/1944,France,Douglas,Douglas C 47A42,Flamanville France,Forces Air Army U.S. - Military,22,22,0,22
1947,Qtr 1,March,14,14/03/1947,France,Douglas,Douglas DC 3 (C,Mt. Moucherolles France,France Air,23,23,0,23
1971,Qtr 3,July,30,30/07/1971,France,Nord,Nord 2501 Noratlas49,Near Pau France,Force Air French - Military,39,37,0,37
1974,Qtr 1,March,3,03/03/1974,France,McDonnell,McDonnell Douglas DC 10,Near Ermenonville France,(THY) Airlines Turkish,346,346,0,346
1968,Qtr 3,September,11,11/09/1968,France,Sud,Sud  Aviation Caravelle 3F,Off Cap d'Antibes France,France Air,95,95,0,95
1948,Qtr 1,March,2,02/03/1948,France,Junkers,Junkers Ju 52/3mF,Off Perpignan France,Aériens Transports de Société,4,4,0,4
1924,Qtr 4,November,6,06/11/1924,France,Breguet,Breguet 14F AFBD,Cabrerolles France,Aeriens Express Grands,1,1,0,1
1928,Qtr 4,December,31,31/12/1928,France,Bleriot,Blériot Spad 66F AEHX,Reims France,CIDNA,3,2,0,2
1996,Qtr 4,November,7,07/11/1996,France,Cessna,Cessna 421C Golden EagleHB LRX,Aubusson France,S.A. Jetcom,8,8,0,8
1927,Qtr 4,November,8,08/11/1927,France,Farman,Farman F 121 JabiruF,Strasburg France,CIDNA,1,1,0,1
1998,Qtr 3,July,30,30/07/1998,France,Beechcraft,Beechcraft 1900D / Cessna 177F GSJM/F,Near Quiberon France,Private / Air Proteus,15,15,0,15
1946,Qtr 2,June,29,29/06/1946,France,Junkers,Junkers Ju 52/3mF,Pau France,France Air,3,2,0,2
1994,Qtr 2,June,30,30/06/1994,France,Airbus,Airbus A330 321F,Toulouse-Blagnac France,Industrie Airbus,7,7,0,7
1947,Qtr 2,June,4,04/06/1947,France,Junkers,Junkers Ju 52F,Near Gemenos France,France Air,2,2,0,2
1995,Qtr 1,January,20,20/01/1995,France,Dassault,Dassault Falcon 20EF GHLN,Le Bourget France,Charter - Leadair,10,10,0,10
1937,Qtr 4,December,8,08/12/1937,France,Potez,Potez 621F AOTZ,Saint Sauveur France,France Air,7,2,0,2
1925,Qtr 4,November,14,14/11/1925,France,Farman,Farman F 60 GoliathF,Off Boulogne-sur-Mer France,Union Air,2,2,0,2
1946,Qtr 3,August,20,20/08/1946,France,Avro,Avro 691 Lancastrian 1G AGMF,Rouen France,Airways Overseas British,9,8,0,8
1946,Qtr 3,September,4,04/09/1946,France,Douglas,Douglas DC 3F,Le Bourget France,France Air,26,20,1,21
1946,Qtr 4,November,1,01/11/1946,France,AAC,AAC  1 ToucanF,St Leger-la-Montagne France,Roussillon Languedoc CTA,27,23,0,23
1940,Qtr 2,June,20,20/06/1940,France,de Havilland,Dewoitine D 338F,Near Ouistreham France,France Air,1,1,0,1
1953,Qtr 3,September,1,01/09/1953,France,Lockheed,Lockheed 749A ConstellationF BAZZ,Near Barcelonnette France,France Air,42,42,0,42
1948,Qtr 2,May,13,13/05/1948,France,de Havilland,de Havilland Dove 1G AJOU,Mount Coron France,London of Skyways,4,4,0,4
1928,Qtr 3,September,2,02/09/1928,France,Bleriot,Bleriot Spad 33F AIEP,Toul France,CIDNA,5,5,0,5
1971,Qtr 1,January,21,21/01/1971,France,Nord,Nord 262A 34F,Near Privas France,L'Air de L'Armée,21,21,0,21
1925,Qtr 3,September,7,07/09/1925,France,Spad,Spad 33,Toul France,CIDNA,0,0,0,0
1956,Qtr 1,January,28,28/01/1956,France,Douglas,Douglas C 47F,Lyon France,France Air,3,3,0,3
1927,Qtr 1,January,12,12/01/1927,France,Fokker,Fokker F VIIG,Estaires France,Fokker,0,0,0,0
1935,Qtr 2,April,1,01/04/1935,France,Farman,Farman F 300F,Beauvais France,France Air,3,1,0,1
1923,Qtr 1,January,10,10/01/1923,France,Liore,Lioré  et,Ajaccio France,l'Air de Amee,4,3,0,3
1956,Qtr 4,December,12,12/12/1956,France,Vickers,Vickers 708 ViscountF BGNK,Dannemois France,France Air,5,5,0,5
1934,Qtr 1,January,15,15/01/1934,France,de Havilland,Dewoitine D 332F,Corbigny France,France Air,14,14,0,14
1956,Qtr 4,November,24,24/11/1956,France,Douglas,Douglas DC 6BI,Paris France,Italiane Aeree Linee,35,34,8,42
1993,Qtr 1,January,6,06/01/1993,France,de Havilland,de Havilland Canada DHC 8,Paris France,Cityline Lufthansa,23,4,0,4
1948,Qtr 1,January,6,06/01/1948,France,Douglas,Douglas DC 3DF,Paris France,France Air,16,16,0,16
1989,Qtr 1,February,6,06/02/1989,France,Vickers,Vickers 952F VanguardF GEJE,Marseille France,RAM,3,3,0,3
1973,Qtr 1,March,5,05/03/1973,France,MD,MD Douglas DC 9,Near Nantes France,Transportes SA Espana/Spantax de Aereas Lineas,182,68,0,68
1957,Qtr 1,January,29,29/01/1957,France,SNCASE,SNCASE SE.2010 ArmagnacF BAVG,Paris France,France Air,70,2,0,2
1928,Qtr 4,October,31,31/10/1928,France,Bleriot,Bleriot Spad 56F AIMN,Valence France,Union Air,2,1,0,1
1954,Qtr 1,March,4,04/03/1954,France,Douglas,Douglas C 47A,Near St. Etienne de Tinee France,Force Air U.S. - Military,20,20,0,20
1945,Qtr 4,October,7,07/10/1945,France,Shorts,Short Stirling IVLJ668,Rennes France,Force Air Royal - Military,26,26,0,26
1973,Qtr 2,June,3,03/06/1973,France,Tupolev,Tupolev TU 144CCCP,Goussainville France,Aeroflot,6,6,8,14
1945,Qtr 4,December,3,03/12/1945,France,Consolidated,Consolidated LB 30A LiberatorKH125,Near Rochefort  France,Force Air -Royal Military,28,28,0,28
1953,Qtr 1,February,7,07/02/1953,France,Douglas,Douglas C 54A,Bordeaux France,UTA,19,9,0,9
1934,Qtr 1,January,20,20/01/1934,France,Breguet,Breguet 280TF AJKX,Carombe France,France Air,2,2,0,2
1938,Qtr 1,February,9,09/02/1938,France,Liore,Lioré  et,Marseille France,France Air,12,8,0,8
1948,Qtr 1,February,21,21/02/1948,France,Latecoere,Latecoere 631 (flying boat)F BDRD,Off St. Marcouf France,Airlines Latecoere,14,14,0,14
1925,Qtr 2,June,25,25/06/1925,France,Fokker,Fokker (KLM)  F.IIIH NABM,Landrécies France,Airlines Dutch Royal KLM,4,4,0,4
1946,Qtr 1,January,30,30/01/1946,France,Douglas,Douglas C 47BKN500,Near Le Mans France,Force Air Royal - Military,11,11,0,11
1933,Qtr 4,October,31,31/10/1933,France,Farman,Farman F 301F,Etobon France,France Air,5,2,0,2
1938,Qtr 1,February,22,22/02/1938,France,Junkers,Junkers JU.52D APAR,Pontoise France,Lufthansa Deutsche,3,3,0,3
1989,Qtr 2,April,10,10/04/1989,France,Fairchild,Fairchild FH 227BF,Col de Tourniol France,EAS Service Aero Europe,22,22,0,22
1946,Qtr 1,January,15,15/01/1946,France,Douglas,Douglas C 47 DakotaKN557,Marseilles France,Force Air -Royal Military,25,23,0,23
1928,Qtr 1,March,11,11/03/1928,France,Farman,Farman F 60 GoliathF,Off Cape Griz Nez France,Union Air,2,2,0,2
1947,Qtr 4,November,13,13/11/1947,France,Junkers,Junkers Ju 52/3mF,Near Bouchox France,Aérienne Navigation de Auxiliare Société,2,2,0,2
1965,Qtr 1,February,13,13/02/1965,Florida,Curtiss,Curtiss C 46AYS,Miami Florida,Salvador El Aerolineas,2,2,0,2
1945,Qtr 4,October,5,05/10/1945,Florida,Lockheed,Lockheed 18 LodestarNC18199,Lakeland Florida,Airlines National,15,2,0,2
1990,Qtr 4,October,3,03/10/1990,Florida,McDonnell,McDonnell Douglas DC 9,Cape Canaveral Florida,Lines Air Eastern,97,1,0,1
2011,Qtr 4,December,26,26/12/2011,Florida,Bell,Bell 206BN5016M,Green Grove Florida?,N/A,3,3,0,3
1937,Qtr 3,August,10,10/08/1937,Florida,Douglas,Douglas DC 2NC,Daytona Beach Florida,Lines Air Eastern,9,4,0,4
1978,Qtr 2,May,8,08/05/1978,Florida,Boeing,Boeing B 727,Pensacola Florida,Airlines National,58,3,0,3
1963,Qtr 3,August,28,28/08/1963,Florida,Boeing,Boeing KC 135A / Boeing KC,Off Miami Florida,Air U.S.  - Military / Force Air U.S. - Military,11,11,0,11
1953,Qtr 3,July,17,17/07/1953,Florida,Fairchild,Fairchild R4Q 2131663,Near Milton Florida,Navy U.S. - Military,46,44,0,44
1946,Qtr 2,May,10,10/05/1946,Florida,PBY,PBY4  2 Privateer / PB4Y,Munson Florida,Navy U.S. - Military / Navy U.S. Military,28,28,0,28
1952,Qtr 4,December,21,21/12/1952,Florida,Curtiss,Curtiss C 46DYV,Off Miami Florida,SA Nacionales Aéreas Rutas,3,3,0,3
1997,Qtr 3,August,7,07/08/1997,Florida,McDonnell,McDonnell Douglas DC 8,Miami Florida,Air Fine,4,4,1,5
1932,Qtr 1,February,1,01/02/1932,Florida,Fairchild,Fairchild,Off Miami Florida,Airways Bimini,5,5,0,5
1964,Qtr 1,February,3,03/02/1964,Florida,Beech,Beech D18SN2999,Gainsville Florida,Airlines Central South,10,10,0,10
2000,Qtr 4,November,20,20/11/2000,Florida,Airbus,Airbus A300 600RN14056,Miami Florida,Airlines American,114,1,0,1
1955,Qtr 4,December,21,21/12/1955,Florida,Lockheed,Lockheed 749C 79,Jacksonville Florida,Lines Air Eastern,17,17,0,17
1944,Qtr 4,November,6,06/11/1944,Florida,Douglas,Douglas C 47 Skytrain (DC,Jacksonville Florida,Navy US - Military,17,17,0,17
2000,Qtr 2,June,23,23/06/2000,Florida,Learjet,Learjet 55N220JC,Boca Raton Florida,Aviation Jet Universal,3,3,0,3
1983,Qtr 2,April,30,30/04/1983,Florida,Convair,Convair CV 340141010,Jacksonville Florida,Navy States United - Military,15,15,0,15
1963,Qtr 1,February,12,12/02/1963,Florida,Boeing,Boeing B 720,Near Miami Florida,Airlines Orient Northwest,43,43,0,43
1955,Qtr 2,April,2,02/04/1955,Florida,Curtiss,Curtiss C 46AN51424,Off Pensacola Florida,Airlines Aaxico,2,2,0,2
1996,Qtr 3,July,6,06/07/1996,Florida,McDonnell,McDonnell Douglas MD 88N927DA,Pensacola Florida,Lines Air Delta,142,2,0,2
2005,Qtr 4,December,19,19/12/2005,Florida,Grumman,Grumman G73T Turbo MallardN2969,Off Miami Beach Florida,Airways Ocean Chalk's,20,20,0,20
1982,Qtr 1,March,19,19/03/1982,Florida,Beechcraft,Beechcraft Bonanza F35N567LT,Leesburg Florida,Private,3,3,0,3
1948,Qtr 1,February,7,07/02/1948,Florida,Lockheed,Lockheed L 649 ConstellationNC112A,Off Jacksonville Florida,Lines Air Eastern,69,1,0,1
1984,Qtr 3,September,7,07/09/1984,Florida,Cessna,Cessna 402CN89PB,Near Naples Florida,Airlines Boston - Provincetown,6,1,0,1
1960,Qtr 4,October,29,29/10/1960,Florida,Douglas,Douglas DC 3,Key West Florida,Aviacion de Cubana,37,1,0,1
1984,Qtr 4,December,6,06/12/1984,Florida,Embraer,Embraer 110P1 BandeiranteN96PB,Jacksonville Florida,Airlines Boston - Provincetown,13,13,0,13
1994,Qtr 1,March,18,18/03/1994,Florida,Grumman,Grumman G 73T Turbo MallardN150FB,Key West Florida,Airlines International Chalk's,2,2,0,2
1941,Qtr 4,December,11,11/12/1941,Florida,NC,NC21V,Miami Florida,Airways American Pan,3,3,0,3
2000,Qtr 2,April,5,05/04/2000,Florida,Learjet,Learjet 35AN86BE,Marianna Florida,Bankair,3,3,0,3
1958,Qtr 1,March,25,25/03/1958,Florida,Douglas,Douglas DC 7,Miami Florida,Airlines Braniff,24,9,0,9
1947,Qtr 3,July,13,13/07/1947,Florida,Douglas,Douglas DC 3NC79024,Melbourne Florida,Transport Air Burke,36,14,0,14
1951,Qtr 2,April,25,25/04/1951,Florida,Douglas,Douglas DC 4 /Beechcraft SMB,Key West Florida,Navy US  - Military / Aviacion de Cubana,43,43,0,43
1972,Qtr 4,December,29,29/12/1972,Florida,Lockheed,Lockheed L 1011 TriStar 1N310EA,Everglades National Park Florida,Lines Air Eastern,176,103,0,103
1983,Qtr 2,May,5,05/05/1983,FL,Lockheed,Lockheed L 1011N334EA,En route Miami FL,Bahamas         Nassau - Eastern Air Lines,172,0,0,0
1978,Qtr 4,October,3,03/10/1978,Finland,Douglas,Douglas C 47A,Near Kuopio Finland,Force Air Finish - Military,15,15,0,15
1961,Qtr 1,January,3,03/01/1961,Finland,Douglas,Douglas DC 3OH,Koivulahti Finland,Finnair,25,25,0,25
1988,Qtr 4,November,14,14/11/1988,Finland,Embraer,Embraer 110P1 BandeiranteOH EBA,Ilmajoki Finland,Wings Wasa,12,6,0,6
2014,Qtr 2,April,20,20/04/2014,Finland,Aerocomp,Aerocomp Comp Air 8OH XDZ,Jamijarvi Finland,Urheiluilmailijat Suomen,8,8,0,8
1979,Qtr 3,July,12,12/07/1979,Fiji,Britten,Britten Norman BN 2A TrislanderDQ,Bua Fiji,Services Air Fiji,9,9,0,9
1999,Qtr 3,July,24,24/07/1999,Fiji,Embraer,Embraer 110P1 BandeiranteDQ AFN,Nasevou Village Fiji,Fiji Air,17,17,0,17
1993,Qtr 2,May,11,11/05/1993,Fiji,Britten,Britten  Norman BN,Suva Fiji,Air Fiji,2,2,0,2
1986,Qtr 4,December,27,27/12/1986,Fiji,de Havilland,de Havilland DH 114 Heron 2BDQ,Near Nasaso Fiji,Airlines Sunflower,14,11,0,11
1970,Qtr 3,September,26,26/09/1970,Faeroe,Fokker,Fokker F 27 Friendship 300TF,Near Vagar Faeroe,Denmark          Islands Icelandair,34,8,0,8
1960,Qtr 3,July,15,15/07/1960,Ethiopia,Douglas,Douglas DC 3ET,Near Jima Ethiopia,Airlines Ethiopian,11,1,0,1
1974,Qtr 4,November,20,20/11/1974,Ethiopia,Douglas,Douglas DC 3ET,Soddu Ethiopia,Airlines Ethiopian,24,2,0,2
1965,Qtr 3,September,14,14/09/1965,Ethiopia,Douglas,Douglas DC 3ET,Gore Ethiopia,Airlines Ethiopian,17,17,0,17
1972,Qtr 3,September,10,10/09/1972,Ethiopia,Douglas,Douglas DC 3ET,Gondar Ethiopia,Airlines Ethiopian,11,11,0,11
1988,Qtr 3,September,15,15/09/1988,Ethiopia,Boeing,Boeing B 737,Bahar Dar Ethiopia,Airlines Ethiopian,104,35,0,35
1964,Qtr 4,October,2,02/10/1964,Ethiopia,Lockheed,Lockheed L 749A,Addis Ababa Ethiopia,Interocean,7,1,0,1
1975,Qtr 3,September,11,11/09/1975,Ethiopia,Douglas,Douglas C 47,Near Bahar Dar Ethiopia,Airlines Ethiopian,9,1,0,1
1984,Qtr 1,February,16,16/02/1984,Ethiopia,Antonov,Antonov AN 121506,Near Debre Zelt Ethiopia,Force Air Ethiopian - Military,38,26,0,26
1979,Qtr 1,February,19,19/02/1979,Ethiopia,Douglas,Douglas DC 3ET,Barentu Ethiopia,Airlines Ethiopian,5,5,0,5
1977,Qtr 3,July,20,20/07/1977,Ethiopia,Douglas,Douglas DC 3ET,Jima Ethiopia,Airlines Ethiopian,5,5,0,5
1987,Qtr 1,January,13,13/01/1987,Ethiopia,Antonov,Antonov AN 12,Near Asmara Ethiopia,Force Air Ethiopian - Military,54,54,0,54
1962,Qtr 1,January,13,13/01/1962,Ethiopia,Douglas,Douglas DC 3ET,Near Tippi Ethiopia,Airlines Ethiopian,18,5,1,6
1972,Qtr 2,April,18,18/04/1972,Ethiopia,BAC,BAC Super VC 10 11545X,Addis Ababa Ethiopia,Airways African East,107,43,0,43
1989,Qtr 3,August,7,07/08/1989,Ethiopia,de Havilland,de Havilland DHC 6 Twin Otter 300ET,Near Gambela Ethiopia,Service Air RRC,16,16,0,16
1982,Qtr 1,January,14,14/01/1982,Ethiopia,Antonov,Antonov AN 2671383,Near Addis Ababa Ethiopia,Force Air Ethiopian - Military,73,73,0,73
2019,Qtr 1,March,10,10/03/2019,Ethiopia,Boeing,Boeing 737 Max 8ET AVJ,Bishoftu Ethiopia,Airlines Ethiopian,157,157,0,157
2007,Qtr 3,July,23,23/07/2007,Ethiopia,Antonov,Antonov AN 26VEX,Near Shinile Ethiopia,Airlines Djibouti,9,1,0,1
1961,Qtr 3,September,5,05/09/1961,Ethiopia,Douglas,Douglas DC 3ET,Near Sendafar Ethiopia,Airlines Ethiopian,19,5,0,5
2005,Qtr 3,August,10,10/08/2005,Estonia,Sirkorsky,Sikorsky S 76COH,Off Talinn Estonia,Copterline,14,14,0,14
2003,Qtr 1,February,10,10/02/2003,Estonia,Antonov,Antonov AN 28ES,Tallinn Estonia,Enimex,3,2,0,2
2001,Qtr 4,November,23,23/11/2001,Estonia,Antonov,Antonov AN 28ES,Palade Estonia,Eminex) from (leased Co. Aviation ELK,17,2,0,2
1977,Qtr 2,April,19,19/04/1977,Estonia,Antonov,Antonov AN 24,Tapa AFB Estonia,Force Air Soviet - Military,21,21,0,21
1998,Qtr 3,July,17,17/07/1998,Eritrea,Ilyushin,Ilyushin II 76UR,Asmara Eritrea,Company Transport Aviation Ukraine,10,10,0,10
1987,Qtr 1,January,2,02/01/1987,Equatorial,CASA,CASA 212 100T,Off Bata Equatorial,Force. Air Spanish - GuineaMilitary,22,22,0,22
1976,Qtr 2,June,1,01/06/1976,Equatorial,Tupolev,Tupolev TU 154ACCCP,Nacias Nguema Equatorial,GuineaAeroflot,45,45,0,45
2008,Qtr 2,April,16,16/04/2008,Equatorial,Antonov,Antonov An 32B3C,Off Annobon Island Equatorial,Guinea Equatorial of Government - GuineaMilitary,13,13,0,13
2005,Qtr 3,July,16,16/07/2005,Equatorial,Antonov,Antonov AN 24B3C,Baney Equatorial,GuineaEcuatair,60,60,0,60
1994,Qtr 4,December,21,21/12/1994,England,Boeing,Boeing 737 2D6C7T,Coventry England,Aviation Phoenix,5,5,0,5
1995,Qtr 2,May,24,24/05/1995,England,Embraer,Embraer 110 P1 BandeiranteG OEAA,Near Leeds England,Air Knight,12,12,0,12
1934,Qtr 2,May,31,31/05/1934,England,Liore,Liore  et,Croydon England,France Air,2,2,0,2
1947,Qtr 1,January,11,11/01/1947,England,Douglas,Douglas C 47A,Near Lympne England,Airways Overseas British,16,8,0,8
1936,Qtr 4,December,9,09/12/1936,England,Douglas,Douglas DC 2,Croydon England,Airlines Dutch Royal KLM,17,15,0,15
1958,Qtr 4,December,24,24/12/1958,England,Bristol,Bristol 175 Britannia 312G AOVD,Winkton England,BOAC,12,9,0,9
1916,Qtr 4,October,1,01/10/1916,England,Zeppelin,Zeppelin L 31 (airship),Potters Bar England,Navy German - Military,19,19,0,19
1927,Qtr 3,August,22,22/08/1927,England,Fokker,Fokker F VIIIH,Sevenoaks England,Airlines Dutch Royal KLM,11,1,0,1
1994,Qtr 1,February,25,25/02/1994,England,Vickers,Vickers 813 ViscountG OHOT,East Midlands England,Airways World British,2,1,0,1
1954,Qtr 2,June,19,19/06/1954,England,Convair,Convair CV 240,Off Folkestone England,Swissair,9,3,0,3
1916,Qtr 3,September,24,24/09/1916,England,Zeppelin,Zeppelin L 32 (airship),Billericay England,Navy German - Military,22,22,0,22
1942,Qtr 3,July,20,20/07/1942,England,Lockheed,Lockheed HudsonN7253,Llanfair England,Force Air Royal - Military,13,13,0,13
2008,Qtr 1,January,17,17/01/2008,England,Boeing,Boeing 777 236ERG,London England,Airways British,152,0,0,0
1993,Qtr 1,January,13,13/01/1993,England,Embraer,Embraer 110P1 BandeiranteG ZAPE,Sellafield England,Airways Titan,2,2,0,2
1936,Qtr 4,November,19,19/11/1936,England,Fokker,Fokker F XIIG,London England,Airways British,4,2,0,2
1916,Qtr 4,November,28,28/11/1916,England,Zeppelin,Zeppelin L 34 (airship),Off West Hartlepool England,Navy German - Military,20,20,0,20
1945,Qtr 2,May,6,06/05/1945,England,Curtiss,Curtiss  Wright C,Hindhead England,Forces Air Army U.S. - Military,30,30,1,31
1965,Qtr 3,July,6,06/07/1965,England,Handley,Handley Page Hastings C Mark 1TG577,Near Oxford England,Force Air -Royal Military,41,41,0,41
1945,Qtr 1,February,6,06/02/1945,England,Douglas,Douglas C 47 DakotaKG630,Nunters Burgh England,Force Air -Royal Military,23,23,0,23
1921,Qtr 3,August,24,24/08/1921,England,Royal,Royal Airship Works ZR 2 (airship)R,River Humber England,Works Airship Royal - Military,49,43,1,44
1965,Qtr 4,October,27,27/10/1965,England,Vickers,Vickers Vanguard 951G APEE,London England,Airways European British,36,36,0,36
1957,Qtr 1,March,14,14/03/1957,England,Vickers,Vickers Viscount 701G ALWE,Manchester England,Airways European British,20,20,2,22
1957,Qtr 4,December,23,23/12/1957,England,Avro,Avro 685 York C 1G,Stansted England,Airlines Scottish,4,4,0,4
1945,Qtr 2,June,25,25/06/1945,England,Consolidated,Consolidated LB 30A LiberatorJT985,Swanage England,Force Air -Royal Military,27,27,0,27
1944,Qtr 4,November,19,19/11/1944,England,Douglas,Douglas C 47A,Lewes England,Forces Air Army U.S. - Military,30,25,0,25
1920,Qtr 3,August,16,16/08/1920,England,Armstrong,Armstrong  Whitworth F,Bedford England,Air By,1,1,0,1
1957,Qtr 4,November,6,06/11/1957,England,Bristol,Bristol Britannia 175G ANCA,Bristol England,Co. Aeroplane Bristol,15,15,0,15
1944,Qtr 4,October,18,18/10/1944,England,Consolidated,Consolidated B24H42 50347,Birkenhead England,Forces Air Army U.S. - Military,24,24,0,24
1920,Qtr 4,December,14,14/12/1920,England,Handley,Handley Page HP 16G,London England,Transport Page Handley,8,4,0,4
1963,Qtr 4,October,22,22/10/1963,England,BAC,BAC One Eleven 200ABG,Near Tisbury England,Corporation Aircraft British,7,7,0,7
1957,Qtr 4,November,15,15/11/1957,England,Shorts,Short Solent 3 (flying boat)G AKNU,Chessell Down England,Airways Aquilla,58,43,0,43
2002,Qtr 1,January,4,04/01/2002,England,Canadair,Canadair CL 604 N90AG,Birmingham England,Corp Agco,5,5,0,5
1957,Qtr 1,March,5,05/03/1957,England,Blackburn,Blackburn Beverley C Mark 1XH117,Drayton England,Force Air -Royal Military,22,18,2,20
1956,Qtr 1,March,28,28/03/1956,England,Douglas,Douglas C 47BG,Largs England,Starways,3,1,0,1
1924,Qtr 4,December,24,24/12/1924,England,de Havilland,de Havilland DH 34BG,Purley England,Airways Imperial,8,8,0,8
1968,Qtr 3,July,3,03/07/1968,England,Airspeed,Airspeed AS.57 Ambassador 2G AMAD,London England,Transport Air BKS,8,6,0,6
1944,Qtr 3,August,12,12/08/1944,England,Consolidated,Consolidated PB4Y 132271,Blythburgh England,Navy U.S. - Military,2,2,0,2
1917,Qtr 2,June,17,17/06/1917,England,Zeppelin,Zepplin L 48 (air ship)L,Near Yarmouth England?,N/A,16,14,0,14
1958,Qtr 3,September,2,02/09/1958,England,Vickers,Vickers 621 Viking 1G AIJE,London England,Travel Air Independent,3,3,4,7
1919,Qtr 4,October,2,02/10/1919,England,de Havilland,De Havilland DH 4,Newcastle England,Travel and Transport Aircraft,1,1,0,1
1962,Qtr 2,May,6,06/05/1962,England,Douglas,Douglas C 47AG,St. Boniface Down England,Airways Channel,18,12,0,12
1956,Qtr 4,November,5,05/11/1956,England,Handley,Handley Page HP 1 HermesG,Blackbushe England,Britavia,80,7,0,7
1956,Qtr 4,October,10,10/10/1956,England,Douglas,Douglas C188 B1311588,Off Land's End England,Navy U.S. - Military,59,59,0,59
1945,Qtr 4,October,5,05/10/1945,England,Consolidated,Consolidated LB 40,Elvetham England,Force Air -Royal Military,23,23,0,23
1945,Qtr 4,November,22,22/11/1945,England,Consolidated,Consolidated LB 30A LiberatorKH126,White's Farm England,Force Air -Royal Military,27,27,0,27
1944,Qtr 3,August,23,23/08/1944,England,Consolidated,Consolidated B 24H42,Freckelton England,Force Air U.S. - Military,3,3,58,61
1956,Qtr 2,April,30,30/04/1956,England,Avro,Avro 685 York C 1G,London England,Airlines Scottish,54,2,0,2
1935,Qtr 4,December,10,10/12/1935,England,Savoia,Savoia  Marchetti SM73OO,Croydon England,Sabena,11,11,0,11
1998,Qtr 3,July,27,27/07/1998,England,Consolidated,Consolidated PBY 5A CatalinaVP,Southhampton England,Sailing Plane,18,4,0,4
1948,Qtr 1,January,6,06/01/1948,England,Vickers,Vickers 610 Viking 1BG AHPK,Ruislip England,Airways European British,18,1,0,1
1948,Qtr 4,November,11,11/11/1948,England,de Havilland,de Havilland DH 89A Dragon RapideG,Liverpool England,Airways Mannin,8,7,0,7
1930,Qtr 3,September,11,11/09/1930,England,Sabca,Sabca F VIIOO,Croydon England,Sabena,2,2,0,2
1976,Qtr 3,August,28,28/08/1976,England,Lockheed,Lockheed C 141A (L.300)67,Near Thorney England,Force Air U.S. - Military,18,18,0,18
1932,Qtr 3,September,17,17/09/1932,England,Liore,Liore  et,Selsdon Park England,Union Air,2,1,0,1
1948,Qtr 4,November,3,03/11/1948,England,Boeing,Boeing B 29A Superfortress44,Near Glossop England,Force Air U.S. - Military,13,13,0,13
1981,Qtr 2,June,26,26/06/1981,England,Hawker,Hawker Siddeley HS 748G,Nailstone England,Services Air Dan,3,3,0,3
1951,Qtr 3,July,12,12/07/1951,England,Vickers,Vickers Valetta C 1VW194,Lyneham AFB England,Force Air Royal - Military,10,10,0,10
1952,Qtr 2,June,24,24/06/1952,England,Boeing,Boeing B 50 Superfortress,Lakenheath AFB England,Force Air U.S. - Military,11,11,0,11
1930,Qtr 1,February,10,10/02/1930,England,Farman,Farman F 63F,Marden England,Union Air,6,2,0,2
1932,Qtr 4,October,29,29/10/1932,England,Junkers,Junkers W 33 D,Ramsgate England,Lufthansa Deutsche,2,2,0,2
1954,Qtr 1,January,6,06/01/1954,England,Vickers,Vickers ValettaWJ474,Near Aldbury England,Force Air -Royal Military,17,16,0,16
1929,Qtr 2,June,17,17/06/1929,England,Handley,Handley Page W 10G,Off Dungeness England,Airways Imperial,13,7,0,7
1938,Qtr 4,November,2,02/11/1938,England,Lockheed,Lockheed 14 ElectraCF TCL,Somerset England,Airways British,2,2,0,2
1952,Qtr 3,September,6,06/09/1952,England,de Havilland,de Havilland 110WG235,Near Farnsborough England,Aircraft Havilland de - Private,1,1,29,30
1949,Qtr 3,August,19,19/08/1949,England,Douglas,Douglas DC 3G,Near Oldham England,Airways European British,32,24,0,24
1950,Qtr 4,October,31,31/10/1950,England,Vickers,Vickers 610 Viking 1BG,London Heathrow England,Airways European British,30,28,0,28
1985,Qtr 3,August,22,22/08/1985,England,Boeing,Boeing B 737,Manchester England,Airtours British,137,55,0,55
1948,Qtr 2,May,20,20/05/1948,England,Douglas,Douglas C 47AG,Near Bovingdon England,Charter Transport Air,4,3,0,3
1953,Qtr 2,May,7,07/05/1953,England,Vickers,Vickers Valetta T 3WG258,Off Hartland Point England,Force Air Royal - Military,10,10,0,10
1975,Qtr 4,November,29,29/11/1975,England,Piper,Piper PA 23,Hertfordshire England,Private,6,6,0,6
1989,Qtr 1,January,8,08/01/1989,England,Boeing,Boeing B 737,Leicestershire England,Airways Midland British,126,47,0,47
1990,Qtr 2,June,10,10/06/1990,England,BAC,BAC One Eleven 528FLG,Oxfordshire England,Airways British,87,0,0,0
1951,Qtr 1,March,27,27/03/1951,England,Douglas,Douglas C 47A,Manchester England,Charter Transport Air,3,2,0,2
1928,Qtr 3,July,13,13/07/1928,England,Vickers,Vickers 74 VulcanG EBLB,Purley England,Airways Imperial,6,4,0,4
1950,Qtr 4,October,17,17/10/1950,England,Douglas,Douglas C 47AG,London England,Airways European British,29,28,0,28
1939,Qtr 4,November,20,20/11/1939,England,Airspeed,Airspeed OxfordG AFFM,Gosport England,Airways British,2,2,0,2
1990,Qtr 2,April,30,30/04/1990,England,Avro,Avro Shackleton AEW 2WR965,Tarbert England,Force Air Royal - Military,10,10,0,10
1950,Qtr 2,April,13,13/04/1950,England,Vickers,Vickers 610 Viking 1BG AIVL,Near Hastings England,Airways European British,32,0,0,0
1991,Qtr 4,October,30,30/10/1991,Ellesmere,Lockheed,Lockheed CC 130E130322,Near Point Alert Ellesmere,NWT          Island,18,5,0,5
1984,Qtr 1,February,19,19/02/1984,El,Bell,Bell UH 1H / Bell UH,Near San Gerardo El,Force Air Salvadoran - SalvadorMilitary,28,28,0,28
1986,Qtr 2,May,1,01/05/1986,El,Douglas,Douglas DC 6FAS,San Salvador El,Force Air Salvador El - SalvadorMilitary,37,37,0,37
1980,Qtr 4,November,12,12/11/1980,Egypt,Lockheed,Lockheed C 141A67,Near Cairo Egypt,Force Air U.S. - Military,13,13,0,13
1946,Qtr 4,October,23,23/10/1946,Egypt,Junkers,Junkers Ju 52/3mF,Gebel Kalamoun Egypt,Socotra,24,1,0,1
1935,Qtr 4,December,31,31/12/1935,Egypt,Shorts,Short S 8 Calcutta flying boatG,Off Alexandria Egypt,Airways Imperial,13,12,0,12
1961,Qtr 2,June,12,12/06/1961,Egypt,Lockheed,Lockheed L 188C ElectraPH,Cairo Egypt,Airlines Dutch Royal KLM,36,20,0,20
2007,Qtr 2,May,6,06/05/2007,Egypt,de Havilland,de Havilland Canada DHC 6 Twin Otter742/CB,Near El-Thamad Egypt,Force Air French - Military,9,9,0,9
1962,Qtr 2,May,15,15/05/1962,Egypt,Douglas,Douglas DC 3SU,Near Cairo Egypt,Airlines Arab United,3,3,0,3
1984,Qtr 2,May,8,08/05/1984,Egypt,McDonnell,McDonnel F 4E Phantom II,Elbet Beni Salama Egypt,Force Air Egyptian - Military,2,2,19,21
1951,Qtr 4,November,19,19/11/1951,Egypt,Douglas,Douglas DC 3TC,Cairo Egypt,Yollari Hava Devlet,5,5,0,5
1968,Qtr 3,August,18,18/08/1968,Egypt,Antonov,Antonov AN 24VSU,Off Port Said Egypt,Airlines Arab United,40,40,0,40
1981,Qtr 2,May,29,29/05/1981,Egypt,Lockheed,Lockheed C 130H HerculesSU,Cairo Egypt,Force Air Egyptian - Military,17,17,0,17
1956,Qtr 1,February,20,20/02/1956,Egypt,Douglas,Douglas DC 6BF,Near Cairo Egypt,(France) Intercontinentaux Aerien Transport,64,52,0,52
1950,Qtr 3,August,31,31/08/1950,Egypt,Lockheed,Lockheed 749A ConstellationN6004C,Near Wadi Natrun Egypt,Airlines World Trans,55,55,0,55
2004,Qtr 1,January,3,03/01/2004,Egypt,Boeing,Boeing B 737,Off Sharm el Sheikh Egypt,Air Flash,148,148,0,148
1969,Qtr 1,March,20,20/03/1969,Egypt,Ilyushin,Ilyushin IL 18DSU,Near Aswan Egypt,Airlines Arab United,105,100,0,100
1975,Qtr 4,November,25,25/11/1975,Egypt,Lockheed,Lockheed C 130 Hercules011,Near Bir Lahfan Egypt,Force Air  Israel - Military,20,20,0,20
1946,Qtr 3,August,24,24/08/1946,Egypt,Avro,Avro AnsonSU ADJ,Cairo Egypt,Misrair,9,6,0,6
1935,Qtr 1,March,15,15/03/1935,Egypt,de Havilland,de Havilland Dragon 1SU ABI,El Arish Egypt,Misrair,6,3,0,3
1968,Qtr 1,January,15,15/01/1968,Egypt,Douglas,Douglas DC 3SU,Zifta Egypt,Airlines Arab United,4,4,0,4
2009,Qtr 1,February,20,20/02/2009,Egypt,Antonov,Antonov 12VS9 SVN,Luxor Egypt,Aerolift,5,5,0,5
1935,Qtr 3,August,7,07/08/1935,Egypt,Savoia,Savoia  Marchetti S,Cairo Egypt,Littoria Ala,7,7,0,7
1987,Qtr 3,September,21,21/09/1987,Egypt,Airbus,Airbus A.300B4 203SU,Luxor Egypt,Egypt,5,5,0,5
1966,Qtr 1,March,18,18/03/1966,Egypt,Antonov,Antonov AN 24BSU,Cairo Egypt,Airlines Arab United,30,30,0,30
1988,Qtr 4,December,14,14/12/1988,Egypt,Boeing,Boeing B 707,Near Luxor Egypt,Air GAS,8,8,5,13
1988,Qtr 1,March,31,31/03/1988,Egypt,Douglas,Douglas DC 8,Cairo Egypt,Airlines Arax,4,4,0,4
1965,Qtr 2,May,20,20/05/1965,Egypt,Boeing,Boeing B 720,Cairo Egypt,Airlines International Pakistan,127,121,0,121
1986,Qtr 2,June,10,10/06/1986,Egypt,Fokker,Fokker F 27 Friendship 500SU,Near Cairo Egypt,Egypt,26,23,0,23
1963,Qtr 4,October,18,18/10/1963,Egypt,Antonov,Antonov AN 12,Near Aswan Egypt,Force Air Soviet - Military,31,31,0,31
1965,Qtr 3,July,7,07/07/1965,Egypt,Antonov,Antonov AN 12,Cairo Egypt,Force Air Soviet - Military,31,30,0,30
1958,Qtr 1,February,19,19/02/1958,Egypt,Douglas,Douglas DC 6BPH,Cairo Egypt,Airlines Dutch Royal KLM,21,1,0,1
1953,Qtr 4,December,15,15/12/1953,Egypt,VC,VC  VikingSU,Near Cairo Egypt,Misair,6,6,0,6
1953,Qtr 1,February,9,09/02/1953,Egypt,Curtiss,Curtiss  Wright C,Cairo Egypt,Force Air Egyptian - Military,40,29,0,29
1949,Qtr 1,January,15,15/01/1949,Egypt,Douglas,Douglas C 54 SkymasterZS,Ras-el-Tin Egypt,Charter Air African Pan,30,30,0,30
1954,Qtr 3,September,15,15/09/1954,Egypt,Vickers,Vickers 634 VikingSU AFO,Cairo Egypt,Misrair,4,3,0,3
1963,Qtr 4,December,15,15/12/1963,Egypt,Vickers,Vickers 634 Viking 1BSU AFK,Cairo Egypt,Misrair,6,6,0,6
1963,Qtr 2,May,12,12/05/1963,Egypt,Douglas,Douglas DC 3SU,Near Ayayda Egypt,Airlines Arab United,34,34,0,34
2015,Qtr 4,October,31,31/10/2015,Egypt,Airbus,Airbus A321 231EI,Near Hasna Egypt,Metrojet,224,224,0,224
1958,Qtr 1,March,7,07/03/1958,Egypt,Vickers,Vickers 628 Viking 1BSU AGN,Menzalah Lake Egypt,Misrair,26,8,0,8
1978,Qtr 4,November,5,05/11/1978,Egypt,Douglas,Douglas DC 3SU,Off Alexandria Egypt,Services Air Delta Nile,18,18,0,18
1973,Qtr 1,February,21,21/02/1973,Egypt,Boeing,Boeing B 727,Near Isma'iliya Egypt,Airlines Arab Libya,113,108,0,108
1946,Qtr 3,July,17,17/07/1946,Ecuador,Curtiss,Curtiss C 46D,Cuenca Ecuador,ANDESA,30,30,0,30
1965,Qtr 3,September,16,16/09/1965,Ecuador,Transportes,Transportes Aéreos OrientalesHC AFQ,Near Pastaza Ecuador,TAO,11,9,0,9
1977,Qtr 3,September,4,04/09/1977,Ecuador,Vickers,Vickers Viscount 764DHC BCL,Near Cuenca Ecuador,Airways Nacionales Aereos Servicios,33,33,0,33
1988,Qtr 3,September,12,12/09/1988,Ecuador,Lockheed,Lockheed L 188A ElectraHC,Lago Agrio Ecuador,Ecuador TAME,7,7,0,7
1994,Qtr 2,April,6,06/04/1994,Ecuador,de Havilland,de Havilland Canada DHC 6 Twin Otter 300FAE450,Ambato Ecuador,TAME,17,17,0,17
1983,Qtr 2,April,29,29/04/1983,Ecuador,Sud,Sud Aviation SE 210 Caravelle VIRHC,Guayaquil Ecuador,Ecuador SAN,100,8,0,8
1939,Qtr 2,May,8,08/05/1939,Ecuador,Curtiss,Curtiss  Wright C,Guayaquil Ecuador,Force Air Ecuadorian - Military,1,1,22,23
1976,Qtr 3,August,15,15/08/1976,Ecuador,Vickers,Vickers Viscount 785DHC ARS,Andes Mountains Ecuador,SAETA,59,59,0,59
1995,Qtr 2,May,3,03/05/1995,Ecuador,Grumman,Grumman Gulfstream IIN409MA,Quito Ecuador,Jet American,7,7,0,7
1958,Qtr 2,April,7,07/04/1958,Ecuador,Douglas,Douglas DC 3HC,Mt. Illiniza Ecuador,AREA,32,32,0,32
1958,Qtr 2,April,2,02/04/1958,Ecuador,Junkers,Junkers JU 52/3mHC,Quito Ecuador,Orientales Aereos Transportes,14,3,0,3
1998,Qtr 3,August,29,29/08/1998,Ecuador,Tupolev,Tupolev TU 154MCU,Quito Ecuador,Aviacion de Cubana,91,70,10,80
1976,Qtr 1,January,20,20/01/1976,Ecuador,Hawker,Hawker Siddeley HS 748,Near Loja Ecuador,TAME,42,34,0,34
1960,Qtr 4,November,7,07/11/1960,Ecuador,Fairchild,Fairchild F 27AHC,Near Quito Ecuador,AREA,37,37,0,37
2016,Qtr 1,March,15,15/03/2016,Ecuador,IAI,IAI Attava 201 E 206,Fatima Pastaza Ecuador,Army Ecuador - Military,22,22,0,22
1971,Qtr 1,February,17,17/02/1971,Ecuador,Curtiss,Curtiss C 46TAM,Mt. Cunatineuta Ecuador,Militares) Aereos (Transportes TAM,12,12,0,12
1974,Qtr 2,May,2,02/05/1974,Ecuador,Douglas,Douglas C 47HC,Banos Ecuador,Equatorianos Taxis Aero,24,22,0,22
1960,Qtr 3,July,11,11/07/1960,Ecuador,Douglas,Douglas C 47B,Near Quito Ecuador,Misson U.S. - Military,18,18,0,18
1950,Qtr 2,May,2,02/05/1950,Ecuador,Douglas,Douglas C 47DLHK,Chimborazo Ecuador,Avianca,15,15,0,15
2008,Qtr 3,August,30,30/08/2008,Ecuador,Boeing,Boeing B 737,Near Toacaso Ecuador,Conviasa,3,3,0,3
1949,Qtr 3,August,6,06/08/1949,Ecuador,Bristol,Bristol 170 Freighter 21HC SBU,Salasaca Ecuador,Ecuador of Co Shell,34,34,0,34
1991,Qtr 1,February,14,14/02/1991,Ecuador,de Havilland,de Havilland Canada DHC 6 Twin Otter 300FAE447,Near Taisha Ecuador,Force Air Ecuadorean - Military,22,22,0,22
1969,Qtr 3,August,25,25/08/1969,Ecuador,Douglas,Douglas C 47BHC,Sucre Ecuador,TAO,1,1,0,1
1982,Qtr 3,September,1,01/09/1982,Ecuador,de Havilland,de Havilland Canada DHC 4A CaribouHC,Near Valladolid Ecuador,Condor Aerolineas,44,44,0,44
1969,Qtr 3,September,6,06/09/1969,Ecuador,Douglas,Douglas DC 3,Quito Ecuador,Ecuador TAME,16,1,0,1
1996,Qtr 4,October,22,22/10/1996,Ecuador,Boeing,Boeing B 707,Manta Ecuador,Air Million,4,4,30,34
2002,Qtr 1,January,17,17/01/2002,Ecuador,Fairchild,Fairchild FH 227EHC,Near La Bonita Ecuador,Petroproducción,26,26,0,26
1984,Qtr 3,September,18,18/09/1984,Ecuador,McDonnell,McDonnell Douglas DC 8F,Quito Ecuador,Cargo AECA,4,4,49,53
1979,Qtr 2,April,23,23/04/1979,Ecuador,Vickers,Vickers Viscount 785DHC AVP,Near Cuenca Ecuador,SAETA,57,57,0,57
1981,Qtr 2,May,22,22/05/1981,Ecuador,de Havilland,de Havilland Canada DHC 6 Twin Otter 300HC,Near Zumba Ecuador,TAME,18,18,0,18
1977,Qtr 4,December,29,29/12/1977,Ecuador,Vickers,Vickers Viscount 764 DHC BEM,Cuenca Ecuador,Nacionales Aereos Servicios,24,24,0,24
1952,Qtr 2,June,14,14/06/1952,East,Airspeed,Airspeed AS 65 ConsulG,Near Brighton East,England          Sussex Morton Air Services,8,6,0,6
1975,Qtr 3,September,1,01/09/1975,East,Tupolev,Tupolev TU 134DM,Leipzig-Halle East,GermanyInterflug,34,27,0,27
1969,Qtr 2,April,21,21/04/1969,East,Fokker,Fokker F 27 Friendship 100VT,Khulna East,Airlines PakistanIndian,44,44,0,44
1986,Qtr 4,December,12,12/12/1986,East,Tupolev,Tupolev TU 134ACCCP,Berlin East,GermanyAeroflot,82,72,0,72
1972,Qtr 3,August,14,14/08/1972,East,Ilyushin,Ilyushin IL 62DM,Near Konigs Wusterausen East,GermanyInterflug,156,156,0,156
1929,Qtr 4,November,20,20/11/1929,East,Savoia,Savoia Marchetti S55I TACO,Terranova Pausania East,Mediterranea Aerea Società SardiniaS.A.M.,12,1,0,1
2003,Qtr 1,January,31,31/01/2003,East,Ilyushin,Ilyushin II 76TDRDPL,Baucau East,Aviation Asia TimorEuro,6,6,0,6
1966,Qtr 1,February,2,02/02/1966,East,Sirkorsky,Sikorsky S 61NAP,Near Faridpur East,Airlines International (Bangladesh)Pakistan Pakistan,24,23,0,23
1943,Qtr 1,January,15,15/01/1943,Dutch,Douglas,Douglas C 54A42,Near Paramarino Dutch,Forces Air Army U.S. - GuyanaMilitary,35,35,0,35
2007,Qtr 3,September,24,24/09/2007,DR,LET,Let 4109Q CVL,Malemba Nkulu DR,Airways CongoKaribu,6,1,0,1
2007,Qtr 4,October,4,04/10/2007,DR,Antonov,Antonov AN 269Q,Kinshasa DR,Congo One CongoAfrica,22,21,30,51
1949,Qtr 2,May,4,04/05/1949,Dorset,Bristol,Bristol 170 Freighter 31 Mark IIG AIFF,Near Portland Dorset,England Bristop Aeroplane Company,7,7,0,7
1995,Qtr 2,June,27,27/06/1995,Dominican,Convair,Convair CV 440N356SA,La Romana Dominican,RepublicSalair,2,2,0,2
1975,Qtr 1,January,30,30/01/1975,Dominican,Douglas,Douglas DC 3,Santo Domingo Dominican,Nacional Aérea RepublicLinea,30,2,0,2
1996,Qtr 1,February,6,06/02/1996,Dominican,Boeing,Boeing B 757,Off Puerto Plata Domincan,leased from Birgen Air         Nacionales RepublicAlas,189,189,0,189
1992,Qtr 4,November,15,15/11/1992,Dominican,Ilyushin,Ilyushin IL 18DCU,Near Porto Plata Dominican,Charter - RepublicAerocaribbean,34,34,0,34
1970,Qtr 1,February,15,15/02/1970,Dominican,McDonnell,McDonnell Douglas DC 9,Off Santo Domingo Dominican,Aviacion de Dominicana RepublicCompania,102,102,0,102
1948,Qtr 1,January,11,11/01/1948,Dominican,Douglas,Douglas DC 3HI,Ciudad Havajillo Dominican,RepublicDominicana,32,32,0,32
1991,Qtr 3,September,17,17/09/1991,"Djbouti
	Djbouti",Lockheed,Lockheed L 100,"Djibouti City Djibouti
	Djibouti",DjiboutiDjibouti City          City,4,4,0,4
1982,Qtr 1,February,3,03/02/1982,Djbouti,Nord,Nord 2501 Noratlas140/88JA,Djibouti Djbouti,Force Air French - Military,35,35,0,35
1986,Qtr 2,May,18,18/05/1986,Djbouti,Dassault,Dassault Breguet Atlantique19,Djibouti Djibouti,Aviation Naval French - Military,19,19,0,19
1957,Qtr 3,August,15,15/08/1957,Denmark,Ilyushin,Ilyushin IL 14PCCCP,Copenhagen Denmark,Aeroflot,23,23,0,23
1939,Qtr 3,August,15,15/08/1939,Denmark,Lockheed,Lockheed 10 ElectraG ASEY,Off Copenhagen Denmark,Airways British,6,5,0,5
1946,Qtr 3,September,3,03/09/1946,Denmark,Douglas,Douglas DC 3 (C,Holtug Denmark,France Air,22,22,0,22
1971,Qtr 3,August,28,28/08/1971,Denmark,Ilyushin,Ilyushin IL 18DHA,Off Copenhagen Denmark,Airlines Hungarian Malev,34,32,0,32
1930,Qtr 3,July,7,07/07/1930,Denmark,Dornier,Dornier WalD 864,Bornholm Denmark,Lufthansa Deutsche,8,5,0,5
1947,Qtr 1,January,26,26/01/1947,Denmark,Douglas,Douglas C  C47A,Copenhagen Denmark,Airlines Dutch Royal KLM,22,22,0,22
1949,Qtr 1,February,8,08/02/1949,Denmark,Vickers,Vickers 628 Viking 1BOY DLU,Off Copenhagen Denmark,(SAS) Airlines Scandinavian,27,27,0,27
1989,Qtr 3,September,8,08/09/1989,Denmark,Convair,Convair CV 580LN,Skagerrak Denmark,Partnair,55,55,0,55
1960,Qtr 3,July,16,16/07/1960,Denmark,de Havilland,de Havilland DH 89 Dragon RapideOY,Copenhagen Denmark,Tjenesten Flyve,9,8,0,8
1947,Qtr 1,February,5,05/02/1947,Delaware,Douglas,Douglas DC 3NC54451,Harrington Delaware,Freight Air International,3,1,0,1
1963,Qtr 3,September,22,22/09/1963,Delaware,Douglas,Douglas C 133A56,Off Dover Deleware,Force Air U.S. - Military,10,10,0,10
1947,Qtr 4,November,18,18/11/1947,Delaware,Lockheed,Lockheed L 049,Newcastle Delaware,Air Western and Continental Trans,5,5,0,5
1954,Qtr 4,November,16,16/11/1954,de,Douglas,Douglas DC 3FAP,Jirishanga de,Peru          Pasco TAM (Brazil),24,24,0,24
1949,Qtr 4,December,12,12/12/1949,DCCapital,Douglas,Douglas DC 3,Washington D.C.Capital,Airlines,23,6,0,6
1982,Qtr 1,January,13,13/01/1982,DCAir,Boeing,Boeing B 737,Washington D.C.Air,Florida,79,74,4,78
1966,Qtr 4,December,24,24/12/1966,Da,Canadair,Canadair CL 44D4,Binh Tahi Da,Vietnam          Nang Flying Tiger Line,4,4,125,129
1961,Qtr 1,January,2,02/01/1961,Czechoslovakia,Avia,Avia 14OK MCZ,Ruzyne Czechoslovakia,Aerolinie Ceskoslovenske,10,10,0,10
1966,Qtr 4,November,24,24/11/1966,Czechoslovakia,Ilyushin,Ilyushin IL 18BLZ,Near Bratislava Czechoslovakia,Obshchestvo Bulgaro-Soviet Aviatsionno Transportno,82,82,0,82
1956,Qtr 1,January,18,18/01/1956,Czechoslovakia,Douglas,Douglas DC 3OK,Torysa Czechoslovakia,Aerolinie Ceskoslovenske,26,22,0,22
1976,Qtr 3,July,28,28/07/1976,Czechoslovakia,Ilyushin,Ilyushin IL 18LOK,Bratislava Czechoslovakia,Aerolinie Ceskoslovenske,79,76,0,76
1946,Qtr 1,March,5,05/03/1946,Czechoslovakia,Junkers,Junkers JU 52/3mOK,Near Prague Czechoslovakia,Aerolinie Ceskoslovenske,15,12,0,12
1950,Qtr 1,February,27,27/02/1950,Czechoslovakia,Douglas,Douglas C 47A,Near Prague Czechoslovakia,Aerolinie Ceskoslovenske,30,5,0,5
1962,Qtr 3,September,10,10/09/1962,Czechoslovakia,Avia,Avia 14OK MCT,Brno Czechoslovakia,Aerolinie Ceskoslovenske,34,11,0,11
1937,Qtr 4,December,24,24/12/1937,Czechoslovakia,Wibault,Wibault 283 T12F,Kasperske Hory Czechoslovakia,France Air,3,3,0,3
1975,Qtr 4,October,30,30/10/1975,Czechoslovakia,McDonnell,McDonnell Douglas DC 9,Near Prague Czechoslovakia,Aviopromet Adria Inex,120,75,0,75
1926,Qtr 3,July,3,03/07/1926,Czechoslovakia,Caudron,Caudron C 61F,Rossaugpt Czechoslovakia,Aérienne Navigation de Internationale Compagnie,6,6,0,6
1930,Qtr 3,August,22,22/08/1930,Czechoslovakia,Ford,Ford 5 AT,Iglau Czechoslovakia,Aerolinie Ceskoslovenske,11,10,0,10
1973,Qtr 1,February,19,19/02/1973,Czechoslovakia,Tupolev,Tupolev TU 154CCCP,Prague Czechoslovakia,Aeroflot,100,66,0,66
1962,Qtr 4,October,10,10/10/1962,Czechoslovakia,Avia,Avia 14OK MCT,Brno Czechoslovakia,Airlinex Czechoslovak,42,13,0,13
1968,Qtr 4,October,11,11/10/1968,Czechoslovakia,Avia,Avia 14 40OK,Near Prague Czechoslovakia,Aerolinie Ceskoslovenske,40,11,0,11
1972,Qtr 1,January,26,26/01/1972,Czech,McDonnell,McDonnell Douglas DC 9,Near Srbská Kamenice Czech,Airlines Yugoslav RepublicJAT,28,27,0,27
1998,Qtr 1,January,13,13/01/1998,Czech,LET,Let 410UVPYV 928CP,Brno Czech,International RepublicAeroservice,2,2,0,2
1954,Qtr 1,January,12,12/01/1954,Czech,Douglas,Douglas C 47 Skytrain (DC,Prague Czech,Airlines RepublicCzech,18,13,0,13
1988,Qtr 2,April,5,05/04/1988,Cyprus,Boeing,Boeing B 747,Combi Cyprus,Airways Kuwait,112,2,0,2
1973,Qtr 1,January,29,29/01/1973,Cyprus,Ilyushin,Ilyushin IL 18DSU,Near Kyrenia Cyprus,Egyptair,37,37,0,37
1967,Qtr 2,April,20,20/04/1967,Cyprus,Bristol,Bristol Britannia 175HB ITB,Near Nicosia Cyprus,Air Globe,130,126,0,126
1988,Qtr 1,February,27,27/02/1988,Cyprus,Boeing,Boeing B 727,Near Ercan Cyprus,Airways Talia,15,15,0,15
1977,Qtr 4,December,24,24/12/1977,Curacao,Piper,Piper PA 31,Willemstad Curacao,Netherlands Antilles Valley Air Service,10,10,0,10
1966,Qtr 1,January,9,09/01/1966,Cundinamarca,DC,DC3(C47)FAC  675,Chipaque Cundinamarca,Colombia Satena,11,11,0,11
1958,Qtr 4,November,1,01/11/1958,Cuba,Vickers,Vickers Viscount 755DCU T603,Nipe Bay Cuba,Aviacion de Cubana,20,17,0,17
1962,Qtr 1,March,27,27/03/1962,Cuba,Ilyushin,Ilyushin IL 14CU,Santiago de Cuba Cuba,Aviacion de Cubana,22,22,0,22
1934,Qtr 4,December,10,10/12/1934,Cuba,Ford,Ford 4 AT,Palma Soriano Cuba,Aviacion de Cubana,8,4,0,4
1990,Qtr 4,October,24,24/10/1990,Cuba,Yakovlev,Yakovlev YAK 40CU,Santiago de Cuba Cuba,Aviacion de Cubana,31,11,0,11
1989,Qtr 3,September,3,03/09/1989,Cuba,Ilyushin,Ilyushin IL 62MCU,Near Havana Cuba,Aviacion de Cubana,126,126,45,171
1985,Qtr 1,January,19,19/01/1985,Cuba,Ilyushin,Ilyushin IL 18DCU,Havana Cuba,Aviacion de Cubana,38,38,0,38
1977,Qtr 2,May,27,27/05/1977,Cuba,Ilyushin,Ilyushin IL 62MCCCP,Havana Cuba,Aeroflot,69,67,0,67
1980,Qtr 1,February,3,03/02/1980,Cuba,Yakovlev,Yakovlev YAK 40CU,Baracoa Cuba,Aviacon de Cubana,37,1,0,1
1997,Qtr 3,July,11,11/07/1997,Cuba,Antonov,Antonov AN 24CU,Off Santiago de Cuba Cuba,Aviacion de Cubana,44,44,0,44
1944,Qtr 3,August,8,08/08/1944,Cuba,Sirkorsky,Sikorsky S 42 (flying boat)NC823M,Off Antilla Cuba,Airways World American Pan,31,17,0,17
2010,Qtr 4,November,4,04/11/2010,Cuba,ATR,ATR  72,Near Guasimal Cuba,Aerocaribbean,68,68,0,68
2002,Qtr 1,March,14,14/03/2002,Cuba,Antonov,Antonov AN 2CU,Near Placetas Cuba,Aerotaxi - Charter,17,17,0,17
1929,Qtr 2,June,13,13/06/1929,Cuba,Fokker,Fokker F XNC9700,Santiago de Cuba Cuba,Airways American Pan,5,2,0,2
2018,Qtr 2,May,18,18/05/2018,Cuba,Boeing,Boeing 737 201XA,Havana Cuba,Air) Global from (leased Cubana,113,112,0,112
1940,Qtr 4,October,22,22/10/1940,Croatia,Lockheed,Lockheed 10 ElectraYU SBE,Osijek Croatia,Aeroput,12,7,0,7
1996,Qtr 2,April,3,03/04/1996,Croatia,Boeing,Boeing B 737,Near Dubrovnik Croatia,Force Air U.S. - Military,35,35,0,35
1936,Qtr 3,July,15,15/07/1936,Croatia,Spartan,Spartan CruiserYU SAP,Zagreb Croatia,Aeroput,7,7,0,7
1975,Qtr 1,February,9,09/02/1975,Crete,Transall,Transall C 1605063,Souda Crete,Luftwaffe Deutsche - Military,40,40,0,40
1974,Qtr 1,February,9,09/02/1974,Crete,Transall,Transall C 160D50,Near Souda Crete,Force Air German West - Military,40,35,0,35
1983,Qtr 2,June,2,02/06/1983,Covington/Hebron,McDonnell,McDonnell Douglas DC 9,Cincinnati International Airport Covington/Hebron,Kentucky Air Canada,46,23,0,23
1967,Qtr 4,November,20,20/11/1967,Covington/Hebron,Convair,Convair CV 880,Cincinnati International Airport Covington/Hebron,Kentucky Trans World Airlines,82,70,0,70
1955,Qtr 1,January,12,12/01/1955,Covington,Martin,Martin 202A / DC 3N93211/N999B,Greater Cincinnati Airport Covington,Kentucky Trans World Airlines / Castleton Inc.,15,15,0,15
1961,Qtr 3,September,6,06/09/1961,Costa,Douglas,Douglas DC 3TI,Cerro del Aernal Costa,Costarricenses Aéreas RicaLineas,2,2,0,2
1964,Qtr 4,December,29,29/12/1964,Costa,Curtiss,Curtiss C 46CC,Near Turrialba Costa,Americana Sud Aéreas RicaLineas,5,5,0,5
1953,Qtr 2,June,15,15/06/1953,Costa,Douglas,Douglas DC 3TI,San Ramon Mtns. Costa,RicaLACSA,17,9,0,9
1977,Qtr 3,August,20,20/08/1977,Costa,Convair,Convair CV 880N8817E,San Jose Costa,Aviation RicaMonarch,3,3,0,3
1965,Qtr 4,November,3,03/11/1965,Costa,Douglas,Douglas C 54TC,Off Puerto Lemon Costa,Force Air Argentine - RicaMilitary,68,68,0,68
1968,Qtr 4,October,8,08/10/1968,Costa,Britten,Britten  Norman BN,Puerto Cortes Costa,Valle del RicaAerovias,10,10,0,10
1990,Qtr 1,January,15,15/01/1990,Costa,CASA,CASA 212 Aviocar 200TI SAB,Pico Blanco Costa,RicaSANSA,23,23,0,23
1946,Qtr 4,November,26,26/11/1946,Costa,Douglas,Douglas DC 3 (C,San Jose Costa,LACSA  Costarricenses Aéreas RicaLineas,22,22,0,22
2017,Qtr 4,December,31,31/12/2017,Costa,Cessna,Cessna 208B Grand CaravanTI BEI,Punta Islita Costa,Air RicaNaure,12,12,0,12
2000,Qtr 1,January,15,15/01/2000,Costa,LET,Let 410UVP EYS,San Jose Costa,RicaTACA,20,5,0,5
1988,Qtr 2,May,26,26/05/1988,Costa,Douglas,Douglas DC 6YN,Puerto Limon Costa,RicaAeronica,6,6,0,6
1962,Qtr 4,December,29,29/12/1962,Corsica,Boeing,Boeing B307 1 StratolinerF,Monte Renoso Corsica,France Air Nautic,25,25,0,25
1936,Qtr 1,January,21,21/01/1936,Corsica,Cams,CAMS 53F AJIR,Off Ajaccio Corsica,France Air France,6,6,0,6
1948,Qtr 1,March,27,27/03/1948,Corsica,Vickers,Vickers 604 Viking 1BVT CEL,Monte Cardo Corsica,France Indian National Airlines,19,19,0,19
1991,Qtr 3,August,6,06/08/1991,Cook,Britten,Britten  Norman BN,Rarotonga Cook,Air IslandsAvalki,10,6,0,6
1970,Qtr 1,February,10,10/02/1970,Connecticut,de Havilland,de Havilland Canada DHC 6 Twin Otter 100N124PM,Long Island Sound Connecticut,Airlines Pilgrim,5,5,0,5
1995,Qtr 4,November,12,12/11/1995,Connecticut,McDonnell,McDonnell Douglas MD 83N566AA,East Granby Connecticut,Airlines American,78,0,0,0
2003,Qtr 3,August,4,04/08/2003,Connecticut,Gates,Gates Learjet 35AN135PT,Groton Connecticut,Pro Jet,2,2,0,2
1971,Qtr 2,June,7,07/06/1971,Connecticut,Convair,Convair CV 580N5832,New Haven Connecticut,Airlines Allegheny,31,28,0,28
1984,Qtr 2,June,4,04/06/1984,Connecticut,Learjet,Learjet 23AN101PP,Windsor Locks Connecticut,Continental Air,3,3,0,3
1930,Qtr 1,February,3,03/02/1930,Connecticut,Pitcairn,Pitcairn PA 6 MailwingNC801H,Hartford Connecticut,Transport Air Colonial,1,1,0,1
1929,Qtr 3,September,17,17/09/1929,Connecticut,Pitcairn,Pitcairn PA 6 Mailwing,Mt Lamentation Connecticut,Transport Air Colonial,1,1,0,1
1927,Qtr 3,September,3,03/09/1927,Connecticut,Fokker,"Fokker UniversalNC52  	
NC52",Willington Connecticut,Transport Air Colonial,1,1,0,1
1929,Qtr 1,January,5,05/01/1929,Connecticut,Fairchild,Fairchild FC 2NC5650,Stafford Springs Connecticut,Transport Air Colonial,1,1,0,1
1953,Qtr 1,March,4,04/03/1953,Connecticut,Curtiss,Curtiss C 46FN4717N,Windsor Locks Connecticut,Airways Slick,2,2,0,2
1962,Qtr 4,October,19,19/10/1962,Connecticut,Convair,Convair CV 340/440N8415N,Windsor Locks Connecticut,Airlines Allegheny,52,1,0,1
1946,Qtr 1,January,18,18/01/1946,Connecticut,Douglas,Douglas DC 3,Cheshire Connecticut,Lines Air Eastern,17,17,0,17
2005,Qtr 3,September,9,09/09/2005,Congo,Antonov,Antonov AN 26A9Q,Near Brazzaville Congo,Kasai Air,14,14,0,14
2005,Qtr 4,October,4,04/10/2005,Congo,Antonov,Antonov 12V9Q CWC,Aru Democratic,Airways Dira CogoWimbi Republic,100,2,0,2
2017,Qtr 3,September,30,30/09/2017,Congo,Antonov,Antonov An 12BEX,Near Kinshasa Congo,Congo the of Republic Democratic the of Force Air,12,12,0,12
2006,Qtr 3,August,3,03/08/2006,Congo,Antonov,Antonov AN 289Q,Bukavu Democratic,CongoTracep Republic,17,17,0,17
2006,Qtr 3,July,7,07/07/2006,Congo,Antonov,Antonov AN 12B9Q,Sake Democratic,Airlines CongoMango Republic,5,5,0,5
2009,Qtr 2,April,29,29/04/2009,Congo,Boeing,Boeing B 737,Massamba Democratic,Air CongoBako of Republic,7,7,0,7
2005,Qtr 2,May,5,05/05/2005,Congo,Antonov,Antonov AN 26EK,Near Kisangani Democratic,Airlift CongoKisangani Republic,11,10,0,10
2009,Qtr 3,August,26,26/08/2009,Congo,Antonov,Antonov An 12BKTN,Nganga Lingolo Congo,Business Fret Aero,7,7,0,7
2007,Qtr 3,August,26,26/08/2007,Congo,Antonov,Antonov AN 329Q,Kongolo Democratic,Complany Business Lakes CongoGreat Republic,15,14,0,14
2005,Qtr 3,September,5,05/09/2005,Congo,Antonov,Antonov 26BER AZT,Isiro Democtratic,Airlines CongoKavatshi Republic,11,11,0,11
2005,Qtr 2,May,25,25/05/2005,Congo,Antonov,Antonov AN 12BP9Q,Walungu Congo,Air) Victoria (owner Union Maniema - Charter,27,27,0,27
2009,Qtr 2,May,26,26/05/2009,Congo,Antonov,Antonov AN 269Q,Near Isiro Democratic,Air CongoService Republic,4,4,0,4
2007,Qtr 3,September,7,07/09/2007,Congo,Antonov,Antonov AN 12BP4L,Goma Democratic,Airlines Kavatsi CongoGalaxy Republic,8,8,0,8
2008,Qtr 2,April,15,15/04/2008,Congo,McDonnell,McDonnell Douglas DC 9,Goma Congo,Airways Bora Hewa,94,3,37,40
1996,Qtr 2,June,6,06/06/1996,Congo,Ilyushin,Ilyushin 76MDUR 76539,Kinshasa Democratic,CongoHoseba Republic,10,10,0,10
1996,Qtr 4,October,3,03/10/1996,Congo,de Havilland,de Havilland Canada DHC 6 Twin Otter 2009Q,Kahemba Congo,Aviation Malu,21,6,0,6
1991,Qtr 4,November,1,01/11/1991,Congo,Mil,Mil Mi 8 (helicopter),Near Karakent USSRMilitary,Force Air Azerbaijan -,40,40,0,40
2011,Qtr 3,July,8,08/07/2011,Congo,Boeing,Boeing B 727,Kisangani Congo,Airways Bora Hewa,115,77,0,77
2013,Qtr 1,March,4,04/03/2013,Congo,Fokker,Fokker 509Q CBD,Goma Congo,(CAA) Aviation d' Africaine Compagnie,10,7,0,7
2007,Qtr 2,May,17,17/05/2007,Congo,LET,Let 410UVPTN AHE,Walikale Airstrip Congo,Complany Air Safe,3,3,0,3
1991,Qtr 4,November,20,20/11/1991,Congo,Mil,Mil Mi 8 (helicopter),Nagoro-Karabak USSRMilitary,Force Air Soviet -,23,23,0,23
2012,Qtr 4,November,30,30/11/2012,Congo,Ilyushin,Ilysushin Il 76TEK,Near Brazzaville Congo,Service Aero,7,7,25,32
1997,Qtr 2,April,14,14/04/1997,Congo,Fokker,Fokker F 27 Friendship 600D2,Brazzaville Democratic,Airlines Angola CongoTAAG Republic,7,3,0,3
1997,Qtr 2,June,6,06/06/1997,Congo,Vickers,Vickers Viscount 781D9Q CWL,Near Irumu Congo,Bazair,27,27,0,27
2007,Qtr 2,June,21,21/06/2007,Congo,LET,Let 410UVP9Q CEU,Near Kamina Congo,Airways Karibu,25,1,0,1
2000,Qtr 3,August,12,12/08/2000,Congo,Antonov,Antonov AN 26B9Q,Near Tshikapa Congo,Air Staer,27,27,0,27
2012,Qtr 1,January,30,30/01/2012,Congo,Antonov,Antonov AN 289Q,Namoya Congo,Aviation Congo TRACEP,5,3,0,3
2011,Qtr 1,March,21,21/03/2011,Congo,Antonov,Antonov 12BPTN AGK,Pointe-Noire Congo,Cargo Air Trans,9,9,14,23
1990,Qtr 1,January,27,27/01/1990,Congo,Nord,Nord 262C 66TN,Near Kinkala Congo,Force Air Congolese - Military,28,28,0,28
1989,Qtr 4,October,26,26/10/1989,Congo,Antonov,Antonov AN 2609,Petropavlovsk USSRMilitary,Force Air Soviet -,36,36,0,36
1998,Qtr 4,October,10,10/10/1998,Congo,Boeing,Boeing B 727,Near Kindu Congo,Airline Congo,41,41,0,41
2003,Qtr 2,May,8,08/05/2003,Congo,Ilyushin,Illyushin 76UR UCB,Near Kinshasa Congo,Charter Army Congolese  - Airlines Cargo Ukrainian,200,129,0,129
2011,Qtr 2,April,4,04/04/2011,Congo,Canadair,Canadair CL 600 CRJ,Kinshasa Congo,Nations United,33,32,0,32
2001,Qtr 4,December,14,14/12/2001,Congo,LET,Let 410A5X CNF,Geti Democratic,Air CongoEagle Republic,6,6,0,6
2000,Qtr 4,November,7,07/11/2000,Congo,Antonov,Antonov 32BER AFA,Luabo Democratic,Aviation CongoMalu Republic,11,2,0,2
2010,Qtr 4,October,21,21/10/2010,Congo,LET,Let 410UVP9Q CUA,Near Bugulumisa Congo,Tracep,2,2,0,2
1993,Qtr 1,January,27,27/01/1993,Congo,Nord,Nord 262A 449Q,Kinshasa Democratic,Airlift Service CongoTrans Republic,21,3,0,3
1992,Qtr 4,December,13,13/12/1992,Congo,Fokker,Fokker F 27 Friendship 400M9Q,Goma Congo,Zaire Cargo Airlift Scibe,37,37,0,37
1964,Qtr 4,November,29,29/11/1964,Congo,Douglas,Douglas DC 4OO,Leopoldville Democratic,(BIAS)? Congo CongoAir the of Republic,14,6,0,6
2001,Qtr 3,August,23,23/08/2001,Congo,Antonov,Antonov 283C LLA,Mugogo Democratic,Airlines CongoVictoria Republic,11,4,0,4
2010,Qtr 3,August,25,25/08/2010,Congo,LET,Let 410UVP E9Q,Bandundu Congo,RepublicFilair Democratic,20,19,0,19
2003,Qtr 4,November,29,29/11/2003,Congo,Antonov,Antonov AN 269T,Boende Congo,Force Air Congolese - Military,24,20,13,33
1994,Qtr 3,July,17,17/07/1994,Congo,Yakovlev,Yakovlev 40DRA 87256,Boma Democratic,Service Air CongoSankuru Republic,9,5,0,5
2019,Qtr 4,November,24,24/11/2019,Congo,Dornier,Dornier 228 2019S,Goma Democratic,Congo Bee CongoBusy of Republic,19,19,7,26
2014,Qtr 4,December,28,28/12/2014,Congo,Antonov,Antonov An 264L,Near Uvira Congo,Sirin Air,6,6,0,6
1992,Qtr 1,March,12,12/03/1992,Congo,de Havilland,de Havilland Canada DHC 6 Twin Otter 300TN,Etsouali Congo,Congo Lina,8,3,0,3
1928,Qtr 4,December,3,03/12/1928,Condor,Dornier,Dornier WalP BACA,Near Rio de Janeiro Condor,N/A,14,14,0,14
2002,Qtr 4,December,27,27/12/2002,Comoro,LET,Let 410UVP9XR RB,Anjouan Comoros,Airlines IslandsOcean,16,1,0,1
1996,Qtr 4,November,23,23/11/1996,Comoro,Boeing,Boeing B 767,Off Mitsamiouli Comoros,Airlines Ethiopian,175,127,0,127
1968,Qtr 1,January,27,27/01/1968,Comoro,de Havilland,de Havilland DH 114 Heron 1BF,Moroni Comoro,Comores IslandsAir,16,15,0,15
1981,Qtr 1,March,10,10/03/1981,Comoro,Dassault,Dassault  Breguet Atlantique29,Moroni Comoro,Aviation Naval French - IslandsMilitary,18,18,0,18
2009,Qtr 2,June,30,30/06/2009,Comoro,Airbus,Airbus A310 3247O,Off Mitsamiouli Comoros,Airway Yemenia,153,152,0,152
1951,Qtr 4,December,4,04/12/1951,Colorado,Douglas,Douglas DC 3AN17109,Denver Colorado,Lines Air United,3,3,0,3
1975,Qtr 4,December,26,26/12/1975,Colorado,Mitsubishi,Mitsubishi MU 2BN133MA,Rollinsville Colorado,Aviation Star,9,9,0,9
1964,Qtr 4,November,3,03/11/1964,Colorado,Beechcraft,Beechcraft C45GN2849G,Branson Colorado,Aviati Mustang,5,5,0,5
1982,Qtr 4,December,7,07/12/1982,Colorado,Swearingen,Swearingen SA.227AC Metro IIIN30093,Near Pueblo Colorado,Airlines Pioneer,2,2,0,2
1932,Qtr 4,December,14,14/12/1932,Colorado,Boeing,Boeing 40NC281,Rocky Ridge Colorado,Transport Air Boeing,1,1,0,1
2001,Qtr 1,January,27,27/01/2001,Colorado,Beech,Beech King Air 200 CatpassN81PF,Byers Colorado,Charter Bay North,10,10,0,10
2001,Qtr 1,March,29,29/03/2001,Colorado,Grumman,Grummand Gulfstream IIIN303GA,Near Aspen Colorado,Charter Private - Inc. Jetwingsco,18,18,0,18
2004,Qtr 4,November,28,28/11/2004,Colorado,Canadair,Canadair CL 601,Montrose Colorado,Charter - Castle Air/Air Glow,6,3,0,3
1991,Qtr 1,March,3,03/03/1991,Colorado,Boeing,Boeing B 737,Near Colorado Springs Colorado,Lines Air United,25,25,0,25
1950,Qtr 3,August,22,22/08/1950,Colorado,Douglas,Douglas DC 6N90705,Near Eagle Colorado,Airlines American,59,1,0,1
2005,Qtr 1,February,16,16/02/2005,Colorado,Cessna,Cessna 560 Citation VN500AT,Near Pueblo Colorado,Charter - Stores City Circuit,8,8,0,8
1981,Qtr 2,April,17,17/04/1981,Colorado,Hadley,Hadley Page 137Jetstream I / Cessna 206N11360 / N4862F,Loveland Colorado,Private / US Air,19,15,0,15
1974,Qtr 4,October,28,28/10/1974,Colorado,Beechcraft,Beechcraft 95 B55N414K,Pagosa Springs Colorado,Taxi Air - Aviation Hlavka,2,2,0,2
1936,Qtr 3,September,28,28/09/1936,Colorado,Lockheed,Lockheed  5 VegaNC176W,Walsenberg Colorado,Lines Air Varney,3,3,0,3
1963,Qtr 4,December,7,07/12/1963,Colorado,Curtiss,Curtis C 46A,Near Nederland Colorado,Transport Air Zantop,3,3,0,3
2008,Qtr 4,December,20,20/12/2008,Colorado,Boeing,Boeing 737 500N18611,Denver Colorado,Airlines Continental,115,0,0,0
1961,Qtr 3,July,11,11/07/1961,Colorado,McDonnell,McDonnell Douglas DC 8,Denver Colorado,Lines Air United,122,17,1,18
1958,Qtr 4,November,16,16/11/1958,Colorado,Curtiss,Curtiss C 46FN1301N,Fort Collins Colorado,Airways Capitol,2,2,0,2
1975,Qtr 3,August,7,07/08/1975,Colorado,Boeing,Boeing B 727,Denver Colorado,Airlines Continental,131,0,0,0
1990,Qtr 1,February,27,27/02/1990,Colorado,Cessna,Cessna 208A Caravan I CargomasterN820FE,Denver Colorado,Express Federal,1,1,0,1
1966,Qtr 3,July,11,11/07/1966,Colorado,de Havilland,de Havilland 104 6AN1563V,Hideaway Park Colorado,Airways Alamo,3,3,0,3
1947,Qtr 1,February,14,14/02/1947,Colorado,Curtiss,Curtiss C 46ENC59486,Denver Colorado,Airways Slick,2,2,0,2
1990,Qtr 1,January,17,17/01/1990,Colorado,Cessna,Cessna 208A Caravan I CargomasterN835FE,Near Leadville Colorado,Express Federal,1,1,0,1
1955,Qtr 4,November,1,01/11/1955,Colorado,Douglas,Douglas DC 6BN37559,Longmont Colorado,Lines Air United,44,44,0,44
1978,Qtr 4,December,4,04/12/1978,Colorado,de Havilland,de Havilland Canada DHC 6 Twin Otter 300N25RM,Near Steamboat Springs Coloado,Airways Mountain Rocky,22,2,0,2
1997,Qtr 4,October,8,08/10/1997,Colorado,Cessna,Cessna 208B Caravan IN12022,Near Montrose Colorado,Airlines Scenic,9,9,0,9
1988,Qtr 1,January,19,19/01/1988,Colorado,Swearingen,Swearingen SA.227AC MetroN68TC,Bayfield Colorado,Express Continental / AL Colorado Trans,17,9,0,9
1967,Qtr 4,December,21,21/12/1967,Colorado,Douglas,Douglas C 47AN65276,Denver Colorado,Airlines Frontier,2,2,0,2
1935,Qtr 2,May,1,01/05/1935,Colorado,Lockheed,Lockheed VegaNC891E,Near Walsenberg Colorado,Lines Air Varney,1,1,0,1
1987,Qtr 4,November,15,15/11/1987,Colorado,McDonnell,McDonnell Douglas DC 9,Denver Colorado,Airlines Continental,82,28,0,28
1977,Qtr 2,April,10,10/04/1977,Colombia,Douglas,Douglas DC 3,SW of Bogota Colombia,Venado El,35,35,0,35
1985,Qtr 1,March,28,28/03/1985,Colombia,Fokker,Fokker F 28 Fellowship 3000FAC,Near Florencia Colombia,Satena,46,46,0,46
1990,Qtr 4,November,18,18/11/1990,Colombia,CASA,CASA 212 Aviocar 200FAC 1150,Near Medellin Colombia,Satena,16,16,0,16
1975,Qtr 3,September,30,30/09/1975,Colombia,Boeing,Boeing 727 24CHK,Barranquilla Colombia,Avianca,4,4,0,4
1949,Qtr 3,August,13,13/08/1949,Colombia,Douglas,Douglas C 47HK,Near Bogota Colombia,SAETA,32,32,0,32
1985,Qtr 1,January,23,23/01/1985,Colombia,Embraer,Embraer 110P1 BandeiranteHK 2638,Near Buga Colombia,Colombia AIRES,17,17,0,17
1980,Qtr 3,September,10,10/09/1980,Colombia,Douglas,Douglas C 47HK,Puerto Olaya Colombia,Colombia Aeronorte,3,3,0,3
1983,Qtr 4,December,14,14/12/1983,Colombia,Boeing,Boeing 707 373CHK,Near Medellin Colombia,Colombia TAMPA,3,3,22,25
1939,Qtr 1,March,16,16/03/1939,Colombia,Junkers,Junkers JU 86,Manzanares Colombia,Lufthansa Deutsche,8,8,0,8
2016,Qtr 4,December,20,20/12/2016,Colombia,Boeing,Boeing 727 2JOFHK,Puerto Carreno Colombia,Colombia Aerosucre,6,5,0,5
1951,Qtr 1,February,14,14/02/1951,Colombia,Curtiss,Curtiss C 46AHK,Yali Colombia,Nacionales Aéreas Lineas,2,2,0,2
1987,Qtr 4,October,11,11/10/1987,Colombia,de Havilland,de Havilland Canada DHC 6 Twin Otter 310HK,El Poleo Colombia,Colombia Aeroejecutivos,9,2,0,2
1985,Qtr 1,January,23,23/01/1985,Colombia,de Havilland,de Havilland Canada DHC 6 Twin Otter 300HK,Cerro el Plateado Colombia,Colombia de Centrales Aerolineas,23,23,0,23
1989,Qtr 2,April,19,19/04/1989,Colombia,Pilatus,Pilatus PC 6 Turbo PorterFAC,Near Cucuta Colombia,Satena,11,11,0,11
1975,Qtr 3,July,10,10/07/1975,Colombia,Lockheed,Lockheed L 188AF ElectraHK,Bogota Colombia,Condor Aerovias,4,2,0,2
1989,Qtr 2,April,26,26/04/1989,Colombia,Aerospatiale,Aérospatiale SE 210 CaravelleHK,Baranquilla Colombia,Colombia Aerosucre,5,5,0,5
1981,Qtr 4,December,18,18/12/1981,Colombia,de Havilland,de Havilland Canada DHC 6 Twin Otter 300HK,Near Covenas Colombia,Colombia ACES,13,13,0,13
1991,Qtr 2,May,15,15/05/1991,Colombia,Douglas,Douglas C 47BHK,La Poyatta Colombia,Colombia ADES,14,13,0,13
1951,Qtr 2,April,2,02/04/1951,Colombia,Douglas,Douglas DC 3HK,Bogota Colombia,Avianca,26,26,0,26
1989,Qtr 2,June,11,11/06/1989,Colombia,de Havilland,de Havilland Canada DHC 6 Twin Otter 300HK,Vereda el Salitre Colombia,Aerotaca,22,6,0,6
1982,Qtr 4,November,29,29/11/1982,Colombia,de Havilland,de Havilland Canada DHC 6 Twin Otter 310HK,Quetame Colombia,Colombia de Centrales Aerolineas,22,22,0,22
1951,Qtr 1,March,21,21/03/1951,Colombia,Douglas,Douglas C 47HK,Corozal Colombia,LANSA,29,29,0,29
1949,Qtr 1,February,5,05/02/1949,Colombia,Consolidated,Consolidated PBY 5A CatalinaHK,Buenaventura Bay Colombia,Avianca,14,3,0,3
1978,Qtr 2,April,29,29/04/1978,Colombia,Douglas,Douglas C 118AHK,Bogota Colombia,Colombia LAC,12,8,0,8
1950,Qtr 2,May,24,24/05/1950,Colombia,Douglas,Douglas C 47HK,Near Pasto Colombia,LANSA,27,26,0,26
1976,Qtr 2,April,2,02/04/1976,Colombia,Douglas,Douglas DC 3FAC,Near Puerto Asis Colombia,Satena,16,5,0,5
1940,Qtr 1,February,27,27/02/1940,Colombia,Boeing,Boeing 247DC 79,Near Bucaramanga Columbia,SCADTA,11,11,0,11
1950,Qtr 2,June,9,09/06/1950,Colombia,Douglas,Douglas DC 3,Near Fonseca Colombia,Mission Tribes New,15,15,0,15
1985,Qtr 3,July,24,24/07/1985,Colombia,Douglas,Douglas DC 6BFAC,Leticia Colombia,Colombiana Aérea Fuerza,80,80,0,80
1939,Qtr 4,October,10,10/10/1939,Colombia,Junkers,Junkers W 34C,Calarmar Colombia,Scarta,5,5,0,5
1980,Qtr 4,December,21,21/12/1980,Colombia,Aerospatiale,Aerospatiale Caravelle 6RHK 1810,Near Rio Hacha Colombia,Caribe del Aereos Transportes,70,70,0,70
1981,Qtr 3,August,27,27/08/1981,Colombia,Vickers,Vickers Viscount 745DHK 1320,Mt. Elena Colombia,Colombia Aeropesca,50,50,0,50
1981,Qtr 3,July,25,25/07/1981,Colombia,Douglas,Douglas C 53D,Caruru Colombia,Transamazonica,9,5,0,5
1982,Qtr 1,February,19,19/02/1982,Colombia,Douglas,Douglas DC 6BFHK,Cerro el Tablazo Colombia,Columbia LAC,4,4,0,4
1976,Qtr 1,February,4,04/02/1976,Colombia,Douglas,Douglas DC 6AHK,Off Santa Maria Colombia,Colombia LAC,3,3,0,3
1982,Qtr 1,March,26,26/03/1982,Colombia,Vickers,Vickers Viscount 745DHK 2382,Queate Colombia,Colombia Aeropesca,21,21,0,21
1988,Qtr 3,July,6,06/07/1988,Colombia,Canadair,Canadair CL 44JHK,Barranquilla Colombia,Suramericanas Aéreas Lineas,8,8,0,8
1990,Qtr 1,February,5,05/02/1990,Colombia,Grumman,Grumman G 159 Gulfstream IHK,Near Ibague Colombia,Colombia de Nacionales Helicopteros,15,15,0,15
2016,Qtr 4,November,28,28/11/2016,Colombia,Avro,Avro RJ 85CP,Near La Union Colombia,Bolivia LAMIA,77,71,0,71
1979,Qtr 4,December,18,18/12/1979,Colombia,Douglas,Douglas DC 4 (C,Cerro Toledo Mountain Colombia,Satena,21,21,0,21
1986,Qtr 2,April,27,27/04/1986,Colombia,de Havilland,de Havilland Canada DHC 6 Twin Otter 300HK,Near Saravena Colombia,Colombia ACES,13,13,0,13
1989,Qtr 4,November,27,27/11/1989,Colombia,Boeing,Boeing B 727,Bogota Colombia,Avianca,107,107,3,110
1984,Qtr 1,March,13,13/03/1984,Colombia,Curtiss,Curtiss C 46AHK,Barranquilla Colombia,Colombia Aerosucre,6,4,0,4
1980,Qtr 4,November,24,24/11/1980,Colombia,Douglas,Douglas C 47A,Near Medellin Colombia,Ados de General Direccion la de F.R.,20,20,0,20
1981,Qtr 3,September,2,02/09/1981,Colombia,Embraer,Embraer 110P1 BandeiranteHK 2651,Paipa Colombia,Venado el Aereo,22,21,0,21
1951,Qtr 2,June,13,13/06/1951,Colombia,Douglas,Douglas C 47AHK,Medellin Colombia,Medellin Aeronautica Sociedad,3,3,0,3
1949,Qtr 4,November,26,26/11/1949,Colombia,Douglas,Douglas DC 3HK,Near Bucaramanga Colombia,LANSA,12,12,0,12
1978,Qtr 1,January,27,27/01/1978,Colombia,Douglas,Douglas DC 3HK,Near San Vincente Colombia,SADELCA,14,14,0,14
1950,Qtr 2,April,15,15/04/1950,Colombia,Douglas,Douglas C 47 (DC,Santa Ana Colombia,Nacionales Aéreas Lineas,4,2,0,2
1948,Qtr 4,December,15,15/12/1948,Colombia,Douglas,Douglas C 47C,Near Bogata Colombia,LANSA,30,30,0,30
1979,Qtr 4,November,30,30/11/1979,Colombia,Grumman,Grumman G 21 GooseHK,San Andres Island Colombia,Gaviola La Aerolineas,9,9,0,9
1975,Qtr 1,February,22,22/02/1975,Colombia,Canadair,Canadair CL 44HK,Medellin Colombia,Aerocondor,5,5,0,5
1999,Qtr 1,March,18,18/03/1999,Colombia,Douglas,Douglas DC 3C (C,Near Tame Colombia,Colombia ALIANSA,8,8,8,16
1999,Qtr 2,April,8,08/04/1999,Colombia,de Havilland,de Havilland Canada DHC 6 Twin Otter 300HK,Near Malaga Colombia,Aerotaca,5,5,0,5
1956,Qtr 4,December,8,08/12/1956,Colombia,Consolidated,Consolidated PBY 5A CatalinaHK,Caqueta Colombia,AIDA,16,14,0,14
1966,Qtr 3,September,22,22/09/1966,Colombia,Douglas,Douglas DC 4HK,Bogota Colombia,Avianca,2,2,0,2
1998,Qtr 4,December,22,22/12/1998,Colombia,Antonov,Antonov 32BHK 3930X,Medellín Colombia,SELVA,5,5,0,5
1966,Qtr 4,November,26,26/11/1966,Colombia,Consolidated,Consolidated  PBY 5A CatalinaFAC,Near La Pedrera Colombia,Satena,13,12,0,12
1956,Qtr 4,November,17,17/11/1956,Colombia,Douglas,Douglas DC 3HK,El Rucio Mountain Colombia,Pacifico del Aviacion Empresa,36,36,0,36
1999,Qtr 3,July,4,04/07/1999,Colombia,Douglas,Douglas DC 6AHK,Villavicencio Colombia,Colombia LANC,18,5,0,5
1965,Qtr 4,November,8,08/11/1965,Colombia,Douglas,Douglas C 47DLHK,Near Boqueron Colombia,TAO Aerolineas,30,30,0,30
2000,Qtr 3,July,9,09/07/2000,Colombia,Curtiss,Curtiss C 46A,Villavicencio Colombia,Colombia CORAL,19,13,0,13
1965,Qtr 4,October,17,17/10/1965,Colombia,Douglas,Douglas DC 3 / Piper PA,Bucaramanga Colombia,Avianca,19,19,0,19
1957,Qtr 1,March,9,09/03/1957,Colombia,Douglas,Douglas DC 3HK,El Soldado Colombia,Avianca,15,15,0,15
1999,Qtr 3,July,23,23/07/1999,Colombia,de Havilland,de Havilland Canada DHC 7,Near Orito Colombia,Army U.S. - Military,7,7,0,7
1935,Qtr 2,June,24,24/06/1935,Colombia,Ford,Ford Tri Motor / Ford Tri,Medellin Colombia,SCADTA / Columbiano Aereo Servicio,20,17,0,17
1966,Qtr 1,January,15,15/01/1966,Colombia,Douglas,Douglas DC 6,Off Cartagena Colombia,Avianca,64,56,0,56
1966,Qtr 4,December,18,18/12/1966,Colombia,Lockheed,Lockheed L 1649A StarlinerN7301C,Bogota Colombia,Colombia de Aerocondor,59,17,0,17
1995,Qtr 3,September,9,09/09/1995,Colombia,CASA,CASA 212 Aviocar 200FAC1152,Near La Macarena Colombia,SAETA,22,21,0,21
1970,Qtr 1,February,12,12/02/1970,Colombia,Douglas,Douglas DC 3 (C,Puerto Infrida Colombia,Urraca La Aéreas Lineas,12,12,2,14
1969,Qtr 3,September,8,08/09/1969,Colombia,Douglas,Douglas DC 3FAC,Near Medina Colombia,Satena,32,32,0,32
1995,Qtr 3,August,14,14/08/1995,Colombia,Embraer,Embraer 110P1 BandeiranteHK 2594,Nevada del Huila Colombia,Colombia AIRES,10,10,0,10
1955,Qtr 1,March,9,09/03/1955,Colombia,Douglas,Douglas C 47AHK,Trujillo Colombia,Avianca,8,8,0,8
1947,Qtr 1,January,22,22/01/1947,Colombia,Douglas,Douglas DC 3 ( C,Puesto Araujo Colombia,Avianca,17,17,0,17
1995,Qtr 2,May,25,25/05/1995,Colombia,Douglas,Douglas DC 3CHK,Miraflores Colombia,LACOL,11,2,0,2
1996,Qtr 4,November,30,30/11/1996,Colombia,de Havilland,de Havilland Canada DHC 6 Twin Otter 300HK,Medellin Colombia,Colombia ACES,15,14,0,14
2019,Qtr 1,March,9,09/03/2019,Colombia,Douglas,Douglas DC 3HK,Vereda La Bendicion Colombia,Colombia Aereo Laser,14,14,0,14
1967,Qtr 2,April,26,26/04/1967,Colombia,Douglas,Douglas DC 3HK,Near Sogamosa Colombia,Avianca,18,17,0,17
1966,Qtr 4,December,24,24/12/1966,Colombia,Douglas,Douglas C 47A,Cascubel River Colombia,Avianca,29,29,0,29
1998,Qtr 2,April,20,20/04/1998,Colombia,Boeing,Boeing B 727,Near Bogota Colombia,France Air,53,53,0,53
1996,Qtr 4,December,21,21/12/1996,Colombia,Antonov,Antonov An 32BHK,Rio Negro Colombia,SELVA,4,4,0,4
1997,Qtr 3,July,6,06/07/1997,Colombia,Mil,Mil Mi 17 (helicopter),Near Saravena Colombia,Army Colombian - Military,29,25,0,25
1924,Qtr 2,June,8,08/06/1924,Colombia,Junkers,Junkers F 13A16,Barranquilla Colombia,SCADTA,5,5,0,5
1962,Qtr 2,April,6,06/04/1962,Colombia,Douglas,Douglas C 47FAC,Near Villavicencio Colombia,Force Air Colombian - Military,31,31,0,31
1962,Qtr 1,February,25,25/02/1962,Colombia,Douglas,Douglas C 47AHK,Municipio de Marulanda Colombia,Avianca,2,2,0,2
2015,Qtr 3,July,31,31/07/2015,Colombia,CASA,CASA CN 235,Near Agustin Codazzi Colombia,Force Air Colombia - Military,11,11,0,11
2006,Qtr 4,November,18,18/11/2006,Colombia,Boeing,Boeing 727 23FHK,Near Leticia Colombia,Colombia Aerosucre,5,5,0,5
2004,Qtr 4,October,15,15/10/2004,Colombia,Douglas,Douglas DC 3CHK,Near Medellin Colombia,Aerovanguardia,3,3,0,3
2005,Qtr 1,January,13,13/01/2005,Colombia,Black,Black Hawk helicopter,Manguipayan Colombia,government Colombian - Military,20,20,0,20
1962,Qtr 2,April,22,22/04/1962,Colombia,Douglas,Douglas C 47A,Serrania del Baudo Colombia,AVISPA,40,40,0,40
2007,Qtr 4,October,8,08/10/2007,Colombia,LET,Let 410 UVP E10AHK,Near Cubarral Colombia,Aviacion de Nacional,17,17,0,17
1960,Qtr 1,March,19,19/03/1960,Colombia,Curtiss,Curtiss C 46HK,Cordoba Colombia,SAMSA,46,25,0,25
1960,Qtr 1,March,15,15/03/1960,Colombia,Consolidated,Consolidated PBY 5A CatalinaHK,El Refugio Colombia,Aviada de Interamericana Agencia,13,6,0,6
1959,Qtr 4,December,8,08/12/1959,Colombia,Curtiss,Curtiss C 46AHK,Off Cartagena Colombia,Medellin Aeronautica Sociedad,45,45,0,45
2008,Qtr 3,July,7,07/07/2008,Colombia,Boeing,Boeing B 747,Near Bogota Colombia,Cargo Air Centurian,8,0,3,3
1936,Qtr 3,August,6,06/08/1936,Colombia,Junkers,Junkers F 13C,Choco Colombia,SCADTA,3,2,0,2
1942,Qtr 4,October,24,24/10/1942,Colombia,Boeing,Boeing 247C 144,La Esperanza Colombia,Avianca,6,6,0,6
1960,Qtr 2,April,19,19/04/1960,Colombia,Curtiss,Curtiss C 46HK,Bogota Colombia,Colombiano Aereo Lloyd,51,37,0,37
1962,Qtr 3,August,23,23/08/1962,Colombia,Douglas,Douglas DC 3HK,Barrancabermeja Colombia,Airlines Taxader,32,20,0,20
2001,Qtr 1,January,31,31/01/2001,Colombia,Sud,Sud Aviation SE 210 Caravelle 10RHK,El Yopal Colombia,Suramericanas Aereas Lineas,6,3,0,3
2001,Qtr 4,December,16,16/12/2001,Colombia,LET,Let 410UVP EHK,Near Medellin Colombia,Heliandes,16,16,0,16
1964,Qtr 3,September,15,15/09/1964,Colombia,Douglas,Douglas C 47AHK,Near Condoto Colombia,Avianca,2,2,0,2
1935,Qtr 3,July,28,28/07/1935,Colombia,Junkers,Junkers W 34406,El Retiro Colombia,Colombiana Aerea Fuerza,5,5,0,5
2014,Qtr 2,May,8,08/05/2014,Colombia,Douglas,Douglas DC 3CHK,Near San Vicente del Caguan Colombia,Colombia Alisansa,6,6,0,6
2000,Qtr 3,September,2,02/09/2000,Colombia,Douglas,Douglas C 47FAC1659,Mount Montezuma Colombia,Colombiana Aérea Fuerza - Military,7,7,0,7
1965,Qtr 1,March,22,22/03/1965,Colombia,Douglas,Douglas C 47HK,Sugar Loaf Mountain Colombia,Avianca,28,28,0,28
2002,Qtr 1,January,28,28/01/2002,Colombia,Boeing,Boeing B 727,Near Ipiales Colombia,TAME,92,92,0,92
2003,Qtr 4,December,18,18/12/2003,Colombia,Douglas,Douglas DC 9,Mitu Colombia,Suramericanas Aéreas Líneas,3,3,0,3
2004,Qtr 2,May,5,05/05/2004,Colombia,Swearingen,Swearingen SA227AC Metro IIIHK 4275,Carepa Colombia,Petroleros Aerotransportes,7,3,0,3
1962,Qtr 4,December,6,06/12/1962,Colombia,Douglas,Douglas C 47HK,Barrancabermeja Colombia,Airlines Taxader,26,24,0,24
1936,Qtr 1,January,14,14/01/1936,Colombia,Junkers,Junkers JU 52624,Tres Esquinas Colombia,Colombiana Aerea Fuerza - Military,16,13,0,13
2002,Qtr 2,April,19,19/04/2002,Colombia,Antonov,Antonov AN 32AHK,Popayán Colombia,Colombia SELVA,8,3,0,3
1964,Qtr 1,March,8,08/03/1964,Colombia,Douglas,Douglas DC 3HK,Bogota Colombia,Santander de Aereo Taxi,28,28,0,28
1920,Qtr 3,July,20,20/07/1920,Colombia,Farman,Farman F 40,Cartagena Columbia,Aérea Navegación de Colombiana Compañia,1,1,0,1
2022,Qtr 4,November,21,21/11/2022,Colombia,Piper,Piper PA 31,Medellín Colombia,SAS Aero,8,8,0,8
1974,Qtr 1,January,9,09/01/1974,Colombia,Hawker,Hawker Siddeley HS 748 260FAC,Near Nevia Colombia,Satena,31,31,0,31
1934,Qtr 1,March,10,10/03/1934,Colombia,Sirkorsky,Sikorsky S 38 Flying BoatNC,Pereira Colombia,(Scadta) Airways American Pan,6,5,0,5
1994,Qtr 2,May,28,28/05/1994,Colombia,Douglas,Douglas DC 3 (C,Near Villavicencio Colombia,Colombia Transoriente,29,7,0,7
1973,Qtr 4,November,2,02/11/1973,Colombia,Handley,Handley Page HPR 7 Herald 101HK,Villavicencio Colombia,Urraca La Aéreas Lineas,16,6,0,6
1974,Qtr 3,July,24,24/07/1974,Colombia,Douglas,Douglas DC 4HK,Bogota Colombia,Colombia Aeronorte,3,3,0,3
1994,Qtr 4,October,8,08/10/1994,Colombia,Antonov,Antonov AN 32BHK3929X,Mitu Colombia,SELVA,10,10,0,10
1993,Qtr 1,February,20,20/02/1993,Colombia,Convair,Convair CV 440HP,Bogota Colombia,Panama Three Cargo,2,2,0,2
1954,Qtr 1,January,11,11/01/1954,Colombia,Douglas,Douglas DC 3HK,Manizales Colombia,Avianca,21,21,0,21
1974,Qtr 1,January,17,17/01/1974,Colombia,Douglas,Douglas DC 3AHK,Cigorodo Colombia,Cessnyca,14,14,0,14
1994,Qtr 2,May,23,23/05/1994,Colombia,Pilatus,Pilatus Britten Norman BN,Loma Linda Colombia,Arall,11,4,0,4
1972,Qtr 3,July,29,29/07/1972,Colombia,Douglas,Douglas DC 3 / Douglas DC,Villavicencio Colombia,AVIANCA / AVIANCA,38,38,0,38
1972,Qtr 1,February,5,05/02/1972,Colombia,Fairchild,Fairchild F 27HK,Near Valledupar Colombia,Colombia TAC,19,19,0,19
1993,Qtr 2,June,6,06/06/1993,Colombia,de Havilland,de Havilland Canada DHC 6 Twin Otter 300HK,El Yopal Colombia,Aerotaca,2,2,0,2
1992,Qtr 3,September,19,19/09/1992,Colombia,Curtiss,Curtiss C 46F,Bogota Colombia,Colombia Avesca,11,11,0,11
1993,Qtr 2,May,19,19/05/1993,Colombia,Boeing,Boeing B 727,Near Medellin Colombia,Colombia SAM,132,132,0,132
1972,Qtr 1,January,21,21/01/1972,Colombia,Vickers,Vickers Viscount 837HK 1347,Near Funza Colombia,Urraca La Aéreas Lineas,20,20,0,20
1971,Qtr 4,October,17,17/10/1971,Colombia,Douglas,Douglas C 47AHK,San Vicente del Caguan Colombia,TAO Aerolineas,21,19,0,19
1972,Qtr 1,January,21,21/01/1972,Colombia,Douglas,Douglas C 47FAC,Near Betania Colombia,SATENA - Miliitary,39,39,0,39
1973,Qtr 3,August,22,22/08/1973,Colombia,Douglas,Douglas DC 3HK,El Yopal Colombia,Avianca,17,16,0,16
1973,Qtr 3,August,27,27/08/1973,Colombia,Lockheed,Lockheed L 188A ElectraHK,Bogota Colombia,Colombia Aerocondor,42,42,0,42
1948,Qtr 1,March,15,15/03/1948,Colombia,Douglas,Douglas DC 3 (C47,Villa Pinzon Colombia,Aviada de Interamericana Agencia,14,14,0,14
1947,Qtr 1,March,17,17/03/1947,Colombia,Lockheed,Lockheed 18 LodestarYS 28,Near Medellin Colombia,TACA,8,8,0,8
1991,Qtr 3,July,4,04/07/1991,Colombia,de Havilland,de Havilland Canada DHC 6 Twin Otter 300HK,El Yopal Colombia,Colombia Helicol,3,3,0,3
1955,Qtr 1,January,31,31/01/1955,Colombia,Consolidated,Consolidated PBY 5 CatalinaHK,Lapadrera Colombia,Aviacion de Interamericana,5,5,0,5
1975,Qtr 1,January,8,08/01/1975,Colombia,Douglas,Douglas DC 3FAC,Near Doncello Colombia,Satena,21,21,0,21
1947,Qtr 1,March,8,08/03/1947,Colombia,Douglas,Douglas C 47,Cordillera Colombia,VIARCO,9,9,0,9
2012,Qtr 2,April,30,30/04/2012,Colombia,Bell,Bell 212FAC 4020,Sabanagrande Colombia,Colombiana Aerea -Fuerza Military,13,13,0,13
1995,Qtr 1,January,11,11/01/1995,Colombia,McDonnell,McDonnell Douglas DC 9,Cartagena Colombia,Aviacion de Intercontinental,52,51,0,51
1974,Qtr 3,August,12,12/08/1974,Colombia,Douglas,Douglas C 47,Cali Colombia,Avianca,27,27,0,27
2010,Qtr 3,August,16,16/08/2010,Colombia,Boeing,Boeing B 737,San Andreas Island Colombia,Colombia AIRES,131,2,0,2
1947,Qtr 1,February,15,15/02/1947,Colombia,Douglas,Douglas DC 4C,Near Bogota Colombia,Avianca,53,53,0,53
1995,Qtr 2,May,9,09/05/1995,Colombia,Curtiss,Curtiss C 46FHK,Cerro San Jeronimo Colombia,Colombia ADES,9,9,0,9
1991,Qtr 2,June,20,20/06/1991,Colombia,Douglas,Douglas DC 6BFHK,Near Malambo Colombia,Colombia Aerosucre,18,2,0,2
1946,Qtr 1,March,23,23/03/1946,Cocos,Avro,Avro 691 Lancastrian 1G AGLX,Off Ceylon Cocos,Indian Ocean          Islands British Overseas Airways /Qantas,10,10,0,10
1943,Qtr 1,March,13,13/03/1943,China,Douglas,Douglas C 5349,Himalaya China,Corporation Aviation National China,3,3,0,3
1943,Qtr 1,March,11,11/03/1943,China,Douglas,Douglas C 5353,Luishui China,Corporation Aviation National China,3,3,0,3
2000,Qtr 2,June,22,22/06/2000,China,Xian,Xian Yunshuji Y 7,Shitai China,Airlines Wuhan,44,44,7,51
1945,Qtr 2,April,9,09/04/1945,China,Douglas,Douglas C 4788,Kunming China,Corporation Aviation National China,3,3,0,3
1983,Qtr 3,September,14,14/09/1983,China,Hawker,Hawker Siddeley Trident 2E /  II 28B,Guilin China,CAAC,106,11,0,11
1994,Qtr 2,June,6,06/06/1994,China,Tupolev,Tupolev TU 154MB,Near Xi'an China,Airlines Northwest China,160,160,0,160
1936,Qtr 4,December,26,26/12/1936,China,Douglas,Douglas DC 2NC14269,Nanking China,Corporation Aviation National China,0,0,0,0
1979,Qtr 1,March,14,14/03/1979,China,Hawker,Hawker Siddeley Trident 2EB 274,Bejing China,CAAC,12,12,32,44
1934,Qtr 2,April,10,10/04/1934,China,Sirkorsky,Sikorsky S 38BBNV17V,Ningpo Bay China,Corporation Aviation National China,3,3,0,3
1986,Qtr 4,December,15,15/12/1986,China,Antonov,Antonov AN 24RVB,Near Lanzhou China,CAAC,44,6,0,6
1989,Qtr 2,May,9,09/05/1989,China,Bell,Bell 412JA9596,Near Tainjin China,Asahi Aero,0,10,0,10
1931,Qtr 4,November,24,24/11/1931,China,Stinson,Stinson,Near Tsinan China,Corporation Aviation National China,3,3,0,3
1989,Qtr 3,August,15,15/08/1989,China,Antonov,Antonov AN 24RVB,Shanghai China,China China Eastern Airlines,40,34,0,34
1930,Qtr 4,December,9,09/12/1930,China,Loening,Loening C W Air Yaht,Shanghai China,Corporation Aviation National China,6,4,0,4
1948,Qtr 1,January,20,20/01/1948,China,Curtiss,Curtiss C 46,Near Mukden China,Corporation Aviation National China,54,11,0,11
1942,Qtr 4,October,1,01/10/1942,China,Douglas,Douglas C 4769,Kunming China,Corporation Aviation National China,0,0,0,0
1947,Qtr 4,December,23,23/12/1947,China,Shorts,Short  S 29 Stirling VOO,Kunming China,Transport Air,30,25,0,25
1992,Qtr 4,October,8,08/10/1992,China,Avia,Avia 14M 40B,Near Dingxi China,Airlines Wuhan,35,14,0,14
1933,Qtr 4,November,20,20/11/1933,China,Stinson,Stinson,Near Tsinan China,Corporation Aviation National China,8,8,0,8
1990,Qtr 4,October,2,02/10/1990,China,Boeing,Boeing B 737,Guangzhou China,Airlines Xiamen / Airlines Southern China,226,128,0,128
1942,Qtr 1,March,14,14/03/1942,China,Douglas,Douglas DC 2,Kunming China,Corporation Aviation National China,17,13,0,13
1942,Qtr 1,February,19,19/02/1942,China,Douglas,Douglas DC 245,Zhengzhou-Xinzheng China,Corporation Aviation National China,1,1,0,1
1948,Qtr 2,June,17,17/06/1948,China,PBY,PBY Catalina,Over the Pearl River China,Pacific Cathy,26,25,0,25
1982,Qtr 4,December,24,24/12/1982,China,Ilyushin,Ilyushin IL 18BB,Guangzhou China,CAAC,69,25,0,25
2001,Qtr 1,January,4,04/01/2001,China,Shaanxi,Shaanxi Yunshuji Y 8/Yunshuji Y,Zheng Zou AB China,Army Liberation People's - Military,16,16,6,22
1948,Qtr 3,July,29,29/07/1948,China,Curtiss,Curtiss C 46D,Tsingtao China,Transport Air Civil,19,19,0,19
1993,Qtr 4,November,13,13/11/1993,China,McDonnell,McDonnell Douglas MD 82B,Urumqi China,Airlines Northern China,102,12,0,12
1922,Qtr 2,April,8,08/04/1922,China,N/A,N/A,Pao Ting Fou China?,N/A,17,17,0,17
1993,Qtr 4,October,26,26/10/1993,China,McDonnell,McDonnell Douglas MD 82B,Fuzhou China,Airlines Eastern China,80,2,0,2
1989,Qtr 4,October,26,26/10/1989,China,Boeing,Boeing B 737,Hualien China,(Taiwan) Airlines China,54,54,0,54
1947,Qtr 3,July,31,31/07/1947,China,Douglas,Douglas C 47,Near Yumen China,Force Air Chinese - Military,26,26,0,26
2010,Qtr 3,August,24,24/08/2010,China,Embraer,Embraer ERJ 190,Yichun China,Airlines Henan,96,44,0,44
1951,Qtr 3,July,20,20/07/1951,China,Douglas,Douglas C 47AF,Thudamot China,Outre-Mer Air,3,3,0,3
1954,Qtr 3,July,23,23/07/1954,China,Douglas,Douglas DC 4VR,Off Hainan Island China,Airways Pacific Cathay,18,10,0,10
1976,Qtr 1,January,21,21/01/1976,China,Antonov,Antonov AN 24B,Near Shanghai China,CAAC,40,40,0,40
1992,Qtr 4,November,24,24/11/1992,China,Boeing,Boeing B 737,Near Guilin China,Airlines Southern China,141,141,0,141
1993,Qtr 3,July,23,23/07/1993,China,British,British Aerospace 146 300B,Yinchuan China,Airlines Northwest China,113,55,0,55
1940,Qtr 4,October,29,29/10/1940,China,Douglas,Douglas DC 2NC14297,Near Changyi China,Corporation Aviation National China,14,9,0,9
1948,Qtr 4,December,5,05/12/1948,China,Curtiss,Curtiss C 46XT,Kiangwan China,Transport Air Central,40,9,0,9
1941,Qtr 1,January,20,20/01/1941,China,Ford,Ford 5 AT Tri,Near Kian China,Corporation Aviation National China,6,5,0,5
1944,Qtr 2,June,8,08/06/1944,China,Douglas,Douglas C 4785,Kunming China,Corporation Aviation National China,6,6,0,6
1946,Qtr 3,September,20,20/09/1946,China,Curtiss,Curtiss Wright C 46,Lochi Mountain China,Corporation Aviation National China,28,28,0,28
1943,Qtr 4,November,19,19/11/1943,China,Douglas,Douglas C 5359,Kunming China,Corporation Aviation National China,3,2,0,2
1944,Qtr 2,May,26,26/05/1944,China,Douglas,Douglas C 4782,Between Calcutta to Dinjan China,Corporation Aviation National China,12,12,0,12
1945,Qtr 4,October,30,30/10/1945,China,Curtiss,Curtiss  Wright C,Chihchiang China,Forces Air Army U.S. - Military,50,45,0,45
1946,Qtr 1,January,9,09/01/1946,China,Douglas,Douglas C 47,Changchun China,Force Air Chinese - Military,18,18,0,18
1997,Qtr 2,May,8,08/05/1997,China,Boeing,Boeing B 737,Huangtian China,Airlines Southern China,74,35,0,35
1946,Qtr 4,December,25,25/12/1946,China,Douglas,Douglas DC 3,Near Shanghai China,CNAC,30,20,0,20
1944,Qtr 2,June,18,18/06/1944,China,Douglas,Douglas C 4771,Kweilin China,Corporation Aviation National China,4,2,0,2
2004,Qtr 2,May,18,18/05/2004,China,Ilyushin,Ilyushin II 76TD4K,Urumqi China,Company Cargo AZAL,7,7,0,7
1935,Qtr 3,August,13,13/08/1935,China,Sirkorsky,Sikorsky S 38BNV40V,Hangow China,Corporation Aviation National China,0,0,0,0
1936,Qtr 1,March,5,05/03/1936,China,Ford,Ford 5 AT,Near Tengya China,Corporation Aviation National China,6,0,0,0
1943,Qtr 4,December,18,18/12/1943,China,Douglas,Douglas C 4783,Suifu China,Corporation Aviation National China,3,3,0,3
1999,Qtr 2,April,15,15/04/1999,China,McDonnell,McDonnell Douglas MD 11HL,Shanghi China,Air Korean,3,3,0,3
1949,Qtr 4,December,10,10/12/1949,China,Curtiss,Curtiss C 46D,Near Hoikow China,Transport Air Civil,40,17,0,17
1999,Qtr 1,February,24,24/02/1999,China,Tupolev,Tupolev TU 154B,Rui'an China,Airlines Southwest China,61,61,0,61
1934,Qtr 3,August,10,10/08/1934,China,Sirkorsky,Sikorsky S 38B,Ningbo China,Corporation Aviation National China,0,0,0,0
1943,Qtr 4,November,19,19/11/1943,China,Douglas,Douglas C 4763,Kunming China,Corporation Aviation National China,3,3,0,3
2002,Qtr 2,May,7,07/05/2002,China,McDonnell,McDonnell Douglas MD 82B,Off Dalian China,Airlines Northern China,112,112,0,112
1996,Qtr 2,June,21,21/06/1996,China,Harbin,Harbin Yunshuji Y 12,Shanghai China,Airlines) (Feilong Aviation Dragon Flying China,12,2,0,2
1944,Qtr 4,November,30,30/11/1944,China,Douglas,Douglas C 4756,Dinjan China,Corporation Aviation National China,3,3,0,3
1946,Qtr 4,December,25,25/12/1946,China,Douglas,Douglas C 47,Shanghai China,CATA,11,11,5,16
1945,Qtr 3,September,28,28/09/1945,China,Curtiss,Curtiss C 46D42,Near Chihkiang China,Force Air Army States United - Military,20,20,0,20
1967,Qtr 4,November,5,05/11/1967,China,Convair,Convair CV 880,Hong Kong China,Airways Pacific Cathay,127,1,0,1
1943,Qtr 3,August,11,11/08/1943,China,Douglas,Douglas C 5348,Fort Hertz China,Corporation Aviation National China,3,3,0,3
1947,Qtr 1,January,28,28/01/1947,China,Curtiss,Curtiss C 46,Near Hankow China,Corporation Aviation National China,26,25,0,25
1938,Qtr 3,August,24,24/08/1938,China,Douglas,Douglas DC 232,Wangmoon China,Corporation Aviation National China,17,14,0,14
1946,Qtr 1,March,17,17/03/1946,China,N/A,N/A,Near Nanking China,Force Air Chinese - Military,20,20,0,20
1946,Qtr 1,March,18,18/03/1946,China,N/A,139,Between Chungking and Shanghai China,Corporation Aviation National China,0,0,0,0
1949,Qtr 4,December,9,09/12/1949,China,Curtiss,Curtiss C 46D,Near Lanchow China,Transport Air Civil,38,38,0,38
1947,Qtr 1,February,21,21/02/1947,China,Douglas,Douglas C 47,Chungking China,Force Air Chinese - Military,21,21,0,21
1945,Qtr 1,January,16,16/01/1945,China,Douglas,Douglas C 47,Near Kunming China,Corporation Aviation National China,3,3,0,3
1946,Qtr 2,April,8,08/04/1946,China,N/A,N/A,Near Shensi China?,N/A,14,14,0,14
1947,Qtr 1,January,5,05/01/1947,China,Curtiss,Curtis C 46XT,Tsingtao China,Corporation Aviation National China,43,43,0,43
2006,Qtr 2,June,3,03/06/2006,China,KJ,KJ  2000,Yaocun China,Force Air Chinese - Military,40,40,0,40
1945,Qtr 4,October,20,20/10/1945,China,Douglas,Douglas C 47,Between Shanghi and Canton China,Corporation Aviation National China,31,31,0,31
1988,Qtr 4,October,7,07/10/1988,China,Ilyushin,Ilyushin IL 14PB,Linfen China,Airlines Shanxi,48,44,2,46
1999,Qtr 3,August,22,22/08/1999,China,McDonnell,McDonnell Douglas MD 11B,Hong Kong China,(Taiwan) Airlines China,315,3,0,3
1947,Qtr 1,January,11,11/01/1947,China,Douglas,Douglas DC 4 (C,Off Laoag China,Transport Air Eastern Far,42,7,0,7
1946,Qtr 3,July,13,13/07/1946,China,Curtiss,Curtiss C 46,Tsinan China,Transport Air Central,49,13,0,13
1945,Qtr 4,October,16,16/10/1945,China,Curtiss,Curtiss  Wright C,Near Peking China,Forces Air Army U.S. - Military,59,59,0,59
1947,Qtr 1,January,25,25/01/1947,China,Douglas,Douglas DC 3,Chongqing China,Corporation Aviation National China,19,19,0,19
1985,Qtr 1,January,18,18/01/1985,China,Antonov,Antonov AN 24BB,Jinan China,CAAC,41,38,0,38
2009,Qtr 4,November,28,28/11/2009,China,McDonnell,McDonnell Douglas MD 11FZ,Shanghai China,Aviation Avient,7,3,0,3
1971,Qtr 2,May,25,25/05/1971,"Chile	Aerolineas",Curtiss,"Curtiss C 46	CC","Santiago Chile	Aerolineas",ALFA - Austral Flecha,4,4,0,4
1968,Qtr 2,April,8,08/04/1968,Chile,Douglas,Douglas DC 3CC,Near Coyhaique Chile,Ladeco,36,36,0,36
2019,Qtr 2,April,16,16/04/2019,Chile,Pilatus,Pilatus  Britten Norman BN,Puerto Montt Chile,Aereos Service Archipelagos,6,6,0,6
1965,Qtr 1,February,6,06/02/1965,Chile,Douglas,Douglas DC 6BCC,San Jose Volcano Chile,LAN,87,87,0,87
1971,Qtr 2,June,17,17/06/1971,Chile,Douglas,Douglas DC 6CP,Near Arica Chile,SAVCO,6,6,0,6
2000,Qtr 3,August,6,06/08/2000,Chile,CASA,Casa 212 AB10 Aviocar230,Puerto Montt Chile,Chile de Aérea Fuerza - Military,14,14,0,14
1972,Qtr 2,June,13,13/06/1972,Chile,Curtiss,Curtiss C 46DCC,Santiago Chile,Austral Flecha Aerolineas,3,3,0,3
1936,Qtr 1,March,14,14/03/1936,Chile,Fairchild,Fairchild FC 219,Ovalle Chile,Chile Lan,5,5,0,5
1961,Qtr 2,April,3,03/04/1961,Chile,Douglas,Douglas DC 3CC,Llico Chile,LAN,24,24,0,24
1972,Qtr 4,October,13,13/10/1972,Chile,Fairchild,Fairchild  Hiller FH,Near San Fernando Chile,TAMU - Force Air Uruguayan,45,29,0,29
2011,Qtr 3,September,2,02/09/2011,Chile,CASA,CASA C 212 Aviocar 300DF966,Juan Fernandez Island Chile,Force Air Chilean,21,21,0,21
1977,Qtr 3,July,24,24/07/1977,Chile,Douglas,Douglas DC 6BFAC,Near Puerto Montt Chile,Force Air Chilean - Military,82,38,0,38
1987,Qtr 3,August,4,04/08/1987,Chile,Boeing,Boeing B 737,Calama Chile,LAN,33,2,0,2
1991,Qtr 1,February,20,20/02/1991,Chile,British,British Aerospace BAe 146,Puerto Williams Chile,LAN,72,20,0,20
2009,Qtr 1,February,15,15/02/2009,Chile,Bell,Bell UH 1HCC,Chanco Chile,Service Flight,13,13,0,13
1982,Qtr 4,December,9,09/12/1982,Chile,Fairchild,Fairchild F 27JCC,La Serena Chile,Chile Aeronor,46,46,0,46
1953,Qtr 2,June,15,15/06/1953,Chile,Lockheed,Lockheed 18 LoadstarCC CLD,Near Reo Copiapo Chile,Chile Lan,7,7,0,7
1978,Qtr 4,October,6,06/10/1978,Chile,Douglas,Douglas R6D 1 (DC,Santiago de Chile Chile,Navy US - Military,18,18,0,18
1963,Qtr 2,June,16,16/06/1963,Chile,Douglas,Douglas C 47AFAC,Near Aysen Chile,Force Air Chilean - Military,20,19,0,19
1966,Qtr 3,July,11,11/07/1966,Chile,Curtiss,Curtiss C 46DHK,Cerro el Planchon Chile,Colombia Aeropesca,8,8,0,8
1959,Qtr 1,February,18,18/02/1959,Chile,Curtiss,Curtiss C 46AN68823,Belen Chile,Airways Cross Southern,5,5,0,5
1938,Qtr 2,June,19,19/06/1938,Chile,Douglas,Douglas DC 2NC14272,Mount  Mercedario Chile,Airways Grace American Pan,4,4,0,4
1954,Qtr 2,April,13,13/04/1954,Chile,Douglas,Douglas DC 3956,Batuco Chile,LAN,14,14,0,14
1972,Qtr 4,December,8,08/12/1972,Chicago,Boeing,Boeing B 737,Midway Airport Chicago,Illinois United Air Lines,61,43,2,45
1967,Qtr 2,June,4,04/06/1967,Cheshire,Canadair,Canadair C 4 ArgonautG,Stockport Cheshire,England British Midland Airways,84,72,0,72
2007,Qtr 2,April,27,27/04/2007,Chechnya,Mi,Mi 8,Shatoi Chechnya,Russian - Military,18,18,0,18
2002,Qtr 3,August,19,19/08/2002,Chechnya,Mil,Mil Mi 2689RED,Khankala Chechnya,Force Air Russian - Military,147,121,0,121
1965,Qtr 2,April,14,14/04/1965,Channel,Douglas,Douglas C 47BG,Jersey Channel,UKBritish United Airways          Islands,27,26,0,26
1999,Qtr 1,January,12,12/01/1999,Channel,Fokker,Fokker F 27 Friendship 600G,Guernsey Channel,England          Islands Channel Express,2,2,0,2
2006,Qtr 2,June,11,11/06/2006,Chad,Lockheed,Lockheed C 130 HerculesTT,Abéché Chad,Force Air Chadian - Military,7,5,0,5
1952,Qtr 4,November,6,06/11/1952,Chad,Douglas,Douglas C 54B,Lake Chad Chad,Transport de Aeromaritime Union,6,5,0,5
2002,Qtr 3,July,4,04/07/2002,Central,Boeing,Boeing B 707,Bangui Central,Charter (Cargo) Airlines RepublicPrestige African,27,27,0,27
1986,Qtr 1,March,27,27/03/1986,Central,Sepecat,Sepecat Jaguar A,Bangui Central,Force Air French - RepublicMilitary African,0,0,35,35
1959,Qtr 1,March,29,29/03/1959,Central,Nord,Nord 2501 NoratlasF BGZB,Near Bangui Central,Transport de Aeromaritime RepublicUnion African,9,9,0,9
2008,Qtr 2,May,24,24/05/2008,Catalina,Eurocopter,Eurocopter AS350D AstarN67GE,Two Harbors Catalina,California          Island Island Express Helicopter Service,6,4,0,4
1947,Qtr 3,July,15,15/07/1947,Cargo,Junkers,Junkers Ju 52/3mF,Vichy  Cargo,N/A,19,1,0,1
1950,Qtr 1,March,12,12/03/1950,Cardiff,Avro,Avro 689 Tudor 5G AKBY,Llandow Airport Cardiff,Wales Fairflight Ltd.,83,80,0,80
1998,Qtr 3,September,28,28/09/1998,Cape,de Havilland,de Havilland Canada DHC 6 Twin Otter 300D4,Praia Cape,Airlines Verde VerdeCabo,22,1,0,1
1999,Qtr 3,August,7,07/08/1999,Cape,Dornier,Dornier 228 201D4,Santo Antao Cape,Airlines Verde IslandsTACV-Cabo Verde,18,18,0,18
1965,Qtr 2,May,5,05/05/1965,Canary,Lockheed,Lockheed 1049G 55 Super ConstellationEC,Tenerife Canary,SpainCanary Islands          Islands Iberia Airlines,49,30,0,30
1980,Qtr 2,April,25,25/04/1980,Canary,Boeing,Boeing B 727,Tenerife Canary,Services Air IslandsDan,146,146,0,146
1977,Qtr 1,March,27,27/03/1977,Canary,Boeing,Boeing B 747,Tenerife Canary,KLM / Airways World American IslandsPan,644,583,0,583
1966,Qtr 3,September,16,16/09/1966,Canary,Douglas,Douglas DC 3EC,Off Tenerife Canary,Spain          Islands Iberia Airlines,27,1,0,1
1972,Qtr 3,July,6,06/07/1972,Canary,McDonnell,McDonnell Douglas DC 8,Off Las Palmas Canary,Spain          Islands Aviaco,10,10,0,10
1965,Qtr 4,December,7,07/12/1965,Canary,Douglas,Douglas DC 3EC,Tenerife Canary,IslandsSpantax,32,32,0,32
1977,Qtr 4,December,11,11/12/1977,Canary,Lockheed,Lockheed P 3B Orion153428,Hierro Canary,Navy U.S. - IslandsMilitary,13,13,0,13
1993,Qtr 4,November,10,10/11/1993,Canada,Hawker,Hawker Siddeley HS 748,Sandy Lake Canada,Manitoba Air,7,7,0,7
2010,Qtr 2,June,23,23/06/2010,Canada,Beechcraft,Beechcraft A100 King AirC FGIN,Quebec Canada,Aéropro,7,7,0,7
1991,Qtr 2,April,4,04/04/1991,Canada,Douglas,Douglas C 47B,Lake Thutade Canada,Services Air Mountain Central,7,6,0,6
1997,Qtr 4,December,9,09/12/1997,Canada,Embraer,Embraer 110P1 BandeiranteC GVRO,Little Grand Rapids Canada,Air Sowind,17,4,0,4
1978,Qtr 2,June,26,26/06/1978,Canada,McDonnell,McDonnell Douglas DC 9,Toronto Canada,Canada Air,107,2,0,2
1974,Qtr 2,May,31,31/05/1974,Canada,Bristol,Bristol 170 Freighter 31ECF QWJ,Rankin Inlet Canada,Lambair,2,2,0,2
1998,Qtr 2,June,18,18/06/1998,Canada,Swearingen,Swearingen SA 226TC Metroliner IIC,Montreal Canada,Propair,11,11,0,11
1990,Qtr 3,September,11,11/09/1990,Canada,Boeing,Boeing B 727,Off Newfoundland Canada,Faucett,18,18,0,18
1968,Qtr 1,February,7,07/02/1968,Canada,Boeing,Boeing B 707,Vancouver Canada,Lines Air Pacific Canadian,61,1,1,2
2003,Qtr 3,September,11,11/09/2003,Canada,Cessna,Cessna 208B Grand CaravanC FKAB,Near Summer Beaver Canada,Airways Wasaya,8,8,0,8
1944,Qtr 2,April,25,25/04/1944,Canada,Consolidated,Consolidated Liberator,Montreal Canada,Force Air Royal - Military,16,16,0,16
1970,Qtr 3,July,5,05/07/1970,Canada,McDonnell,McDonnell Douglas DC 8,Toronto Canada,Canada Air,109,109,0,109
1998,Qtr 4,December,7,07/12/1998,Canada,Britten,Britten  Norman TrislanderC,Baie-Comeau Canada,Satellite Air,10,7,0,7
1996,Qtr 3,August,12,12/08/1996,Canada,de Havilland,de Havilland Canada DHC 6 Twin Otter 300C,Markham Bay Canada,Air First,2,2,0,2
1969,Qtr 3,September,17,17/09/1969,Canada,Convair,Convair CV 640CF,Campbell River Canada,Airlines Western Pacific,15,4,0,4
1977,Qtr 1,February,28,28/02/1977,Canada,Douglas,Douglas DC 3C,Near Saglouc Canada,Survair,10,4,0,4
1994,Qtr 3,September,17,17/09/1994,Canada,de Havilland,de Havilland Canada DHC 6 Twin Otter 100C,Fish Egg Inlet Canada,Airlines Coastal Pacific,4,3,0,3
1983,Qtr 4,November,23,23/11/1983,Canada,de Havilland,de Havilland Canada DHC 6 Twin Otter 300C,Landsdowne House Canada,Airways Austin,7,4,0,4
1953,Qtr 1,February,2,02/02/1953,Canada,Avro,Avro 685 York 1G AHFA,Off Newfoundland Canada,(Skyways) Corporation Aircraft Lancashire,39,39,0,39
1984,Qtr 4,October,9,09/10/1984,Canada,de Havilland,de Havilland Canada DHC 6 Twin Otter 100C,Fort Franklin Canada,Services Air Nahanni,7,7,0,7
1956,Qtr 1,February,13,13/02/1956,Canada,Bristol,Bristol 170 Freighter 31CF FZU,Frobisher Bay Canada,Airways Central Maritime,2,2,0,2
2001,Qtr 4,October,11,11/10/2001,Canada,Swearingen,Swearingen SA.226TC Metro IC GYPA,Shamattawa Canada,Airlines Perimeter,3,2,0,2
1979,Qtr 3,September,18,18/09/1979,Canada,Britten,Britten Norman BN 7A lslanderC,Blink Horn Point Canada,Airlines Coastal Pacific,9,4,0,4
1931,Qtr 4,October,6,06/10/1931,Canada,Heinkel,Heinkel HE 2D,Novia Scotia Canada,Lufthansa Deutsche,3,3,0,3
1963,Qtr 4,November,29,29/11/1963,Canada,McDonnell,McDonnell Douglas DC 8F,Ste. Therese de Blainville Canada,Lines Air Canada Trans,118,118,0,118
2000,Qtr 1,March,17,17/03/2000,Canada,Douglas,Douglas C 47A,Ennadai Lake Canada,Services Air North Points,2,2,0,2
2005,Qtr 3,August,2,02/08/2005,Canada,Airbus,Airbus A 340F,Toronto Canada,France Air,309,0,0,0
1996,Qtr 4,November,22,22/11/1996,CAMilitary,Lockheed,Lockheed HC 130P Hercules64,Off Cape Mendocino CAMilitary,Force Air U.S. -,11,10,0,10
1963,Qtr 2,May,3,03/05/1963,Cameroon,Douglas,Douglas DC 6BF,Near Buca Cameroon,Afrique Air,55,55,0,55
2010,Qtr 2,June,19,19/06/2010,Cameroon,CASA,CASA 212 AviocarTN AFA,Yangadou Cameroon,Service Aero,11,11,0,11
1955,Qtr 3,September,10,10/09/1955,Cameroon,Latecoere,Latecoere 631 (flying boat)F BDRE,Near Banyo Cameroon,Hydro France Societe,16,16,0,16
1984,Qtr 3,August,30,30/08/1984,Cameroon,Boeing,Boeing B 737,Douala Cameroon,Airlines Cameroon,116,2,0,2
2006,Qtr 2,April,23,23/04/2006,Cameroon,Antonov,Antonov 74TK 200UR,Kousséri Cameroon,Force Air Arab Lybian - Military,6,6,0,6
1955,Qtr 2,April,18,18/04/1955,Cameroon,de Havilland,de Havilland DH 114 Heron 1BF,Kupe Mountains Cameroons,Aeriens Transportes des Union,14,12,0,12
1952,Qtr 1,February,19,19/02/1952,Cameroon,Consolidated,Consolidated  32 Liberator IIF BEFX,Near Yaounde Cameroon,STAAP,9,9,0,9
1962,Qtr 1,March,4,04/03/1962,Cameroon,Douglas,Douglas DC 7CG,Douala Cameroon,Airways Caledonian,111,111,0,111
1981,Qtr 4,October,31,31/10/1981,Cameroon,de Havilland,de Havilland Canada DHC 6 Twin Otter 300TJ,Bafoussam Cameroon,Airlines Cameroon,24,1,0,1
2007,Qtr 2,May,5,05/05/2007,Cameroon,Boeing,Boeing B 737,Near Dizangue Cameroon,Airways Kenya,114,114,0,114
1961,Qtr 2,June,13,13/06/1961,Cameroon,Douglas,Douglas DC 4TJ,Douala Cameroon,Cameroon Air,5,5,0,5
1955,Qtr 2,June,3,03/06/1955,Cameroon,Douglas,Douglas C 54AF,Fort Lamy Cameroon,Transport de Aéromaritime Union,3,3,0,3
1995,Qtr 4,December,3,03/12/1995,Cameroon,Boeing,Boeing B 737,Near Douala Cameroon,Airlines Cameroon,78,72,0,72
2007,Qtr 2,June,25,25/06/2007,Cambodia,Antonov,Antonov AN 24VXU,Near Sihanoukville Cambodia,Air PMT,22,22,0,22
1997,Qtr 3,September,3,03/09/1997,Cambodia,Tupolev,Tupolev TU 134VN,Phnom Penh Cambodia,Airlines Vietnam,66,65,0,65
1972,Qtr 4,October,2,02/10/1972,Cambodia,Douglas,Douglas DC 3XW,Kampot Cambodia,Air Cambodia,9,9,0,9
1973,Qtr 2,May,19,19/05/1973,Cambodia,Douglas,Douglas C 47AXW,Svay Rieng Cambodia,Air Cambodia,11,11,0,11
1946,Qtr 1,March,3,03/03/1946,California,Douglas,Douglas DC 3,Live Oak Springs California,Airlines American,27,27,0,27
1956,Qtr 1,February,17,17/02/1956,California,Douglas,Douglas R5D239116,Near Niles California,Corps Marine U.S. - Military,40,40,0,40
1991,Qtr 4,November,20,20/11/1991,California,Bell,Bell 206BN5011K,Davis California,Inc. Helicopters Airis - Taxi Air,3,3,0,3
1968,Qtr 3,August,14,14/08/1968,California,Sirkorsky,Sikorsky S 61L helicopterN300Y,Compton California,Airways Angeles Los,21,21,0,21
1946,Qtr 1,March,19,19/03/1946,California,Douglas,Douglas C 47B45,Hobart Mills California,Forces Air Army U.S. - Military,26,26,0,26
1953,Qtr 3,August,18,18/08/1953,California,Curtiss,Curtiss C 46AXA,Near San Diego California,Contreras Aerovias,2,2,0,2
1932,Qtr 1,February,2,02/02/1932,California,Boeing,Boeing 40 NC291,Rio Vista California,Transport Air Boeing,2,1,0,1
1968,Qtr 2,May,22,22/05/1968,California,Sirkorsky,Sikorsky S 61L helicopterN303Y,Paramount California,Airways Angeles Los,23,23,0,23
1987,Qtr 4,December,7,07/12/1987,California,British,British Aerospace BAe 146,San Luis Obispo California,Airlines Southwest Pacific,43,43,0,43
2000,Qtr 1,March,5,05/03/2000,California,Boeing,Boeing B 737,Burbank Calilfornia,Airlines Southwest,142,0,0,0
1965,Qtr 4,November,14,14/11/1965,California,Learjet,Learjet 23N243F,Near Palm Springs California,Inc. Service Flying Kelly Paul,8,8,0,8
1986,Qtr 3,August,31,31/08/1986,California,MD,MD Douglas DC 9,Cerritos California,Private / Aeromexico,67,67,15,82
1979,Qtr 1,March,10,10/03/1979,California,Aerospatiale,Aerospatiale Nord 262A 33N418SA,Off Marina del Rey California,Inc. Lines Aire Swift,7,3,0,3
1957,Qtr 1,January,31,31/01/1957,California,Douglas,Douglas DC 7B / U.S. Air Force F,Near Sunland California,Aircraft Douglas,6,5,3,8
2000,Qtr 1,February,16,16/02/2000,California,McDonnell,McDonnell Douglas DC 8,Sacramento California,Worldwide Emery,3,3,0,3
1965,Qtr 2,June,28,28/06/1965,California,Boeing,Boeing B 707,San Francisco California,Airways World American Pan,153,0,0,0
1965,Qtr 2,June,25,25/06/1965,California,Boeing,Boeing C 135A60,Near Santa Ana California,Force Air U.S. - Military,85,85,0,85
1979,Qtr 3,September,19,19/09/1979,California,Boeing,Boeing KC 135A58,Merced California,Force Air U.S. - Military,5,5,0,5
1929,Qtr 3,September,17,17/09/1929,California,Fairchild,Fairchild 71,Jacumba California,Airways Pickwick,2,1,0,1
1979,Qtr 2,April,14,14/04/1979,California,Grumman,Grumman G 21 GooseN11CS,Off Avalon California,Airlines Catalina,11,1,0,1
1933,Qtr 1,March,25,25/03/1933,California,Lockheed,Lockheed Orion 9NC12226,Hayward California,Airlines Varney,3,3,11,14
1991,Qtr 1,March,21,21/03/1991,California,Lockheed,Lockheed P 3C / Lockheed P,Off San Diego California,Navy U.S.  - Military / Navy U.S. - Military,27,27,0,27
1946,Qtr 4,November,13,13/11/1946,California,Douglas,Douglas C 53D,Lebec California,Airlines Western,11,11,0,11
1953,Qtr 4,October,29,29/10/1953,California,Douglas,Douglas DC 6VH,Near Half Moon Bay California,Airlines Pacific Commonwealth British,19,19,0,19
1932,Qtr 1,January,29,29/01/1932,California,Stinson,Stinson SM 6000BNC10813,Lebec California,Lines Pacific Century,8,8,0,8
1978,Qtr 3,September,25,25/09/1978,California,Boeing,Boeing B 727,San Diego California,Private / Airlines Southwest Pacific,137,137,7,144
1975,Qtr 1,January,9,09/01/1975,California,de Havilland,de Hav Can. DHC 6 Tw Otter 100/ CessnaN6383,Whittier California,Private / Airlines West Golden,14,14,0,14
1952,Qtr 2,April,18,18/04/1952,California,Curtiss,Curtiss C 46F,Near Whittier California,Airlines) (Robin Airlines Continental North,29,29,0,29
1987,Qtr 1,March,21,21/03/1987,California,F,F  4C Phantom jet fighter64,Mount San Gorgonio California,Guard National Air California,2,2,0,2
2000,Qtr 1,January,31,31/01/2000,California,McDonnell,McDonnell Douglas MD 83N963AS,Off Point Mugu California,Airlines Alaska,88,88,0,88
1929,Qtr 3,September,2,02/09/1929,California,Lockheed,Lockheed VegaNR859E,Needles California,Aviators Associated,2,1,0,1
1991,Qtr 4,October,25,25/10/1991,California,Bell,Bell 206B helicopterN3456M,Vallejo California,Private - Inc. Mobility Corporate,3,3,0,3
1949,Qtr 4,December,7,07/12/1949,California,Douglas,Douglas DC 3NC60256,Vallejo California,Airlines Arrow,9,9,0,9
1995,Qtr 1,January,14,14/01/1995,California,Bell,Bell 206BN2209P,Los Angeles California,Ltd. Aviation Air Wolfe - Taxi Air,4,2,0,2
1971,Qtr 2,June,6,06/06/1971,California,McDonnell,McDonnell Douglas DC 9,Near Duarte California,Corps Air Marine US - Military /  Airwest Hughes,51,50,0,50
1929,Qtr 2,April,21,21/04/1929,California,Ford,Ford 5 AT,San Diego California,Force Air U.S.Army - Military / Airlines Maddux,6,6,0,6
1994,Qtr 4,November,16,16/11/1994,California,Beechcraft,Beechcraft C99N63995,Avenal California,Ameriflight,1,1,0,1
1932,Qtr 2,May,16,16/05/1932,California,Boeing,Boeing 40NC5589,Burbank California,Transport Air Pacific,3,3,0,3
1971,Qtr 1,March,31,31/03/1971,California,Boeing,Boeing B 720,Ontario California,Airlines Western,5,5,0,5
1953,Qtr 2,April,20,20/04/1953,California,Douglas,Douglas DC 6BN91303,San Francisco Bay California,Airlines Western,10,8,0,8
1934,Qtr 3,July,9,09/07/1934,California,Lockheed,Lockheed VegaNC32E,San Bernardino California,Services Air United,4,3,0,3
1934,Qtr 2,June,23,23/06/1934,California,Lockheed,Lockheed OrionXA BEJ,Burbank California,Service Air Centrales Aerevias,1,1,0,1
1970,Qtr 2,May,4,04/05/1970,California,Convair,Convair CV 24052,Hamilton AFB California,Force Air U.S. - Military,14,13,0,13
1977,Qtr 3,August,1,01/08/1977,California,Bell,Bell 206B JetRangerN4TV,Encino California,Angeles Los KNBC Private,2,2,0,2
1938,Qtr 1,February,2,02/02/1938,California,Consolidated,Consolidated PBY 2 / Consolidated PBY,Off San Clemente Island California,Navy U.S. - Military / Navy U.S. - Military,14,11,0,11
1953,Qtr 1,March,20,20/03/1953,California,Douglas,Douglas DC 4  (C,Alvarado California,Lines Air Transocean,35,35,0,35
1972,Qtr 3,July,5,05/07/1972,California,Boeing,Boeing 737 200,San Francisco California,Airlines Southwest Pacific,86,3,0,3
1972,Qtr 3,September,24,24/09/1972,California,F,F  86 SabrejetN275X,Sacramento California,Private,1,0,22,22
1976,Qtr 1,February,8,08/02/1976,California,Douglas,Douglas DC 6N901MA,Van Nuys California,Airlines Mercer,6,3,0,3
1938,Qtr 1,March,1,01/03/1938,California,Douglas,Douglas DC 2,Near Wawona Cailifornia,Air Western and Continental Trans,9,9,0,9
1971,Qtr 2,June,28,28/06/1971,California,Douglas,Douglas DC 3N90627,Garberville California,Park Sea Cove Shelter,24,17,0,17
1977,Qtr 1,January,6,06/01/1977,California,Gates,Gates Learjet 24BN12MK,Near Palm Springs California,Charter Avia Jet,4,4,0,4
1973,Qtr 2,April,12,12/04/1973,California,Lockheed,Lockheed P 3C / Convair CV,Moffett AFB California,NASA / Navy U.S. - Military,17,16,0,16
1929,Qtr 1,March,30,30/03/1929,California,Fokker,Fokker F VIIANC7888,Near Beaumont California,Airlines Standard New,4,4,0,4
1971,Qtr 3,July,30,30/07/1971,California,Boeing,Boeing B 747,San Francisco California,Airways World American Pan,218,0,0,0
1955,Qtr 4,November,30,30/11/1955,California,Boeing,Boeing RB 52B52,Near Ballico California,Force Air U.S. - Military,10,10,0,10
1969,Qtr 1,January,13,13/01/1969,California,McDonnell,McDonnell Douglas DC 8,Off Los Angeles California,(SAS) Airlines Scandinavian,45,15,0,15
1992,Qtr 2,April,22,22/04/1992,California,de Havilland,de Havilland Canada DHC 6 Twin Otter 200N141PV,Perris Valley California,Aviation Valley Perris,22,16,0,16
1969,Qtr 1,February,18,18/02/1969,California,Douglas,Douglas DC 3N15570,Near Lone Pine California,Airlines County Mineral,35,35,0,35
1969,Qtr 1,January,18,18/01/1969,California,Boeing,Boeing B 727,Off Los Angeles California,Lines Air United,38,38,0,38
1938,Qtr 2,May,16,16/05/1938,California,Lockheed,Lockheed 14 H2 Super ElectraNC17394,Near Saugus California,Airlines Orient Northwest,9,9,0,9
1978,Qtr 1,February,28,28/02/1978,California,Aero,Aero Commander 500AN6143X,Solvang California,Air Security,7,7,0,7
1978,Qtr 1,March,22,22/03/1978,California,Cessna,Cessna T207AN7354U,Near Riverside California,Air Havasu Lake,6,6,0,6
1935,Qtr 1,February,12,12/02/1935,California,Goodyear,Goodyear  Zeppelin U.S.S. Macon (airship)ZRS,Off Point Sur Californiia,Navy US - Military,83,2,0,2
1968,Qtr 4,November,23,23/11/1968,California,de Havilland,de Havilland Canada DHC 6 Twin Otter 200N7666,Santa Ana California,Commuter Cable,9,9,0,9
1968,Qtr 4,November,22,22/11/1968,California,McDonnell,McDonnell Douglas DC 8,Off San Francisco California,Lines Air Japan,107,0,0,0
1990,Qtr 3,September,24,24/09/1990,California,Cessna,Cessna 501 CitationN79DD,San Luis Obispo California,Helicopters Hi,4,4,0,4
1949,Qtr 3,July,12,12/07/1949,California,Curtiss,Curtiss C 46E,Chatsworth California,Airlines Standard,48,35,0,35
1948,Qtr 1,January,28,28/01/1948,California,Douglas,Douglas DC 3 (C,Diablo Mts. California,Carriers Transport Airline,32,32,0,32
1946,Qtr 4,December,24,24/12/1946,California,Douglas,Douglas DC 3 ( C,Near San Diego California,Airlines Western,12,12,0,12
1973,Qtr 3,August,28,28/08/1973,California,Boeing,Boeing B 707,Thirty-five miles west of Los Angeles California,Airlines World Trans,149,1,0,1
1955,Qtr 3,September,8,08/09/1955,California,Douglas,Douglas DC 3N74663,Burbank California,Transport Air Currey,33,2,1,3
1932,Qtr 1,March,19,19/03/1932,California,Fokker,Fokker F 10ANC652E,Calimesa California,Airways American,7,7,0,7
1974,Qtr 1,March,13,13/03/1974,California,Convair,Convair CV 440N4819C,Bishop California,Airlines Pacific Sierra,36,36,0,36
1954,Qtr 1,January,13,13/01/1954,California,F,F  88 Sabre Jet,Signal Hill California,Force Air U.S. - Military,1,1,6,7
1940,Qtr 2,June,2,02/06/1940,California,Douglas,Douglas DC 5,El Segundo California,Company Aircraft Douglas,5,5,0,5
2013,Qtr 3,July,6,06/07/2013,California,Boeing,Boeing B 777,San Francisco California,Airlines Asiana,307,3,0,3
1945,Qtr 1,January,10,10/01/1945,California,Douglas,Douglas DC 3NC25684,Burbank California,Airlines American,24,24,0,24
1950,Qtr 3,August,5,05/08/1950,California,Boeing,Boeing B 29MR46,Near Fairfield California,Force Air U.S. - Military,20,12,7,19
1985,Qtr 3,August,27,27/08/1985,California,Boeing,Boeing KC 135A59,Beale AFB California,Force Air U.S. - Military,7,7,0,7
1964,Qtr 4,October,27,27/10/1964,California,Douglas,Douglas A 3D Skywarrior,El Centro California,Navy US - Military,3,3,6,9
1937,Qtr 1,February,9,09/02/1937,California,Douglas,Douglas DC 3ANC16073,Off San Francisco California,Lines Air United,11,11,0,11
1951,Qtr 3,August,24,24/08/1951,California,Douglas,Douglas DC 6BN37550,Decoto California,Lines Air United,50,50,0,50
2003,Qtr 4,December,23,23/12/2003,California,Gates,Gates Learjet 24BN600XJ,Helendale California,Pavair,2,2,0,2
1963,Qtr 4,December,17,17/12/1963,California,Douglas,Douglas DC 6BN93131,Los Angeles California,Airlines Western,46,0,0,0
1962,Qtr 4,December,14,14/12/1962,California,Lockheed,Lockheed 1049H Super ConstellationN6913C,Burbank California,Line Tiger Flying,5,5,3,8
2006,Qtr 4,December,10,10/12/2006,California,Bell,Bell 412N410MA,Cajon Pass California,Services Air Mercy - ambulance Air,3,3,0,3
1936,Qtr 4,December,27,27/12/1936,California,Boeing,Boeing 247DNC13355,Newhall California,Lines Air United,12,12,0,12
1937,Qtr 1,January,12,12/01/1937,California,Boeing,Boeing 247DNC13315,Near Newhall California,Express Air Western,13,5,0,5
2004,Qtr 4,October,24,24/10/2004,California,Learjet,Learjet 35AN30DK,San Diego California,Private - Ambulance Air Flight Med,5,5,0,5
1984,Qtr 3,August,24,24/08/1984,California,Beechcraft,Beechcraft C99 / Rockwell 112TCN6399U/N112SM,San Luis Obispo California,Private / Airlines West Wings,17,17,0,17
1944,Qtr 4,December,1,01/12/1944,California,Douglas,Douglas DC 3NC17322,Van Nuys California,Air Western and Continental Trans,17,9,0,9
1931,Qtr 2,May,5,05/05/1931,California,Boeing,Boeing 40NC5390,Burbank California,Transport Air Pacific,2,2,0,2
1931,Qtr 3,September,16,16/09/1931,California,Boeing,Boeing 40NC10347,Oakland California,Transport Air Pacific,4,4,0,4
1951,Qtr 3,September,12,12/09/1951,California,Boeing,Boeing 377 Stratocruiser 10 34N31230,Off Redwood City California,Lines Air United,3,3,0,3
1930,Qtr 1,January,19,19/01/1930,California,Ford,Ford 5 AT,Oceanside California,Airlines Maddux,16,16,0,16
1964,Qtr 2,May,7,07/05/1964,California,Fairchild,Fairchild F 27AN2770R,San Ramon California,Lines Air Pacific,44,44,0,44
1981,Qtr 1,February,22,22/02/1981,California,Sirkorsky,Sikorsky S 62AN324Y,Avalon California,Taxi Air - Helicopter,8,2,0,2
1935,Qtr 3,September,1,01/09/1935,California,Boeing,Boeing 247NC13314,Burbank California,Express Air Western,3,3,0,3
2021,Qtr 4,December,27,27/12/2021,California,Learjet,Learjet 35AN880Z,El Cajon California,Jet Med,4,4,0,4
1938,Qtr 4,November,29,29/11/1938,California,Douglas,Douglas DC 3 A,Off Point Reyes California,Lines Air United,7,5,0,5
1958,Qtr 1,February,1,01/02/1958,California,Douglas,Douglas C 118A / Lockheed P2V,Norwalk California,Navy U.S. - Military / Force Air  U.S. - Military,41,41,1,42
1959,Qtr 1,January,14,14/01/1959,California,Curtiss,Curtiss C 46FN1240N,Panther Peak California,Freight Air California,2,2,0,2
1942,Qtr 4,October,23,23/10/1942,California,Douglas,Douglas DC 3 / Lockheed B,Palm Springs California,USAF - Military / Airlines American,13,12,0,12
1982,Qtr 3,July,23,23/07/1982,California,Bell,Bell UH 1B Huey HelicopterN87701,Castaic California,Helicopter Western,1,0,3,3
2008,Qtr 3,August,5,05/08/2008,California,Sirkorsky,Sikorsky S 61NN612AZ,Near Junction City California,Department Fire City Junction,13,9,0,9
1930,Qtr 4,November,18,18/11/1930,California,Boeing,Boeing 40NC5340,Techachapi Mountains California,Transport Air Pacific,3,3,0,3
1985,Qtr 1,February,19,19/02/1985,California,Boeing,Boeing B 747,300 nm NW of San Francisco California,(Taiwan) Airlines China,274,0,0,0
1964,Qtr 4,December,24,24/12/1964,California,Lockheed,Lockheed L 1049H Super ConstellationN6915C,Near San Francisco California,Line Tiger Flying,3,3,0,3
1930,Qtr 1,January,2,02/01/1930,California,N/A,N/A,Off Venice California?,N/A,10,10,0,10
1944,Qtr 4,November,4,04/11/1944,California,Douglas,Douglas DC 3NC28310,Hanford California,Air Western and Continental Trans,24,24,0,24
1963,Qtr 1,February,3,03/02/1963,California,Lockheed,Lockheed 1049H Super ConstellationN9740Z,San Francisco California,Airways Slick,8,4,0,4
1945,Qtr 1,February,13,13/02/1945,California,Douglas,Douglas R4D 650765,Off Oakland California,Navy U.S. - Military,24,24,0,24
1957,Qtr 3,July,25,25/07/1957,California,Convair,Convair CV 240N8405H,Daggett California,Airlines Western,16,1,0,1
1959,Qtr 4,October,26,26/10/1959,California,Douglas,Douglas C 47A,Santa Maria California,Lines Air Pacific,19,1,1,2
1943,Qtr 1,January,21,21/01/1943,California,Martin,Martin M 130 (flying boat)NC14715,Ukiah California,Airways World American Pan,19,19,0,19
1933,Qtr 2,April,23,23/04/1933,Calabria,Cams,Cams 53 1F,Near Castrovillari Calabria,Italy Air Orient,8,5,0,5
1991,Qtr 1,March,16,16/03/1991,CADuncan,Hawker,Hawker  Siddeley DH,San Diego CADuncan,Sales Aircraft,10,10,0,10
1976,Qtr 3,July,5,05/07/1976,Burma,Douglas,Douglas C 47,Daiku Burma,Force Air Burma - Military,17,17,0,17
1987,Qtr 2,June,21,21/06/1987,Burma,Fokker,Fokker F 27 Friendship 200XY,Heho Burma,Airways Burma,45,45,0,45
1955,Qtr 3,September,2,02/09/1955,Burma,Douglas,Douglas DC 3XY,Lanywa Burma,Airways Burma of (Myanmar)Union,12,12,0,12
1946,Qtr 3,July,25,25/07/1946,Burma,Douglas,Douglas C 47 DakotaKN585,Bassein Burma,Force Air -Royal Military,22,22,0,22
1972,Qtr 3,August,16,16/08/1972,Burma,Douglas,Douglas DC 3 (C,Near Sandoway Burma,Airways Burma,31,26,0,26
1956,Qtr 3,August,8,08/08/1956,Burma,Douglas,Douglas DC 3XY,Thazi Burma,Airways Burma of Union,22,12,0,12
1969,Qtr 2,May,23,23/05/1969,Burma,Douglas,Douglas C 47XY,Near Lashio Burma,Airways Burma of Union,6,6,0,6
1978,Qtr 3,August,26,26/08/1978,Burma,de Havilland,de Havilland Canada DHC 6 Twin Otter 300XY,Papun Burma,Airways Burma,14,14,0,14
1963,Qtr 2,June,10,10/06/1963,Burma,Douglas,Douglas DC 3XY,Mt. Kaolokung Burma,Airways Burma of Union,20,20,0,20
1978,Qtr 1,March,25,25/03/1978,Burma,Fokker,Fokker F 27 Friendship 200XY,Okaraba Burma,Airways Burma,48,48,0,48
1962,Qtr 2,May,8,08/05/1962,Burma,Douglas,Douglas C 47UB,Near Mong Pa Liao Burma,Force Air Burma of Union - Military,32,32,0,32
1980,Qtr 1,January,24,24/01/1980,Burma,Fairchild,Fairchild FH 227H5003,Near Mandalay Burma,Force Air Burma of Union - Military,44,43,0,43
1931,Qtr 2,June,7,07/06/1931,Burma,Fokker,Fokker F VIIBPH,Near Sandoway Burma,Orient Air,4,4,0,4
1977,Qtr 3,September,8,08/09/1977,Burma,de Havilland,de Havilland Canada DHC 6 Twin Otter 300XY,Mt. Loi Hsam Hsao Burma,Airways Burma,19,19,0,19
1972,Qtr 4,November,4,04/11/1972,Bulgaria,Ilyushin,Ilyushin IL 14PLZ,Near Plovdiv Bulgaria,Airlines Bulgarian Balkan,35,35,0,35
1975,Qtr 4,November,22,22/11/1975,Bulgaria,Antonov,Antonov AN 24BLZ,Sofia Bulgaria,Airlines Bulgarian Balkan,48,3,0,3
1952,Qtr 4,December,6,06/12/1952,Bulgaria,sunov,Lisunov Li 2,Near Sofia Bugaria,TABSO,18,18,0,18
1941,Qtr 4,October,28,28/10/1941,Bulgaria,Junkers,Junkers JU 53/3mD,Near Petrich bulgaria,Lufthansa Deutsche,13,13,0,13
1955,Qtr 3,July,27,27/07/1955,Bulgaria,Lockheed,Lockheed 049 Constellation4X AKC,Near Petrich bulgaria,Al El,58,58,0,58
1988,Qtr 3,August,2,02/08/1988,Bulgaria,Yakovlev,Yakovlev YAK 40LZ,Sofia Bulgaria,Airlines Bulgarian Balkan,37,29,0,29
1962,Qtr 2,June,4,04/06/1962,Bulgaria,Tupolev,Tupolev TU 104BCCCP,Sofia Bulgaria,Aeroflot,5,5,0,5
1984,Qtr 1,January,10,10/01/1984,Bulgaria,Tupolev,Tupolev TU 134ALZ,Sofia Bulgaria,Airlines Bulgarian Balkan,50,50,0,50
1971,Qtr 4,December,21,21/12/1971,Bulgaria,Ilyushin,Ilyushin IL 18BLZ,Sofia Bulgaria,Airlines Bulgarian Balkan,73,28,0,28
1916,Qtr 3,July,28,28/07/1916,Bulgaria,Schutte,Schutte  Lanz S,Near Jambol Bulgeria,Army German - Military,20,20,0,20
1971,Qtr 3,September,17,17/09/1971,Bulgaria,Antonov,Antonov An 14LZ,Rila mountain Bulgaria,Airlines Bulgarian Balkan,9,9,0,9
1978,Qtr 1,March,16,16/03/1978,Bulgaria,Tupolev,Tupolev TU 134LZ,Vrastsa Bulgaria,Airlines Bulgarian Balkan,73,73,0,73
1931,Qtr 3,July,24,24/07/1931,Bulgaria,Fokker,Fokker F VIIF,Kurudjevo Bulgaria,CIDNA,7,7,0,7
1968,Qtr 3,September,3,03/09/1968,Bulgaria,Ilyushin,Ilyushin IL 18LZ,Near Burgas Bulgaria,TABSO Bulair,89,47,0,47
1951,Qtr 1,February,3,03/02/1951,Buea,Douglas,Douglas DC 4F,Near Mt. Cameroon Buea,British Cameroons Air France,29,29,0,29
1923,Qtr 3,September,14,14/09/1923,Buckinghamshire,de Havilland,de Havilland DH 34G,Near Ivinghoe Buckinghamshire,England Daimler Airways,5,5,0,5
1981,Qtr 4,December,16,16/12/1981,Brunei,Aerospatiale,Aerospatiale Puma9M SSC,Kuala Belait Brunei,Helicopters Bristow,12,12,0,12
1947,Qtr 2,April,28,28/04/1947,British,Lockheed,Lockheed 18 LoadstarCF TDF,Near Vancouver British,Canada          Columbia Trans Canada Air Lines,15,15,0,15
1956,Qtr 4,December,9,09/12/1956,British,Canadair,Canadair DC 4M,Near Chilliwack British,Canada          Columbia Trans Canada Air Lines,62,62,0,62
1999,Qtr 1,January,13,13/01/1999,British,Douglas,Douglas DC 3CC,Mayne Island British,Canada          Columbia Kelowna Flightcraft Air Charter,2,2,0,2
1995,Qtr 3,September,27,27/09/1995,British,de Havilland,De Havilland Dash 3C,Campbell River British,Canada          Columbia Western Straits Air,10,8,0,8
1950,Qtr 4,December,22,22/12/1950,British,Douglas,Douglas DC 3CF,Penticton British,Canada          Columbia Canadian Pacific Air Lines,18,2,0,2
1983,Qtr 3,September,2,02/09/1983,British,Britten,Britten  Norman BN,Near Smithers British,Canada          Columbia Central Mountain Air Services,9,9,0,9
2007,Qtr 3,July,8,08/07/2007,British,de Havilland,de Havilland DHC 6 Twim Otter 100C,Muncho Lake British,Canada          Columbia Liard Air,5,1,0,1
1965,Qtr 3,July,8,08/07/1965,British,Douglas,Douglas DC 6BCF,Dog Creek British,Canada          Columbia Canadian Pacific Air Lines,52,52,0,52
1996,Qtr 3,August,18,18/08/1996,British,de Havilland,de Havilland Canada DHC 3 Turbo OtterC,Near Alliford Bay British,Canada2Harbour Air          Columbia,3,3,0,3
1996,Qtr 3,August,14,14/08/1996,British,Douglas,Douglas DC 4C,Near Bronson Creek British Canada,Canada          Columbia Air North,3,1,0,1
2004,Qtr 3,July,12,12/07/2004,British,Convair,Convair CV 440N4826C,Off Beef Island British,Cargo Air IslandsDodita Virgin,2,1,0,1
1978,Qtr 1,February,11,11/02/1978,British,Boeing,Boeing B 737,Cranbrook British,Canada          Columbia Pacific Western Airlines,49,42,0,42
1946,Qtr 3,August,31,31/08/1946,British,Supermarine,Supermarine Stranraer (flying boat)CF BYL,Near Prince Rupert British,Canada          Columbia Queen Charlotte Airlines,7,7,0,7
1998,Qtr 3,August,4,04/08/1998,British,de Havilland,de Havilland Dash 2 BeaverC,Kincolith British,Canada          Columbia Harbour Air Seaplanes Ltd.,5,5,0,5
1979,Qtr 3,September,30,30/09/1979,British,de Havilland,de Havilland Canada DHC 6 Twin Otter 200C,Porpoise Bay British,Air Coast CanadaWest Columbia,16,2,0,2
1996,Qtr 2,May,9,09/05/1996,British,de Havilland,de Havilland Canada DHC 3 OtterC,Near Terrace British,Canada          Columbia Buffalo Narrows Airways,2,2,0,2
2008,Qtr 4,November,16,16/11/2008,British,Grumman,Grumman G 21A GooseC,Thormanby Island British,Canada          Columbia Pacific Coastal Airlines,8,7,0,7
1993,Qtr 1,January,14,14/01/1993,British,Douglas,Douglas C 47AC,Near Bronson Creek British Canada,Colombia Central Mountain Air Services,2,2,0,2
2008,Qtr 3,August,3,03/08/2008,British,Grumman,Grumman G 21A GooseC,North Vancouver Island British,Canada          Colombia Pacific Coastal Airlines,7,5,0,5
1942,Qtr 4,December,20,20/12/1942,British,Lockheed,Lockheed 14 H2 Super ElectraCF,Near Chilliwack British,Canada          Columbia Canadian Pacific Air Lines,13,13,0,13
1913,Qtr 3,August,6,06/08/1913,British,Curtiss,Curtiss seaplane,Victoria British,Canada          Columbia Private,1,1,0,1
1942,Qtr 1,February,20,20/02/1942,Brisbane,de Havilland,deHavilland DH 86VH,Off Belmont Brisbane,Australia Qantas,9,9,0,9
1928,Qtr 2,May,7,07/05/1928,"Brazil
Florianopolis",Latecoere,Latecoere 26F AIMQ,"Florianopolis Brazil
Florianopolis",BrazilFlorianopolis,5,1,0,1
1958,Qtr 3,August,11,11/08/1958,"Brazil	Loide",Douglas,Douglas DC 4PP,"Near Belem Brazil	Loide",Nacional Aéreo,11,10,0,10
2011,Qtr 2,April,21,21/04/2011,"Brazil	Amazonaves",Embraer,Embraer/Piper EMB 810C SenecaPT,"Manaus Brazil	Amazonaves",Taxi Air,7,7,0,7
1993,Qtr 1,March,23,23/03/1993,Brazil,Embraer,Embraer EMB 110 BandeirantePP,Near Tangara de Serra Brazil,Aereas Linhas Oeste,6,6,0,6
1942,Qtr 3,September,28,28/09/1942,Brazil,Lockheed,Lockheed 18 LoadstarPP PBG,Near Sao Paulo Brazil,SA Brasil do Panair,15,15,0,15
1997,Qtr 1,February,14,14/02/1997,Brazil,Boeing,Boeing B 737,Carajas Brazil,Varig,52,1,0,1
1975,Qtr 2,June,17,17/06/1975,Brazil,Hawker,Hawker Siddeley HS 748,Pedro Alfonso Brazil,Varig,15,1,3,4
2009,Qtr 1,February,7,07/02/2009,Brazil,de Havilland,Bandeirante EMB 110P1PT,Manacapuru Brazil,Manaus Aerotaxi,28,24,0,24
1996,Qtr 4,October,31,31/10/1996,Brazil,Fokker,Fokker 100PT MRK,Sao Paolo Brazil,(Brazil) TAM,95,95,3,98
2006,Qtr 1,March,31,31/03/2006,Brazil,LET,Let L410UVP E20PT,Rio Bonito Brazil,Air Team,19,19,0,19
1949,Qtr 4,December,1,01/12/1949,Brazil,Douglas,Douglas DC 3 (C,Taquaracucu Brazil,REAL,22,20,0,20
1945,Qtr 1,February,15,15/02/1945,Brazil,Lockheed,Lockheed 18 LoadstarPP NAE,Lagoa Santa Brazil,Brasileira Aerea Navegacao,11,11,0,11
1950,Qtr 3,July,28,28/07/1950,Brazil,Lockheed,Lockheed 049 ConstellationPP PCG,Porte Alegre Brazil,Brasil do Panair,50,50,0,50
1973,Qtr 2,June,1,01/06/1973,Brazil,Sud,Sud Aviation SE 210 Caravelle VINPP,Sao Luis Brazil,Cruzeiro,23,23,0,23
2003,Qtr 2,June,11,11/06/2003,Brazil,Embraer,Embraer 820C NavajoPT EHH,Belo Horizonte Brazil,Taxi Air Astro,4,4,0,4
2002,Qtr 4,December,26,26/12/2002,Brazil,Embraer,Embraer  110 C,Curitiba Brazil,Force Air Brazilian - Military,16,3,0,3
1950,Qtr 2,May,30,30/05/1950,Brazil,Douglas,Douglas DC 3PP,Near Ilheus Brazil,Brasil Aerovias,15,13,0,13
1994,Qtr 4,October,14,14/10/1994,Brazil,Lockheed,Lockheed C 130EC,Near Formoso do Aragala Brazil,Force Air Brazilian - Military,21,21,0,21
1950,Qtr 4,December,13,13/12/1950,Brazil,Douglas,Douglas DC 3PP,Londrina Brazil,VASP,31,0,3,3
1950,Qtr 4,December,14,14/12/1950,Brazil,Douglas,Douglas DC 3PP,Ribeirao Brazil,VASP,20,1,1,2
1950,Qtr 3,July,30,30/07/1950,Brazil,Lockheed,Lockheed 18 LodeStarP SAA,Algrete Brazil,)SAVG        Gaucha Viacao (S.A. SAVG,12,12,0,12
1944,Qtr 3,September,21,21/09/1944,Brazil,Lockheed,Lockheed 18 LodestarPP PBH,Rio Doce Brazil,Brasil do Panair,17,17,0,17
1972,Qtr 2,May,29,29/05/1972,Brazil,Lockheed,Lockheed 049 ConstellationPP PDG,Cruzeiro do Sul Acre Brazil,Exportacao e Importacao Amazonese,18,9,0,9
1968,Qtr 3,July,15,15/07/1968,Brazil,Curtiss,Curtiss C 46CPP,Gravata Brazil,Varig,3,3,0,3
2004,Qtr 2,May,14,14/05/2004,Brazil,Embraer,Embraer 120ER BrasiliaPT WRO,Near Manaus Brazil,Aereas Linhas Rico,33,33,0,33
1963,Qtr 2,May,3,03/05/1963,Brazil,Convair,Convair CV 340,Sao Paulo Brazil,Cruzeiro,50,37,0,37
1970,Qtr 1,March,14,14/03/1970,Brazil,Fairchild,Fairchild  Hiller FH,Belem Bay Brazil,Aereos Transportes Paraense,40,38,0,38
2004,Qtr 4,December,11,11/12/2004,Brazil,Embraer,Embraer EMB 110 BandeirantePT,Uberaba Brazil,Táxi-Aéreo NHR,2,2,1,3
1968,Qtr 4,October,20,20/10/1968,Brazil,Douglas,Douglas C 47A,Feijó Brazil,Cruzeiro,19,19,0,19
1994,Qtr 2,May,7,07/05/1994,Brazil,Embraer,Embraer 110 BandeirantePT GJW,Sao Gabriel Brazil,Aero Taxi Rico,16,8,0,8
1972,Qtr 2,April,12,12/04/1972,Brazil,NAMC,NAMC YS 11A,Near Rio de Janeiro Brazil,VASP,25,25,0,25
1948,Qtr 3,July,14,14/07/1948,Brazil,Douglas,Douglas C 47APP,Belem Brazil,Brasil Aerovias,5,5,0,5
2007,Qtr 3,July,17,17/07/2007,Brazil,Airbus,Airbus A 320,Sao Paulo Brazil,(Brazil) TAM,187,187,12,199
2001,Qtr 3,September,15,15/09/2001,Brazil,Fokker,Fokker 100PT MRN,Belo Horizonte Brazil,(Brazil) TAM,82,1,0,1
1947,Qtr 1,January,3,03/01/1947,Brazil,Sirkorsky,Sikorsky S 43B (flying boat)PP,Sao Paulo Brazil,Brasil do Panair,14,11,0,11
1973,Qtr 4,October,23,23/10/1973,Brazil,NAMC,NAMC YS 11A,Guanabara Bay Brazil,VASP,65,8,0,8
2000,Qtr 3,August,2,02/08/2000,Brazil,Sirkorsky,Sikorsky S 76PT,Cubatao Brazil,Taxi Air Lider - taxi Air,6,6,0,6
1947,Qtr 2,June,11,11/06/1947,Brazil,Avro,Avro 691 LancastrianLV ACS,Near Natal Brazil,Argentina Mercante Aérea Flota,18,5,0,5
1973,Qtr 3,September,30,30/09/1973,Brazil,Douglas,Douglas DC 3APT,Miritituba Brazil,Aeronorte,9,9,0,9
2010,Qtr 1,January,25,25/01/2010,Brazil,Embraer,Embraer EMB 110C BandeirantePT,Near Senador Jose Porfírio Brazil,Aereo Taxi Piquiatuba,10,2,0,2
1948,Qtr 1,February,27,27/02/1948,Brazil,Douglas,Douglas C 472040,Near Belem Brazil,Force Air Brazilian - Military,26,23,0,23
2006,Qtr 3,September,29,29/09/2006,Brazil,Boeing,Boeing B 737,Near Sao Felix do Araguaia  Brazil,Private / Airlines Gol,161,154,0,154
1969,Qtr 3,September,14,14/09/1969,Brazil,Douglas,Douglas DC 3PP,Londrina-Parana Brazil,VASP,21,20,0,20
1943,Qtr 3,August,27,27/08/1943,Brazil,Junkers,Junkers JU 52/3mPP,Rio de Janeiro Brazil,VASP,21,18,0,18
1948,Qtr 1,March,13,13/03/1948,Brazil,Douglas,Douglas DC 3PP,Sierra Cristais Brazil,Cruzeiro,6,6,0,6
2007,Qtr 1,March,14,14/03/2007,Brazil,Rockwell,Rockwell 500S Shrike CommanderPP SEC,Fazenda Nossa Senhora de Lourdes Brazil,Aéreo Taxi AéreoBahia Taxi AéreoBahia Taxi Bahia,4,4,0,4
1973,Qtr 2,June,9,09/06/1973,Brazil,Boeing,Boeing 707 327CPP,Rio de Janeiro Brazil,Varig,4,2,0,2
1944,Qtr 2,June,20,20/06/1944,Brazil,Lockheed,Lockheed 10C ElectraPP VAG,Porto Alegre Brazil,Varig,10,10,0,10
1946,Qtr 3,September,27,27/09/1946,Brazil,Douglas,Douglas DC 3A,Rio Doce Brazil,Brasil do Panair,25,25,0,25
1949,Qtr 2,June,7,07/06/1949,Brazil,Douglas,Douglas C 47BC,Near Florianpolis Brazil,Force Air Brazilian - Military,27,27,0,27
1997,Qtr 3,July,9,09/07/1997,Brazil,Fokker,Fokker 100PT WHK,Suzano Brazil,(Brazil) TAM,60,1,0,1
1949,Qtr 3,August,3,03/08/1949,Brazil,Douglas,Douglas DC 3PP,Sao Francisco Bay Brazil,Brasil Aéreas Lineas,30,5,0,5
1975,Qtr 1,February,27,27/02/1975,Brazil,Embraer,Embraer 110C BandeirantePP SBE,Near Sao Paulo Brazil,VASP,15,15,0,15
1949,Qtr 3,August,2,02/08/1949,Brazil,Curtiss,Curtiss C 46D,Jaquirana Brazil,Varig,36,5,0,5
1971,Qtr 3,September,28,28/09/1971,Brazil,Douglas,Douglas DC 3PP,Sena Madureira Brazil,Cruzeiro,32,32,0,32
1998,Qtr 3,July,29,29/07/1998,Brazil,Embraer,Embraer 110 BandeirantePT LGN,Manacapuru River Brazil,Aero Taxi Selva,24,5,0,5
1999,Qtr 3,September,14,14/09/1999,Brazil,Embraer,Embraer 110 BandeirantePT ODK,Belelm Brazil,Aéreo Táxi Jet Norte,2,2,0,2
1949,Qtr 1,January,5,05/01/1949,Brazil,Avro,Avro 685 York 1G AHEX,Caravelas Bay Brazil,Airways American South British,17,3,0,3
1946,Qtr 4,December,23,23/12/1946,Brazil,Avro,Avro  685 York ILV XIG,Near Rio de Janeiro Brazil,(Argentina) FAMA,21,21,0,21
1944,Qtr 3,August,30,30/08/1944,Brazil,Lockheed,Lockheed 18 LodestarPP PBI,Sao Paulo Brazil,Brasil do Panair,18,18,0,18
1949,Qtr 1,January,11,11/01/1949,Brazil,Lockheed,Lockheed 18 LodestarPP SAC,Near Pelotas Brazil,S.A. Gaucha Aerea Viacao,12,12,0,12
1999,Qtr 2,April,7,07/04/1999,Brazil,Learjet,Learjet 24DPT LEM,Ribeirao Preto Brazil,Aéreo Táxi Manacá,5,5,0,5
2007,Qtr 3,August,22,22/08/2007,Brazil,Embraer,Embraer EMB 110P1 BandeirantPT,Near Curitiba Brazil,Aero Taxi Two,2,2,0,2
2002,Qtr 3,August,30,30/08/2002,Brazil,Embraer,Embraer 120ER BrasiliaPT WRQ,Rio Branco Brazil,Aéreo Taxi Rico,31,23,0,23
1964,Qtr 2,May,27,27/05/1964,Brazil,Douglas,Douglas C 47,Itapecerica da Serra Brazil,VASP,3,3,0,3
1959,Qtr 3,September,23,23/09/1959,Brazil,Saab,Saab Scandia 90A 1PP,Sao Paulo Brazil,VASP,20,20,0,20
1983,Qtr 4,October,7,07/10/1983,Brazil,Embraer,Embraer 110C BandeirantePP SBH,Aracatuba Brazil,Regional Aéreas Lineas TAM,15,7,0,7
1958,Qtr 4,December,30,30/12/1958,Brazil,Saab,Saab ScandiaPP SQE,Rio de Janeiro Brazil,VASP,37,21,0,21
1959,Qtr 1,January,11,11/01/1959,Brazil,Lockheed,Lockheed L 1049G Super ConstillationD ALAK,Rio de Janerio Brazil,Lufthansa,39,36,0,36
1983,Qtr 1,March,9,09/03/1983,Brazil,Bell,Bell 212PT HJN,Off Macae Brazil,Aereo Taxi Aeroleo,11,11,0,11
1960,Qtr 2,April,12,12/04/1960,Brazil,Douglas,Douglas DC 3PP,Pelotas Brazil,Cruzeiro,22,10,0,10
1982,Qtr 3,September,4,04/09/1982,Brazil,Gates,Gates Learjet 25BPT JBQ,Rio Branco Brazil,Tratores de Brasiliera Cia,10,10,0,10
1960,Qtr 1,February,25,25/02/1960,Brazil,Douglas,Douglas DC 3 / USN R4,Rio de Janeiro Brazil,Navy U.S. - Military / REAL,64,61,0,61
1977,Qtr 2,June,3,03/06/1977,Brazil,Embraer,Embraer C 95 BandeiranteFAB2157,Natal Brazil,Force Air Brazilian - Military,18,18,0,18
1959,Qtr 4,December,22,22/12/1959,Brazil,Vickers,Vickers Viscount 827 / Fokker T 21PP,Rio de Janeiro Brazil,VASP,32,32,10,42
1984,Qtr 2,June,28,28/06/1984,Brazil,Embraer,Embraer 110C BandeirantePP SBC,Near Sao Pedro d' Aldeia Brazil,Regional Aéreas Lineas TAM,18,18,0,18
1984,Qtr 2,April,18,18/04/1984,Brazil,Embraer,Embraer 110EJ Band./Embraer 110P Band.PT GJZ/PT,Imperatriz Brazil,VOTEC / VOTEC,35,19,0,19
1957,Qtr 4,October,18,18/10/1957,Brazil,Douglas,Douglas C 47APP,Porto Alegre Brazil,Varig,2,2,0,2
1957,Qtr 2,April,7,07/04/1957,Brazil,Curtiss,Curtiss C 46A,Bage Brazil,Varig,40,40,0,40
1957,Qtr 2,April,10,10/04/1957,Brazil,Douglas,Douglas DC 3PP,Anchieta Island Brazil,REAL,30,26,0,26
1958,Qtr 1,January,16,16/01/1958,Brazil,Fairchild,Fairchild C 82APP,Belem Brazil,Cruzeiro,3,3,0,3
1958,Qtr 2,June,16,16/06/1958,Brazil,Convair,Convair CV 440,Curitiba Brazil,Cruzeiro,26,21,0,21
1958,Qtr 3,September,5,05/09/1958,Brazil,Curtiss,Curtiss C 46A,Campina Grande Brazil,Nacional Aereo Loide,18,14,0,14
1958,Qtr 2,May,31,31/05/1958,Brazil,Curtiss,Curtiss C 46DPP,Rio de Janeiro Brazil,Aéreos Transportes Paraense,4,4,0,4
1958,Qtr 1,February,1,01/02/1958,Brazil,Douglas,Douglas DC 4PP,Rio de Janeiro Brazil,Nacional Aéreo Loide,73,5,0,5
1976,Qtr 4,October,28,28/10/1976,Brazil,Embraer,Embraer 110C BandeirantePT TBA,Near Petrolia Brazil,Aéreas Linhas Nordeste,7,2,0,2
1962,Qtr 2,May,9,09/05/1962,Brazil,Convair,Convair CV 240,Vitoria Brazil,Cruzeiro,25,23,0,23
1962,Qtr 3,August,20,20/08/1962,Brazil,McDonnell,McDonnell Douglas DC 8,Rio de Janeiro Brazil,Brazil do Panair,105,15,0,15
1963,Qtr 3,July,1,01/07/1963,Brazil,Douglas,Douglas DC 3PP,Passo Fundo Brazil,Varig,18,15,0,15
1963,Qtr 3,August,4,04/08/1963,Brazil,Douglas,Douglas DC 3PP,Ibicaré Brazil,Sadai,10,10,0,10
1961,Qtr 4,November,23,23/11/1961,Brazil,de Havilland,de Havilland Comet 4LV AHR,Campinas Brazil,Argentinas Aerolineas,52,52,0,52
1962,Qtr 4,November,26,26/11/1962,Brazil,Saab,Saab Scandia / Cessna 310PP SRA,Paraibuna Brazil,Private / VASP,26,26,0,26
1980,Qtr 1,March,21,21/03/1980,Brazil,Sirkorsky,Sikorsky S 76PT,Off Macae Brazil,VOTEC,14,14,0,14
1963,Qtr 1,January,15,15/01/1963,Brazil,Convair,Convair CV 240,Sao Paulo Brazil,Cruzeiro,45,6,7,13
1980,Qtr 2,April,12,12/04/1980,Brazil,Boeing,Boeing B 727,Florianopolis Brazil,Transbrasil,58,55,0,55
1962,Qtr 4,December,14,14/12/1962,Brazil,Lockheed,Lockheed 049 46,Near Manaus Brazil,Brasil do Panair,50,50,0,50
1962,Qtr 4,December,22,22/12/1962,Brazil,Convair,Convair CV 240,Near Brasilia Brazil,Varig,40,1,0,1
1960,Qtr 4,December,7,07/12/1960,Brazil,Curtiss,Curtiss C 46A,Cachimbo Brazil,REAL,15,15,0,15
1982,Qtr 2,May,25,25/05/1982,Brazil,Boeing,Boeing B 737,Brazilia Brazil,VASP,118,2,0,2
1982,Qtr 2,June,8,08/06/1982,Brazil,Boeing,Boeing B 727,Near Pacatuba Brazil,VASP,137,137,0,137
1982,Qtr 2,June,12,12/06/1982,Brazil,Fairchild,Fairchild  Hiller FH,Tabatinga Brazil,TABA,44,44,0,44
1960,Qtr 2,June,24,24/06/1960,Brazil,Convair,Convair CV 340,Rio de Janeiro Brazil,REAL,54,54,0,54
1961,Qtr 1,March,25,25/03/1961,Brazil,Douglas,Douglas C 47DLC,Near Natal Brazil,Force Air Brazilian - Military,28,23,0,23
1981,Qtr 1,February,24,24/02/1981,Brazil,Embraer,Embraer 110P BandeirantePT GLB,Belem Brazil,VOTEC,14,11,0,11
1961,Qtr 4,November,1,01/11/1961,Brazil,Douglas,Douglas DC 7CPP,Near Recife Brazil,Brasil do Panair,88,45,0,45
1979,Qtr 1,February,8,08/02/1979,Brazil,Embraer,Embraer 110C BandeirantePP SBB,Near Agudos Brazil,Regional Aéreas Lineas TAM,18,18,0,18
1978,Qtr 1,January,31,31/01/1978,Brazil,Embraer,Embraer 110P BandeirantePT GKW,Eirunepe Brazil,TABA,14,2,0,2
2011,Qtr 3,July,13,13/07/2011,Brazil,LET,Let L 401UVP,Recife Brazil,Aéreas Linhas NOAR,16,16,0,16
1985,Qtr 2,June,23,23/06/1985,Brazil,Embraer,Embraer 110P BandeirantePT GJN,Juara Brazil,TABA,17,17,0,17
1952,Qtr 2,May,24,24/05/1952,Brazil,Curtiss,Curtiss C 46APP,Near Manaus Brazil,Nacional Aéreo Loide,6,6,0,6
1952,Qtr 3,July,27,27/07/1952,Brazil,Boeing,Boeing 377 StratocruiserN1030V,Off Rio de Janeiro Brazil,Airways World American Pan,27,1,0,1
1952,Qtr 2,May,13,13/05/1952,Brazil,Douglas,Douglas DC 3PP,Sao Paulo Brazil,VASP,22,5,0,5
2013,Qtr 4,December,5,05/12/2013,Brazil,Britten,Britten Norman BN 2A,Near Cachimbo Brazil,Aero Taxi Heringer,5,5,0,5
1952,Qtr 2,April,29,29/04/1952,Brazil,Boeing,Boeing 377 10,Near Carolina Brazil,Airways World American Pan,50,50,0,50
1952,Qtr 3,August,12,12/08/1952,Brazil,Douglas,Douglas DC 3PP,Palmeira de Goias Brazil,Nacionales Areos Transportes,24,24,0,24
1990,Qtr 2,June,6,06/06/1990,Brazil,Fairchild,Fairchild FH 227BPT,Near Altamira Brazil,TABA,42,23,0,23
1953,Qtr 1,March,27,27/03/1953,Brazil,de Havilland,de Havilland DH 114 Heron 1BPP,Itapebi Brazil,Salvador Aéreos Transportes,14,14,0,14
1990,Qtr 3,September,20,20/09/1990,Brazil,Embraer,Embraer 110P1 BandeirantePT FAW,Off Fernando de Noronha Brazil,SUDENE,12,12,0,12
1952,Qtr 4,October,14,14/10/1952,Brazil,Douglas,Douglas DC 3PP,San Fransisco do Paula Brazil,Brasil Aero,28,14,0,14
1976,Qtr 1,January,22,22/01/1976,Brazil,Embraer,Embraer 110C BandeirantePT TBD,Chapeco Brazil,Transbrasil,11,9,0,9
1992,Qtr 2,June,22,22/06/1992,Brazil,Boeing,Boeing 737 2A1CPP,Cruzeiro do Sul Brazil,VASP,3,3,0,3
1992,Qtr 1,February,3,03/02/1992,Brazil,Embraer,Embraer 110C BandeirantePT TBB,Caetite Brazil,Aéreas Linhas Nordeste,12,12,0,12
1951,Qtr 3,July,12,12/07/1951,Brazil,Douglas,Douglas DC 3PP,Aracaju Brazil,Nacional Aereo Loide,33,33,0,33
1951,Qtr 1,March,22,22/03/1951,Brazil,Douglas,Douglas DC 3PP,Off Florianopolis Brazil,Cruzeiro,14,3,0,3
1951,Qtr 2,June,6,06/06/1951,Brazil,Douglas,Douglas DC 3DPP,Rio de Janeiro Brazil,Brasileira Trans. Aéreas Lineas,19,2,0,2
1967,Qtr 4,November,3,03/11/1967,Brazil,Handley,Handley Page HPR 7 Herald 214PP,Near Curitiba Brazil,Sadia,25,21,0,21
1967,Qtr 2,June,15,15/06/1967,Brazil,Douglas,Douglas C 47C,Near Coari Brazil,Force Air Brazilian - Military,25,20,0,20
1991,Qtr 4,November,11,11/11/1991,Brazil,Embraer,Embraer 110P1 BandeirantePT SCU,Recife Brazil,Aereas Linhas Nordeste,15,15,2,17
1991,Qtr 4,November,29,29/11/1991,Brazil,Embraer,Embraer C 95C BandeiranteFAB2333,Guaratingueta AB Brazil,Brasileira Aérea Força - Military,16,16,0,16
1951,Qtr 3,August,17,17/08/1951,Brazil,Douglas,Douglas DC 3PP,Ubatuba Brazil,REAL,10,10,0,10
1951,Qtr 3,September,8,08/09/1951,Brazil,Douglas,Douglas DC 3PP,Sao Paulo Brazil,VASP,13,13,3,16
1955,Qtr 3,August,26,26/08/1955,Brazil,Douglas,Douglas DC 3PP,Caparao Mountain Brazil,Cruzeiro,13,13,0,13
1986,Qtr 3,September,19,19/09/1986,Brazil,Embraer,Embraer 120RT BrasiliaN219AS,Near Mantiqueira Brazil,Airlines Southeast Atlantic,5,5,0,5
1955,Qtr 1,March,6,06/03/1955,Brazil,Douglas,Douglas DC 3PP,Vitoria da Conquista Brazil,REAL,21,5,0,5
1965,Qtr 3,August,12,12/08/1965,Brazil,Curtiss,Curtiss C 46APP,Near Cuiaba Brazil,Aéreos Transportes Paraense,13,13,0,13
1987,Qtr 3,September,8,08/09/1987,Brazil,Hawker,Hawker Siddeley HS 125,Carajas Brazil,Force Air Brazilian - Military,9,9,0,9
1955,Qtr 4,December,1,01/12/1955,Brazil,Douglas,Douglas DC 3PP,Belem Brazil,Cruzeiro,6,6,0,6
1964,Qtr 3,September,4,04/09/1964,Brazil,Vickers,Vickers Viscount 710CPP SRR,Pico da Caledonia Brazil,VASP,39,39,0,39
1985,Qtr 4,October,9,09/10/1985,Brazil,Embraer,Embraer 110C BandeirantePT GKA,Vitória da Conquista Brazil,Aéreas Linhas Nordeste,2,2,0,2
1956,Qtr 2,April,18,18/04/1956,Brazil,Consolidated,Consolidated PBY 5A CatalinaPP,Parintins Brazil,Brasil do Panair,12,3,0,3
1955,Qtr 4,December,19,19/12/1955,Brazil,Douglas,Douglas DC 3,Sao Paulo Brazil,Sud Do Cruzeiro,26,26,0,26
1986,Qtr 1,January,28,28/01/1986,Brazil,Boeing,Boeing B 737,Sao Paulo Brazil,VASP,72,1,0,1
1989,Qtr 3,September,3,03/09/1989,Brazil,Boeing,Boeing B 737,Near Sao Jose do Xingu Brazil,Varig,54,13,0,13
1989,Qtr 1,March,21,21/03/1989,Brazil,Boeing,Boeing B 707,Guarulhos Brazil,Transbrasil,3,3,18,21
1953,Qtr 2,June,17,17/06/1953,Brazil,Lockheed,Lockheed 049 46,Sao Paulo Brazil,Brasil do Panair,17,17,0,17
1953,Qtr 2,April,10,10/04/1953,Brazil,Douglas,Doublas Dc 3,Near Anchieta Island Brazil,REAL,0,26,0,26
1990,Qtr 1,February,12,12/02/1990,Brazil,Fokker,Fokker 27 Friendship 200PT LCG,Bauru Brazil,(Brazil) TAM,40,2,2,4
1988,Qtr 4,October,2,02/10/1988,Brazil,Beech,Beech King Air F90PT LJR,Sao Pedro da Aldeia Brazil,Aramar,8,8,0,8
1954,Qtr 3,September,12,12/09/1954,Brazil,Douglas,Douglas DC 3PP,Off Rio de Janeiro Brazil,Cruzeiro,26,6,0,6
1987,Qtr 4,December,14,14/12/1987,Brazil,Lockheed,Lockheed C 130HFAB2468,Off Vila dos Remidos Brazil,Force Air Brazilian - Military,29,29,0,29
1954,Qtr 3,July,2,02/07/1954,Brazil,Lockheed,Lockheed C 28C,Near Salvador Brazil,Force Air Brazilian - Military,24,24,0,24
1954,Qtr 2,May,31,31/05/1954,Brazil,Douglas,Douglas DC 3PP,Cipo Mountain Brazil,Nacionales Aereos Transportes,19,19,0,19
1954,Qtr 2,June,4,04/06/1954,Brazil,Curtiss,Curtiss C 46APP,Sao Paulo Brazil,Varig,3,3,0,3
1935,Qtr 4,November,2,02/11/1935,Brazil,Latecoere,Latécoère 28 1F,Off Nhambupe Brazil,France Air,4,4,0,4
1941,Qtr 1,January,15,15/01/1941,Brazil,Savoia,Savoia  Marchetti SM,Off  Fernando de Noronha Brazil,LATI,10,10,0,10
1930,Qtr 4,November,7,07/11/1930,Brazil,Junkers,Junkers G 24P,Off of Santos Brazil,Condor Syndicato,9,1,0,1
1932,Qtr 1,February,27,27/02/1932,Brazil,Latecoere,Latecoere 28F AJOX,Off Setiba Brazil,Aeropostale,3,3,0,3
1934,Qtr 3,August,5,05/08/1934,Brazil,Latecoere,Latecoere 26F AILK,Bahia Brazil,France Air,2,2,0,2
1941,Qtr 3,August,18,18/08/1941,Brazil,Lockheed,Lockheed 18 LodeStarPP PBD,Near Sao Paulo Brazil,Brasil do Panair,14,8,0,8
1939,Qtr 1,January,13,13/01/1939,Brazil,Junkers,Junkers JU 52/3mPP,Rio de Janeiro Brazil,Condor Syndicato,10,10,0,10
1940,Qtr 4,November,8,08/11/1940,Brazil,Junkers,Junkers Ju53/2mPP SPF,Rio de Janeiro Brazil,VASP,18,18,0,18
1939,Qtr 3,August,13,13/08/1939,Brazil,Sirkorsky,Sikorsky S43 (flying boat)NC16933,Rio de Janerio Brazil,Airways World American Pan,16,14,0,14
1938,Qtr 3,August,15,15/08/1938,Brazil,Junkers,Junkers JU 52/3mPP,Guanabara Brazil,Condor Syndicato,9,9,0,9
2023,Qtr 3,September,16,16/09/2023,Brazil,Embraer,Embraer EMB 110P1 BandeirantePT,Barcelos Brazil,Aerotaxi Manaus,14,14,0,14
1938,Qtr 2,May,22,22/05/1938,Brazil,Junkers,Junkers JU 52/3mPP,Sao Paulo Brazil,Sul do Cruzeiro,17,6,0,6
1974,Qtr 2,April,4,04/04/1974,Botswana,Douglas,Douglas DC 4A2,Francistown Botswana,Services Air Wenela,84,78,0,78
1973,Qtr 3,July,31,31/07/1973,Boston,McDonnell,McDonnell Douglas DC 9,Logan Airport Boston,Massachusetts Delta Air Lines,89,89,0,89
2004,Qtr 1,February,6,06/02/2004,Bosnia-Herzegovina,Beechcraft,Beechcraft Super King Air 200Z3 BAB,Bitonja Bosnia-Herzegovina,Macedonia of Government - Military,9,9,0,9
1962,Qtr 1,January,22,22/01/1962,Boliviano,Curtiss,Curtiss C 46DCP,Caranavi  Boliviano,Fomento de,6,6,0,6
1976,Qtr 4,October,13,13/10/1976,Bolivia,Boeing,Boeing B 707,Santa Cruz Bolivia,Boliviano Aéreo Lloyd,3,3,113,116
1974,Qtr 1,January,6,06/01/1974,Bolivia,Curtiss,Curtiss C 46FCP,Unduavi Bolivia,Boliviano Aéreos Servicios,4,4,0,4
1987,Qtr 2,May,20,20/05/1987,Bolivia,de Havilland,de Havilland Canada DHC 6 Twin Otter 300CP,Santa Cruz Bolivia,Aereos Transportes YPFB,16,14,0,14
1974,Qtr 1,January,10,10/01/1974,Bolivia,Douglas,Douglas C 54TAM,La Paz Bolivia,(Bolivia) TAM,24,24,0,24
1988,Qtr 1,January,18,18/01/1988,Bolivia,Curtiss,Curtiss C 46A,Mt. Colorado Bolivia,Aéreos Transportes Empresa - ETA,9,9,0,9
1997,Qtr 4,December,13,13/12/1997,Bolivia,Swearingen,Swearingen SA 226T Metro IICP,La Veriente Bolivia,STAP,19,10,0,10
1962,Qtr 3,September,10,10/09/1962,Bolivia,Douglas,Douglas C 47ACP,Near Alcoche Bolivia,Abaroa Aerolineas,4,4,0,4
1957,Qtr 1,March,18,18/03/1957,Bolivia,Douglas,Douglas DC 3CP,Near Sayari Bolivia,Boliviano Aereo Lloyd,19,19,0,19
1985,Qtr 2,April,20,20/04/1985,Bolivia,Convair,Convair CV 440CP,Santa Rosa Bolivia,Transportada Aereo Carga,4,4,0,4
1981,Qtr 2,April,6,06/04/1981,Bolivia,Douglas,Douglas C 47ACP,Laguna Soliz Bolivia,Urcupina,7,7,0,7
1985,Qtr 1,January,1,01/01/1985,Bolivia,Boeing,Boeing B 727,Near La Paz Bolivia,Lines Air Eastern,29,29,0,29
1964,Qtr 4,December,8,08/12/1964,Bolivia,Douglas,Douglas DC 3CP,Tripuani Bolivia,Abaroa Aerolineas,17,17,0,17
1960,Qtr 3,August,1,01/08/1960,Bolivia,Douglas,Douglas C 47TAM,Near Tipuani Bolivia,(Bolivia) TAM,6,6,0,6
1985,Qtr 4,October,11,11/10/1985,Bolivia,Curtiss,Curtiss C 46DCP,Near Beni Bolivia,Sabeni,2,2,0,2
1980,Qtr 2,June,2,02/06/1980,Bolivia,Fairchild,Fairchild F 27JCP,Near Yachiba Bolivia,Boliviano Aereo Lloyd,13,13,0,13
1989,Qtr 4,December,21,21/12/1989,Bolivia,Lockheed,Lockheed C 130ATAM,Near Guayaramerin Bolivia,Force Air Bolivian - Military,28,24,0,24
1951,Qtr 3,September,29,29/09/1951,Bolivia,Curtiss,Curtiss C 46D,La Paz Bolivia,Andes Los Cooperativo Frigorifico,27,27,0,27
2011,Qtr 3,September,6,06/09/2011,Bolivia,Swearingen,Swearingen SA 227BC Metroliner IIICP,Near Trinidad Bolivia,Aerocon,9,8,0,8
1976,Qtr 1,January,18,18/01/1976,Bolivia,Douglas,Douglas C 47CP,Near San Borja Bolivia,Maniqui Frigorifico,10,7,0,7
1951,Qtr 3,July,29,29/07/1951,Bolivia,Curtiss,Curtiss C 46ACB,Cochabamba Bolivia,Nacional Aéreo Loide,7,7,0,7
1992,Qtr 3,August,21,21/08/1992,Bolivia,Convair,Convair CV 440,Colorado Bolivia,Ana Santa Aereos Servicios,10,10,0,10
2013,Qtr 4,November,3,03/11/2013,Bolivia,Swearingen,Swearingen SA227 AC Metro IIICP,Riberalta Bolivia,Aerocon,18,8,0,8
1992,Qtr 1,March,2,02/03/1992,Bolivia,Curtiss,Curtiss C 46TCP,Beni Bolivia,Rita Santa Frigorifico,5,5,0,5
1979,Qtr 4,December,12,12/12/1979,Bolivia,Martin,Martin 404CP 1440,Apolo Bolivia,CAMBA,11,10,0,10
1936,Qtr 1,January,17,17/01/1936,Bolivia,Junkers,Junkers JU 52,Near Cordillera Boliva,Boliviano Aereo Lloyd,13,13,0,13
1966,Qtr 3,August,3,03/08/1966,Bolivia,Curtiss,Curtiss C 46DCP,Benito Bolivia,Boliviano Aéreo Lloyd,3,3,0,3
1953,Qtr 4,November,3,03/11/1953,Bolivia,Douglas,Douglas DC 3CP,Tarabuco Bolivia,Boliviano Aereo Lloyd,28,28,0,28
1932,Qtr 4,October,26,26/10/1932,Bolivia,Ford,Ford Tri motor 5,Villa Monte Bolivia,Boliviano Aero Lloyd,2,2,0,2
1975,Qtr 4,October,27,27/10/1975,Bolivia,Convair,Convair CV 440,Tomonoco Bolivia,(Bolivia) TAM,67,67,0,67
1990,Qtr 4,October,19,19/10/1990,Bolivia,Douglas,Douglas C 47B,Near Bella Vista Bolivia,BAFIN,4,4,0,4
1950,Qtr 1,January,20,20/01/1950,Bolivia,Douglas,Douglas C 47TAM,Near Vacas Bolivia,Force Air Bolivian - Military,32,32,1,33
1964,Qtr 3,August,22,22/08/1964,Bolivia,Douglas,Douglas C 47A,Near Tipuani Bolivia,Cochabamba Aéreos Servicios,4,4,0,4
1984,Qtr 1,March,24,24/03/1984,Bolivia,Douglas,Douglas C 54CP,Near Rurrenabaque Bolivia,Reyes Frigorifico,5,5,0,5
1984,Qtr 1,March,16,16/03/1984,Bolivia,Fairchild,Fairchild F 27MCP,San Borja Bolivia,Boliviano Aereo Lloyd,23,23,0,23
1984,Qtr 1,January,13,13/01/1984,Bolivia,Douglas,Douglas EC 54UCP,Cochabamba Bolivia,Airways Bolivian East North,3,1,0,1
1958,Qtr 1,January,20,20/01/1958,Bolivia,Douglas,Douglas DC 3TAM,Near La Paz Bolivia,(Bolivia) TAM,11,11,0,11
1960,Qtr 1,February,5,05/02/1960,Bolivia,Douglas,Douglas DC 4CP,Cochabamba Bolivia,Boliviano Aereo Lloyd,59,59,0,59
1958,Qtr 4,November,8,08/11/1958,Bolivia,Douglas,Douglas DC 3TAM,La Paz Bolivia,(Bolivia) TAM,3,3,0,3
1978,Qtr 3,August,14,14/08/1978,Bolivia,Curtiss,Curtiss C 46HK,Sogamoso Bolivia,Aeropeca,18,18,0,18
1958,Qtr 4,October,15,15/10/1958,Bolivia,Douglas,Douglas C 47ATAM,Villa Montes Bolivia,(Bolivia) TAM - Military,20,20,0,20
1964,Qtr 1,February,4,04/02/1964,Bolivia,Douglas,Douglas DC 3CP,Yacuiba Bolivia,Boliviano Aéreo Lloyd,29,2,0,2
1959,Qtr 4,December,31,31/12/1959,Bolivia,Douglas,Douglas DC 3CP,Near San Jose de Chiquitos Bolivia,Boliviano Aereo Lloyd,11,11,0,11
1972,Qtr 3,September,7,07/09/1972,Bolivia,Curtiss,Curtiss C 46A,Trinidad Bolivia,Copacabana de Virgen Aereas Servicios,8,1,0,1
1969,Qtr 3,September,26,26/09/1969,Bolivia,Douglas,Douglas DC 6BCP,Near La Paz Bolivia,Boliviano Aereo Lloyd,74,74,0,74
1940,Qtr 4,November,4,04/11/1940,Bolivia,Junkers,Junkers Ju 52/3mCB,Near Rincon Bolivia,SA Boliviano Aero Lloyd,17,17,0,17
2008,Qtr 2,April,28,28/04/2008,Black,Mil,Mil Mi 8TUR,Off Crimea Black,SeaNaftogaz,20,20,0,20
1937,Qtr 3,August,8,08/08/1937,Bias,Sirkorsky,Sikorsky S 43NC16930,Chilang Point Bias,China          Bay China National Aviation Corporation,11,3,0,3
1968,Qtr 3,September,28,28/09/1968,Biafra,Douglas,Douglas C 54BN90427,Port Harcourt Biafra,Nigeria Pan African Airlines,57,57,1,58
1950,Qtr 4,November,25,25/11/1950,Bhutan,Douglas,Douglas C 47AVT,Khitka Bhutan,Indamer,3,3,0,3
1951,Qtr 1,January,13,13/01/1951,Besar,Douglas,Douglas DC 3VR,Mt. Bukit Besar,Thailand Air Carriers,10,10,0,10
1952,Qtr 4,December,6,06/12/1952,Bermuda,Douglas,Douglas DC 4CU,Off Bermuda-Kindley Field Bermuda,Aviacion de Cubana,41,37,0,37
2003,Qtr 4,December,25,25/12/2003,Benin,Boeing,Boeing B 727,Cotonou Benin,Guinee de Aeriens Transports des Union,161,140,0,140
2000,Qtr 4,December,11,11/12/2000,Beni,Cessna,Cessna 206CP 1721,Near Sumacal Beni,BOServicio Aereo Manchupo,6,6,0,6
1937,Qtr 3,July,28,28/07/1937,Belgium,Douglas,Douglas DC 2,Hal Belgium,Airlines Dutch Royal KLM,15,15,0,15
1945,Qtr 4,October,13,13/10/1945,Belgium,Consolidated,Consolidated LB 30,Melsbroek Belgium,Force Air -Royal Military,31,31,0,31
1939,Qtr 1,March,14,14/03/1939,Belgium,Junkers,Junkers JU 52OO,Haren Belgium,Sabena,3,3,0,3
1933,Qtr 4,December,30,30/12/1933,Belgium,Avro,Avro 10G ABLU,Near Ruysselede Belgium,Airways Imperial,10,10,0,10
1961,Qtr 1,February,15,15/02/1961,Belgium,Boeing,Boeing B 707,Near Brussels Belgium,Sabena,72,72,1,73
1931,Qtr 1,January,8,08/01/1931,Belgium,Fokker,Fokker F VIIOO,Melle Belgium,Sabena,2,2,0,2
1946,Qtr 3,September,17,17/09/1946,Belgium,Douglas,Douglas C 47,Brussels Belgium,Sabena,7,1,0,1
1965,Qtr 3,August,20,20/08/1965,Belgium,Vickers,Vickers 804 ViscountSP LVA,Jeuk Belgium,Airlines Polish Lot,4,4,0,4
1948,Qtr 3,August,31,31/08/1948,Belgium,Douglas,Douglas DC 3 (Douglas C,Near Elizabethville Belgium,CongoSabena,13,13,0,13
1915,Qtr 1,March,5,05/03/1915,Belgium,Zeppelin,Zeppelin L 8 (airship),Tienen Belgium,Navy German - Military,41,17,0,17
1926,Qtr 3,July,9,09/07/1926,Belgium,Fokker,Fokker F7H NACC,Wolvertem Belgium,Airlines Dutch Royal KLM,2,2,0,2
1933,Qtr 1,March,28,28/03/1933,Belgium,Armstrong,Armstrong Whitworth Argosy IIG AACI,Near Dixmude Belgium,Airways Imperial,15,15,0,15
1937,Qtr 4,November,16,16/11/1937,Belgium,Junkers,Junkers JU 52/3mOO,Ostende Belgium,Sabena,11,11,0,11
1961,Qtr 4,December,12,12/12/1961,Belgium,Fairchild,Fairchild C 119G  Fairchild C,Chievres Belgium,Force Air Belgian - Military,13,13,8,21
1948,Qtr 3,July,1,01/07/1948,Belgium,Fiat,Fiat G.212CPI ELSA,Keerbergen Belgium,Italiane Linee Avio,12,8,0,8
1917,Qtr 1,March,4,04/03/1917,Belgium,Airship,Airship,Near Gent Belgium,Army German - Military,20,20,0,20
1960,Qtr 2,April,22,22/04/1960,Belgian,Douglas,Douglas C 54BOO,Bunia Belgian,(Belgium) SA CongoSobelair,35,35,0,35
1952,Qtr 1,February,4,04/02/1952,Belgian,Douglas,Douglas DC 3OO,Kikwit Belgian,CongoSabena,15,15,0,15
1948,Qtr 2,May,13,13/05/1948,Belgian,Douglas,Douglas DC 4,Near Magazini Belgian,(Zaire)Sabena Congo,32,31,0,31
1985,Qtr 1,February,1,01/02/1985,Belarus,Tupolev,Tupolev TU 134ACCCP,Minsk Belarus,USSRAeroflot,80,58,0,58
1957,Qtr 2,June,23,23/06/1957,BC,Douglas,Douglas DC 3CF,Port Hardy BC,Canada Pacific Western,18,14,0,14
2011,Qtr 4,October,27,27/10/2011,BC,Beechcraft,Beechcraft 100 King AirC GXRX,Vancouver BC,Canada Northern Thunderbird Air Inc.,9,1,0,1
2009,Qtr 4,November,29,29/11/2009,BC,de Havilland,de Havilland Canada DHC 2 Beaver MK,Lyall Harbour BC,Canada Seair Seaplanes,8,6,0,6
1977,Qtr 1,January,14,14/01/1977,BC,de Havilland,de Havilland Canada DHC 6 Twin Otter 300C,Terrace BC,Canada Northern Thunderbird Air Ltd.,12,12,0,12
1930,Qtr 4,October,28,28/10/1930,BC,Lockheed,Lockheed VegaNC103W,Prince Rupert BC,Canada Alaska-Washington Airways,3,3,0,3
1952,Qtr 1,January,19,19/01/1952,BC,Douglas,Douglas DC 4N45342,Off Sandspit BC,Canada Northwest Orient Airlines,43,36,0,36
1953,Qtr 2,May,11,11/05/1953,BC,Consolidated,Consolidated PBY 5A CatalinaCF,Prince Rupert BC,Canada Canadian Pacific Air Lines,19,2,0,2
1938,Qtr 2,May,27,27/05/1938,BC,Fairchild,Fairchild 51CF AUX,Alberno Canal BC,Canada Ginger Coote Airways,1,1,0,1
1978,Qtr 3,September,3,03/09/1978,BC,de Havilland,de havilland Canada Twin Otter 200C FAIV,Coal Harbour BC,Canada Air,13,11,0,11
1951,Qtr 4,October,17,17/10/1951,BC,Consolidated,Consolidated PBY 5A CatalinaCF,Mt. Benson BC,Canada Queen Charlotte Airlines,23,23,0,23
1928,Qtr 3,August,25,25/08/1928,BC,Ford,Ford 4 AT,Near Port Townsend BC,Canada British Columbia Airways,7,7,0,7
1929,Qtr 2,June,29,29/06/1929,Bavaria,Dornier,Domier Delphin III (flying boat)D 1620,Near Lindau Bavaria,Germany Bodensee Aerolloyd,5,5,0,5
1976,Qtr 4,October,6,06/10/1976,Barbados,McDonnell,McDonnell Douglas DC 8,Off Bridgetown Barbados,Aviacion de Cubana,73,73,0,73
1996,Qtr 1,January,8,08/01/1996,Barbados,Britten,Britten  Norman BN,Off Bridgetown Barbados,Airways Mustique,10,1,0,1
2016,Qtr 1,March,9,09/03/2016,Bangladesh,Antonov,Antonov AN 26 S2,Cox's Bazar Bangladesh,Ltd. Aviation True,4,3,0,3
1984,Qtr 3,August,5,05/08/1984,Bangladesh,Fokker,Fokker F 27 Friendship 600S2,Dacca Bangladesh,Biman Bangladesh,49,49,0,49
1958,Qtr 3,July,9,09/07/1958,Bangladesh,Douglas,Douglas C 47AVT,Dhaka Baangladesh,Airlines Indian,3,3,0,3
1970,Qtr 4,December,2,02/12/1970,Bangladesh,Canadair,Canadair CL 44JTF,Dhaka Bangladesh,Cargolux,8,8,0,8
1974,Qtr 2,April,22,22/04/1974,Bali,Boeing,Boeing B 707,Grogak Bali,Indonesia Pan American World Airways,107,107,0,107
1950,Qtr 2,June,15,15/06/1950,Bahrain,Douglas,Douglas DC 4F,Bahrain Bahrain,France Air,53,40,0,40
2000,Qtr 3,August,23,23/08/2000,Bahrain,Airbus,Airbus A320 212A4O,Off Manama Bahrain,Air Gulf,143,143,0,143
1945,Qtr 4,December,5,05/12/1945,Bahamas,Martin,Martin PBM Mariner59225,Off Smyrna Bahamas,Navy U.S. - Military,13,13,0,13
1980,Qtr 3,September,12,12/09/1980,Bahamas,Douglas,Douglas DC 3N75KW,Off Freeport Bahamas,Airlines Commuter Florida,34,34,0,34
2003,Qtr 3,July,13,13/07/2003,Bahamas,Cessna,Cessna 402CN314AB,Off Treasure Cay Bahamas,Sunshine Air,10,2,0,2
1969,Qtr 2,April,2,02/04/1969,Bahamas,Curtiss,Curtiss C 46FN3914,Off New Providence Island Bahamas,Inc Bahamas the of Islands,2,2,0,2
2000,Qtr 3,July,20,20/07/2000,Bahamas,Douglas,Douglas C 47A,Nassau Bahamas,Freight Air Allied,2,2,0,2
1983,Qtr 3,July,11,11/07/1983,Azuay,Boeing,Boeing B 737,Near Cuenca Azuay,Ecuador TAME,119,119,0,119
1976,Qtr 3,September,3,03/09/1976,Azores,Lockheed,Lockheed C 130H7772,Lajes Azores,Portugal Military - Venezuelan Air Force,68,68,0,68
1958,Qtr 1,February,20,20/02/1958,Azores,Lockheed,Lockheed WV 2BU,Off Corvo Island Azores,Navy U.S. - Military,22,22,0,22
1954,Qtr 3,August,9,09/08/1954,Azores,Lockheed,Lockheed 749A 79 ConstellationHK,Terceira Island Azores,Portugal AVIANCA,30,30,0,30
1989,Qtr 1,February,8,08/02/1989,Azores,Boeing,Boeing B 707,Santa Maria Azores,Portugal Independent Air Inc.,144,144,0,144
1950,Qtr 2,May,18,18/05/1950,Azores,Boeing,Boeing B 2944,Lagens Air Force Base Azores,Force Air U.S. - Military,16,16,0,16
1999,Qtr 4,December,11,11/12/1999,Azores,British,British Aerospace APTCS TGM,Sao Jorge Azores,(Portugal)SATA,35,35,0,35
1949,Qtr 4,October,28,28/10/1949,Azores,Lockheed,Lockheed 749 79,San Miguel Island Azores,France Air,48,48,0,48
2004,Qtr 1,March,4,04/03/2004,"Azerbaijan
	
Bakou",Ilyushin,Ilyushin II 76UR,"Bakou Azerbaijan
	
Bakou",Azerbaijan Azov Avia Airlines,7,3,0,3
1965,Qtr 1,February,13,13/02/1965,Azerbaijan,Ilyushin,Ilyushin IL 14PCCCP,Near Shirinbulak Azerbaijan,Aeroflot,23,23,0,23
1966,Qtr 2,April,23,23/04/1966,Azerbaijan,Ilyushin,Ilyushin IL 14CCCP,Off Baku Azerbaijan,Aeroflot,33,33,0,33
1992,Qtr 3,July,14,14/07/1992,Azerbaijan,Antonov,Antonov AN 12VCCCP,Near Nakhichevan Azerbaijan,Force Air Russian - Military,34,29,0,29
1990,Qtr 3,August,1,01/08/1990,Azerbaijan,Yakovlev,Yakovlev YAK 40CCCP,Stepanakert Azerbaijan,USSRAeroflot,47,47,0,47
1992,Qtr 1,January,28,28/01/1992,Azerbaijan,Mil,Mil Mi 8 (helicopter),Near Stepanakert Azerbaijan,Force Air Azerbaijan - Military,47,47,0,47
1995,Qtr 4,November,30,30/11/1995,Azerbaijan,Boeing,Boeing 707 323C4K,Baku Azerbaijan,Airlines Azerbaijan,6,2,0,2
1948,Qtr 4,October,12,12/10/1948,Azerbaijan,Ilyushin,Ilyushin Il12CCCP L1450,Near Yevlakh Azerbaijan,USSRAeroflot,10,10,0,10
1997,Qtr 2,April,15,15/04/1997,Azerbaijan,Yakovlev,Yakovlev 404K 87504,Gyandzha Azerbaijan,Airlines Azerbaijan,6,6,0,6
2005,Qtr 4,December,23,23/12/2005,Azerbaijan,Antonov,Antonov AN 140,Nardaran Azerbaijan,Airlines Azerbaijan,23,23,0,23
1995,Qtr 4,December,5,05/12/1995,Azerbaijan,Tupolev,Tupolev TU 134B,Near Nakhichevan Azerbaijan,Russia Azerbaijani Airlines,82,54,0,54
1973,Qtr 3,August,18,18/08/1973,Azerbaijan,Antonov,Antonov AN 24VCCCP,Baku Azerbaijan,USSRAeroflot,64,56,0,56
1954,Qtr 4,December,25,25/12/1954,Ayrshire,Boeing,Boeing B377 10,Prestwick Ayrshire,Scotland British Overseas Airways,36,28,0,28
1942,Qtr 4,December,19,19/12/1942,Austria,Junkers,Junkers JU 52/3mOY,Near Vienna Austria,DDL,16,2,0,2
1955,Qtr 4,October,10,10/10/1955,Austria,Convair,Convair CV 340,Near Vienna Austria,Airlines Yugoslav JAT,29,7,0,7
1964,Qtr 1,February,29,29/02/1964,Austria,Bristol,Bristol Britannia 312G AOVO,Near Innsbruck Austria,Airlines International Eagle British,83,83,0,83
1981,Qtr 4,October,15,15/10/1981,Austria,Cessna,Cessna 404 TitanOE FCT,Kufstein Austria,Flugdienst Oefag,9,9,0,9
1934,Qtr 4,November,2,02/11/1934,Australia,de Havilland,De Havilland DH 61VH,Kiapit Australia,Service Transport Air Holdens,4,2,0,2
1954,Qtr 1,March,14,14/03/1954,Australia,Douglas,Douglas C 47AVH,Off Mackay Australia,Airlines Queensland,2,2,0,2
1934,Qtr 4,November,15,15/11/1934,Australia,de Havilland,de Havilland DH 86VH,Near Longreach Australia,Qantas,4,4,0,4
1950,Qtr 2,June,26,26/06/1950,Australia,Douglas,Douglas DC 4,York Australia,ANA Ansett,29,29,0,29
1942,Qtr 2,April,21,21/04/1942,Australia,Lockheed,Lockheed 14 ElectraVH ADY,Pine Creek Australia,Limited Airways Guinea,12,12,0,12
1934,Qtr 4,October,19,19/10/1934,Australia,de Havilland,de Havilland DH 86VH,Bass Strait Australia,Airways Holymans,11,11,0,11
1942,Qtr 3,July,7,07/07/1942,Australia,Lockheed,Lockheed HudsonA16 198,Off Broken Head Australia,Force Air Australian Royal - Military,10,10,0,10
1934,Qtr 4,October,3,03/10/1934,Australia,de Havilland,de Havilland DH 50AVH,Near Winton Australia,Qantas,3,3,0,3
1936,Qtr 2,May,16,16/05/1936,Australia,de Havilland,De Havilland DH 60 MothVH,Mount Waverley Australia,Airways Holymans,2,2,0,2
1942,Qtr 1,March,3,03/03/1942,Australia,Consolidated,Consolidated B 24 Liberator40,Off Broome Australia,Force Air Army U.S. - Military,21,20,0,20
1938,Qtr 3,August,29,29/08/1938,Australia,de Havilland,De Havilland DH 84VH,Innisfail Australia,Airways Queensland North,9,5,0,5
1939,Qtr 1,January,18,18/01/1939,Australia,Lockheed,Lockheed 14 ElectraVH ABI,Katherine Australia,Airways Guinea,4,4,0,4
1945,Qtr 2,June,24,24/06/1945,Australia,de Havilland,de Havilland DH 86AVH,Gealdton Australia,Airlines Miller Robertson Mac,11,2,0,2
1949,Qtr 1,March,10,10/03/1949,Australia,Lockheed,Lockheed 18 LodestarVH BAG,Coolangatta Australia,Airlines Queensland,22,22,0,22
1945,Qtr 2,April,19,19/04/1945,Australia,Douglas,Douglas DC 339067,Near Perth Australia,Navy U.S. - Military,13,13,0,13
1945,Qtr 1,January,31,31/01/1945,Australia,Stinson,Stinson Model AVH UYY,Redesdale Australia,Airways National Australian,10,10,0,10
1966,Qtr 3,September,22,22/09/1966,Australia,Vickers,Vickers Viscount 832VH RMI,Winton Australia,ANA Ansett,24,24,0,24
1948,Qtr 3,September,2,02/09/1948,Australia,Douglas,Douglas DC 3VH,Near Quirindi Australia,Airways National Australian,13,13,0,13
1940,Qtr 3,August,13,13/08/1940,Australia,Lockheed,Lockheed Hudson A16 97,Near Canberra Australia,Force Air Australian Royal - Military,10,10,0,10
1960,Qtr 1,January,26,26/01/1960,Australia,de Havilland,de Havilland DH 114 Heron 2DCR,Off Bathurst Island Australia,Timor de Aéreos Transportes,9,9,0,9
1938,Qtr 4,December,12,12/12/1938,Australia,Shorts,Short S23 ‘C’ Class flying boatG AEUH,Darwin Australia,Qantas,13,13,0,13
1948,Qtr 4,November,8,08/11/1948,Australia,Douglas,Douglas DC 3VH,Mt. Macedon Australia,Airways National Australian,23,3,0,3
1941,Qtr 3,August,27,27/08/1941,Australia,de Havilland,de Havilland DH.80 Puss MothVH UQL,Coen Australila,Australia of Airlines,3,3,0,3
1938,Qtr 4,October,25,25/10/1938,Australia,Douglas,Douglas DC 2,Mt. Dandenong Australia,Airways National Australian,18,18,0,18
1943,Qtr 4,December,19,19/12/1943,Australia,Douglas,Douglas C 47A,Canal Creek Australia,Force Air U.S. - Military,31,31,0,31
1938,Qtr 1,March,8,08/03/1938,Australia,de Havilland,De Havilland DH 60VH,Somerton Australia,Airways National Australian,1,1,0,1
1943,Qtr 3,August,7,07/08/1943,Australia,Douglas,Douglas C 47,Off Townsville Australia,Force Air U.S. - Military,27,27,0,27
1951,Qtr 3,August,8,08/08/1951,Australia,VH,VH  TAT,Barilla Bay Australia,Airlines Australia Trans,2,2,0,2
1944,Qtr 4,October,11,11/10/1944,Australia,Shorts,Short S.23 Empire Flying BoatVH ABB,Sydney Australia,Qantas,29,1,0,1
1944,Qtr 4,October,11,11/10/1944,Australia,Shorts,Short S 23 (flying boat)VH,Sydney Australia,Qantas,30,1,0,1
1954,Qtr 4,October,31,31/10/1954,Australia,Vickers,Vickers 720 ViscountVH TVA,Mangalore Australia,TAA,8,3,0,3
1949,Qtr 3,July,2,02/07/1949,Australia,Douglas,Douglas C 47A,Near Guildford Australia,Airlines Roberston-Miller Mac,18,18,0,18
1994,Qtr 1,March,21,21/03/1994,Australia,Britten,Britten  Norman BN,Weipa Australia,Services Air Aurukun,6,6,0,6
1985,Qtr 4,October,10,10/10/1985,Australia,IAI,IAI 1124 WestwindVH IWJ,Off South Head Australia,Air Pel,2,2,0,2
1921,Qtr 4,December,5,05/12/1921,Australia,Bristol,Bristol 28 TourerG AUDI,Near Murchinson River Australia,Airways Australian West,2,2,0,2
2000,Qtr 3,September,4,04/09/2000,Australia,Beechcraft,Beechcraft SKA 200VH SKC,Near Burketown Australia,Air Central - Charter,8,8,0,8
2000,Qtr 2,May,31,31/05/2000,Australia,Piper,Piper PA 31,Off Whyalla Australia,Airlines Whyalla,8,8,0,8
1928,Qtr 3,September,4,04/09/1928,Australia,de Havilland,de Havilland DH.50JG AUHI,Adelaide Hills Australia,Qantas,2,1,0,1
1932,Qtr 4,December,26,26/12/1932,Australia,de Havilland,De Havilland DH 60VH,Wau Australia,Airways Guinea,1,1,0,1
1932,Qtr 3,September,18,18/09/1932,Australia,de Havilland,De Havilland DH 80VH,Byron Bay Australia,Airways England New,3,3,0,3
1942,Qtr 1,March,3,03/03/1942,Australia,Douglas,Douglas DC 3PK,Wyndham Australia,KNILM,12,8,0,8
1921,Qtr 2,April,6,06/04/1921,Australia,Avro,Avro 504H3021,Point Cook Australia,Force Air Australian Royal - Military,2,2,0,2
2003,Qtr 4,November,8,08/11/2003,Australia,Robertson,Robertson R44 helicopterVH YKL,200 miles NE of Derby Australia,Taxi Air - Ltd. Pty WA Heliwork,4,4,0,4
1931,Qtr 3,July,14,14/07/1931,Australia,Lasco,Lasco LascowlVH UGF,Temora Australia,Services Aerial Australian,2,2,0,2
1931,Qtr 2,May,22,22/05/1931,Australia,Junkers,Junkers W 34VH,Wampit Australia,Airways Guiena,1,1,0,1
1931,Qtr 1,March,21,21/03/1931,Australia,Avro,Avro 10VH UMF,New South Wales Australia,Airways National Australian,8,8,0,8
1930,Qtr 4,October,13,13/10/1930,Australia,de Havilland,de Havilland DH.80 Puss MothVH UPC,Perth Australia,Ltd Wings,3,3,0,3
2008,Qtr 2,April,9,09/04/2008,Australia,Swearingen,Swearingen SA227AC Metroliner IIIVH OZA,Bundeena Australia,Services Air Avtex,1,1,0,1
1946,Qtr 4,December,17,17/12/1946,Atlantic,Douglas,Douglas C 47ANC88876,Caribbean Atlantic,Inc. Cargo OceanWinged,7,7,0,7
1945,Qtr 4,October,20,20/10/1945,Atlantic,Douglas,Douglas C 47BA65,Timor Sea Atlantic,Force Air Australian Royal - OceanMilitary,25,25,0,25
1993,Qtr 4,December,26,26/12/1993,Armenia,Antonov,Antonov AN 26RA,Gyumri Armenia,Airlines Kuban,36,36,0,36
1988,Qtr 4,December,11,11/12/1988,Armenia,Ilyushin,Ilyushin IL 76 / Mi,Leninakan Armenia,USSRMilitary - Russian Air Force / Military - Russian Air Force,83,77,0,77
1981,Qtr 3,July,18,18/07/1981,Armenia,Canadair,Canadair CL 44D4,Near Yerevan Armenia,TAR,4,4,0,4
1998,Qtr 4,October,21,21/10/1998,Armenia,Yakovlev,Yakovlev YAK 40EK,Yerevan Armenia,Avia Ararat,37,0,4,4
1932,Qtr 4,November,25,25/11/1932,Arkansas,Travel,Travel Air 6000 NC369M,Marianna Arkansas,Airways Hunter,2,2,0,2
1936,Qtr 1,January,14,14/01/1936,Arkansas,Douglas,Douglas DC 2,Goodwin Arkansas,Airlines American,17,17,0,17
1973,Qtr 3,September,27,27/09/1973,Arkansas,Convair,Convair 600N94230,Rich Mountain Arkansas,Airlines International Texas,11,11,0,11
1986,Qtr 3,August,28,28/08/1986,Arkansas,Howard,Howard 250N252K,Texarkana Arkansas,Airlift Southwest,2,2,0,2
1982,Qtr 2,May,12,12/05/1982,Arkansas,Lockheed,Lockheed C 130E Hercules64,Judsonia Arkansas,Force Air U.S. - Military,7,7,0,7
1999,Qtr 2,June,1,01/06/1999,Arkansas,McDonnell,McDonnell Douglas MD 82N215AA,Little Rock Arkansas,Airlines American,145,11,0,11
1956,Qtr 2,June,30,30/06/1956,Arizona,Douglas,Douglas DC 7 / Lockheed S ConstellationN6902C/N6324C,Grand Canyon Arizona,Airlines World Trans / Lines Air United,128,128,0,128
2003,Qtr 3,September,20,20/09/2003,Arizona,Aerospatiale,Aerospatiale AS350BAN270SH,Near Meadview Arizona,Helicopters Sundance,7,7,0,7
1996,Qtr 1,February,5,05/02/1996,Arizona,Convair,ConvairCV  440N131T,St. Johns Arizona,Connection Air Business,4,4,0,4
1951,Qtr 4,December,30,30/12/1951,Arizona,Douglas,Douglas C 47D47,Near Phoenix Arizona,Force Air U.S. - Military,28,28,0,28
2018,Qtr 1,February,10,10/02/2018,Arizona,Eurocopter,Eurocopter EC 130B4N155GC,Grand Canyon Arizona,Papillon,7,3,0,3
1970,Qtr 1,March,26,26/03/1970,Arizona,Piper,Piper PA 32N4121R,Colorado City Arizona,Airlines Canyon Grand,6,6,0,6
1995,Qtr 3,September,2,02/09/1995,Arizona,Cessna,Cessna 421C Golden EagleN6234G,Beaver Dam Arizona,Airlines Adventure,8,8,0,8
1986,Qtr 2,June,18,18/06/1986,Arizona,de Havilland,de Havilland Can. DHC 6,Grand Canyon Arizona,Helitech / Airlines Canyon Grand,25,25,0,25
2008,Qtr 2,June,29,29/06/2008,Arizona,Bell,Bell 407 / Bell 407N407GA / N407MJ,Flagstaff Arizona,Helicopters Classic / Methods Air,7,6,0,6
1983,Qtr 3,August,17,17/08/1983,Arizona,Piper,Piper PA 31,Grand Canyon Arizona,Airlines Vegas Las,10,10,0,10
1971,Qtr 4,October,16,16/10/1971,Arizona,Cessna,Cessna 402N3250Q,Colorado City Arizona,Lines Air Scenic,10,10,0,10
1992,Qtr 3,August,25,25/08/1992,Arizona,Swearingen,Swearingen SA 227AC Metro IIIN342AE,Hot Springs Arizona,Airlines Star Lone,3,3,0,3
2001,Qtr 3,August,10,10/08/2001,Arizona,Aerospatiale,Aerospatiale AS350 Eurocopter  helicoperN169PA,Near Meadview Arizona,Vegas Las of Helicopters Canyon Grand Papillon,7,6,0,6
1952,Qtr 4,October,29,29/10/1952,Arizona,Boeing,Boeing KC 97G Stratofreighter52,Near Flagstaff Arizona,Force Air U.S. - Military,16,16,0,16
1928,Qtr 1,January,22,22/01/1928,Ariege,Breguet,"Breguet 14
 F AHEQ",L'Hospitalet Ariège,Aeropostale,1,1,0,1
1941,Qtr 3,September,1,01/09/1941,Argyll,Consolidated,Consolidated 32 2 Liberator IAM,Campbeltown Argyll,Scotland British Overseas Airways,10,10,0,10
1934,Qtr 2,June,11,11/06/1934,Argentina,Ford,Ford 5 AT,Junin Argentina,Panagra,10,6,0,6
1950,Qtr 4,December,30,30/12/1950,Argentina,Douglas,Douglas DC 3LV,Santiago del Estado Argentina,Argentinas Aerolineas,18,17,0,17
1975,Qtr 1,March,16,16/03/1975,Argentina,Fokker,Fokker F 27 Friendship 400MTC,Near Barito Argentina,Force Air Argentine - Military,55,55,0,55
1947,Qtr 3,July,25,25/07/1947,Argentina,Avro,Avro 685 York ILV XIH,Moron Argentina,Argentina Mercante Aérea Flota,6,2,2,4
1933,Qtr 1,March,11,11/03/1933,Argentina,Fairchild,Fairchild FC 2WNC9723,Near Mendoza Argentina,Airways Grace American Pan,2,2,0,2
2005,Qtr 2,May,16,16/05/2005,Argentina,Beech,Beech 65 A80 QueenaireCC,El Portezulo Argentina,Charter - Carlos Don Aereos Transportes,10,10,0,10
2015,Qtr 1,March,9,09/03/2015,Argentina,Both,Both Eurocopter AS350B3LQ CGK,Villa Castelli Argentina,Private,10,10,0,10
2001,Qtr 2,April,28,28/04/2001,Argentina,Cessna,Cessna  208B Grand CaravanLV WSC,Near Roque Perez Argentina,group  Techint - Private,10,10,0,10
1977,Qtr 4,November,21,21/11/1977,Argentina,BAC,BAC One Eleven 420ELLV,Near Bariloche Argentina,(Argentina) Aeras Lineas Austral,79,46,0,46
1970,Qtr 1,February,4,04/02/1970,Argentina,Hawker,Hawker Siddeley HS 748 1LV,Near Corrientes Argentina,Argentinas Aerolineas,37,37,0,37
1964,Qtr 1,January,9,09/01/1964,Argentina,Douglas,Douglas DC 3LV,Zarate Argentina,Argentina Litoral Aerolineas,30,28,0,28
1946,Qtr 4,November,30,30/11/1946,Argentina,Vickers,Vickers 620 Viking 1T 1,El Palomar Argentina,Argentina Aérea Fuerza,18,5,0,5
2003,Qtr 4,October,26,26/10/2003,Argentina,Fairchild,Fairchild Hiller FH 227BLV,Buenos Aires Argentina,Aerea Linea CATA,5,5,0,5
2001,Qtr 2,May,17,17/05/2001,Argentina,Fokker,Fokker F 27 Friendship 400MTC,Mendoza Argentina,Argentina Aérea Fuerza,5,5,0,5
1947,Qtr 3,August,2,02/08/1947,Argentina,Avro,Avro 691 Lancastrian 3G AGWH,Andes Argentina,Airways American South British,11,11,0,11
1966,Qtr 3,August,17,17/08/1966,Argentina,Curtiss,Curtiss C 46F,Puertos Lobos Argentina,Halcon Aerovias,16,1,0,1
1976,Qtr 2,April,14,14/04/1976,Argentina,Hawker,Hawker Siddeley HS 748 2LV,Neuquen Argentina,Fiscales Petroliferos Yacimientos,34,34,0,34
1999,Qtr 3,August,31,31/08/1999,Argentina,Boeing,Boeing B 737,Buenos Aires Argentina,Lineas Aereas Privadas Argentinas           LAPA,103,63,2,65
1998,Qtr 3,July,16,16/07/1998,Argentina,Rockwell,Rockwell Sabreliner 60LV WPO,Córdoba Argentina,Sur del Alas,3,3,0,3
1959,Qtr 2,May,15,15/05/1959,Argentina,Douglas,Douglas DC 3LV,Off Mar del Plata Aregntina,Argentinas Aerolineas,10,10,0,10
1995,Qtr 4,November,9,09/11/1995,Argentina,Fokker,Fokker F 27 Friendship 500TC,Near Luyaba Argentina,Force Air Argentine - Military,53,53,0,53
2011,Qtr 2,May,18,18/05/2011,Argentina,Saab,Saab 340ALV CEJ,Near Prahuaniyeu Argentina,Aereas Lineas SOL,22,22,0,22
1955,Qtr 1,February,26,26/02/1955,Argentina,de Havilland,de Havilland DH.104 Dove LQ XWW,Formosa Argentinade,Dove Havilland,7,6,0,6
1956,Qtr 3,July,16,16/07/1956,Argentina,Douglas,Douglas DC 3LV,Rio Cuarto Argentina,Argentinas Aerolineas,18,18,0,18
1957,Qtr 2,May,13,13/05/1957,Argentina,Vickers,Vickers 615 Viking 1BT 3,Near San Carlos de Bariloche Argentina,Estado del Aereas Lineas,16,16,0,16
1937,Qtr 3,August,23,23/08/1937,Argentina,Douglas,Douglas DC 2NC14298,San Luis Argentina,Airways Grace American Pan,3,3,0,3
1957,Qtr 1,January,11,11/01/1957,Argentina,Vickers,Vickers 615 Viking 1BT 11,Near Buenos Aires Argentina,Estado del Aereas Lineas,33,17,1,18
1957,Qtr 4,December,8,08/12/1957,Argentina,Douglas,Douglas DC 4LV,Bolivar Argentina,Argentinas Aerolineas,61,61,0,61
1959,Qtr 1,January,16,16/01/1959,Argentina,Curtiss,Curtiss C 46A,Off Mar del Plata Argentina,(Argentina) Aeras Lineas Austral,52,51,0,51
1930,Qtr 2,May,10,10/05/1930,Argentina,Latecoere,Latecoere 28F AJPD,Buenos Aires Argentina,Aeropostale,4,3,0,3
1957,Qtr 4,December,31,31/12/1957,Argentina,Shorts,Short SunderlandLV AAR,Buenos Aires Argentina,Argentinas Aerolineas,50,9,0,9
1960,Qtr 2,May,18,18/05/1960,Argentina,Curtiss,Curtiss C 46LV,El Sosneado Argentina,Transport Air Transamerican,9,9,0,9
1961,Qtr 2,June,30,30/06/1961,Argentina,Curtiss,Curtiss C 46ALV,Buenos Aires Argentina,Transcontinental,35,24,0,24
1981,Qtr 2,May,7,07/05/1981,Argentina,BAC,BAC One Eleven 529FRLV,Rio de la Plata Argentina,(Argentina) Aeras Lineas Austral,31,31,0,31
1951,Qtr 1,March,26,26/03/1951,Argentina,Douglas,Douglas DC 3LV,Rio Grande Argentina,Argentinas Aerolineas,24,11,2,13
1954,Qtr 2,April,23,23/04/1954,Argentina,Douglas,Douglas DC 3LV,Sierra del Vilgo Argentina,Argentinas Aerolineas,25,25,0,25
1988,Qtr 2,June,12,12/06/1988,Argentina,McDonnell,McDonnell Douglas MD 81N1003G,Posadas Argentina,(Argentina) Aeras Lineas Austral,22,22,0,22
1961,Qtr 3,July,19,19/07/1961,Argentina,Douglas,Douglas DC 6LV,Near Azul Argentina,Argentinas Aerolineas,67,67,0,67
1960,Qtr 4,December,11,11/12/1960,Argentina,Avro,Avro 691 Lancastrian IVT 102,San Andres de Giles Argentina,Force Air Argentine - Military,31,31,0,31
1949,Qtr 3,September,27,27/09/1949,Argentina,Douglas,Douglas C 54A,Near Castilla Argentina,Argentina Mercante Aérea Flota,27,5,0,5
1948,Qtr 3,July,29,29/07/1948,Argentina,Shorts,Short Sandringham 2 (flying boat)LV AAP,Buenos Aires Argentina,ALFA,24,18,0,18
1985,Qtr 2,April,11,11/04/1985,Argentina,HS,HS  125,Salta Argentina,YPF,7,7,0,7
2002,Qtr 1,January,27,27/01/2002,Angola,Antonov,Antonov AN 12T,Near Luena Angola,Force Air  Angolan - Military,40,5,0,5
1999,Qtr 3,July,1,01/07/1999,Angola,Antonov,Antonov 12BTN AFR,Luzamba Angola,Savanair,5,1,0,1
1996,Qtr 1,February,27,27/02/1996,Angola,Antonov,Antonov 12BPER ACE,Near Lukapa Angola,Tropical Aero,8,8,0,8
2000,Qtr 4,October,31,31/10/2000,Angola,Antonov,Antonov AN 26D2,Near Monaquimbundo Angola,Aca-Ancargo,44,44,0,44
2011,Qtr 3,September,14,14/09/2011,Angola,Embraer,Embraer 120ER BrasiliaT 500,Huambo Angola,Angolana Nacional Aerea Forca FANA - Military,36,30,0,30
1972,Qtr 2,May,21,21/05/1972,Angola,Fokker,Fokker F 27 Friendship 200CR,Lobito Angola,Airlines Angola DTA,25,22,0,22
2002,Qtr 2,June,2,02/06/2002,Angola,Mi,Mi  17,Near Ndalatando Angola,Forces Armed Angolan - Military,25,20,0,20
1994,Qtr 4,November,25,25/11/1994,Angola,Mil,Mil Mi 17 (helicopter)H584,Near Cuito Angola,Force Air Angolan - Military,22,22,0,22
1950,Qtr 3,July,18,18/07/1950,Angola,Douglas,Douglas DC 3CR,Near Bocoio Angola,Airlines Angola DTA,9,9,0,9
1995,Qtr 4,December,18,18/12/1995,Angola,Lockheed,Lockheed L 188C Electra9Q,Cahungula Angola,Airlift Service Trans,144,141,0,141
1980,Qtr 2,June,8,08/06/1980,Angola,Yakovlev,Yakovlev YAK 40D2,Near Matala Angola,Angola de Aereas Lineas,29,29,0,29
1991,Qtr 2,June,10,10/06/1991,Angola,Lockheed,Lockheed L 382B HerculesJ6,Luanda Angola,Transport Air Carib,7,7,0,7
1991,Qtr 1,March,16,16/03/1991,Angola,Lockheed,Lockheed L 100,Malanje Angola,Transafrik,9,9,0,9
1981,Qtr 2,May,16,16/05/1981,Angola,Lockheed,Lockheed L 100,Near Menongue Angola,Airlines Angola TAAG,4,4,0,4
2000,Qtr 4,November,15,15/11/2000,Angola,Antonov,Antonov AN 26D2,Near Luanda Angola,Pesada Asa,57,57,0,57
1992,Qtr 3,August,31,31/08/1992,Angola,Douglas,Douglas DC 3ZS,Jamba Angola,Services Aviation Professional,17,3,0,3
1982,Qtr 4,November,29,29/11/1982,Angola,Antonov,Antonov AN 26D2,Lubango Angola,Airlines Angola TAAG,15,15,0,15
1994,Qtr 4,December,15,15/12/1994,Angola,Douglas,Douglas DC 3N96BF,Lobito Angola,Services Aviation SL,2,2,0,2
2017,Qtr 4,October,12,12/10/2017,Angola,Embraer,Embraer EMB 120ERD2,Near Cuílo Angola,Guicango,7,7,0,7
2000,Qtr 1,March,25,25/03/2000,Angola,Antonov,Antonov AN 32D2,Huambo Angola,Uralex,33,3,0,3
1979,Qtr 1,March,26,26/03/1979,Angola,Ilyushin,Ilyushin IL 18DDM,Luanda Angola,Interflug,10,10,0,10
1991,Qtr 1,February,22,22/02/1991,Angola,Antonov,Antonov AN 26,Cazombo Angola,Angolaise Area Fuerza,47,47,0,47
1989,Qtr 3,July,26,26/07/1989,Angola,Antonov,Antonov AN 26,Near Chana Angola,Force Air Angolan - Military,48,42,0,42
1995,Qtr 2,June,17,17/06/1995,Angola,CASA,CASA 212 200 AviocarT401,Near Cuvela Angola,Force Air Angolan - Military,48,48,0,48
1998,Qtr 4,December,14,14/12/1998,Angola,Antonov,Antonov AN 12BPUR,Near Cuito Angola,Aircompany Khors,11,11,0,11
1989,Qtr 4,November,27,27/11/1989,Angola,Lockheed,Lockheed L 100,Near Jamba Angola,Aviation Tepper,5,5,0,5
1998,Qtr 4,December,17,17/12/1998,Angola,Antonov,Antonov 12S9 SAT,Saurimo Angola,Zanex,10,1,0,1
1985,Qtr 4,November,25,25/11/1985,Angola,Antonov,Antonov AN 26CCCP,Near Luassingua Angola,Force Air Angolan - Military,22,22,0,22
1988,Qtr 2,April,27,27/04/1988,Angola,Antonov,Antonov AN 2614,Near Tchamulate Angola,Force Air Cuban - Military,29,29,0,29
1997,Qtr 1,March,12,12/03/1997,Angola,Antonov,Antonov AN 12BD2,Lucapa Angola,ALADA,16,16,0,16
2007,Qtr 2,June,28,28/06/2007,Angola,Boeing,Boeing 737 2M2D2,M'Banza Congo Angola,Airlines Angola TAAG,78,5,0,5
1998,Qtr 3,August,11,11/08/1998,Angola,Antonov,Antonov An 12BPD2,Saurimo Angola,ALADA,13,1,0,1
1997,Qtr 1,February,2,02/02/1997,Angola,CASA,CASA 212 Aviocar 200T 400,Near Quiangala Angola,Angola de Populaire Area Force,37,37,0,37
1977,Qtr 3,July,14,14/07/1977,Angola,Antonov,Antonov AN 26,Near Cuangar Angola,Force Air Angolan - Military,30,30,0,30
1994,Qtr 4,October,26,26/10/1994,Angola,Mil,Mil Mi 8MTV (helicopter)H534,Near Cuito Angola,Force Air Angolan - Military,22,22,0,22
1990,Qtr 1,March,27,27/03/1990,Angola,CASA,CASA 212 Aviocar 300T 410,Near Kuito Angola,Force Air Angolan - Military,25,25,0,25
1999,Qtr 1,February,2,02/02/1999,Angola,Antonov,Antonov AN 12EL,Luanda Angola,Savannair,14,14,13,27
1996,Qtr 4,October,6,06/10/1996,Angola,Antonov,Antonov 12BRA 11101,Lukapa Angola,Savanair,19,6,0,6
1998,Qtr 4,December,26,26/12/1998,Angola,Lockheed,Lockheed Martin L 100,Vila Nova Angola,Transafrik,14,14,0,14
1999,Qtr 1,January,2,02/01/1999,Angola,Lockheed,Lockheed L 100,Near Huambo Angola,Charter Nations United - Transafrik,9,9,0,9
1939,Qtr 2,June,6,06/06/1939,Amsterdam,Douglas,Douglas DC 2PH,Schiphol Amsterdam,Airlines Duch Royal KLM,4,0,1,1
1938,Qtr 4,November,14,14/11/1938,Amsterdam,Douglas,Douglas DC 3PH,Schiphol Amsterdam,Airlines Dutch Royal KLM,19,6,0,6
1974,Qtr 1,January,30,30/01/1974,American,Boeing,Boeing B 707,Pago Pago American,Airways World American SamoaPan,101,97,0,97
1984,Qtr 3,July,21,21/07/1984,American,de Havilland,de Havilland Canada DHC 6 Twin Otter 300N43SP,Tau Island American,Airways Island Pacific SamoaSouth,14,1,0,1
1967,Qtr 2,April,11,11/04/1967,Algeria,Douglas,Douglas DC 47T,Tamanrasset Algeria,Algerie Air,39,35,0,35
1994,Qtr 3,September,18,18/09/1994,Algeria,BAC,BAC One Eleven 515FB5N,Tamanrasset Algeria,Airlines Oriental,39,5,0,5
2003,Qtr 2,June,30,30/06/2003,Algeria,Lockheed,Lockheed C 130H Hercules7T,Blida Algeria,Force Air Algerian - Military,4,4,11,15
2014,Qtr 1,February,11,11/02/2014,Algeria,Lockheed,Lockheed C 130H,Near Ain Kercha Algeria,Force Air Algerian - Military,77,76,0,76
1948,Qtr 1,January,8,08/01/1948,Algeria,Douglas,Douglas DC 3F,Near Palestro Algeria,T.A. de Algerienne Comp. Transport,9,9,0,9
1937,Qtr 1,January,26,26/01/1937,Algeria,Sabca,Sabca S 73OO,Oran Algeria,Sabena,12,12,0,12
1958,Qtr 2,May,31,31/05/1958,Algeria,Douglas,Douglas DC 3F,SW of Algiers Algeria,France Air,15,15,0,15
1994,Qtr 4,December,26,26/12/1994,Algeria,Airbus,Airbus A300B2 1CF,Algiers Airport Algeria,France Air,239,3,3,6
1961,Qtr 2,May,10,10/05/1961,Algeria,Lockheed,Lockheed 1649A StarlinerF BHBM,Ghadames Algeria,France Air,78,78,0,78
1979,Qtr 1,January,24,24/01/1979,Algeria,Nord,Nord 262A 447T,Bechar Algeria,Algerie Air,23,14,0,14
2014,Qtr 3,August,30,30/08/2014,Algeria,Antonov,Antonov An 12BKUR,Tamanraset Algeria,Alliance Air Ukraine,7,7,0,7
1927,Qtr 2,May,2,02/05/1927,Algeria,SPCA,SPCA Meteore 63F AIFN,Algiers Algeria,Union Air,3,1,0,1
1957,Qtr 2,April,8,08/04/1957,Algeria,Douglas,Douglas DC 3F,Algiers Algeria,France Air,34,34,0,34
2003,Qtr 1,March,6,06/03/2003,Algeria,Boeing,Boeing B 737,Tamanrasset Algeria,Algerie Air,103,102,0,102
2018,Qtr 2,April,11,11/04/2018,Algeria,Ilyushin,Ilyushin 76 TD7T,Boufarik AB Algeria,Force Air Algerian - Military,257,257,0,257
1942,Qtr 3,August,13,13/08/1942,Algeria,Liore,Liore et Olivier H 246 Air BoatF,Algiers Algeria,France Air,10,4,0,4
1969,Qtr 3,July,26,26/07/1969,Algeria,Sud,Sud Aviation SE 210 Caravelle 6N7T,Biskra Algeria,Algerie Air,37,33,0,33
1950,Qtr 3,July,29,29/07/1950,Algeria,Bristol,Bristol 170 Freighter 21F BENF,Tunbukta Algeria,Transport Air Cie,26,26,0,26
1942,Qtr 3,September,27,27/09/1942,Algeria,de Havilland,Dewoitine D 342F,Ameur el Ain Algeria,France Air,25,25,0,25
1970,Qtr 4,December,31,31/12/1970,Algeria,Nord,Nord 262EF BNGB,Off Algiers Algeria,Aviation Rousseau,31,31,0,31
1992,Qtr 4,December,21,21/12/1992,Algarve,McDonnell,McDonnell Douglas DC 10,Faro Algarve,Portugalc Holland NV,340,56,0,56
1955,Qtr 3,September,17,17/09/1955,Alberta,Bristol,Bristol 170 Freighter 31CF GBT,Near Thorhild Alberta,Canada Pacific Western Airlines,6,2,0,2
1973,Qtr 1,January,2,02/01/1973,Alberta,Boeing,Boeing 707 321CCF,Edmonton Alberta,Canada Pacific Western Airlines,5,5,0,5
1955,Qtr 2,May,26,26/05/1955,Alberta,Avro,Avro 685 York C 1CF,Edmonton Alberta,Canada Associated Airways,2,2,0,2
1946,Qtr 1,January,19,19/01/1946,Alberta,Douglas,Douglas DC 3 Dakota,Crowsnest Pass Alberta,Canada Mililtary - Royal Canadian Air Force,7,7,0,7
1948,Qtr 4,October,27,27/10/1948,Alberta,Douglas,Douglas C 54ANC88785,Near Edmonton Alberta,Canada Northwest Orient Airlines,5,2,0,2
1930,Qtr 3,September,25,25/09/1930,Alberta,Boeing,Boeing 40CF AIN,Edmonton Alberta,Canada Western Canada Airways,3,3,0,3
1963,Qtr 1,February,25,25/02/1963,Alberta,Twin,Twin Apache,Porcupine Hills area Alberta,Canada Trans Aircraft (Western) Ltd.,4,4,0,4
2005,Qtr 1,March,31,31/03/2005,Albania,Lockheed,Lockheed Hercules MC 130H87,Near Rovie Albania,Force Air U.S. - Military,9,9,0,9
2013,Qtr 1,March,8,08/03/2013,Alaska,Beechcraft,Beechcraft 1900CN116AX,Near Dillingham Alaska,Cargo Air Ace,2,2,0,2
1978,Qtr 4,October,8,08/10/1978,Alaska,Bell,Bell 205 1N2215W,Kenai Alaska,Taxi Air - Helicopter Era,7,2,0,2
2016,Qtr 3,August,31,31/08/2016,Alaska,Cessna,"Cessna 208 Grand Caravan	N752RV",Russian Mission Alaksa,Aviiation Hageland,5,5,0,5
1965,Qtr 3,September,4,04/09/1965,Alaska,Aero,Aero Commander 680N6305U,Lake Tustumena Alaska,Airlines Cordova,5,4,0,4
1970,Qtr 3,July,3,03/07/1970,Alaska,Douglas,Douglas DC 3N154R,McGrath Alakska,Service Flying Reeder,27,5,0,5
1952,Qtr 4,November,22,22/11/1952,Alaska,Douglas,Douglas C 124A Globemaster51,Mount Gannett Alaska,Force Air U.S. - Military,52,52,0,52
1970,Qtr 4,November,27,27/11/1970,Alaska,McDonnell,McDonnell Douglas DC 8,Anchorage Alaska,Airlines Capitol,229,47,0,47
1978,Qtr 3,September,13,13/09/1978,Alaska,de Havilland,de Havilland DHC 2N37741,Whittier AKAlaska,Travel,6,6,0,6
1973,Qtr 3,September,8,08/09/1973,Alaska,McDonnell,McDonnell Douglas DC 8,King Cove Alaska,Airways World,6,6,0,6
1954,Qtr 3,August,8,08/08/1954,Alaska,Douglas,Douglas DC 2N91008,Near McGrath Alaska,Airlines Alaska,2,2,0,2
1969,Qtr 1,March,13,13/03/1969,Alaska,de Havilland,de Havilland DHC 6N4901,Minchumina Alaska,Airlines Consolidated Wien,5,1,0,1
1974,Qtr 2,June,30,30/06/1974,Alaska,Fairchild,Fairchild Hiller FH1100N8679,Umiat Alaska,Taxi Air - Helicopter Alaska,5,5,0,5
1955,Qtr 1,January,1,01/01/1955,Alaska,Douglas,Douglas C47,Near Anchorage Alaska,Force Air US - Military,12,12,0,12
1978,Qtr 4,November,25,25/11/1978,Alaska,de Havilland,de Havilland DHC 2N37906,Hydaburg Alaska,Airlines Tyee,5,5,0,5
1989,Qtr 3,September,20,20/09/1989,Alaska,Military,Military   U.S. Air Force57,Fairbanks Alaska,KC-135E Boeing,7,2,0,2
1969,Qtr 2,June,5,05/06/1969,Alaska,Boeing,Boeing RC 135E62,Off Andreanof Islands Alaska,Force Air U.S. - Military,19,19,0,19
2013,Qtr 3,July,7,07/07/2013,Alaska,de Havilland,de Havilland Canada DHC 3TN93PC,Soldotna Alaksa,Air Rediske,10,10,0,10
1954,Qtr 1,February,5,05/02/1954,Alaska,Douglas,Douglas C 475895,Susitna Valley Alaska,Force Air U.S. - Military,16,10,0,10
1993,Qtr 2,April,6,06/04/1993,Alaska,McDonnell,McDonnell Douglas MD 11B,950 nm S of  Shemya Alaska,Airlines Eastern China,264,2,0,2
1977,Qtr 1,January,13,13/01/1977,Alaska,Douglas,Douglas DC 8JA8054,Anchorage Alaska,Lines Air Japan,5,5,0,5
1971,Qtr 3,September,4,04/09/1971,Alaska,Boeing,Boeing B 727,Near Juneau Alaska,Airlines Alaska,111,111,0,111
1993,Qtr 1,March,31,31/03/1993,Alaska,Boeing,Boeing B 747,Anchorage Alaska,Lines Air Japan,5,0,0,0
1977,Qtr 3,September,12,12/09/1977,Alaska,Douglas,Douglas DC 7BFN6314J,Yakutat Alaska,Cargo Air Safe,4,4,0,4
2010,Qtr 3,August,21,21/08/2010,Alaska,de Havilland,de Havilland Canada DHC 2 BeaverN9313Z,Off Kaminshak Bay Alaska,Service Air River Branch,4,4,0,4
1961,Qtr 3,July,21,21/07/1961,Alaska,Douglas,Douglas DC 6AN6118C,Shemya Alaska,Airlines Alaska,6,6,0,6
1977,Qtr 3,September,6,06/09/1977,Alaska,de Havilland,de Havilland Canada DHC 6 Twin Otter 200N563MA,Mt. Iliamna Alaska,Industries Aeronautical Alaska,13,13,0,13
1964,Qtr 2,April,17,17/04/1964,Alaska,Cessna,Cessna 185N9984X,Elim Alaska,Inc. Airlines Alaska Wein,2,2,0,2
1952,Qtr 4,November,7,07/11/1952,Alaska,Fairchild,Fairchild C 119C51,Near Summit Alaska,Force Air U.S. - Military,19,19,0,19
1978,Qtr 3,September,9,09/09/1978,Alaska,Soloy,Soloy 12EJ3N5384V,Wrangell Alaska,Taxi Air - Helicopter Temesco,3,3,0,3
1990,Qtr 3,September,3,03/09/1990,Alaska,Piper,Piper PA 31,Kaltag Alaska,Service Flying Frontier,10,3,0,3
1952,Qtr 4,November,15,15/11/1952,Alaska,Fairchild,Fairchild C 119C51,Near Anchorage Alaska,Force Air U.S. - Military,20,20,0,20
2021,Qtr 1,March,28,28/03/2021,Alaska,Eurocopter,Eurocopter AS350B3 EcureuilN351SH,Near Butte Alaska,Helicopters Soloy,6,5,0,5
1951,Qtr 3,July,21,21/07/1951,Alaska,Douglas,Douglas C 54ACF,Near Sitka Alaska,Lines Air Pacific Canadian,37,37,0,37
1992,Qtr 3,July,13,13/07/1992,Alaska,Shorts,Shorts SC 7 Skyvan 3A,Bethel Alaska,Service Air Circle Arctic,1,1,0,1
1991,Qtr 3,August,20,20/08/1991,Alaska,Britten,Britten  Norman BN,Ketchikan Alaska,Airlines Temsco,4,4,0,4
1951,Qtr 4,December,30,30/12/1951,Alaska,Curtiss,Curtiss C 46F CUN68963,Near Fairbanks Alaska,Lines Air Transocean,4,4,0,4
1962,Qtr 1,March,15,15/03/1962,Alaska,Lockheed,Lockheed 1049H Super ConstellationN6921C,Western Pacific Ocean Philippine,Line Tiger SeaFlying,107,107,0,107
1960,Qtr 2,June,14,14/06/1960,Alaska,Lockheed,Lockheed 749A 79,Mt. Gilbert Alaska,Airlines Northern Pacific,14,14,0,14
1968,Qtr 4,December,24,24/12/1968,Alaska,Lockheed,Lockheed L 100 HerculesN760AL,Prudhoe Bay Alaska,Airways Interior,4,2,0,2
2015,Qtr 3,September,15,15/09/2015,Alaska,de Havilland,de Havilland Canada DHC 3T Turbine OtterN928PK,Iliamna East Wind Lake Alaska,Lodge King Rainbow,7,3,0,3
1959,Qtr 4,December,17,17/12/1959,Alaska,Consolidated,Consolidated PBY 5A CatalinaN64T,Ketchikan Alaska,Aircraft California,3,3,0,3
1983,Qtr 2,April,7,07/04/1983,Alaska,Britten,Britten  Norman BN,Selawik Alaska,Airlines Northern Munz,3,2,0,2
1983,Qtr 2,June,8,08/06/1983,Alaska,Lockheed,Lockheed L 188C ElectraN1968R,Near Cold Bay Alaska,Airways Aleutian Reeve,15,0,0,0
1959,Qtr 3,September,24,24/09/1959,Alaska,Douglas,Douglas C 54BN63396,Great Sitkin Island Alaska,Airlines Aleutian Reeve,16,16,0,16
1975,Qtr 3,August,30,30/08/1975,Alaska,Fairchild,Fairchild F 27BN4904,Near Gambell Alaska,Alaska Air Wien,32,10,0,10
1976,Qtr 2,April,5,05/04/1976,Alaska,Boeing,Boeing B 727,Ketchikan Alaska,Airlines Alaska,50,1,0,1
1976,Qtr 1,March,7,07/03/1976,Alaska,Cessna,Cessna 207N91142,Igiugig Alaska,Airlines Alaska Western Kodiak,4,4,0,4
1966,Qtr 3,August,21,21/08/1966,Alaska,Grumman,Grumman G 21 GooseN88820,Near Juneau Alaska,Airlines Coastal Alaska,9,9,0,9
1962,Qtr 1,March,15,15/03/1962,Alaska,Lockheed,Lockheed 1049H Super ConstellationN6911C,Adak Alaska,Line Tiger Flying,7,1,0,1
2015,Qtr 2,June,25,25/06/2015,Alaska,de Havilland,de Havilland DHC 3T Vazar TurbineOtterN270PA,Ella Lake Alaska,Air Promech,9,9,0,9
1976,Qtr 1,January,3,03/01/1976,Alaska,Lear,Lear Jet 24AN651LJ,Anchorage Alaska,Air Winship,6,6,0,6
1982,Qtr 2,April,11,11/04/1982,Alaska,Hughes,Hughes 369DN11058,Near Tanana Alaska,Copters Tundra - Taxi Air,3,3,0,3
1981,Qtr 1,March,15,15/03/1981,Alaska,Boeing,Boeing RC 135S61,Shemya AFB Alaska,Force Air U.S. - Military,24,6,0,6
1968,Qtr 4,December,2,02/12/1968,Alaska,Fairchild,Fairchild F 27BN4905,Pedro Bay Alaska,Airlines Consolidated Wien,39,39,0,39
1959,Qtr 2,June,5,05/06/1959,Alaska,Boeing,Boeing RC 135E,Near Sheyma Alaska,Force Air US - Militiary,19,19,0,19
1976,Qtr 3,September,2,02/09/1976,Alaska,Hughes,Hughes 369HSN9172F,Hawk Inlet Alaska,Taxi Air - Helicopter Temsco,4,3,0,3
1979,Qtr 2,May,25,25/05/1979,Alaska,de Havilland,de Havilland Canada DHC 4A CaribouN581PA,Bullen Point Alaska,Airmotive Sea,3,3,0,3
1979,Qtr 3,July,12,12/07/1979,Alaska,Cessna,Cessna 402BN402TH,Anchorage Alaska,Services Air Soldotna,7,7,0,7
1969,Qtr 1,January,2,02/01/1969,Alaska,Bell,Bell 205AN4048G,Tyonek Alaska,Helicopter ERA,2,2,0,2
1975,Qtr 1,February,16,16/02/1975,Alaska,Douglas,Douglas DC 6BFN77DG,Fairbanks Alaska,Airlines Alaska Pacific,3,3,0,3
1966,Qtr 1,March,10,10/03/1966,Alaska,Grumman,Grumman G 21ACF,Reef Island Alaska,Western Pacific,7,6,0,6
1987,Qtr 4,November,23,23/11/1987,Alaska,Beechcraft,Beechcraft 1900CN401RA,Homer Alaska,Services Air Ryan,21,18,0,18
1974,Qtr 4,December,11,11/12/1974,Alaska,Grumman,Grumman G 21N1583V,Near Old Harbors Alaska,Airways Kodiak,5,5,0,5
1974,Qtr 4,October,27,27/10/1974,Alaska,Lockheed,Lockheed L 100 HerculesN102AK,Old Man's Camp Alaska,Air International Alaska,4,4,0,4
1985,Qtr 1,February,4,04/02/1985,Alaska,Beech,Beech Queen Air 65 A80N50NP,Soldotna Alaska,Airlines Pacific North,9,9,0,9
1985,Qtr 1,February,25,25/02/1985,Alaska,Boeing,Boeing RC 135T55,Near Valdez Alaska,Force Air U.S. - Military,3,3,0,3
1963,Qtr 1,January,14,14/01/1963,Alaska,Beechcraft,Beechcraft AT 11 KansanN65458,Kaktovik (Barter Island) Alaska,Wien,6,5,0,5
1968,Qtr 4,December,26,26/12/1968,Alaska,Boeing,Boeing 707 321CFN799PA,Elmendorf Air Force Base Alaska,Airways World American Pan,3,3,0,3
1956,Qtr 4,October,2,02/10/1956,Alaska,Stinson,Stinson AT 19N 79069,Near Nome Alaska,Airlines Alaska,5,5,0,5
1963,Qtr 1,January,26,26/01/1963,Alaska,Curtiss,Curtiss C 46FN67933,Kotzebue Alaska,Airways Skyvan,2,1,0,1
1956,Qtr 2,April,9,09/04/1956,Alaska,Aero,Aero Commander  520B5386N,Skilak Lake Alaska,Airlines Cordova,6,6,0,6
1980,Qtr 1,January,14,14/01/1980,Alaska,Cessna,Cessna 185AN1690Z,Shungnak Alaska,Service Air Ambler,9,7,0,7
1956,Qtr 3,August,29,29/08/1956,Alaska,Douglas,Douglas DC 6BCF,Cold Bay Alaska,Lines Air Pacific Canadian,22,15,0,15
1999,Qtr 2,June,9,09/06/1999,Alaska,Eurocopter,Eurocopter AS 350BAN6099S,Juneau Alaska,Inc. Helicopters Coastal - Taxi Air,7,7,0,7
1998,Qtr 3,September,9,09/09/1998,Alaska,de Havilland,de Havilland Dash 2 float planeN1433Z,Port Alsworth Alaska,Inc. Service Flying Rusts,5,5,0,5
1949,Qtr 1,January,20,20/01/1949,Alaska,Douglas,Douglas DC 3CN91006,Homer Alaska,Airlines Alaska,6,5,0,5
1948,Qtr 4,November,4,04/11/1948,Alaska,Douglas,Douglas DC 3N66637,Cape Spencer Alaska,Freight Air Alaska Pacific,17,17,0,17
2001,Qtr 1,January,23,23/01/2001,Alaska,Douglas,Douglas C 47A,Eider Point Alaska,Cargo Air Majestic,2,2,0,2
1947,Qtr 4,November,27,27/11/1947,Alaska,Douglas,Douglas DC 3CNC95486,Yakutat Alaska,Cargo Air Columbia,13,13,0,13
1948,Qtr 1,March,12,12/03/1948,Alaska,Douglas,Douglas DC 4 (C,Mt. Sanford Alaska,Airlines Orient Northwest,30,30,0,30
2010,Qtr 3,August,1,01/08/2010,Alaska,Fairchild,Fairchild C 123KN709RR,Near Denali National Park Alaska,Freight West All,3,3,0,3
1996,Qtr 3,July,20,20/07/1996,Alaska,Douglas,Douglas DC 6AN313RS,Russian Mission Alaska,Cargo Air Northern,4,4,0,4
2010,Qtr 3,August,9,09/08/2010,Alaska,de Havilland,de Havilland Canada DH 3T OtterN455A,Near Dillingham Alaska,Corp. Communications GCI,9,5,0,5
2010,Qtr 3,July,28,28/07/2010,Alaska,McDonnell,McDonnell Douglas C 17A Globemaster III00,Near Elmendorf AFB Alaska,Force Air US - Military,4,4,0,4
1997,Qtr 4,November,8,08/11/1997,Alaska,Cessna,Cessna 208B Caravan IN750GC,Near Barrow Alaska,Services Aviation Hageland,8,8,0,8
1997,Qtr 2,April,10,10/04/1997,Alaska,Cessna,Cessna 208B Caravan IN408GV,Near Wainwright Alaska,Services Aviation Hageland,5,5,0,5
1997,Qtr 1,January,29,29/01/1997,Alaska,de Havilland,de Havilland Canada DHC 4A CaribouN702SC,Sparrevohn Alaska,Air Southcentral,2,1,0,1
1944,Qtr 2,April,6,06/04/1944,Alaska,Pilgrim,Pilgrim 100BNC742N,Near Nome Alaska,Airways World American Pan,6,6,0,6
2004,Qtr 3,August,27,27/08/2004,Alaska,de Havilland,de Havilland DHC 3 OtterN197TT,Near Mc Grath Alaska,Transport Aire Mavrik,3,1,0,1
2003,Qtr 3,August,17,17/08/2003,Alaska,Reims,Reims Aviation 406N6591L,Near Barrow Alaska,Inc. Services Aviation Hageland,2,2,0,2
1943,Qtr 3,July,27,27/07/1943,Alaska,Douglas,Douglas C 47 Skytrain41,Naknek AFB Alaska,Army US - Military,11,11,0,11
2007,Qtr 4,December,3,03/12/2007,Alaska,Eurocopter,Eurocopter Deutschland BK117C1N141LG,Off Whittier Alaska,Inc.         Helicopters Alaska Evergreen,4,4,0,4
2007,Qtr 3,August,16,16/08/2007,Alaska,de Havilland,de Havilland Canada DHC 2 BeaverN345KA,Near Ketchikan Alaska,Aviation Sea,10,6,0,6
2007,Qtr 3,July,24,24/07/2007,Alaska,de Havilland,de Havilland DHC 2 MK.1 BeaverN995WA,Rudyerd Bay Alaska,Service Air Taquan,5,5,0,5
2001,Qtr 4,October,18,18/10/2001,Alaska,Bell,Bell 206LN400EH,Anchorage Alaska,Taxi Air - Aviation ERA,5,3,0,3
2001,Qtr 4,October,10,10/10/2001,Alaska,Cessna,Cessna 208 CaravanN9530F,Dillingham Alaska,Pen,10,10,0,10
1947,Qtr 4,October,26,26/10/1947,Alaska,Douglas,Douglas DC 4ANC88920,Annette Island Alaska,Airways World American Pan,18,18,0,18
2010,Qtr 1,January,22,22/01/2010,Alaska,Beechcraft,Beechcraft 1900C 1N112AX,Off Sand Point Alaska,Express Central Alaska,2,2,0,2
2003,Qtr 2,June,25,25/06/2003,Alaska,Cessna,Cessna 180HN91303,Anchor Point Alaska,Taxi Air - Air Bay Hallo,3,3,0,3
2003,Qtr 2,May,28,28/05/2003,Alaska,Cessna,Cessna 185N70176,Talkeetna Alaska,Taxi Air - Service Air Mc,4,4,0,4
1946,Qtr 3,September,7,07/09/1946,Alaska,Douglas,Douglas C 47A,Nome Alaska,Airfreight McKinley Mt.,4,4,0,4
1995,Qtr 3,September,22,22/09/1995,Alaska,Boeing,Boeing B 707 (E,Anchorage Alaska,Force Air U.S. - Military,24,24,0,24
1994,Qtr 3,August,11,11/08/1994,Alaska,de Havilland,de Havilland DHC 2N17394,Alsworth Alaska,Inc. Services Air Talon - Taxi Air,3,3,0,3
1939,Qtr 1,February,12,12/02/1939,Alaska,Fairchild,Fairchild 71(amphibious)NC9777,Juneau Alaska,Airways Marine,6,6,0,6
1994,Qtr 3,August,7,07/08/1994,Alaska,de Havilland,de Havilland DHC 2N126UA,Kodiak Alaska,Inc. Services Air Uyak - Taxi Air,7,6,0,6
1995,Qtr 3,September,1,01/09/1995,Alaska,Shorts,Shorts SC 7 SkyvanN30GA,Near Farewell Alaska,Cargo Air Star North,1,1,0,1
1953,Qtr 1,February,14,14/02/1953,Alabama,Douglas,Douglas DC 6N90893,Off Mobile Alabama,Airlines National,46,46,0,46
1991,Qtr 3,July,10,10/07/1991,Alabama,Beechcraft,Beechcraft BE 99,Birmingham Alabama,Airlines L'Express,15,13,0,13
1993,Qtr 3,July,12,12/07/1993,Alabama,Helicopter,"Helicopter, Hughes 369HSN9116F",Talladega Alabama,Private,2,1,0,1
2013,Qtr 3,August,14,14/08/2013,Alabama,Airbus,Airbus A300F 622RN155UP,Birmingham Alabama,Service Parcel United,2,2,0,2
1985,Qtr 4,November,15,15/11/1985,Alabama,Convair,Convair CV 34054,Dothan Alabama,Force Air U.S. - Military,4,4,0,4
1946,Qtr 1,January,6,06/01/1946,Alabama,Douglas,Douglas DC 3N21786,Birmingham Alabama,Airlines Central Pennsylvania,11,3,0,3
1991,Qtr 2,May,13,13/05/1991,Airzona,Cessna,Cessna 207AN6280H,Grand Canyon Airzona,Inc. Canyon Grand Air - Taxi Air,7,7,0,7
1927,Qtr 4,December,31,31/12/1927,Airlines,Latecoere,Latécoère 23 (flying boat)F AIHP,Near Marseille Airlines,N/A,5,5,0,5
1964,Qtr 2,May,20,20/05/1964,Air,de Havilland,de Havilland Canada DHC 3 OtterPI,Sibuco Point  Air,Lines,11,11,0,11
1950,Qtr 1,January,24,24/01/1950,Air,Douglas,Douglas DC 3PI,Iloilo Air,Lines,4,4,0,4
1994,Qtr 2,April,26,26/04/1994,Aichi,Airbus,Airbus A300B4 622RB,Near Komaki Aichi,Japan China Airlines (Taiwan),271,264,0,264
1997,Qtr 3,September,13,13/09/1997,Africa,Tupolev,Tupolev TU 154M / C,Off Namibia Africa,USAF - Military / Luftwaffe - Military,33,33,0,33
1986,Qtr 4,November,25,25/11/1986,Afghanistan,Ilyushin,Ilyushin IL 18,Near Sarowbi Afghanistan,Force Air Republican Afghan - Military,40,40,0,40
1983,Qtr 1,March,10,10/03/1983,Afghanistan,de Havilland,de Havilland Canada DHC 6 Twin Otter 300YA,Near Shach Goan Afghanistan,Airlines Afghan Bakhtar,19,19,0,19
2015,Qtr 4,October,2,02/10/2015,Afghanistan,Lockheed,Lockheed C 130J Hercules08,Jalalabad Afghanistan,Army U.S. - Military,11,11,2,13
1985,Qtr 3,September,4,04/09/1985,Afghanistan,Antonov,Antonov AN 26YA,Near Kandahar Afghanistan,Airlines Afghan Ariana,52,52,0,52
1984,Qtr 4,October,27,27/10/1984,Afghanistan,Ilyushin,Ilyushin IL 76MCCCP,Near Kabul Afghanistan,Force Air Soviet - Mililtary,11,11,0,11
1984,Qtr 3,September,21,21/09/1984,Afghanistan,Antonov,Antonov AN 12,Near Sarakchar Afghanistan,Force Air Russian - Military,50,50,0,50
2011,Qtr 3,August,6,06/08/2011,Afghanistan,Boeing,Boeing CH 47 Chinook,Tangi Valley Afghanistan,Army U.S. - Military,38,38,0,38
2002,Qtr 2,June,12,12/06/2002,Afghanistan,Lockheed,Lockheed MC 130H Hercules84,Near Gardez Afghanistan,Force Air U.S. - Military,10,3,0,3
1963,Qtr 4,December,12,12/12/1963,Afghanistan,Douglas,Douglas C 54AOD,Gazni Afghanistan,Airways Mediterranean Trans,3,3,0,3
2011,Qtr 3,July,6,06/07/2011,Afghanistan,Ilyushin,Ilyushin76TD4K  AZ55,Near Bagram Air Base Afghanistan,Airlines Way Silk,9,9,0,9
1994,Qtr 2,June,29,29/06/1994,Afghanistan,Antonov,Antonov AN 32,Near Logar Afghanistan,Militia Dostum-Galboddin - Military,70,50,0,50
1980,Qtr 3,September,30,30/09/1980,Afghanistan,Antonov,Antonov AN 12VCCCP,Badakshan Afghanistan,Force Air Soviet - Military,45,45,0,45
1987,Qtr 1,February,9,09/02/1987,Afghanistan,Antonov,Antonov AN 26,Near Khost Afghanistan,Force Air Republican Afghan - Military,36,36,0,36
2010,Qtr 4,October,12,12/10/2010,Afghanistan,Lockheed,Lockheed L 100 Hercules5X,Near Kabul Afghanistan,Cargo Air National,8,8,0,8
1996,Qtr 1,February,11,11/02/1996,Afghanistan,N/A,N/A,Near Kandahar Afghanistan,Militia Taliban - Military,20,20,0,20
1954,Qtr 1,January,2,02/01/1954,Afghanistan,Douglas,Douglas DC 3,Herat Afghanistan,Airlines Afghan Ariana,21,21,0,21
1990,Qtr 1,March,27,27/03/1990,Afghanistan,Ilyushin,Ilyushin IL 76MDCCCP,Kabul Afghanistan,Aeroflot,11,11,0,11
1990,Qtr 3,July,27,27/07/1990,Afghanistan,Mil,Mil Mi 8 (helicopter),Near Maymaneh Afghanistan,Force Air Republican Afghan - Military,30,30,0,30
1993,Qtr 1,February,10,10/02/1993,Afghanistan,Mil,Mil Mi 8,Near Daraim Afghanistan,Force Air Republican Afghan - Military,30,30,0,30
1993,Qtr 2,April,27,27/04/1993,Afghanistan,Antonov,Antonov AN 32,Near Kholm Afghanistan,Force Air Republican Afghan - Military,76,76,0,76
1990,Qtr 3,August,10,10/08/1990,Afghanistan,Antonov,Antonov AN 12,Near Shindand Afghanistan,Force Air Republican Afghan - Military,83,83,0,83
1995,Qtr 3,September,11,11/09/1995,Afghanistan,Antonov,Antonov AN 26BYA,Jalalabad Afghanistan,Airlines Afghan Ariana,51,3,0,3
1987,Qtr 2,June,11,11/06/1987,Afghanistan,Antonov,Antonov AN 26YA,Khost Afghanistan,Airlines Afghan Bakhtar,53,53,0,53
1987,Qtr 3,September,13,13/09/1987,Afghanistan,Antonov,Antonov AN 26,Kunduz Afghanistan,Aeroflot,15,15,0,15
2010,Qtr 2,May,17,17/05/2010,Afghanistan,Antonov,Antonv An 24BYA,Salang pass Afghanistan,Airlines Pamir,44,44,0,44
1998,Qtr 1,March,19,19/03/1998,Afghanistan,Boeing,Boeing B 727,Near Charasyab Afghanistan,Airlines Afghan Ariana,45,45,0,45
1997,Qtr 4,October,29,29/10/1997,Afghanistan,Yakovlev,Yakovlev YAK 40YA,Jalal-Abad Afghanistan,Airlines Afghan Ariana,26,2,0,2
1989,Qtr 3,July,23,23/07/1989,Afghanistan,Mil,Mil Mi 8 / Mil Mi,Near Jalalabad Afghanistan,Force Air Republican Afghan - Military,30,30,0,30
1989,Qtr 3,September,21,21/09/1989,Afghanistan,Mil,Mil Mi 17 ( helicopter),Near Baghran Afghanistan,Force Air Republican Afghan - Military,24,24,0,24
1997,Qtr 2,April,23,23/04/1997,Afghanistan,Antonov,Antonov AN 26,Near Konduz Afghanistan,Force Air Republican Afghan - Military,36,36,0,36
1988,Qtr 2,April,10,10/04/1988,Afghanistan,Antonov,Antonov AN 26,Near Mazâr-e Charif Afghanistan,Force Air Republican Afghan - Military,29,29,0,29
2006,Qtr 3,September,2,02/09/2006,Afghanistan,British,British Aerospace Nimrod MR 2XV,Near Kandahar Afghanistan,Force Air Royal - Military,14,14,0,14
2013,Qtr 2,April,29,29/04/2013,Afghanistan,Boeing,Boeing B 747,Bagram Air Base Afghanistan,Cargo Air National,7,7,0,7
2004,Qtr 4,November,27,27/11/2004,Afghanistan,CASA,CASA 212 CCN960BW,Near Bagram Afghanstan,Taxi Air - Inc. Airways Presidental,6,6,0,6
2005,Qtr 1,February,3,03/02/2005,Afghanistan,Boeing,Boeing B 737,Near Kabul Afghanistan,Air Kam,104,104,0,104
2012,Qtr 1,March,16,16/03/2012,Afghanistan,Sirkorsky,Sikorsky S 70A,Kabul Afghanistan,(NATO) Army Turkish - Military,12,12,4,16
2006,Qtr 2,April,24,24/04/2006,Afghanistan,Antonov,Antonov AN 32BZS,Lashkar Gah Afghanistan,(leased) Government U.S.,16,2,3,5
2009,Qtr 3,July,19,19/07/2009,Afghanistan,Mil,Mil Mi 8,Kandahar Airport Afghanistan,Air Vertical-T,21,16,0,16
2009,Qtr 1,January,15,15/01/2009,Afghanistan,Mil,Mil Mi 17,Adraskan district Afghanistan,Army Afghan,13,13,0,13
1973,Qtr 2,April,18,18/04/1973,Afghanistan,de Havilland,de Havilland Canada DHC 6 Twin Otter 100YA,Bamiyan Afghanistan,Airlines Afghan Bakhtar,19,4,0,4
1963,Qtr 3,September,4,04/09/1963,Aargau,Sud,Sud  Aviation Caravelle IIIHG,Durrenasch Aargau,Switzerland Swissair,80,80,0,80
1963,Qtr 4,November,8,08/11/1963,Aaland,Douglas,Douglas DC 3OH,Mariehamn Aaland,Finland          Island Finnair,24,22,0,22
2024,Qtr 1,January,18,18/01/2024, Somalia,Fokker,Fokker 505YJWG,Ceel Barde,Jetways Airlines,4,1,0,1
2024,Qtr 1,January,23,23/01/2024, NWT Canada,BAE,BAe 3212 Jetstream,Fort Smith,  Northwestern Air Lease LTD,7,6,0,6
2024,Qtr 2,May,21,21/05/2024, Myanmar,Boeing,Boeing 777-312ER9V-SWM,Over Irrawaddy Basin,Singapore Airllines,229,1,0,1
2024,Qtr 1,January,2,02/01/2024, Japan,Airbus,Airbus A350-941/de Havilla DHC,Tokyo,Japan Airlines   Japan Coast Guard,385,5,0,5
2024,Qtr 2,April,23,23/04/2024, Alaska,Douglas,Douglas C-54D Skymaster N3054V,Near Fairbanks,Alaska Air Fuel,2,2,0,2
