Year,Quarter,Month,Day,Date,Country/Region,Aircraft Manufacturer,Aircraft,Location,Operator,Aboard,Fatalities (air),Ground,Casualties
1969,Qtr 1,March,16,1969-03-16,Zulia,Mcdonnell,Mcdonnell Douglas Dc 9,Maracaibo Zulia,Venezuela Venezolana Internacional De Aviacion,84,84,71,155
2017,Qtr 1,March,27,2017-03-27,Zimbabwe,Britten,Britten  Norman Bn2 Islanderc9,Mautaer Zimbabwe,Charter Air Eta,6,6,0,6
1961,Qtr 4,November,22,1961-11-22,Zimbabwe,Vp,Vp  Yrx,Harare Zimbabwe,Services Air Rhodesian,3,3,0,3
1958,Qtr 4,December,26,1958-12-26,Zimbabwe,Douglas,Douglas Dc 6Bf,Salisbury Zimbabwe,Zimbabwe)Union Aeromaritime De Transport          (Harare,70,3,0,3
1990,Qtr 1,February,17,1990-02-17,Zambia,Dhc,Dhc  5 Buffaloaf316,Near Ngwerere Zambia,Force Air Zambian - Military,29,29,0,29
2005,Qtr 2,May,18,2005-05-18,Zambia,Yunshuji,Yunshuji Y 12Af,Mongu Zambia,Force Air Zambia - Military,13,13,0,13
1977,Qtr 2,May,14,1977-05-14,Zambia,Boeing,Boeing 707 321Cg,Near Lusaka Zambia,Cargo Ias,6,6,0,6
1961,Qtr 3,September,17,1961-09-17,Zambia,Douglas,Douglas Dc 6Bse,Ndola Zambia,Sweden Transair,16,16,0,16
1997,Qtr 3,September,12,1997-09-12,Zaire,De Havilland,De Havilland Canada Dhc 6 Twin Otter 3009Q,Near Uvira Zaire,Commuter Air Tmk,22,22,0,22
1996,Qtr 1,January,8,1996-01-08,Zaire,Antonov,Antonov An 32Bra,Kinshasa Zaire,Air African,6,2,225,227
1960,Qtr 3,July,19,1960-07-19,Zaire,Fairchild,Fairchild C 119Gcp,Near Goma Zaire,Force Air Belgian Royal - Military,41,37,0,37
1949,Qtr 3,August,27,1949-08-27,Zaire,Douglas,Douglas C 47B,Leopoldville Zaire,Sabena,20,5,0,5
1990,Qtr 2,April,20,1990-04-20,Zaire,Lockheed,Lockheed C 130H9T,Near Kinshasa Zaire,Force Air Zairean - Military,24,20,0,20
1969,Qtr 2,April,16,1969-04-16,Zaire,Curtiss,Curtiss C 469T,Kinshasa Zaire,Wigmo,45,45,0,45
1986,Qtr 1,February,5,1986-02-05,Zaire,Lockheed,Lockheed L 188Af Electra9Q,Kasongo Zaire,Aviation Glm,14,2,0,2
1980,Qtr 3,September,17,1980-09-17,Zaire,De Havilland,De Havilland Dhc 5 Buffalo9T,Near Kindu Zaire,Force Air Zairean - Military,36,36,0,36
1974,Qtr 3,August,18,1974-08-18,Zaire,Lockheed,Lockheed C 130H9T,Near Kisangani Zaire,Force Air Zairean - Military,31,31,0,31
1980,Qtr 3,September,14,1980-09-14,Zaire,Lockheed,Lockheed Hercules C 1309T,Kindu Zaire,Zaïroise Aérienne Force - Military,36,36,0,36
1984,Qtr 3,September,11,1984-09-11,Zaire,Handley,Handley Page Dart Herald 2029Q Cah,Near The Kwango River Zaire,Services Aero Mmm,30,30,0,30
2010,Qtr 3,September,21,2010-09-21,Zabul,Sirkorsky,Sikorsky Uh 60 Black Hawk	93,Chopan District Zabul,Afghanistan          Province International Security Assistance Force,13,10,0,10
1944,Qtr 4,November,10,1944-11-10,Yunan,Lockheed,Lockheed Hudson,Near Kumming Yunan,China Catc,20,20,0,20
1950,Qtr 1,January,26,1950-01-26,Yukon,Douglas,Douglas C 54D,Near Snag Yukon,Force Air U.S. - Territorymilitary,44,44,0,44
1973,Qtr 3,September,11,1973-09-11,Yugoslavia,Aerospatiale,Aerospatiale Caravelle 6Nyu Ahd,Moganik Yugoslavia,Airlines Yugoslav Jat,41,41,0,41
1944,Qtr 2,April,17,1944-04-17,Yugoslavia,Junkers,Junkers Ju 52/3Md,Belgrad Yugoslavia,Lufthansa Deutsche,7,5,0,5
1971,Qtr 2,May,23,1971-05-23,Yugoslavia,Tupolev,Tupolev Tu 134Ayu,Near Rijeka Yugoslavia,(Yugoslavia) Aviogenex,83,78,0,78
1951,Qtr 4,October,22,1951-10-22,Yugoslavia,Douglas,Douglas Dc 3Yu,Skopje Yugoslavia,Airlines Yugoslav Jat,12,12,0,12
1951,Qtr 2,June,29,1951-06-29,Yugoslavia,Junkers,Junkers 52/3Myu Ace,Near Rijeka Yugoslavia,Airlines Yugoslav Jat,14,14,0,14
1944,Qtr 3,September,2,1944-09-02,Yugoslavia,Junkers,Junkers Ju52/3Md Auaw,Belgrad Yugoslavia,Lufthansa Deutsche,5,5,0,5
1947,Qtr 4,November,27,1947-11-27,Yugoslavia,Sunov,Lisunov Li 2Yu,Montenegrin Mountains Yugoslavia,Airlines Yugoslav Jat,22,22,0,22
1996,Qtr 3,August,19,1996-08-19,Yugoslavia,Illyushin,Ilyushin Il 76Tra,Belgrade Yugosalvia,Transport Air Spair,12,12,0,12
1933,Qtr 3,September,12,1933-09-12,Yugoslavia,Farman,Farman F 306Yu,Near Ljubljana Yugoslavia,Aeroput,8,8,0,8
1944,Qtr 1,January,15,1944-01-15,Yugoslavia,Junkers,Junkers Ju 52/3Md,Belgrad Yugoslavia,Lufthansa Deutsche,5,5,0,5
1950,Qtr 3,September,21,1950-09-21,Yugoslavia,Douglas,Douglas Dc 3Yu,Near Zagreb Yugoslavia,Airlines Yugoslav Jat,11,10,0,10
1964,Qtr 4,October,19,1964-10-19,Yugoslavia,Illyushin,Ilyushin Il 18Cccp,Near Belgrade Yugoslavia,Force Air Soviet - Military,33,33,0,33
2010,Qtr 1,February,14,2010-02-14,Yemen,Helicopter,Helicopter,Near Saada Yemen,Arm Yemeni - Military,11,11,2,13
1977,Qtr 1,March,1,1977-03-01,Yemen,Douglas,Douglas Dc 37O,Off Aden Yemen,Alyemda,21,19,0,19
1985,Qtr 3,August,15,1985-08-15,Yemen,Boeing,Boeing 707 336C7O,Aden Yemen,Airlines Alyemda,73,3,0,3
1982,Qtr 2,May,9,1982-05-09,Yemen,De Havilland,De Havilland Canada Dhc 7,Off Aden Yemen,Alyemda,49,47,0,47
1992,Qtr 3,July,14,1992-07-14,Yemen,Antonov,Antonov An 12,Near Bir Fadl Yemen,Force Air Yemen Unified - Military,57,57,0,57
2012,Qtr 4,November,21,2012-11-21,Yemen,Antonov,Antonov An 26420,San'A Yemen,Force Air Yemen - Military,10,10,0,10
1966,Qtr 4,November,22,1966-11-22,Yemen,Douglas,Douglas Dc 3Vr,Near Aden Yemen,Airways Aden,30,30,0,30
1923,Qtr 4,December,24,1923-12-24,Wyus,De Havilland,De Havilland Dh 4315,Egbert Wyus,Service Mail Aerial,1,1,0,1
1954,Qtr 1,February,26,1954-02-26,Wyoming,Convair,Convair Cv 240N8407H,Wright Wyoming,Airlines Western,9,9,0,9
1937,Qtr 4,October,17,1937-10-17,Wyoming,Douglas,Douglas Dc 3Nc16074,Haydens Peak Wyoming,Lines Air United,19,19,0,19
1955,Qtr 4,October,6,1955-10-06,Wyoming,Douglas,Douglas Dc 4N30062,Near Centennial Wyoming,Lines Air United,66,66,0,66
1935,Qtr 2,May,27,1935-05-27,Wyoming,Boeing,Boeing 221Nc725W,Glendo Wyoming,Service Air Wyoming,1,1,0,1
1935,Qtr 4,October,7,1935-10-07,Wyoming,Boeing,Boeing 247Dnc13317,Near Cheyenne Wyoming,Lines Air United,12,12,0,12
1935,Qtr 3,August,15,1935-08-15,Wyoming,Waco,"Waco, Model Ylcnc14140",Near Glendo Wyoming,Co Transit Mayflower Aero,3,3,0,3
1946,Qtr 4,October,8,1946-10-08,Wyoming,Douglas,Douglas Dc 4N30051,Cheyenne Wyoming,Lines Air United,41,2,0,2
1935,Qtr 4,October,30,1935-10-30,Wyoming,Boeing,Boeing B 247,Cheyenne Wyoming,Lines Air United,4,4,0,4
1928,Qtr 2,April,17,1928-04-17,Wyoming,Boeing,"Boeing 40Nc282
Nc282",Federal Wyoming,Transport Air Boeing,2,1,0,1
1946,Qtr 4,October,17,1946-10-17,Wyoming,Douglas,Douglas Dc 3Nc38942,Laramie Wyoming,Services Transport Air National,13,13,0,13
1920,Qtr 4,November,7,1920-11-07,Wyoming,De Havilland,De Havilland Dh 4,Tie Siding Wyoming,Service Mail Aerial Us,1,1,0,1
2003,Qtr 4,October,29,2003-10-29,Wyoming,Cessna,Cessna 208B Caravan I Super Cargomastern791Fe,Cody Wyoming,Fed,1,1,0,1
1950,Qtr 4,November,21,1950-11-21,Wyoming,Douglas,Douglas Dc 3N74586,Near Moran Junction Wyoming,Mission Tribes New,21,21,0,21
1996,Qtr 3,August,17,1996-08-17,Wyoming,Lockheed,Lockheed C 130H Hercules74,Near Jackson Hole Wyoming,Force Air U.S. - Military,9,9,0,9
1946,Qtr 1,January,31,1946-01-31,Wyoming,Douglas,Douglas Dc 3,Mt. Elk Wyoming,Lines Air United,21,21,0,21
1949,Qtr 4,October,9,1949-10-09,Wyoming,Curtiss,Curtiss C 46E,Cheyenne Wyoming,Airways Slick,4,4,0,4
1921,Qtr 2,May,17,1921-05-17,Wyoming,De Havilland,"De Havilland Dh 4
De Havilland Dh",Rock Springs Wyoming,Service Mail Aerial Us,1,1,0,1
1923,Qtr 1,January,18,1923-01-18,Wyoming,De Havilland,De Havilland Dh 4223,Cheyenne Wyoming,Service Mail Aerial Us,1,1,0,1
1981,Qtr 4,October,1,1981-10-01,Wyoming,Learjet,Learjet 24N44Cj,Casper Wyoming,Air Train Sky,3,3,0,3
1996,Qtr 2,April,11,1996-04-11,Wyoming,Cessna,Cessna 177Bn35207,Cheyenne Wyoming,Private,3,3,0,3
1968,Qtr 3,August,4,1968-08-04,Wisconson,Convair,Convair Cv 580 / Cessna 150N4634S / N8742S,Milwaukee Wisconsin,Private / Airlines Central North,15,3,0,3
2006,Qtr 1,February,5,2006-02-05,Wisconson,Shorts,Shorts 360 100 /Shorts 360,Near Watertown Wisconson,Carriers Cargo Air,3,3,0,3
1921,Qtr 1,February,9,1921-02-09,Wisconson,Junkers,Junkers F 13301,La Crosse Wisconsin,Service Mail Aerial Us,3,3,0,3
1985,Qtr 3,September,6,1985-09-06,Wisconson,Mcdonnell,Mcdonnell Douglas Dc 9,Milwaukee Wisconsin,Express Midwest,31,31,0,31
1990,Qtr 3,August,27,1990-08-27,Wisconson,Bell,Bell Bht 206,Elkhorn Wisconsin,Helicopters Omniflight - Private,5,5,0,5
1967,Qtr 4,December,10,1967-12-10,Wisconson,Beechcraft,Beechcraft 18Hn390R,Near Madison Wisconsin,Private,8,7,0,7
2007,Qtr 2,June,4,2007-06-04,Wisconson,Cessna,Cessna 550 Citation Iin550Bp,Near Milwaukee Wisconson,System Health Michigan Of University,6,6,0,6
1972,Qtr 2,June,29,1972-06-29,Wisconson,Convair,Convair Cv 580/De Hav. Twin Otter 100N90858/N4043B,Appleton Wisconsin,Wisconsin Air / Airlines Central North,13,13,0,13
1970,Qtr 1,January,13,1970-01-13,Western,Douglas,Douglas Dc 35W,Faleolo Western,Airlines Samoapolynesian,32,32,0,32
1960,Qtr 4,December,17,1960-12-17,West,Convair,Convair C 131D (Cv,Munich West,Force Air U.S. - Germanymilitary,20,20,31,51
1968,Qtr 3,August,10,1968-08-10,West,Fairchild,Fairchild  Hiller Fh,Charleston West,Airlines Virginiapiedmont,37,35,0,35
2017,Qtr 2,May,5,2017-05-05,West,Shorts,Shorts 300 200N334Ac,Charleston West,Carriers Cargo Virginiaair,2,2,0,2
1970,Qtr 4,November,14,1970-11-14,West,Mcdonnell,Mcdonnell Douglas Dc 9,Near Huntington West,Airways Virginiasouthern,75,75,0,75
1981,Qtr 1,January,14,1981-01-14,West,Lockheed,Lockheed C 130E Hercules69,Ramstein Afb West,Force Air U.S. - Germanymilitary,11,11,0,11
1952,Qtr 3,August,26,1952-08-26,West,Bristol,Bristol 170 Freighterg783,Near Khewra West,Force Air Pakistan - Pakistanmilitary,18,18,0,18
1951,Qtr 2,April,8,1951-04-08,West,Douglas,Douglas C 47B,Near Charleston West,Force Air U.S. - Virginiamilitary,21,21,0,21
1968,Qtr 2,April,30,1968-04-30,West,Lockheed,Lockheed Martin L 100,Near Chaklala West,Force Air Pakistan - Pakistanmilitary,22,22,0,22
1963,Qtr 2,June,23,1963-06-23,West,Fairchild,Fairchild C 119Cp,Near Augustdorf West,Force Air Belgian Royal - Germanymilitary,47,38,0,38
1958,Qtr 2,June,4,1958-06-04,West,Douglas,Douglas Dc 3N49553,Martinsburg West,Airlines Virginiacapital,3,1,0,1
1959,Qtr 2,May,12,1959-05-12,West,Lockheed,Lockheed C 69 Constellationn2735A,Charleston West,Airlines Virginiacapital,44,2,0,2
1945,Qtr 2,April,14,1945-04-14,West,Douglas,Douglas Dc 3Nc25692,Morgantown West,Airlines Central Virginiapennsylvania,20,20,0,20
1962,Qtr 2,May,22,1962-05-22,West,Lockheed,Lockheed C121J131390,Near Markt Schwaben West,Navy U.S. - Germanymilitary,26,26,0,26
1982,Qtr 3,September,11,1982-09-11,West,Boeing,Boeing Vertol Ch 47C (Helicopter)74,Near Mannheim West,Army U.S. - Germanymilitary,46,46,0,46
1953,Qtr 2,May,2,1953-05-02,West,De Havilland,De Havilland Dh106 Comet 1G Alyv,Near Jalalogori West,India          Bengal British Overseas Airways,43,43,0,43
1955,Qtr 3,August,11,1955-08-11,West,Fairchild,Fairchild C119G / Fairchild C119G53 3222/53,Near Edelweiler West,Air U.S. - Military / Force Air U.S. - Germanymilitary,67,67,0,67
1942,Qtr 3,July,1,1942-07-01,West,Douglas,Douglas C 49E42,Near Premier West,Forces Air Army U.S. - Virginiamilitary,21,21,0,21
1957,Qtr 4,November,3,1957-11-03,West,Douglas,Douglas Dc 4D,Dusseldorf West,Company Germanyherfurtner,10,7,1,8
1979,Qtr 1,February,12,1979-02-12,West,Nord,Nord 262N29824,Clarksburg West,Airlines Virginiaallegheny,25,2,0,2
1992,Qtr 4,October,7,1992-10-07,West,Lockheed,Lockheed C 130E Hercules63,Berkeley Springs West,Airforce U.S. - Virginiamiltiary,6,6,0,6
1978,Qtr 4,November,18,1978-11-18,West,De Havilland,De Havilland Canada Dhc 6 Twin Otter 300F,Off Marie Galante Island West,Guadeloupe Indiesair,20,15,0,15
1971,Qtr 4,October,2,1971-10-02,West,Vickers,Vickers Vanguard 951G Apec,Near Aarsele West,Belgium          Vlaanderen British European Airways,63,63,0,63
1929,Qtr 1,January,31,1929-01-31,West,Travel,Travel Air 4000Nc6480,Morgantown West,Company Transportation Virginiaskyline,1,1,0,1
1971,Qtr 3,August,18,1971-08-18,West,Boeing,Boeing Vertol Ch 47A (Helicopter)66,Near Pegnitz West,Army U.S. - Germanymilitary,37,37,0,37
1929,Qtr 4,October,31,1929-10-31,Washington,Loening,Loening C 2Cnc9158,Off Bremerton Washington,Lines Air Gorst / Taxi Air Bremerton-Seattle,2,2,0,2
1951,Qtr 1,January,16,1951-01-16,Washington,Martin,Martin 202N93054,Near Reardan Washington,Airlines Orient Northwest,10,10,0,10
1952,Qtr 4,November,28,1952-11-28,Washington,Douglas,Douglas C 54G (Dc,Near Tacoma Washington,Force Air U.S. - Military,38,37,0,37
1962,Qtr 3,September,10,1962-09-10,Washington,Boeing,Boeing Kc 135A60,Near Milan Washington,Force Air U.S. - Military,44,44,0,44
1929,Qtr 4,November,30,1929-11-30,Washington,Stearman,Stearman M 2 Speedmailnc8199,Vancouver Washington,Lines Air Varney,1,1,0,1
1928,Qtr 4,December,10,1928-12-10,Washington,Ford,Ford Tri Motor 4Nc7687,Spokan Washington,Airways Spokane,5,5,0,5
1949,Qtr 3,July,19,1949-07-19,Washington,Curtiss,Curtiss C 46F,Seattle Washington,Associates Transport Air,32,2,4,6
1949,Qtr 1,January,2,1949-01-02,Washington,Douglas,Douglas Dc 3 (C,Seattle Washington,Charter Air Seattle,30,14,0,14
1947,Qtr 4,November,30,1947-11-30,Washington,Douglas,Douglas C 54Anc,Seattle Washington,Airlines Alaska,28,8,1,9
1975,Qtr 1,March,20,1975-03-20,Washington,Lockheed,Lockheed C 141A (L.300)64,Near Quilcene Washington,Force Air U.S. - Military,16,16,0,16
1931,Qtr 1,January,22,1931-01-22,Washington,Boeing,Boeing 40Nc741K,Bluff Mountain Washington,Lines Air Varney,1,1,0,1
1958,Qtr 3,September,8,1958-09-08,Washington,Boeing,Boeing B 52 / Boeing B,Near Fairchild Afb Washington,Force Air U.S. / Force Air U.S. - Military,16,13,0,13
1957,Qtr 1,March,2,1957-03-02,Washington,Douglas,Douglas C 54Bn90449,Blyn Washington,Airlines Alaska,5,5,0,5
1961,Qtr 2,May,24,1961-05-24,Washington,Douglas,Douglas C 124A,Near Tacoma Washington,Force Air U.S. - Military,22,22,0,22
1953,Qtr 2,April,14,1953-04-14,Washington,Douglas,Douglas Dc 3 (C,Selleck Washington,Airlines Miami,25,7,0,7
1953,Qtr 3,September,1,1953-09-01,Washington,Douglas,Douglas Dc 3N19941,Vail Washington,Airlines Cargo Regina,21,21,0,21
1943,Qtr 1,February,18,1943-02-18,Washington,Boeing,Boeing Xb 2941,Seattle Washington,Company Aircraft Boeing - Private,10,10,20,30
1956,Qtr 2,April,2,1956-04-02,Washington,Boeing,Boeing 377 Stratocruiser 10 30N74608,Seattle Washington,Airlines Orient Northwest,38,5,0,5
1955,Qtr 4,November,17,1955-11-17,Washington,Douglas,Douglas C 54N88852,Seattle Washingon,Peninsular,74,28,0,28
2008,Qtr 2,May,17,2008-05-17,Washington,De Havilland,De Havilland Canada Dhc 2 Mark I Beavern5998Q,Stehekin Washington,Service Air Chelan,5,2,0,2
2014,Qtr 1,March,18,2014-03-18,Washington,Urocopter,Urocopter As350 B2N250Fb,Seattle Washington,Tv Komo / Inc Helicopters,2,2,0,2
1931,Qtr 4,November,26,1931-11-26,Washington,Boeing,Boeing 40Nc10338,Pasco Washington,Lines Air Varney,1,1,0,1
1952,Qtr 4,December,20,1952-12-20,Washington,Douglas,Douglas C 124A Globemaster50,Moses Lake Washington,Force Air U.S. - Military,115,87,0,87
1965,Qtr 2,April,23,1965-04-23,Washington,Douglas,Douglas Dc 6An6541C,Near Seattle Washington,Airlines Aaxico,5,5,0,5
1946,Qtr 4,December,10,1946-12-10,Washington,Curtiss,Curtiss  Wright R5C,Toledo Washington,Corps Marine U.S. - Military,32,32,0,32
1939,Qtr 1,March,18,1939-03-18,Washington,Boeing,Boeing 307 Stratolinernx19901,Near Adler Washington,Company Aircraft Boeing,10,10,0,10
1953,Qtr 1,January,7,1953-01-07,Washington,Douglas,Douglas C 54B,Issaquah Washington,Line Tiger Flying,7,7,0,7
1987,Qtr 1,March,13,1987-03-13,Washington,Boeing,Boeing Kc 13560,Spokane Washington,Force Air U.S. - Military,6,6,1,7
1994,Qtr 1,March,18,1994-03-18,Washington,Douglas,Douglas Dc 3Cn3433Y,Spokane Washington,Salair,2,2,0,2
1981,Qtr 1,January,20,1981-01-20,Washington,Beechcraft,Beechcraft 99An390Ca,Spokane Washington,Airways Cascade,9,7,0,7
1978,Qtr 1,February,10,1978-02-10,Washington,Beechcraft,Beechcraft 99N199Ea,Richland Washington,Airlines Pacific Columbia,17,17,0,17
2003,Qtr 4,November,29,2003-11-29,Washington,Swearingen,Swearingen Sa227At Merlin Ivcn439Af,Spokane Washington,Ameriflight,1,1,0,1
1989,Qtr 4,December,26,1989-12-26,Washington,British,British Aerospace 3101 Jetstream 31N410Ue,Pasco Washington,Express United,6,6,0,6
1949,Qtr 1,February,19,1949-02-19,Warks,Douglas,Douglas Dc 3 / Avro Ansong,Near Coventry Warks,England British European Airways / Military - British,14,14,0,14
1965,Qtr 1,February,8,1965-02-08,Wantagh,Douglas,Douglas Dc 7Bn849D,Off Jones Beach Wantagh,New York Eastern Air Lines,84,84,0,84
1968,Qtr 4,December,31,1968-12-31,Wa,Vickers,Vickers Viscount 720Vh Rmq,Port Hedland Wa,Australia Mac,26,26,0,26
1963,Qtr 1,March,15,1963-03-15,Volcano,Douglas,Douglas Dc 6Bcp,Near Tacora Volcano,Peru Lloyd Aereo Boliviano,39,39,0,39
1985,Qtr 1,February,19,1985-02-19,Vizcaya,Boeing,Boeing B 727,Near Durango Vizcaya,Spain Iberia Airlines,148,148,0,148
1961,Qtr 4,November,8,1961-11-08,Virginia,Lockheed,Lockheed C 69 Constellationn2737A,Near Richmond Virginia,Airways Imperial,79,76,0,76
1908,Qtr 3,September,17,1908-09-17,Virginia,Wright,Wright Flyer Iii,Fort Myer Virginia,Army U.S. - Military,2,1,0,1
1959,Qtr 4,October,30,1959-10-30,Virginia,Douglas,Douglas Dc 3N55V,Waynesborough Virginia,Airlines Piedmont,27,26,0,26
1940,Qtr 3,August,31,1940-08-31,Virginia,Douglas,Douglas Dc 3Nc21789,Near Lovettsville Virginia,Airlines Central Pennsylvania,25,25,0,25
1960,Qtr 1,January,18,1960-01-18,Virginia,Vickers,Vickers Viscount 745Dn7462,Charles City Virginia,Airlines Capital,50,50,0,50
1971,Qtr 2,May,28,1971-05-28,Virginia,Aero,Aero Commander 680En601Jj,Roanoke Virginia,Private,6,6,0,6
1922,Qtr 1,February,21,1922-02-21,Virginia,Dirigible,Dirigible Roma (Airship),Near Norfolk Virginia,Service Air Army U.S. - Military,45,34,0,34
1974,Qtr 4,December,1,1974-12-01,Virginia,Boeing,Boeing B 727,Near Berryville Virginia,Airlines World Trans,92,92,0,92
1964,Qtr 3,July,16,1964-07-16,Virginia,Douglas,Douglas Dc 7Bn809D,Richmond Virginia,Lines Air Eastern,76,0,0,0
1933,Qtr 2,June,4,1933-06-04,Virginia,Pitcairn,Pitcairns Pa 6,Bowling Green Virginia,Transport Air Eastern,1,1,0,1
2004,Qtr 4,October,24,2004-10-24,Virginia,Beech,Beech 200 Super King Airn501Rh,Martinsville Virginia,Inc. Motorsports Hendrick - Private,10,10,0,10
1949,Qtr 4,November,1,1949-11-01,Virginia,Douglas,Douglas C 54B / P,Arlington Virginia,Force Air Bolivian - Military / Lines Air Eastern,55,55,0,55
1994,Qtr 2,June,18,1994-06-18,Virginia,Learjet,Learjet 25Dxa Bba,Chantilly Virginia,Taesa,12,12,0,12
1945,Qtr 1,February,23,1945-02-23,Virginia,Douglas,Douglas Dc 3Nc18142,Marion Virginia,Airlines American,22,17,0,17
1947,Qtr 1,January,12,1947-01-12,Virginia,Douglas,Douglas Dc 3Nc88872,Near Galax Virginia,Lines Air Eastern,19,18,0,18
1947,Qtr 2,June,13,1947-06-13,Virginia,Douglas,Douglas Dc 4 (C,Leesburg Virginia,Airlines Central Pennsylvania,50,50,0,50
1996,Qtr 4,December,22,1996-12-22,Virginia,Mcdonnell,Mcdonnell Douglas Dc 8,Narrows Virginia,Express Airborne,6,6,0,6
1946,Qtr 2,May,16,1946-05-16,Virginia,Douglas,Douglas Dc 3Nc53218,Richmond Virginia,Transport Air Viking,27,27,0,27
1965,Qtr 3,July,15,1965-07-15,Virginia,De Havilland,De Havilland 106An6503D,St. Thomas Virgin,Airways Islands Islandsvirgin,12,8,0,8
1970,Qtr 4,December,28,1970-12-28,Virginia,Boeing,Boeing B 727,St. Thomas Virgin,Airways Caribbean Islandstrans,55,2,0,2
1979,Qtr 3,July,24,1979-07-24,Virginia,De Havilland,De Havilland Dh 114 Heronn575Pr,St. Croix Virgin,Islandsprinair,21,8,0,8
1976,Qtr 2,April,27,1976-04-27,Virginia,Boeing,Boeing B 727,St. Thomas Virgin,Airlines Islandsamerican,88,37,0,37
1978,Qtr 2,April,5,1978-04-05,Virginia,Grumman,Grumman G 21N877A,St. Thomas Virgin,Air Islandsantilles,9,2,0,2
1976,Qtr 1,February,21,1976-02-21,Virginia,Grumman,Grumman G 21A Seaplanen4772C,St. Croix Virgin,Air Islandsantilles,11,5,0,5
2014,Qtr 3,July,7,2014-07-07,Vietnam,Mil,Mil Mi 171,Thach That District Vietnam,Force Air Army People'S Vietnam - Military,19,18,0,18
1976,Qtr 3,August,28,1976-08-28,Vietnam,Sud,Sud Aviation Se 210 Caravelle Iiif Bsgz,Ho Chi Minh City Vietnam,France Air,20,1,0,1
1953,Qtr 4,October,17,1953-10-17,Vietnam,Douglas,Douglas C 47Bf,Lai Chau Vietnam,Sila Compagnie,7,2,0,2
1954,Qtr 2,June,8,1954-06-08,Vietnam,Douglas,Douglas C 47,Da Nang Vietnam,Orient D'Extrême Aériens Tr. De Soc.,4,4,0,4
1965,Qtr 4,October,18,1965-10-18,Vietnam,Boeing,Boeing 307 Stratoliner B 1F,Near Hanoi Vietnam,Commision Control International,13,13,0,13
1965,Qtr 3,September,27,1965-09-27,Vietnam,Beechcraft,Beechcraft C 45Hn9574Z,Bao Trai Vietnam,America Air,3,3,0,3
1953,Qtr 1,February,3,1953-02-03,Vietnam,Douglas,Douglas C 47B,Lai Chau Vietnam,Outremer Air,18,18,0,18
1950,Qtr 1,March,10,1950-03-10,Vietnam,Bristol,Bristol 170 Freighter 21F Becr,Saigon Vietnam,Aeriens Transport De Indochinoise Societe,4,4,0,4
1953,Qtr 1,March,17,1953-03-17,Vietnam,Douglas,Douglas Dc 3F,Off Da Nang Vietnam,Azur Aigle,8,8,0,8
1953,Qtr 2,April,16,1953-04-16,Vietnam,Douglas,Douglas Dc 3F,Nw Of Hanoi Vietnam,Azur Aigle,30,30,0,30
1992,Qtr 4,November,14,1992-11-14,Vietnam,Yakovlev,Yakovlev Yak 40Vn,Near Nha Trang Vietnam,Airlines Vietnam,31,30,0,30
1972,Qtr 2,June,5,1972-06-05,Vietnam,Curtiss,Curtiss C 46Aem2,Near Pleiku Vietnam,America Air,32,32,0,32
1970,Qtr 3,September,30,1970-09-30,Vietnam,Douglas,Douglas Dc 3,Near Da Nang Vietnam,Vietnam) (South Vietnam Air,38,4,0,4
1974,Qtr 1,March,8,1974-03-08,Vietnam,Antonov,Antonov An 24Xw,Hanoi Vietnam,Airlines Lao Pathet,18,18,0,18
1975,Qtr 1,January,3,1975-01-03,Vietnam,Fairchild,Fairchild C 123Kst,Near Nha Trang Vietnam,America Air,9,9,0,9
1974,Qtr 3,July,27,1974-07-27,Vietnam,Fairchild,Fairchild C 123Kst,Near Moc Hoa Vietnam,Amercia Air,5,5,0,5
1968,Qtr 2,May,12,1968-05-12,Vietnam,Lockheed,Lockheed C 130B Hercules60,Kham Duc Vietnam,Force Air U.S. - Military,155,155,0,155
1966,Qtr 4,October,4,1966-10-04,Vietnam,De Havilland,De Havilland Canada Cv 2B Caribou63,An Khe Vietnam,Army U.S. - Military,32,14,0,14
1969,Qtr 1,January,16,1969-01-16,Vietnam,Douglas,Douglas C 47 Skytrain (Dc,Near Hue Vietnam,America Air,12,12,0,12
1969,Qtr 4,December,22,1969-12-22,Vietnam,Douglas,Douglas Dc 6Bb,Nha Trang Vietnam,Vietnam) (South Vietnam Air,77,10,24,34
1969,Qtr 3,September,20,1969-09-20,Vietnam,Douglas,Douglas Dc 4 / Usaf F,Near Hoi An Vietnam,Vietnam) (South Vietnam Air,76,74,2,76
1954,Qtr 2,April,4,1954-04-04,Vietnam,Douglas,Douglas C 54Af,Hanoi Vietnam,Autrex,4,4,0,4
2001,Qtr 2,April,7,2001-04-07,Vietnam,Mil,Mil Mi 18 Helicoptervn,Thanh Tranh Village Vietnam,Account Full - Charter - Vietnam Sfc,16,16,0,16
2017,Qtr 1,February,21,2017-02-21,Victoria,Beechcraft,Beechcraft B200 Super King Airvh Zcr,Melbourne Victoria,Australia Australian Corporate Jet Centres Pty. Ltd,5,5,0,5
1935,Qtr 4,October,2,1935-10-02,Victoria,De Havilland,De Havilland Dh 86Vh,Off Finders Island Victoria,Australia Holyman Airways,5,5,0,5
2006,Qtr 3,August,4,2006-08-04,Vermont,Embraer,Embraer 110 Bandeiranten59Ba,Near Pownal Vermont,Air,1,1,0,1
1991,Qtr 3,September,18,1991-09-18,Vermont,Convair,Convair Cv 580C,Belvedere Center Vermont,Cargo Canair,2,2,0,2
1990,Qtr 1,January,29,1990-01-29,Vermont,Cessna,Cessna 208B Caravan In4688B,Burlington Vermont,Express Airborne,2,2,0,2
1946,Qtr 3,July,26,1946-07-26,Veracruz,Fairchild,Fairchild Pilgrim 100Axa Dej,Near Huatesco Veracruz,Mexico Communicaciones Aereos De Veracruz,9,9,0,9
1937,Qtr 1,January,11,1937-01-11,Veracruz,Lockheed,Lockheed 10E Electrax Abeo,Near Playa V Icente Veracruz,Mexico Mexicana,9,9,0,9
1938,Qtr 3,August,12,1938-08-12,Vera,Lockheed,Lockheed 10E Electrax Abas,Near San Andres Tuxtla Vera,Mexico           Cruz Mexicana,11,11,0,11
1991,Qtr 4,October,13,1991-10-13,Venezuela,Bell,Bell 214 Styv O,Aponguao Falls Venezuela,Edelca,12,12,0,12
2010,Qtr 3,August,27,2010-08-27,Venezuela,Mi,Mi 17V 5Gn10139,Buena Vista Venezuela,Guard National Venezuelan - Military,10,10,0,10
1948,Qtr 2,June,26,1948-06-26,Venezuela,Douglas,Douglas Dc 3Yv,Maiquetia Venezuela,Venezolana Aeropostal Linea,17,1,0,1
1971,Qtr 1,January,25,1971-01-25,Venezuela,Vickers,Vickers Viscount 749Yv C,Merida Venezuela,Venezolana Aeropostal Linea,47,13,0,13
2009,Qtr 2,May,3,2009-05-03,Venezuela,Mi,Mi  35Ev08114,Near El Alto De Rubio Venezuela,Army Venezuelan - Military,18,18,0,18
1990,Qtr 1,January,23,1990-01-23,Venezuela,Casa,Casa 212 200 Aviocararv,Near Caracas Venezuela,Navy Venezuelan - Military,25,25,0,25
1959,Qtr 1,January,21,1959-01-21,Venezuela,Curtiss,Curtiss C 46D,Near Merida Venezuela,Bolivar Expresa Linea,4,4,0,4
1961,Qtr 1,March,9,1961-03-09,Venezuela,Douglas,Douglas Dc 3Yv,Near Caracas Venezuela,Venezolana Aeropostal Linea,12,12,0,12
1997,Qtr 3,August,29,1997-08-29,Venezuela,Pilatus,Pilatus Pc 6 Turbo Porter / Cessna 206Fac1115,Puerto Inirida Venezuela,Satena,12,12,0,12
1989,Qtr 4,November,28,1989-11-28,Venezuela,Cessna,Cessna 402Yv 478C,Charallave Venezuela,Cave Aéreas Lineas,7,3,0,3
2010,Qtr 3,September,13,2010-09-13,Venezuela,Atr,Atr 42 320Yv,Puerto Ordaz Venezuela,Conviasa Airline,51,17,0,17
1948,Qtr 3,August,20,1948-08-20,Venezuela,Douglas,Douglas C 47Ayv,La Guaira Venezuela,Avensa,3,3,0,3
2008,Qtr 1,January,4,2008-01-04,Venezuela,Let,Let 410 Uvp E3Yv2081,Los Roques Venezuela,Transaven,18,18,0,18
1960,Qtr 2,April,28,1960-04-28,Venezuela,Douglas,Douglas Dc 3Yv,Near Calabozo Venezuela,Venezolana Aeropostal Linea,13,13,0,13
2003,Qtr 3,August,8,2003-08-08,Venezuela,Cessna,Cessna 208B Grand Caravanyv 1069C,Tocomita Venezuela,(Sasca) Sucre Aeronauticos Servicios,16,1,0,1
2004,Qtr 4,November,18,2004-11-18,Venezuela,Bae,Bae 3101 Jetstream 31Yv 1083C,Caracas Venezuela,Venezolana,21,3,0,3
1974,Qtr 3,August,14,1974-08-14,Venezuela,Vickers,Vickers Viscount 749Yv C,Margarita Island Venezuela,Venezolana Aeropostal Linea,49,49,0,49
2004,Qtr 4,December,10,2004-12-10,Venezuela,Pzl,Pzl  Mielec M28Gn,El Junquito Venezuela,Venezuela De Nacional Guardia,16,16,0,16
2001,Qtr 3,July,12,2001-07-12,Venezuela,Antonov,Antonov An 28 Pzl,Near Puerto Cabello Venezuela,Company Overtec - Private,13,13,0,13
1998,Qtr 4,October,2,1998-10-02,Venezuela,Douglas,Douglas Dc 3Cyv,Near Canaima Venezuela,Servivensa,27,1,0,1
2003,Qtr 3,July,13,2003-07-13,Venezuela,Let,Let 410Uvp Eyv,Near San Cristobal Venezuela,Aérea Compania Duran & Ruiban,10,4,0,4
1954,Qtr 4,December,18,1954-12-18,Venezuela,Douglas,Douglas C 47Ayv,Near Bolivar Venezuela,Venezolana Aeropostal Linea,2,2,0,2
1952,Qtr 4,December,25,1952-12-25,Venezuela,Douglas,Douglas Dc 3Yv,Off Caracas Venezuela,Avensa,5,3,0,3
1956,Qtr 4,November,27,1956-11-27,Venezuela,Lockheed,Lockheed 749 79,Caracas Venezuela,Venezolana Aeropostal Linea,25,25,0,25
1972,Qtr 3,August,27,1972-08-27,Venezuela,Douglas,Douglas C 47,Canaima Venezuela,Venezolanas Areas Lineas,34,34,0,34
2005,Qtr 1,March,8,2005-03-08,Venezuela,Cessna,Cessna 500 Citation Iyv 21Cp,Chrallave Venezuela,Global Air,2,2,0,2
2001,Qtr 1,January,25,2001-01-25,Venezuela,Douglas,Douglas Dc 3C (C47A,Ciudad Bolivar Venezuela,Airlines Rutaca,24,24,0,24
1978,Qtr 1,March,3,1978-03-03,Venezuela,British,British Aerospace 748 2Ayv 45C,Off Caracas Venezuela,Venezolana Aeropostal Linea - Lav,47,47,0,47
1994,Qtr 4,December,17,1994-12-17,Venezuela,Douglas,Douglas C 47A,Cerro Aicha Venezuela,Servivensa,9,7,0,7
1969,Qtr 4,December,3,1969-12-03,Venezuela,Boeing,Boeing B 707,Off Caracas Venezuela,France Air,62,62,0,62
2008,Qtr 1,February,21,2008-02-21,Venezuela,Atr,Atr  42,Merida Venezuela,Airlines Barbara Santa,46,46,0,46
1999,Qtr 4,December,25,1999-12-25,Venezuela,Yakovlev,Yakovlev Yak 42Dcu,Bejuma Venezuela,Aviacion De Cubana,22,22,0,22
1974,Qtr 4,December,22,1974-12-22,Venezuela,Mcdonnell,Mcdonnell Douglas Dc 9,Maturin Venezuela,(Venezuela) Sa Venezolanas Aerovias,77,77,0,77
1968,Qtr 3,August,20,1968-08-20,Venezuela,Hawker,Hawker Siddeley Hs 748,Near Maturin Venezuela,Venezolana Aeropostal Linea,7,4,0,4
1950,Qtr 4,December,15,1950-12-15,Venezuela,Douglas,Douglas C 47,Valera Venezuela,Avensa,31,31,0,31
1968,Qtr 4,December,12,1968-12-12,Venezuela,Boeing,Boeing B 707,Near Caracas Venezuela,Airways World American Pan,51,51,0,51
1957,Qtr 3,September,3,1957-09-03,Venezuela,Douglas,Douglas Dc 3Yv,Niquitao Venezuela,Avensa,8,8,0,8
1947,Qtr 2,April,8,1947-04-08,Venezuela,Douglas,Douglas C 47Ayv,Near Caracas Venezuela,Venezolana Aeropostal Linea,27,27,0,27
1991,Qtr 1,March,5,1991-03-05,Venezuela,Mcdonnell,Mcdonnell Douglas Dc 9,La Puerta Venezuela,Venezolana Aeropostal Linea,45,45,0,45
2004,Qtr 3,August,21,2004-08-21,Venezuela,Shorts,Shorts 360Fav 1652,Near Maracay Venezuela,Force Air Venezuelan - Military,25,25,0,25
1955,Qtr 2,May,21,1955-05-21,Venezuela,Douglas,Douglas C 47,Off Barcelona Venezuela,Venezolana Aeropostal Linea,16,4,0,4
1952,Qtr 1,March,29,1952-03-29,Venezuela,Douglas,Douglas Dc 3Yv,Near San Felipe Venezuela,Taca,12,12,0,12
2013,Qtr 1,January,4,2013-01-04,Venezuela,Britten,Britten Norman Bn 2A,Off Los Roques Venezuela,5074 Transaereo,6,6,0,6
2005,Qtr 3,August,16,2005-08-16,Venezuela,Mcdonnell,Mcdonnell Douglas Md 82Hk,Near La Cucharita Venezuela,Airways Caribbean West,160,160,0,160
2003,Qtr 4,October,11,2003-10-11,Venezuela,Antonov,Antonov An 2Tpyv,Uriman Venezuela,Transmandu,2,1,0,1
1991,Qtr 1,January,10,1991-01-10,Venezuela,Casa,Casa 212 Aviocar 200Arv 0209,Near Paramo Mucuti Venezuela,Navy Venezuelan - Military,22,21,0,21
1999,Qtr 4,October,24,1999-10-24,Venezuela,Arava,Arava 201Ev 8012,San Carlos Venezuela,Army Venezuelan - Military,6,6,0,6
1993,Qtr 2,April,2,1993-04-02,Venezuela,Mcdonnell,Mcdonnell Douglas Dc 9,Off Margarita Island Venezuela,Venezolana Aeropostal Linea,11,11,0,11
1958,Qtr 4,October,14,1958-10-14,Venezuela,Lockheed,Lockheed 1049E Super Constellationyv C,Mt. Alto Del Cedro Venezuela,Venezolana Aeropostal Linea,23,23,0,23
1985,Qtr 2,May,28,1985-05-28,Venezuela,Convair,Convair Cv 580Yv,Cabimas Venezuela,Avensa,13,2,0,2
1978,Qtr 4,November,21,1978-11-21,Venezuela,Douglas,Douglas C 47Ahk,Near Rubio Venezuela,Venado El Aereo,27,27,0,27
1944,Qtr 3,August,29,1944-08-29,Västergötland,Lockheed,Lockheed 18 56 Loadstarg,Near Lidköping Västergötland,Swden British Overseas Airways,15,11,0,11
1972,Qtr 4,October,23,1972-10-23,Vanuatu,Britten,Britten  Norman Bn,Tanna Vanuatu,Melanesie Air,8,1,0,1
1991,Qtr 3,July,25,1991-07-25,Vanuatu,Britten,Britten  Norman Bn,Espiritu Santos Vanuatu,Vanair,9,9,0,9
1999,Qtr 2,May,8,1999-05-08,Vanuatu,De Havilland,De Havilland Canada Dhc 6 Twin Otter 300Yj,Off Port Vila Vanuatu,Vanair,12,7,0,7
1995,Qtr 4,December,20,1995-12-20,Valle,Boeing,Boeing B 757,Near Buga Valle,Colombia         Cauca Del American Airlines,164,160,0,160
1962,Qtr 2,June,3,1962-06-03,Val-De-Marne,Boeing,Boeing B 707,Villeneuve-Le-Roi Val-De-Marne,France Air France,132,130,0,130
1958,Qtr 4,December,23,1958-12-23,Uzbekstan,Illyushin,Ilyushin Il 14Cccp,Tashkent Uzbekstan,Aeroflot,21,21,0,21
2004,Qtr 1,January,13,2004-01-13,Uzbekstan,Yakovlev,Yakovlev Yak 40Uk,Tashkent Uzbekistan,Airways Uzbekistan,37,37,0,37
1999,Qtr 3,August,26,1999-08-26,Uzbekstan,Yakovlev,Yakovlev Yak 40Uk,Turtkul Uzbekistan,Airways Uzbekistan,33,2,0,2
1966,Qtr 1,January,14,1966-01-14,Uzbekstan,Antonov,Antonov An 2Cccp,Shamurat Uzbekistan,Aeroflot,11,11,0,11
1962,Qtr 3,July,6,1962-07-06,Uzbekstan,Illyushin,Ilyushin Il 14Cccp,Near Tashkent Uzbekistan,Ussraeroflot,38,11,0,11
1974,Qtr 4,December,14,1974-12-14,Uzbekstan,Yakovlev,Yakovlev 40Cccp 87630,Bukhara Uzbekistan,Aeroflot,19,7,0,7
1959,Qtr 4,December,13,1959-12-13,Uzbekstan,Illyushin,Ilyushin Il 18Cccp,Near Tashkent Uzbekistan,Ussraeroflot,29,29,0,29
1987,Qtr 1,January,16,1987-01-16,Uzbekstan,Yakovlev,Yakovlev Yak 40Cccp,Tashkent Uzbekistan,Aeroflot,9,9,0,9
1985,Qtr 3,July,10,1985-07-10,Uzbekstan,Tupolev,Tupolev Tu 154B,Near Uchuduk Uzbekistan,Ussraeroflot,200,200,0,200
1947,Qtr 3,August,21,1947-08-21,Utah,Curtiss,Curtiss C 46Enc59488,Hanksville Utah,Airways Slick,3,3,0,3
1940,Qtr 4,November,4,1940-11-04,Utah,Douglas,Douglas Dc 3Nc16086,Near Centerville Utah,Lines Air United,10,10,0,10
1947,Qtr 4,October,24,1947-10-24,Utah,Douglas,Douglas Dc 6Nc37510,Bryce Canyon Utah,Lines Air United,53,53,0,53
1993,Qtr 1,January,3,1993-01-03,Utah,Bell,Bell 206B3N1078V,Ogden Utah,Inc. Helicopters Coast South - Taxi Air,4,4,0,4
1987,Qtr 1,January,15,1987-01-15,Utah,Swearingen,Swearingen Sa 226Tc / Mooney M,Salt Lake City Utah,Private. / Airlines Skywest,10,10,0,10
1963,Qtr 1,January,17,1963-01-17,Utah,Fairchild,Fairchild F 27N2703,Great Salt Lake Utah,Airlines Coast West,3,3,0,3
1977,Qtr 4,December,18,1977-12-18,Utah,Douglas,Douglas Dc 8,Near Salt Lake City Utah,Lines Air United,3,3,0,3
1943,Qtr 4,December,29,1943-12-29,Utah,Consolidated,Consolidated B 24 / Consolidated B,Lakeside Utah,Army U.S. - Military / Forces Air Army U.S. - Military,25,25,0,25
1942,Qtr 2,May,1,1942-05-01,Utah,Douglas,Douglas Dst A,Salt Lake City Utah,Lines Air United,17,17,0,17
1960,Qtr 4,October,15,1960-10-15,Utah,Curtiss,Curtiss C 46Fn1300N,Plain City Utah,Airways Capitol,2,2,0,2
1979,Qtr 4,November,18,1979-11-18,Utah,Lockheed,Lockheed L 188Cf Electran859U,Granger Utah,Airlines Transamerica,3,3,0,3
1934,Qtr 1,February,23,1934-02-23,Utah,Boeing,Boeing 247Nc13357,Near Salt Lake City Utah,Company Aircraft Boeing,8,8,0,8
1936,Qtr 4,December,15,1936-12-15,Utah,Boeing,Boeing 247Dnc13370,Near Salt Lake City Utah,Express Air Western,7,7,0,7
1965,Qtr 4,November,11,1965-11-11,Utah,Boeing,Boeing B 727,Salt Lake City Utah,Lines Air United,91,43,0,43
1942,Qtr 4,December,15,1942-12-15,Utah,Douglas,Douglas Dc 3Anc16060,Fairfield Utah,Airlines Western,19,17,0,17
1931,Qtr 4,November,23,1931-11-23,Utah,Boeing,Boeing 40Nc7465,Salt Lake City Utah,Transport Air Boeing,1,1,0,1
1965,Qtr 4,November,27,1965-11-27,Utah,Douglas,Douglas C 53,Salt Lake City  Utah,Airlines Edde,13,13,0,13
1970,Qtr 2,May,2,1970-05-02,Us,Mcdonnell,Mcdonnell Douglas Dc 9,Near St. Croix Us,Airlines Islandsantillean Virgin,63,23,0,23
1938,Qtr 1,January,11,1938-01-11,Us,Sirkorsky,Sikorsky S 42 (Flying Boat)Nc16734,Pago Pago U.S.,Airways World American Samoapan,7,7,0,7
1981,Qtr 4,October,26,1981-10-26,Us,Lockheed,Lockheed L 749A Constellationhi,St. Thomas U.S.,Argo Islandsaerolineas Virgin,5,5,0,5
1928,Qtr 1,January,16,1928-01-16,Uruguay,Latecoere,Latecoere 25F Aikg,Solis Uruguay,Aeropostale,2,2,0,2
1960,Qtr 3,September,7,1960-09-07,Uruguay,Douglas,Douglas Dc 6Lv,Near Salto Uruguay,Argentinas Aerolineas,31,31,0,31
1997,Qtr 4,October,10,1997-10-10,Uruguay,Mcdonnell,Mcdonnell Douglas Dc 9,Nuevo Berlin Uruguay,(Argentina) Aeras Lineas Austral,74,74,0,74
1978,Qtr 1,February,10,1978-02-10,Uruguay,Douglas,Douglas C 47A,Near Artigas Uruguay,Force Air Uruguayan,44,44,0,44
1977,Qtr 2,June,20,1977-06-20,Uruguay,Embraer,Embraer 110C Bandeirantecx Bje,Salto-Nueva Hesperides Uruguay,Uruguaya Aérea Fuerza,15,12,0,12
1974,Qtr 3,August,11,1974-08-11,Upper,Illyushin,Ilyushin Il 18Btz,Near Ouagadougou Upper,Mali  Voltaair,60,47,0,47
1923,Qtr 3,August,27,1923-08-27,United,Farman,Farman F.60 Goliathf Aecb,East Mallling United,Union Kingdomair,11,1,0,1
2010,Qtr 3,September,3,2010-09-03,United,Boeing,Boeing B747 44Afn571Up,Dubai United,Ups Service- Parcel Emiratesunited Arab,2,2,0,2
2008,Qtr 3,September,3,2008-09-03,United,Bell,Bell 212A6 Avl,Off Dubai United,Emiratesaerogulf Arab,7,7,0,7
1998,Qtr 3,July,13,1998-07-13,United,Illyushin,Ilyushin 76Mdur 76424,Off Rasal United,Aircompany Emiratesati Arab,8,8,0,8
1996,Qtr 2,May,19,1996-05-19,United,Britten,Britten  Norman Bn,Griesta United,Kingdomloganair,3,3,0,3
1999,Qtr 4,December,22,1999-12-22,United,Boeing,Boeing 747 2B5Fhl,Great Hallingbury United,Air Kingdomkorean,4,4,0,4
1997,Qtr 4,December,15,1997-12-15,United,Tupolev,Tupolev Tu 154Ey,Sharjah United,Airlines Emiratestajikistan Arab,86,85,0,85
2016,Qtr 3,August,5,2016-08-05,United,Boeing,Boeing 777 31Ha6,Dubai United,Emiratesemirates Arab,300,0,1,1
1935,Qtr 3,July,23,1935-07-23,United,De Havilland,De Havilland Dh 84 Dragong,Cardiff United,Airways Kingdomjersey,8,1,0,1
2009,Qtr 4,October,21,2009-10-21,United,Boeing,Boeing 707 330Cst,Sharjah United,Emiratesazzi Arab,6,6,0,6
1937,Qtr 4,November,26,1937-11-26,United,Junkers,Junkers Ju 52D,Croydon United,Lufthansa Kingdomdeutsche,3,3,0,3
1972,Qtr 1,March,14,1972-03-14,United,Aerospatiale,Aerospatiale Caravelle Super 10Boy Stl,Near Al Fujayrah United,Airways Emiratessterling Arab,112,112,0,112
1953,Qtr 3,August,3,1953-08-03,United,Douglas,Douglas Dc 3Ap,Sharjah United,Airways Emiratesorient Arab,25,1,0,1
2004,Qtr 1,February,10,2004-02-10,United,Fokker,Fokker F 50Ep,Sharjah United,Airlines Emirateskish Arab,46,43,0,43
2005,Qtr 1,March,15,2005-03-15,United,Pilatus,Pilatus  Britten Norman Bn,Off Campbeltown United,Kingdomloganair,2,2,0,2
1974,Qtr 1,January,6,1974-01-06,Ukraine,Antonov,Antonov An 24Vcccp,Mukachevo Ukraine,Aeroflot,24,24,0,24
1933,Qtr 4,November,21,1933-11-21,Ukraine,Kalinin,Kalinin K 7,Near Kharkov Ukraine,Ussrkalinin,20,14,0,14
2020,Qtr 3,September,25,2020-09-25,Ukraine,Antonov,Antonov An26Sh76 Yellow,Near Chuguev Ukraine,Force Air Ukraine - Military,27,26,0,26
1972,Qtr 2,May,18,1972-05-18,Ukraine,Antonov,Antonov An 10Acccp,Near Kharkov Ukraine,Ussraeroflot,122,122,0,122
1974,Qtr 2,May,23,1974-05-23,Ukraine,Yakovlev,Yakovlev Yak 40Cccp,Kiev Ukraine,Ussraeroflot,29,29,0,29
2019,Qtr 4,October,4,2019-10-04,Ukraine,Antonov,Antonov An 12Bkur,Lviv Ukraine,Alliance Air Ukraine,8,5,0,5
1973,Qtr 4,December,23,1973-12-23,Ukraine,Tupolev,Tupolev Tu 124Cccp,Lvov Ukraine,Ussraeroflot,17,17,0,17
2014,Qtr 2,June,14,2014-06-14,Ukraine,Illyushin,Ilyushin 76Md76777,Lugansk Ukraine,Force Air Ukraine - Military,49,49,0,49
1976,Qtr 2,May,15,1976-05-15,Ukraine,Antonov,Antonov An 24Cccp,Chernigov Ukraine,Ussraeroflot,52,52,0,52
1975,Qtr 4,November,20,1975-11-20,Ukraine,Antonov,Antonov An 24Cccp,Kharkov Ukraine,Ussraeroflot,50,19,0,19
1959,Qtr 4,November,16,1959-11-16,Ukraine,Antonov,Antonov An 10Cccp,Lvov Ukraine,Ussraeroflot,40,40,0,40
1970,Qtr 3,September,2,1970-09-02,Ukraine,Tupolev,Tupolev Tu 124Cccp,Near Dnepropetrovsk Ukraine,Ussraeroflot,37,37,0,37
1970,Qtr 3,September,2,1970-09-02,Ukraine,Tupolev,Tupolev Tu 124Cccp,Lihovka Ukraine,Aeroflot,37,37,0,37
1960,Qtr 3,August,17,1960-08-17,Ukraine,Illyushin,Ilyushin Il 18Bcccp,Near Kiev Ukraine,Aeroflot,34,34,0,34
1961,Qtr 3,July,10,1961-07-10,Ukraine,Tupolev,Tupolev Tu 104Bcccp,Odessa Ukraine,Ussraeroflot,85,1,0,1
2002,Qtr 3,July,27,2002-07-27,Ukraine,Sukhoi,Sukhoi Su 2742,Lviv Ukraine,Force Air Ukraine - Military,2,0,85,85
1969,Qtr 3,August,3,1969-08-03,Ukraine,Antonov,Antonov An 24B	 Cccp,Preobrazhenka Ukraine,Aeroflot,55,55,0,55
1971,Qtr 1,March,31,1971-03-31,Ukraine,Antonov,Antonov An 10Cccp,Vorochilovgrad Ukraine,Aeroflot,65,65,0,65
2013,Qtr 1,February,13,2013-02-13,Ukraine,Antonov,Antonov An 24Rvur,Donetsk Ukraine,Airlines South,45,5,0,5
1970,Qtr 2,April,4,1970-04-04,Ukraine,Illyushin,Ilyushin Il 14Pcccp,Zaporozhye Ukraine,Aeroflot,35,7,0,7
1985,Qtr 2,May,3,1985-05-03,Ukraine,Tupolev,Tupolev Tu 134A / Antonov An,Near L'Vov Ukraine,Ussraeroflot / Soviet Air Force,76,76,0,76
2014,Qtr 3,July,17,2014-07-17,Ukraine,Boeing,Boeing 777 2H6Er9M,Hrabove Ukraine,Airlines Malaysia,298,298,0,298
1985,Qtr 3,September,25,1985-09-25,Ukraine,Antonov,Antonov An 12Cccp,Near Kharkov Ukraine,Map,9,9,0,9
1971,Qtr 3,September,16,1971-09-16,Ukraine,Tupolev,Tupolev Tu 134Aha,Kiev Ukraine,Ussrmalev Hungarian Airlines,49,49,0,49
1944,Qtr 4,December,7,1944-12-07,Ukraine,Sunov,Lisunov Li 2Cccp,Orlivka Ukraine,Aeroflot,16,16,0,16
2006,Qtr 3,August,22,2006-08-22,Ukraine,Tupolev,Tupolev Tu 154Mra,Near Donetsk Ukraine,Airlines Pulkovo,170,170,0,170
1977,Qtr 3,July,8,1977-07-08,Ukraine,Antonov,Antonov An 24Cccp,Off Kirovograd Ukraine,Aeroflot,7,6,0,6
1983,Qtr 3,July,16,1983-07-16,Uk,Sirkorsky,Sikorsky S 61N,Off Scilly Islands Ukbritish,Helicopters Airways,26,20,0,20
2009,Qtr 1,March,9,2009-03-09,Uganda,Illyushin,Ilyushin Il 76Ts9,Lake Victoria Uganda,Aerolift,11,11,0,11
2006,Qtr 1,January,8,2006-01-08,Uganda,Antonov,Antonov 129Q Cih,Bukalaza Uganda,Air Service,6,6,0,6
1998,Qtr 4,October,25,1998-10-25,Uganda,Britten,Britten  Norman Bn,Rwenzori Mountains Uganda,Aviation Tana,11,4,0,4
1976,Qtr 2,June,27,1976-06-27,Uganda,Airbus,Airbus A300F Bvgg,Entebbe Uganda,France Air,258,7,0,7
1967,Qtr 1,February,7,1967-02-07,Uarmisrair,Antonov,Antonov An 24,Near Hourghada Uarmisrair,N/A,30,30,0,30
1983,Qtr 3,September,23,1983-09-23,Uae,Boeing,Boeing B 737,Near Mina Jebel Ali Uaegulf,Air,112,112,0,112
1989,Qtr 3,September,27,1989-09-27,Tusayan,De Havilland,De Havilland Canada Dhc 6 Twin Otter 300N75Gc,Grand Canyon National Park Airport Tusayan,Arizona Grand Canyon Airlines,21,10,0,10
1990,Qtr 4,November,19,1990-11-19,Turkmenistan,Mil,Mil Mi 8Tcccp,Near Ashkhabad Turkmenistan,Ussraeroflot,15,15,0,15
1941,Qtr 4,November,29,1941-11-29,Turkmenistan,Tupolev,Tupolev Ant 6Cp,Chardzhou Turkmenistan,Aeroflot,36,7,0,7
1963,Qtr 1,March,5,1963-03-05,Turkmenistan,Illyushin,Ilyushin Il 18Vcccp,Ashgabat Turkmenistan,Aeroflot,54,12,0,12
1996,Qtr 1,March,12,1996-03-12,Turkmenistan,Mil,Mil Mi 8T (Helicopter)Ez,Karabogazgol Bay Turkmenistan,Air Akhal,12,12,0,12
1980,Qtr 1,March,14,1980-03-14,Turkey,Lockheed,Lockheed C 130H74,Near Yenice Turkey,Force Air U.S. - Military,18,18,0,18
1979,Qtr 4,December,23,1979-12-23,Turkey,Fokker,Fokker F 28 Fellowship 1000Tc,Ankara Turkey,(Thy) Airlines Turkish,45,41,0,41
1953,Qtr 3,September,25,1953-09-25,Turkey,Douglas,Douglas Dc 3Tc,Ankara Turkey,Yollari Hava Devlet,21,5,0,5
1981,Qtr 3,September,22,1981-09-22,Turkey,Northrop,Northrop F 5A,Near Babaeski Turkey,Force Air Turkish - Military,0,0,40,40
1954,Qtr 2,April,3,1954-04-03,Turkey,Douglas,Douglas Dc 3Tc,Kabassaak Turkey,Yollari Hava Devlet,25,25,0,25
1982,Qtr 2,April,13,1982-04-13,Turkey,Lockheed,Lockheed C 130H74,Near Erzurum Turkey,Force Air U.S. - Military,27,27,0,27
2001,Qtr 2,May,16,2001-05-16,Turkey,Casa,Casa Cn 235M,Malatya Turkey,Force Air Turkish - Military,34,34,0,34
1988,Qtr 1,January,2,1988-01-02,Turkey,Boeing,Boeing B 737,Izmir Turkey,Flugdienst Condor,16,16,0,16
1963,Qtr 1,February,1,1963-02-01,Turkey,Vickers,Vickers Viscount 754D / Douglas C 47Od,Ankara Turkey,Forcec-47 Air Turkish - Military / Airlines East Middle,17,17,87,104
1964,Qtr 1,February,3,1964-02-03,Turkey,Douglas,Douglas C 47Atc,Near Ankara Turkey,(Thy) Airlines Turkish,3,3,0,3
1950,Qtr 1,March,25,1950-03-25,Turkey,Douglas,Douglas Dc 3Tc,Ankara Turkey,Yollairi Hava Devlet,15,15,0,15
1983,Qtr 1,January,16,1983-01-16,Turkey,Boeing,Boeing B 727,Ankara Turkey,(Thy) Airlines Turkish,67,47,0,47
1999,Qtr 4,December,29,1999-12-29,Turkey,Antonov,Antonov 283C Jji,Near Zonguldak Turkey,Aviacion De Guineana Ecuato,6,6,0,6
2007,Qtr 4,November,30,2007-11-30,Turkey,Mcdonnell,Mcdonnell Douglas Md 83Tc,Near Isparta Turkey,Airlines Atlasjet,57,57,0,57
1975,Qtr 1,January,30,1975-01-30,Turkey,Fokker,Fokker F 28 Fellowship 1000Tc,Istanbul Turkey,(Thy) Airlines Turkish,42,42,0,42
1974,Qtr 1,January,26,1974-01-26,Turkey,Fokker,Fokker F 28 Fellowship 1000Tc,Izmir Turkey,(Thy) Airlines Turkish,73,66,0,66
1962,Qtr 1,March,8,1962-03-08,Turkey,Fairchild,Fairchild F 27Tc,Mt. Medetsiz Turkey,(Thy) Airlines Turkish,11,11,0,11
1961,Qtr 3,September,23,1961-09-23,Turkey,Fokker,Fokker F 27 Friendship 100Tc,Ankara Turkey,(Thy) Airlines Turkish,29,28,0,28
1960,Qtr 1,January,19,1960-01-19,Turkey,Sud,Sud Aviation Caravelle 1Oy Krb,Ankara Turkey,(Sas) Airlines Scandinavian,42,42,0,42
2003,Qtr 1,January,8,2003-01-08,Turkey,Bae,Bae Avro Rj 100Tc,Diyarbakir Turkey,(Thy) Airlines Turkish,80,75,0,75
2020,Qtr 1,February,5,2020-02-05,Turkey,Boeing,Boeing 737 86Jtc,Istanbul Turkey,Airlines Pegasus,177,3,0,3
1959,Qtr 2,April,23,1959-04-23,Turkey,Avro,Avro 688 Super Traderg Agrh,Van Turkey,Charter Air,12,12,0,12
1976,Qtr 3,September,19,1976-09-19,Turkey,Boeing,Boeing B 727,Karatepe Mountains Turkey,(Thy) Airlines Turkish,154,154,0,154
1953,Qtr 3,August,3,1953-08-03,Turkey,Lockheed,Lockheed L  749A Constellationf,Off Fethiye Point Turkey,France Air,42,4,0,4
1954,Qtr 1,January,5,1954-01-05,Turkey,Douglas,Douglas Dc 3Tc,Lapseki Turkey,Yollari Hava Devlet,10,4,0,4
1999,Qtr 2,April,7,1999-04-07,Turkey,Boeing,Boeing 737 4Q8Tc,Near Ceyhan Turkey,(Thy) Airlines Turkish,6,6,0,6
2003,Qtr 2,May,26,2003-05-26,Turkey,Yakovlev,Yakovlev 42Dur 42352,Near Macka Turkey,Airlines Ukranian-Mediterranean,75,75,0,75
1961,Qtr 4,December,21,1961-12-21,Turkey,De Havilland,De Havilland Comet 4Bg Arjm,Ankara Turkey,Airways European British,34,27,0,27
2017,Qtr 1,March,10,2017-03-10,Turkey,Sirkorsky,Sikorsky S 76Ctc,Istanbul Turkey,Aviation Swan,7,7,0,7
1994,Qtr 4,December,29,1994-12-29,Turkey,Boeing,Boeing B 737,Near Van Turkey,(Thy) Airlines Turkish,76,57,0,57
2002,Qtr 2,May,7,2002-05-07,Tunisia,Boeing,Boeing B 737,Near Tunis Tunisia,Egypt,62,14,0,14
2014,Qtr 1,February,21,2014-02-21,Tunisia,Antonov,Antonov 265A Dow,Grombalia Tunisia,Cargo Air Libyan,11,11,0,11
1936,Qtr 2,April,11,1936-04-11,Trinidad,Sirkorsky,Sikorsky S 42A  Flying Boatnc1537,Port Of Spain Trinidad,Airways American Pan,25,3,0,3
1945,Qtr 1,January,8,1945-01-08,Trinidad,Martin,Martin M 130 (Flying Boat)Nc14716,Port Of Spain Trinidad,Airways World American Pan,30,23,0,23
1998,Qtr 1,February,3,1998-02-03,Trento,Grumman,Grummand Ea 6B163045/Cy,Near Cavalese Trento,Italy Military - U.S. Marine Corps,2,0,20,20
1953,Qtr 2,June,18,1953-06-18,Tokyo,Douglas,Douglas C 124A Globemaster Ii51,Tachikawa Afb Tokyo,Japan Military - U.S. Air Force,129,129,0,129
1942,Qtr 1,January,26,1942-01-26,Timor,Grumman,Grumman G 21 Goosepk,Kupang Timor,Knilm,5,5,0,5
1942,Qtr 1,January,30,1942-01-30,Timor,Shorts,Short S 23 (Flying Boat)G,Near Kupang Timor,Qantas,18,13,0,13
1996,Qtr 3,July,15,1996-07-15,The,Lockheed,Lockheed C 130Hch,Near Eindhoven The,Force Air Belgian - Netherlandsmilitary,41,34,0,34
1962,Qtr 4,December,28,1962-12-28,The,Channel,Channel Air Bridgeg Arsf,Rotterdam The,Atl-98 Netherlandscarvair,18,1,0,1
1946,Qtr 4,October,7,1946-10-07,The,Fairey,Fairey Firefly Mk1Pp526,Apeldoorn The,Service Air Naval Netherlands Royal - Netherlandsmilitary,1,1,22,23
1939,Qtr 2,June,10,1939-06-10,The,Koolhoven,Koolhoven Fk.43Ph Ajk,Vlissingen The,Airlines Dutch Royal Netherlandsklm,3,3,0,3
1991,Qtr 2,May,26,1991-05-26,Thailand,Boeing,Boeing B 767,Near Ban Nong Rong Thailand,Air Lauda,223,223,0,223
2008,Qtr 2,June,20,2008-06-20,Thailand,Bell,Bell Uh 1N,Bannang Sata Thailand,Army Thai - Military,10,10,0,10
1976,Qtr 4,December,25,1976-12-25,Thailand,Boeing,Boeing B 707,Near Bangkok Thailand,Egypt,53,53,19,72
1985,Qtr 2,April,15,1985-04-15,Thailand,Boeing,Boeing B 737,Near Phuket Thailand,Airways Thai,11,11,0,11
2008,Qtr 3,August,6,2008-08-06,Thailand,Bell,Bell Huey Uh 1H,Sunat Tanon Thailand,Force Air Thai Royal - Military,10,10,0,10
1931,Qtr 4,December,6,1931-12-06,Thailand,Fokker,Fokker F Viib,Bangkok Thailand,Airlines Dutch Royal Klm,7,5,0,5
1980,Qtr 2,April,27,1980-04-27,Thailand,Hawker,Hawker Siddeley Hs 748,Don Muang Thailand,Airways Thai,53,44,0,44
1967,Qtr 4,December,25,1967-12-25,Thailand,Douglas,Douglas Dc 3Hs,Chiang Mai Thailand,Airways Thai,31,4,0,4
1983,Qtr 2,May,5,1983-05-05,Thailand,Fairchild,Fairchild C 123Kl4K,Near Ban Ta Khli Thailand,Force Air Thai Royal - Military,30,30,0,30
1962,Qtr 3,July,19,1962-07-19,Thailand,De Havilland,De Havilland Comet 4Csu Amw,Near Bangkok Thailand,Airlines Arab United,26,26,0,26
1990,Qtr 4,November,21,1990-11-21,Thailand,De Havilland,De Havilland Canada Dhc 8,Koh Samui Thailand,Airways Bangkok,38,38,0,38
1964,Qtr 3,September,4,1964-09-04,Thailand,Douglas,Douglas C 47,Near Vaong Nong Thailand,Force Air Thai Royal - Military,34,28,0,28
2009,Qtr 3,August,4,2009-08-04,Thailand,Atr,Atr  72,Koh Samui Thailand,Airlines Bangkok,72,1,0,1
2007,Qtr 3,September,16,2007-09-16,Thailand,Mcdonnell,Mcdonnell Douglas Md 82Hs,Phuket Thailand,Airlines One-Two-Go,130,90,0,90
1998,Qtr 4,December,11,1998-12-11,Thailand,Airbus,Airbus A 310,Near Surat Thani Thailand,Airways Thai,146,102,0,102
1988,Qtr 3,September,9,1988-09-09,Thailand,Tupolev,Tupolev Tu 134Avn,Bangkok Thailand,(Vietnam) Khong Hang,90,76,0,76
1987,Qtr 3,August,31,1987-08-31,Thailand,Boeing,Boeing B 737,Off Ko Phuket Thailand,Airways Thai,83,83,0,83
2001,Qtr 1,March,3,2001-03-03,Thailand,Boeing,Boeing B 737,Bangkok Thailand,Airways Thai,5,1,0,1
1975,Qtr 2,May,13,1975-05-13,Thailand,Sirkorsky,Sikorsky Ch 53C (Helicopter)68,Near Sakon Nakhon Thailand,Force Air U.S. - Military,23,23,0,23
2014,Qtr 4,October,4,2014-10-04,Texas,Bell,Bell 206L,Wichita Falls Texas,Lifeteam Evac Air,4,2,0,2
1959,Qtr 3,September,29,1959-09-29,Texas,Lockheed,Lockheed 188A Electran9705C,Buffalo Texas,Airlines Braniff,34,34,0,34
1959,Qtr 3,September,2,1959-09-02,Texas,Curtiss,Curtiss C 46An5140B,Abilene Texas,Airlines Aaxico,2,2,0,2
1935,Qtr 3,August,14,1935-08-14,Texas,Stinson,Stinson Model Anc14599,Near Gilmer Texas,Lines Air Delta,4,4,0,4
1935,Qtr 4,November,9,1935-11-09,Texas,Lockheed,Lockheed Veganc980Y,Near Fort Worth Texas,Airlines Braniff,1,1,0,1
1958,Qtr 1,March,27,1958-03-27,Texas,Douglas,Douglas C 124C / Fairchild C,Bridgeport Texas,Force Air U.S. - Force/Military Air U.S. - Military,18,18,0,18
1972,Qtr 2,May,30,1972-05-30,Texas,Mcdonnell,Mcdonnell Douglas Dc 9,Dallas/Ft. Worth Texas,Lines Air Delta,4,4,0,4
1936,Qtr 1,January,29,1936-01-29,Texas,Vultee,Vultee V 1Nc13767,Denton Texas,Airlines American,6,1,0,1
1943,Qtr 3,September,10,1943-09-10,Texas,Boeing,Boeing B 17F / Boeing B,Off Galveston Texas,Forces Air Army U.S. - Military,22,22,0,22
1959,Qtr 1,February,1,1959-02-01,Texas,Douglas,Douglas Dc 3N17314,Kerrville Texas,Airways General,28,3,0,3
1968,Qtr 2,May,3,1968-05-03,Texas,Lockheed,Lockheed L188A Electran9707C,Near Dawson Texas,Airlines Braniff,85,85,0,85
2008,Qtr 4,December,11,2008-12-11,Texas,Bell,Bell 206 L4 Jet Ranger Iiin180Al,Off Sabine Pass Texas,Co Leasing Rotorcraft,3,3,0,3
2008,Qtr 2,June,8,2008-06-08,Texas,Bell,Bell 407N416Ph,Huntsville Texas,Medical Air Phi,4,4,0,4
1936,Qtr 4,December,23,1936-12-23,Texas,Lockheed,Lockheed 10 Electranc14905,Near Dallas Texas,Airways Braniff,6,6,0,6
2009,Qtr 1,January,1,2009-01-01,Texas,Atr,Atr  42,Lubock Texas,Fedex From Leased Airlines Empire,2,2,0,2
2004,Qtr 4,November,22,2004-11-22,Texas,Grumman,Grumman Gulfstream G3N85Vt,Houston Texas,Services Jet Business,3,3,0,3
1930,Qtr 3,July,10,1930-07-10,Texas,Lockheed,Lockheed Vega 5Nc 394H,Arkansas Pass Texas,Airways Cross,5,5,0,5
1951,Qtr 2,June,3,1951-06-03,Texas,Fairchild,Fairchild C 8245,New Boston Texas,Force Air U.S. - Military,10,10,0,10
1980,Qtr 4,November,28,1980-11-28,Texas,Douglas,Douglas Dc 7Bn816D,Pecos City Texas,Services Air Central,2,2,0,2
1985,Qtr 3,August,2,1985-08-02,Texas,Lockheed,Lockheed L 1011,Ft. Worth-Dallas Texas,Lines Air Delta,163,134,1,135
1985,Qtr 1,March,12,1985-03-12,Texas,Lockheed,Lockheed C 130E Hercules64,Fort Hood Texas,Force Air U.S. - Military,6,6,0,6
1929,Qtr 4,December,30,1929-12-30,Texas,Travel,Travel Air B6000,Amarillo Texas,Transport Air Continental Trans,5,5,0,5
1980,Qtr 1,March,21,1980-03-21,Texas,Piper,Piper Pa 28,Houston Texas,Commuter Eagle,10,7,0,7
1932,Qtr 4,December,14,1932-12-14,Texas,Ford,Ford 5Nc9650,Amarillo Texas,Air Western And Continental Trans,2,2,0,2
1953,Qtr 2,May,17,1953-05-17,Texas,Douglas,Douglas Dc 3N28345,Near Marshall Texas,Lines Air Delta,20,19,0,19
2003,Qtr 3,September,19,2003-09-19,Texas,Learjet,Learjet 25Bn666Tw,Del Rio Texas,Charter Jet Ameristar,2,1,0,1
1952,Qtr 1,March,12,1952-03-12,Texas,Boeing,Boeing B 29 / Boeing B,Near Sequin Texas,Force Air U.S. / Force Air U.S. - Military,15,15,0,15
1978,Qtr 2,April,4,1978-04-04,Texas,Bell,Bell 212N140Al,Off Galveston Texas,Logistics Air,6,3,0,3
1932,Qtr 3,September,8,1932-09-08,Texas,Fokker,Fokker F 10Nc9716,Salt Flats Texas,Airways American,4,3,0,3
1991,Qtr 3,September,11,1991-09-11,Texas,Embraer,Embraer 120Rt Brasilian33701,Near Eagle Lake Texas,Express Continental,14,14,0,14
1928,Qtr 4,December,1,1928-12-01,Texas,Ford,Ford 4 At,Spur Texas,Co. Transport Air Sunbeam,5,5,0,5
1989,Qtr 4,October,6,1989-10-06,Texas,Cessna,Cessna 208 Caravan In208W,Uncertain Texas,Air Winchester,5,5,0,5
1945,Qtr 4,November,8,1945-11-08,Texas,Martin,Martin Pbm 3S  / Martin Pbm,Off Corpus Christi Texas,Navy U.S. - Military / Navy U.S. - Military,27,22,0,22
2019,Qtr 1,February,23,2019-02-23,Texas,Boeing,Boeing 767 375Ern1217A,Houston Texas,Amazon Serving Air Atlas,3,3,0,3
1947,Qtr 4,October,8,1947-10-08,Texas,Douglas,Douglas Dc 4Nc90432,Near El Paso Texas,Airlines American,54,0,0,0
1945,Qtr 2,April,20,1945-04-20,Texas,Douglas,Douglas C 47,Sweetwater Texas,Forces Air Army U.S. - Military,25,25,0,25
1949,Qtr 4,November,29,1949-11-29,Texas,Douglas,Douglas Dc 6N90728,Dallas Texas,Airlines American,46,28,0,28
1986,Qtr 4,October,4,1986-10-04,Texas,Lockheed,Lockheed L 100,San Antonio Texas,Transport Air Southern,3,3,0,3
1985,Qtr 4,December,31,1985-12-31,Texas,Douglas,Douglas Dc 3N711Y,De Kalb Texas,Private,9,7,0,7
1989,Qtr 1,March,18,1989-03-18,Texas,Mcdonnell,Mcdonnell Douglas Dc 9,Carswell Afb Texas,Airlines International Evergreen,2,2,0,2
1989,Qtr 1,January,31,1989-01-31,Texas,Boeing,Boeing Kc 135A63,Near Abilene Texas,Force Air U.S. - Military,19,19,0,19
1988,Qtr 3,August,31,1988-08-31,Texas,Boeing,Boeing B 727,Dallas Texas,Lines Air Delta,108,14,0,14
1974,Qtr 2,April,30,1974-04-30,Texas,Beechcraft,Beechcraft 99N853Sa,Galveston Texas,Airlines Metro Houston,12,6,0,6
1975,Qtr 1,February,1,1975-02-01,Texas,Douglas,Douglas Dc 3Cn15Hc,Houston Texas,Properties Horizon,16,5,0,5
2004,Qtr 1,March,21,2004-03-21,Texas,Bell,Bell 407N502Mt,Pyote Texas,Corp. Med-Trans - Ambulance Air,5,4,0,4
2016,Qtr 3,July,30,2016-07-30,Texas,Kubicek,Kubicek Bb85Z Hot Air Balloonn2469L,Near Lockhart Texas,Rides Balloon Air Hot Texas Of Heart,16,16,0,16
1933,Qtr 1,January,20,1933-01-20,Texas,Stearman,Stearman 4Nc11721,Bourne Texas,Airways American,1,1,0,1
2001,Qtr 3,August,24,2001-08-24,Terceira,Airbus,Airbus A 330,Lajes Terceira,Azores Air Transat,304,0,0,0
1943,Qtr 4,October,15,1943-10-15,Tennessee,Douglas,Douglas Dc3 G102Nc16088,Near Centerville Tennessee,Airlines American,15,15,0,15
1928,Qtr 4,December,23,1928-12-23,Tennessee,Fairchild,Fairchild Fc 2,Chattanooga Tennessee,Airlines Interstate,4,4,0,4
2006,Qtr 1,February,8,2006-02-08,Tennessee,Swearingen,Swearingen Sa.226Tc Metro Iin629Ek,Near Paris Tennessee,Air Tri,1,1,0,1
1988,Qtr 1,March,8,1988-03-08,Tennessee,Sirkorsky,Sikorsky Uh 60A / Sikorsky Uh,Near Clarksville Tennessee,Army U.S. - Military,17,17,0,17
1964,Qtr 3,July,9,1964-07-09,Tennessee,Vickers,Vickers Viscount 745Dn7405,Parrottsville Tennesee,Lines Air United,39,39,0,39
1964,Qtr 3,July,8,1964-07-08,Tennessee,Caravelle,Caravelle Virn1007U,Knoxville Tennessee,Lines Air United,53,1,0,1
1964,Qtr 3,July,31,1964-07-31,Tennessee,Beechcraft,Beechcraft 35 B33 Debonairn8972M,Near Nashville Tennesee,Private,2,2,0,2
1934,Qtr 4,December,22,1934-12-22,Tennessee,Lockheed,Lockheed Orion 9Dnc12286,Sunbright Tennessee,Airlines American,1,1,0,1
2016,Qtr 2,April,4,2016-04-04,Tennessee,Bell,Bell 206Ln16760,Near Pigeon Forge Tennessee,Helicopters Mountain Smoky,5,5,0,5
1985,Qtr 2,May,31,1985-05-31,Tennessee,Grumman,Grumman G 159 Gulfstream In181Tg,Nashville Tennessee,Inc. Aviation General,2,2,0,2
1963,Qtr 1,March,5,1963-03-05,Tennessee,Piper,Piper Pa 24,Camden Tennesee,Private,4,4,0,4
1984,Qtr 3,August,11,1984-08-11,Tennessee,Douglas,Douglas Dc 3N70003,Near Memphis Tennessee,Enterprises Aviation,3,3,0,3
1944,Qtr 1,February,10,1944-02-10,Tennessee,Douglas,Douglas Dc 3Nc21767,Memphis Tennessee,Airlines American,24,24,0,24
1959,Qtr 1,January,8,1959-01-08,Tennessee,Douglas,Douglas Dc 3N18941,Mt. Holston Tennessee,Airlines Southeast,10,10,0,10
1947,Qtr 4,December,11,1947-12-11,Tennessee,Douglas,Douglas C 47,Near Memphis Tennessee,Force Air U.S. - Military,20,20,0,20
1993,Qtr 2,April,1,1993-04-01,Tennessee,Fairchild,Fairchild Sa227 Ttn500Ak,Blountville Tennesee,Private,4,4,0,4
1946,Qtr 1,March,10,1946-03-10,Tasmania,Douglas,Douglas Dc 3 (C,Off Hobart Tasmania,Airways National Australian,25,25,0,25
2014,Qtr 3,August,31,2014-08-31,Tanzania,Fokker,Fokker F 27 Mk 5005Y,Mwanza Tanzania,Cargo Express Safari,3,3,0,3
1938,Qtr 2,June,8,1938-06-08,Tanzania,De Havilland,De Havilland Dh 85Vp,Near Singida Tanzania,Airways Wilson,3,3,0,3
2022,Qtr 4,November,6,2022-11-06,Tanzania,Atr,Atr 42 5005H,Bukoba Tanzania,Air Precision,43,19,0,19
2017,Qtr 4,November,15,2017-11-15,Tanzania,Cessna,Cessna 208B Grand Caravan5H Egg,Empakaai Tanzania,Aviation Costal,11,11,0,11
2005,Qtr 1,March,23,2005-03-23,Tanzania,Illyushin,Ilyushin Il 76Tder,Off Mwanza Tanzania,Transport Air,8,8,0,8
1980,Qtr 4,December,5,1980-12-05,Tanzania,Piper,Piper Pa 42 Cheyenne5H,Dar Es Salaam Tanzania,Aviation Tanzania,10,10,0,10
1953,Qtr 1,March,29,1953-03-29,Tanganyika,Vickers,Vickers 616 Viking 1Bvp Yey,Mtara Tanganyika,Airways African Central,13,13,0,13
2010,Qtr 4,October,6,2010-10-06,Tajikistan,Mi,Mi  8,Rasht Valley Tajikistan	Military,Guard National Tajik -,28,28,0,28
1936,Qtr 3,July,28,1936-07-28,Tajikistan,Tupolev,Tupolev Ant 9,Kulyab Tajikistan,Aeroflot,6,6,0,6
1993,Qtr 3,August,28,1993-08-28,Tajikistan,Yakovlev,Yakovlev Yak 40Cccp,Khorag Tajikistan,Airlines Tajikistan,86,82,0,82
1983,Qtr 3,September,28,1983-09-28,Taiwan,Britten,Britten  Norman Bn,Off Lanyu Island Taiwan,Airlines Taiwan,10,10,0,10
1964,Qtr 2,June,20,1964-06-20,Taiwan,Curtiss,Curtiss C 46,Taichung Taiwan,Transport Air Civil,57,57,0,57
1986,Qtr 2,May,3,1986-05-03,Taiwan,Bell,Bell Uh 1H / Bell Uh,Near Taipei Taiwan,Force Air China Of Republic - Military,22,22,0,22
1996,Qtr 2,April,5,1996-04-05,Taiwan,Dornier,Dornier 228 212B,Off Matsu Island Taiwan,Airlines Formosa,17,6,0,6
1952,Qtr 4,December,30,1952-12-30,Taiwan,Douglas,Douglas Dc 3Pi,Chinmen Island Taiwan,Lines Air Philippine,10,2,0,2
1986,Qtr 1,February,16,1986-02-16,Taiwan,Boeing,Boeing B 737,Off Makung Taiwan,(Taiwan) Airlines China,13,13,0,13
1992,Qtr 2,April,10,1992-04-10,Taiwan,Britten,Britten Norman Bn 2A,Off Orchid Island Taiwan,Airlines Taiwan,10,7,0,7
1991,Qtr 4,December,29,1991-12-29,Taiwan,Boeing,Boeing B 747,Wanli Taiwan,(Taiwan) Airlines China,5,5,0,5
1971,Qtr 4,November,21,1971-11-21,Taiwan,Sud,Sud Aviation Se 210 Caravelle Iiib,Near Penghu Island Taiwan,(Taiwan) Airlines China,25,25,0,25
1975,Qtr 3,July,31,1975-07-31,Taiwan,Vickers,Vickers 837 Viscountb 2029,Taipei Taiwan,Transport Air Eastern Far,75,27,0,27
1997,Qtr 4,October,10,1997-10-10,Taiwan,Lockheed,Lockheed C 130H Hercules1310,Taipei Taiwan,Force Air China Of Republic - Military,5,5,0,5
1968,Qtr 1,February,16,1968-02-16,Taiwan,Boeing,Boeing B 727,Linkuo Taiwan,Transport Air Civil,63,21,2,23
1988,Qtr 1,January,19,1988-01-19,Taiwan,Britten,Britten  Norman Bn,Green Island Taiwan,Airlines Taiwan,11,10,0,10
1993,Qtr 1,February,28,1993-02-28,Taiwan,Dornier,Dornier 228 201B,Off Green Island Taiwan,Airlines Formosa,6,6,0,6
1997,Qtr 3,August,10,1997-08-10,Taiwan,Dornier,Dornier Do 228,Matsu Island Taiwan,Airlines Formosa,16,16,0,16
2014,Qtr 3,July,23,2014-07-23,Taiwan,Atr,Atr 72 500B,Magong Taiwan,Airways Trans,58,48,0,48
2002,Qtr 4,December,21,2002-12-21,Taiwan,Aerospatiale,Aérospatiale/Aeritalia Atr 72,Off Pachao Tao Taiwan,Airways Transasia,2,2,0,2
1998,Qtr 1,March,18,1998-03-18,Taiwan,Saab,Saab340Bb  12255,Off Hsinchu Taiwan,Airlines Formosa,13,13,0,13
1969,Qtr 1,January,2,1969-01-02,Taiwan,Douglas,Douglas Dc 3Db,Mt. Paku Taiwan,(Taiwan) Airlines China,24,24,0,24
2000,Qtr 4,October,31,2000-10-31,Taiwan,Boeing,Boeing B 747,Taipei Taiwan,Airlines Singapore,179,83,0,83
1969,Qtr 1,February,24,1969-02-24,Taiwan,Handley,Handley Page Dart Herald 201B 2009,Tainan Taiwan,Transport Air Eastern Far,36,36,0,36
1999,Qtr 3,August,24,1999-08-24,Taiwan,Mcdonnell,Mcdonnell Douglas Md 90,Hualian Taiwan,Air Uni,96,1,0,1
1979,Qtr 3,September,11,1979-09-11,Taiwan,Boeing,Boeing 707 324Cb,Off Taipei Taiwan,(Taiwan) Airlines China,6,6,0,6
1948,Qtr 4,December,12,1948-12-12,Taiwan,Douglas,Douglas Dc 3,Taipei Taiwan,Corporation Aviation National China,10,2,0,2
1998,Qtr 1,February,16,1998-02-16,Taiwan,Airbus,Airbus A300 622Rb,Taipei Taiwan,(Taiwan) Airlines China,196,196,7,203
1970,Qtr 4,October,2,1970-10-02,Taiwan,Lockheed,Lockheed C 130E64,Near Taipei Taiwan,Force Air U.S. - Military,43,43,0,43
1970,Qtr 3,August,12,1970-08-12,Taiwan,Namc,Namc Ys 11A,Taipei Taiwan,(Taiwan) Airlines China,31,14,0,14
1983,Qtr 2,June,6,1983-06-06,Taiwan,Fairchild,Fairchild C 199G,Off Quemoy Taiwan,Force Air China Of Republic - Military,47,47,0,47
1957,Qtr 3,July,16,1957-07-16,Taiwan,Douglas,Douglas C 47A,Near Hsinchu Taiwan,Force Air States United - (Formosa)Military,16,16,0,16
2015,Qtr 1,February,4,2015-02-04,Taiwan,Atr,Atr 72 600B,Taipei Taiwan,Transasia,58,43,0,43
1989,Qtr 2,June,27,1989-06-27,Taiwan,Cessna,Cessna 404 Titan Courier Iib 12206,Kaohsiung Taiwan,Airlines Formosa,13,12,0,12
2002,Qtr 2,May,25,2002-05-25,Taiwan,Boeing,Boeing B 747,Off Penghu Island Taiwan,(Taiwan) Airlines China,225,225,0,225
1951,Qtr 1,January,28,1951-01-28,Taiwan,Shorts,Short Sunderland 9 (Flying Boat)Pp107,Near An Tung Taiwan,Force Air -Royal Military,14,14,0,14
1973,Qtr 3,July,22,1973-07-22,Tahiti,Boeing,Boeing B 707,Off Papeete Tahiti,Airways World American Pan,79,78,0,78
1952,Qtr 4,December,22,1952-12-22,Syria,Douglas,Douglas Dc 3,Damascus Syria,Air Syrian,0,9,0,9
1953,Qtr 4,December,21,1953-12-21,Syria,Douglas,Douglas Dc 3Yk,Dah-El-Kadeeb Syria,Airways Syrian,15,9,0,9
1975,Qtr 3,August,20,1975-08-20,Syria,Illyushin,Ilyushin Il 62Ok,Near Damascus Syria,Aerolinie Ceskoslovenske,128,126,0,126
1934,Qtr 4,December,20,1934-12-20,Syria,Douglas,Douglas Dc 2,Rutbah Wells Syria,Airlines Dutch Royal Klm,7,7,0,7
1956,Qtr 1,February,24,1956-02-24,Syria,Douglas,Douglas Dc 3Yk,Near Aleppo Syria,Airways Syrian,19,19,0,19
1947,Qtr 2,June,19,1947-06-19,Syria,Lockheed,Lockheed 049 46,Al Mayadin Syria,Airways World American Pan,36,14,0,14
2018,Qtr 1,March,6,2018-03-06,Syria,Antonov,Antonov An 26Rf,Latakia Syria,Force Air Russian - Military,39,39,0,39
2015,Qtr 1,January,18,2015-01-18,Syria,Antonov,Antonov An 26,Near Abu Adh Dhuhur Air Base Syria,Force Air Syrian,37,37,0,37
1965,Qtr 2,April,10,1965-04-10,Syria,Handley,Handley Page Dart Herald 207Jy Acq,Near Damascus Syria,Airlines Jordanian Royal Alia,54,54,0,54
1967,Qtr 1,February,6,1967-02-06,Syria,Douglas,Douglas Dc 3Yk,Aleppo Syria,Airlines Arab Syrian,19,1,0,1
1935,Qtr 3,July,20,1935-07-20,Switzerland,Douglas,Douglas Dc 2Ph,Pian Giacomo Switzerland,Airlines Dutch Royal Klm,13,13,0,13
1970,Qtr 1,February,21,1970-02-21,Switzerland,Convair,Convair Cv 990,Zurich Switzerland,Swissair,47,47,0,47
1953,Qtr 4,December,19,1953-12-19,Switzerland,Convair,Convair Cv 240Oo,Zurich Switzerland,Sabena,44,1,0,1
1957,Qtr 2,June,18,1957-06-18,Switzerland,Douglas,Douglas C 47Bhb,Bodensee Switzerland,Swissair,9,9,0,9
1951,Qtr 4,November,24,1951-11-24,Switzerland,Douglas,Douglas Dc 44X,Zurich Switzerland,Al El,7,6,0,6
1936,Qtr 2,April,17,1936-04-17,Switzerland,Junkers,Junkers Ju 52D,Orvin Switzerland,Lufthansa Deutsche,5,3,0,3
1990,Qtr 4,November,14,1990-11-14,Switzerland,Mcdonnell,Mcdonnell Douglas Dc 9,Stadelberg Switzerland,Alitalia,46,46,0,46
1938,Qtr 4,October,1,1938-10-01,Switzerland,Junkers,Junkers Ju 52/3Md,Grisons Switzerland,Lufthansa Deutsche,13,13,0,13
2001,Qtr 4,November,24,2001-11-24,Switzerland,Bae,Bae Avro Rj100Hb Ixm,Birchwil Switzerland,Crossair,33,24,0,24
1956,Qtr 4,November,24,1956-11-24,Switzerland,Illyushin,Ilyushin Il 12Bok,Near Eglisau Switzerland,Aerolinie Ceskoslovenske,23,23,0,23
1971,Qtr 1,January,18,1971-01-18,Switzerland,Illyushin,Ilyushin Il 18Lz,Zurich Switzerland,Airlines Bulgarian Balkan,47,45,0,45
2000,Qtr 1,January,10,2000-01-10,Switzerland,Saab,Saab 340Bhb Akk,Niederhasli Switzerland,Crossair,10,10,0,10
2018,Qtr 3,August,4,2018-08-04,Switzerland,Junkers,Junkers Ju 52Hb,Flims Switzerland,Air Ju,20,20,1,21
1939,Qtr 3,July,20,1939-07-20,Switzerland,Junkers,Junkers Ju86 Z 2Hb,Konstanz Switzerland,Swissair,6,6,0,6
1987,Qtr 3,July,24,1987-07-24,Switzerland,Mcdonnell,Mcdonnell Douglas Dc 10,Geneva Switzerland,Afrique Air,163,1,0,1
1970,Qtr 1,March,6,1970-03-06,Switzerland,Handley,Handley Page Jetstream 1D Inah,St. Moritz Switzerland,Flug Bavaria,11,11,0,11
1936,Qtr 2,April,30,1936-04-30,Switzerland,General,General Aviation Ga 43Hb,Basel Switzerland,Swissair,2,2,0,2
1991,Qtr 4,December,27,1991-12-27,Sweden,Mc,Mc Donnell Douglas Md 81Oy,Stockholm Sweden,(Sas) Airlines Scandinavian,129,0,0,0
1936,Qtr 2,June,9,1936-06-09,Sweden,Fokker,Fokker F Xxiise,Malmo Sweden,Aerotransport B A,15,1,0,1
1989,Qtr 2,May,8,1989-05-08,Sweden,Beechcraft,Beechcraft 99Se Izo,Oskarshamn Sweden,Air Holmstoem,16,16,0,16
1970,Qtr 1,January,5,1970-01-05,Sweden,Convair,Convair Cv 990,Stockholm Sweden,Spantax,10,5,0,5
1943,Qtr 4,October,22,1943-10-22,Sweden,Douglas,Douglas Dc 3Se,Hallo Sweden,Aerotransport Ab,15,13,0,13
1947,Qtr 3,August,9,1947-08-09,Sweden,Douglas,Douglas Dc 3Fse,Malmo Sweden,Aerotransport Ab,5,1,0,1
1950,Qtr 3,September,23,1950-09-23,Sweden,Avro,Avro Ninteen Ise Brs,Karlstad Sweden,Aero Svenska,10,10,0,10
1977,Qtr 1,January,15,1977-01-15,Sweden,Vickers,Vickers Viscount 838Se Foz,Kalvesta Sweden,Sweden Skyline,22,22,0,22
1964,Qtr 4,November,20,1964-11-20,Sweden,Convair,Convair Cv 440Se,Angelholm Sweden,Linjeflyg,43,31,0,31
1944,Qtr 4,November,29,1944-11-29,Sweden,Focke,Focke  Wulf Fw 200D,Off Falsterbo Sweden,Lufthansa Deutsche,10,10,0,10
1967,Qtr 4,November,4,1967-11-04,Sussex,Sud,Sud Aviation Caravelle 10Rec Bdd,Fernhurst Sussex,England Iberia Airlines,37,37,0,37
1947,Qtr 1,January,25,1947-01-25,Surrey,Douglas,Douglas C 47 / Douglas Dc,Croydon Surrey,England Spencer Airways / Ceskoslovenske Aerolinie,23,12,0,12
1959,Qtr 1,February,17,1959-02-17,Surrey,Vickers,Vickers Viscount 794Dtc Sev,Gatwick Surrey,England Turkish Airlines (Thy),24,14,0,14
1919,Qtr 4,December,11,1919-12-11,Surrey,De Havilland,De Havilland Dh 4G,Catherham Surrey,Ukaircraft Travel Transport,1,1,0,1
1929,Qtr 4,November,6,1929-11-06,Surrey,Junkers,Junkers G 24D,Near Godstone Surrey,England Deutsche Lufthansa,8,7,0,7
2001,Qtr 1,February,10,2001-02-10,Surinam,Gaf,Gaf Nomad N24Apz Tbp,Jakobkondre Suriname,Charter Air Gum,10,10,0,10
2008,Qtr 2,April,3,2008-04-03,Surinam,Antonov,Antonov An 28Pz,Lawa Suriname,Airlines Wing Blue,19,19,0,19
2010,Qtr 2,May,15,2010-05-15,Surinam,Antonov,Antonv An 28Pz,Near Poeketi Suriname,Airlines Wings Blue,8,8,0,8
1959,Qtr 4,October,6,1959-10-06,Surinam,Aero,Aero Commander Ac 520,Paloemeu Suriname,Airways Eyck Kappel-Van,2,2,0,2
1989,Qtr 2,June,7,1989-06-07,Surinam,Mcdonnell,Mcdonnell Douglas Dc 8 Super 62N1809E,Near Paramaribo Surinam,Airways Surinam,187,176,0,176
1966,Qtr 1,January,1,1966-01-01,Sumatra,Douglas,Douglas Dc 3 / Douglas Dc,Near Palembang Sumatra,Indonesia Garuda  Indonesia Airlines / Garuda Indonesia Airlines,34,34,0,34
2021,Qtr 3,July,4,2021-07-04,Sulu,Lockheed,Lockheed C 130H Hercules5125,Patikul Sulu,Philippines Military - Philippine Air Force,96,50,3,53
2018,Qtr 1,January,29,2018-01-29,Suiyang,Shaanxi,Shaanxi Y 8Gx,Zhengchang Suiyang,Guizhou Province          County People'S Liberation Army Air Force,12,12,0,12
1952,Qtr 3,August,29,1952-08-29,Sudan,Douglas,Douglas Dc 2,Kosti Sudan,Airlines Phoenix,4,2,0,2
2005,Qtr 2,June,2,2005-06-02,Sudan,Antonov,Antonov An 24Bst,Khartoom Sudan,Aviation Marsland,42,7,0,7
2003,Qtr 3,July,8,2003-07-08,Sudan,Boeing,Boeing 737 2J8Cst,Port Sudan Sudan,Airways Sudan,117,117,0,117
1996,Qtr 2,May,3,1996-05-03,Sudan,Antonov,Antonov An 24St,Near Haj Yousif Sudan,Airlines Federal,53,53,0,53
2008,Qtr 2,June,10,2008-06-10,Sudan,Airbus,Airbus A 310,Khartoum Sudan,Airways Sudan,214,32,0,32
1952,Qtr 3,September,15,1952-09-15,Sudan,Douglas,Douglas C 47Avt,Wadi Halfa Sudan,Airlines Kalinga,3,3,0,3
2012,Qtr 4,October,7,2012-10-07,Sudan,Antonov,Antonov An 12Bpst,Near Omdurman Sudan,Force Air Sudanese - Military,22,15,0,15
1971,Qtr 4,December,6,1971-12-06,Sudan,Fokker,Fokker F 27 Friendship 200St,Tikaka Sudan,Airways Sudan,42,10,0,10
2008,Qtr 2,June,27,2008-06-27,Sudan,Antonov,Antonov 12Bkst Arn,Near Malakal Sudan,Cargo Air Juba,8,7,0,7
2005,Qtr 1,February,3,2005-02-03,Sudan,Illyushin,Ilyushin 76Tdst Ewb,Near Khartoum Sudan,West Air,7,7,0,7
2004,Qtr 4,October,5,2004-10-05,Sudan,Antonov,Antonov An 12St,Kaduqli Sudan,Airlines Sarit,4,4,0,4
1937,Qtr 3,August,2,1937-08-02,Sudan,Savoia,Savoia  Marchetti Sm73I,Wadi Halfa Sudan,Littoria Ala,9,9,0,9
2021,Qtr 1,March,2,2021-03-02,Sudan,Let,Let L 410Uvp,Pieri Sudan,Airlines Supreme Sudan South,10,10,0,10
1943,Qtr 2,June,30,1943-06-30,Sudan,Lockheed,Lockheed Hudson Vifk 618,Khartoum Sudan,Airways Overseas British,16,16,0,16
1943,Qtr 2,June,16,1943-06-16,Sudan,Lockheed,Lockheed Hudson Vifk 459,Khartoum Sudan,Airways Overseas British,17,17,0,17
2001,Qtr 2,April,4,2001-04-04,Sudan,Antonov,Antonov An 24,Adar Yeil Sudan,Force Air Sudan - Military,30,14,0,14
2007,Qtr 4,November,8,2007-11-08,Sudan,Antonov,Antonov 12St Jua,Khartoum Sudan,Cargo Air Juba,4,0,2,2
2004,Qtr 2,May,6,2004-05-06,Sudan,Let,Let 410Uvp9Xr Dc,Jiech Sudan,Cush Air - Charter,10,6,0,6
2004,Qtr 2,May,11,2004-05-11,Sudan,Antonov,Antonov An 12St,Dalang Sudan,Aviation Magal El,7,7,0,7
1998,Qtr 1,February,12,1998-02-12,Sudan,Antonov,Antonov An 32,Near Nasir Sudan,Force Air Sudan - Military,57,27,0,27
2020,Qtr 1,January,2,2020-01-02,Sudan,Antonov,Antonov An12 A,Geneina Sudan,Force Air Sudanese,18,18,0,18
2012,Qtr 3,August,19,2012-08-19,Sudan,Antonov,Antonov An 26,Talodi Sudan,Airlines Alfa,32,32,0,32
1960,Qtr 2,May,15,1960-05-15,Sudan,Douglas,Douglas Dc 4,Jebel Marra Sudan,Balair,12,12,0,12
1975,Qtr 1,March,18,1975-03-18,Sudan,De Havilland,De Havilland Canada Dhc 6 Twin Otter 100St,Singa Sudan,Airways Sudan,6,5,0,5
1986,Qtr 3,August,16,1986-08-16,Sudan,Fokker,Fokker F 27 Friendship 400Mst,Malakal Sudan,Airways Sudan,60,60,0,60
1999,Qtr 2,June,3,1999-06-03,Sudan,Antonov,Antonov 32,Near Khartoum Sudan,Force Air Sudan - Military,50,50,0,50
1996,Qtr 1,February,26,1996-02-26,Sudan,Lockheed,Lockheed C 130H,Near Jabal Awliya Sudan,Force Air Sudanese - Military,91,91,0,91
1987,Qtr 2,May,5,1987-05-05,Sudan,Cessna,Cessna 404 Titan Iist Aij,Malakal Sudan,Lines Air Sasco,14,14,0,14
2008,Qtr 2,June,30,2008-06-30,Sudan,Illyushin,Ilysushin Il 76Tdst,Near Khartoum Sudan,Aviaition Ababeel,4,4,0,4
1983,Qtr 2,April,16,1983-04-16,Sudan,Hawker,Hawker Siddeley Hs 748,Near Khartoum Sudan,Liberia Air,9,8,9,17
1946,Qtr 3,September,27,1946-09-27,Stirlingshire,De Havilland,De Havilland 89A Dragon Rapideg Afff,Near Milngavie Stirlingshire,Scotland Railway Air Service Ltd.,7,7,0,7
2001,Qtr 1,March,24,2001-03-24,St,De Havilland,De Havilland Canada Dhc 6 Twin Otterf,Gustavia St.,French West Indies          Barthélémy Air Caraibes,19,19,1,20
1986,Qtr 2,May,3,1986-05-03,Sri,Lockheed,Lockheed L 1011,Colombo Sri,Lanka Lankaair,150,22,0,22
1978,Qtr 4,November,15,1978-11-15,Sri,Mcdonnell,Mcdonnell Douglas Dc 8,Near Katunayake Sri,Airlines Icelandic Lankaloftleidir,262,183,0,183
1947,Qtr 1,March,18,1947-03-18,Sri,Avro,Avro York C1Mw198,Negombo Sri,Force Air Royal - Lankamilitary,15,11,0,11
1992,Qtr 3,July,5,1992-07-05,Sri,Shaanxi,Shaanxi Y 8Dcr872,Near Iyakochchi Sri,Force Air Lanka Sri - Lankamilitary,19,19,0,19
1995,Qtr 3,September,12,1995-09-12,Sri,Antonov,Antonov An 32Cr861,Off Colombo Sri,Force Air Lanka Sri - Lankamilitary,81,81,0,81
1995,Qtr 2,April,29,1995-04-29,Sri,Hawker,Hawker Siddeley Hs 748,Near Palaly Afb Sri,Force Air Lanka Sri - Lankamilitary,52,52,0,52
2000,Qtr 1,March,24,2000-03-24,Sri,Antonov,Antonov An 12 (Freighter)Ra,Kadirana Sri,Cabs Lankasky,8,6,2,8
2002,Qtr 3,August,15,2002-08-15,Sri,Yunshuji,Yunshuji Y 8Dcr,Kadjuduwa Watta Sri,Force Air Lanka Sri - Lankamilitary,5,5,0,5
1974,Qtr 4,December,4,1974-12-04,Sri,Mcdonnell,Mcdonnell Douglas Dc 8,Near Maskeliya Sri,Nv Holland Lankamartinair,191,191,0,191
2000,Qtr 3,September,16,2000-09-16,Sri,Mil,Mil Mi 17,Kumarapura Sri,Force Air Lanka Sri - Lankamilitary,14,14,0,14
1995,Qtr 4,November,22,1995-11-22,Sri,Antonov,Antonov An 32Cr862,Off Jaffna Peninsula  Sri,Force Air Lanka Sri - Lankamilitary,63,63,0,63
1996,Qtr 1,January,22,1996-01-22,Sri,Mil,Mil Mi 17 (Helicopter)Ch,Off Point Pedro Sri,Force Air Lanka Sri - Lankamilitary,39,39,0,39
1998,Qtr 3,September,29,1998-09-29,Sri,Antonov,Antonov An 24Rvew,Off Mannar Sri,Lankalionair,55,55,0,55
2000,Qtr 1,March,30,2000-03-30,Sri,Antonov,Antonov An 26Ur,Near Anuradhapura Sri,Force Air Lankan Sri - Lankamilitary,40,40,0,40
1976,Qtr 3,August,9,1976-08-09,Spain,Douglas,Douglas C 54Et4/11,"Moron Afb Spain
	
Moron",Spainmoron Afb          Afb,32,12,0,12
1973,Qtr 3,August,13,1973-08-13,Spain,Sud,Sud  Aviation Caravelle 10,Near La  Coruña Spain,Condor Aviaco,85,85,1,86
1939,Qtr 3,August,4,1939-08-04,Spain,Junkers,Junkers Ju 52/3Md,Barcelona Spain,Lufthansa Deutsche,7,7,0,7
1966,Qtr 1,January,17,1966-01-17,Spain,Boeing,Boeing B52 Stratofortress/Boeing Kc 135A580256/61 0273,Palomares Spain,Force Air Us - Military,11,7,0,7
1951,Qtr 3,September,12,1951-09-12,Spain,Douglas,Douglas Dc 3F,Off Ialas Baeares Spain,Provence Alpes Societe,39,39,0,39
1933,Qtr 2,May,9,1933-05-09,Spain,Latecoere,Latecoere 28 1F,Near Viladrau Spain,Company Tecoere La - Aeropostale,6,6,0,6
1948,Qtr 4,December,23,1948-12-23,Spain,Douglas,Douglas Dc 3 (C,Near Madrid Spain,Airlines Iberia,27,27,0,27
1973,Qtr 3,August,28,1973-08-28,Spain,Lockheed,Lockheed C 141A63,Near Huete Spain,Force Air U.S. - Military,25,24,0,24
1953,Qtr 4,December,4,1953-12-04,Spain,Bristol,Bristol 170 Freighter 21Ec Aeg,Near Guaderrama Spain,Aviaco,33,23,0,23
1929,Qtr 2,June,14,1929-06-14,Spain,Breguet,Breguet 14F Afej,Barcelona Spain,Aeropostale,2,1,0,1
1974,Qtr 4,November,22,1974-11-22,Spain,Cessna,Cessna 500 Citation Iec Cgg,Barcelona Spain,Aéreos Servicios Alpa,4,4,0,4
2002,Qtr 1,January,14,2002-01-14,Spain,Embraer,Embraer Emb 120 Brasiliaec,Bilbao Spain,Aérea Ibertrans,3,3,0,3
2002,Qtr 2,April,12,2002-04-12,Spain,Swearingen,Swearingen Sa.227Ac Metro Iiiec Gkr,Palma De Mallorca Spain,Tadair,2,2,0,2
1968,Qtr 2,June,18,1968-06-18,Spain,Piaggio,Piaggio Pd 808I,San Sebastian Spain,Piaggio Rinaldo,6,6,0,6
1930,Qtr 1,January,25,1930-01-25,Spain,Latecoere,Latecoere 25F Ajcl,Off Ceuta Spain,Aeropostale,2,2,0,2
1976,Qtr 2,May,9,1976-05-09,Spain,Boeing,Boeing B 747,Near Cuneca Spain,Force Air Iranian Imperial - Military,17,17,0,17
1983,Qtr 4,December,7,1983-12-07,Spain,Boeing,Boeing B 727,Near Madrid Spain,Aviaco / Airlines Iberia,135,93,0,93
1920,Qtr 4,October,5,1920-10-05,Spain,Breguet,Breguet 14F Alta,Valencia Spain,Airlines Latecoere,2,2,0,2
2001,Qtr 3,August,29,2001-08-29,Spain,Casa,Casa  Cn 235,Near Malaga Spain,Mediterráneo Binter,47,4,0,4
1983,Qtr 4,November,27,1983-11-27,Spain,Boeing,Boeing B 747,Madrid-Barajas Spain,Avianca,192,181,0,181
1950,Qtr 1,January,18,1950-01-18,Spain,Casa,Casa 352 T 2,Albacete Spain,Aire Del Ejercito,16,16,0,16
1972,Qtr 1,January,7,1972-01-07,Spain,Sud,Sud  Aviation Caravelle Vi,Sierra De Atalayasa Spain,Airlines Iberia,104,104,0,104
1982,Qtr 3,September,13,1982-09-13,Spain,Mcdonnell,Mcdonnell Douglas Dc 10,Near Malaga Spain,Spantax,394,50,0,50
1920,Qtr 4,December,24,1920-12-24,Spain,Breguet,Breguet 14F Albo,Barcelona Spain,Aeropostale,1,1,0,1
2001,Qtr 4,October,10,2001-10-10,Spain,Swearingen,Swearingen Sa 226At Merlin Ivec,Off Valencia Spain,Flightline,10,10,0,10
1948,Qtr 2,May,25,1948-05-25,Spain,Handley,Handley Page Halifax C 8G,Albacete Spain,Airways Alpha,4,4,1,5
1925,Qtr 2,June,26,1925-06-26,Spain,Liore,Lioré  Et,Alicante Spain,Aeriens Express Grands,2,2,0,2
1925,Qtr 3,July,20,1925-07-20,Spain,Breguet,Breguet 14F Afbi,Rosas Spain,Latecoere Aeriennes Lignes,1,1,0,1
1923,Qtr 1,January,17,1923-01-17,Spain,Breguet,Breguet 14F Alju,Barcelona Spain,Aeriens Express Grands,1,1,0,1
1958,Qtr 2,April,14,1958-04-14,Spain,De Havilland,De Havilland Dh 114 Heron 2Dec,Off Castell De Fels Spain,Aviaco,16,16,0,16
1964,Qtr 2,June,21,1964-06-21,Spain,Douglas,Douglas Dc 3Ec,Off Palma De Mallorca Spain,Tassa,28,1,0,1
1959,Qtr 2,May,2,1959-05-02,Spain,Douglas,Douglas Dc 3Oe,Mallorca Spain,Austria-Flugdienst,5,5,0,5
1928,Qtr 1,January,27,1928-01-27,Spain,Breguet,Breguet 14F Afhn,Almeria Spain,Aeropostale,1,1,0,1
1957,Qtr 4,October,28,1957-10-28,Spain,Douglas,Douglas Dc 3Ec,Madrid Spain,Airlines Iberia,21,21,0,21
1928,Qtr 4,October,4,1928-10-04,Spain,Breguet,"Breguet 14F Aeej
F",Gerona Spain,Aeropostale,3,3,0,3
1959,Qtr 2,April,29,1959-04-29,Spain,Douglas,Douglas Dc 3Ec,Valdemeca Spain,Airlines Iberia,28,28,0,28
1998,Qtr 1,February,5,1998-02-05,Spain,Casa,Casa 212 S1 Aviocar 100D,Near Navafria Spain,Force Air Spanish - Military,5,5,0,5
1964,Qtr 2,May,11,1964-05-11,Spain,Lockheed,Lockheed P 2E Neptune131481,Off Rota Spain,Navy Air Us - Military,10,10,0,10
1962,Qtr 4,October,12,1962-10-12,Spain,Convair,Convair Cv 440,Near Carmona Spain,Airlines Iberia,18,18,0,18
1928,Qtr 1,January,22,1928-01-22,Spain,Breguet,Breguet 14F Aheq,Tarragona Spain,Aeropostale,2,2,0,2
1947,Qtr 1,February,6,1947-02-06,Spain,Douglas,Douglas C 54B,Pedro Bernardo Spain,International Cuba Aerovias,11,11,0,11
1957,Qtr 4,November,15,1957-11-15,Spain,De Havilland,De Havilland Dh 114 Heron 2Dec,Near Palma De Mallorca Spain,Aviaco,4,4,0,4
1947,Qtr 4,October,16,1947-10-16,Spain,Bristol,Bristol 170 Freighter If Bcjn,Off Cartegena Spain,Littoral Du Aerienne Societe,43,41,0,41
1999,Qtr 3,September,14,1999-09-14,Spain,Boeing,Boeing 757 204G,Girona Spain,Airways Britannia,245,1,0,1
1959,Qtr 3,August,19,1959-08-19,Spain,Douglas,Douglas Dc 3G,Near Barcelona Spain,Transair,32,32,0,32
1959,Qtr 1,March,13,1959-03-13,Spain,Bristol,Bristol 170 Freighter 21Eec Adh,Mahon Spain,Aviaco,18,1,0,1
1958,Qtr 4,December,4,1958-12-04,Spain,Sncase,Sncase Languedocec Anr,Guadarrama Mountains Spain,Aviaco,21,21,0,21
1925,Qtr 2,April,25,1925-04-25,Spain,Breguet,Breguet 14F Afbb,Alicante Spain,Aeriens Express Grands,3,3,0,3
1928,Qtr 2,April,19,1928-04-19,Spain,Rochrbach,Rohrbach Rolandm Cccc,Minuesa Spain,Airlines Iberia,9,9,0,9
1922,Qtr 3,July,26,1922-07-26,Spain,Breguet,Breguet 14F Alve,Cadix Spain,Aeriens Express Grands,3,3,0,3
2000,Qtr 1,March,22,2000-03-22,Spain,Casa,Casa 212 De Aviocar 200Tm,Herreira Spain,Aire Del Ejército - Military,7,7,0,7
1927,Qtr 4,December,28,1927-12-28,Spain,Breguet,Breguet 14F Afgs,Almeria Spain,Aeropostale,1,1,0,1
1998,Qtr 3,July,28,1998-07-28,Spain,Swearingen,Swearingen Sa.227Ac Metro Iiiec Fxd,Barcelona Spain,Swifair,2,2,0,2
2008,Qtr 3,August,20,2008-08-20,Spain,Mcdonnell,Mcdonnell Douglas Md 82Ec,Madrid Spain,Spanair,172,154,0,154
1968,Qtr 2,April,20,1968-04-20,South-West,Boeing,Boeing B 707,Near Windhoek South-West,Airways African (Namibia)South Africa,128,123,0,123
2009,Qtr 3,September,25,2009-09-25,South,Eurocopter,Eurocopter As350 B2N417Ae,Georgetown South,Inc. Helicopters Carolinaomniflight,3,3,0,3
2002,Qtr 2,April,15,2002-04-15,South,Boeing,Boeing B 767,Busan South,China Koreaair,166,128,0,128
1945,Qtr 3,July,12,1945-07-12,South,Douglas,Douglas Dc 3,Near Florence South,Corps Air Army U.S. - Military / Lines Air Carolinaeastern,10,3,0,3
1999,Qtr 4,October,25,1999-10-25,South,Gates,Gates Learjet 35N47Ba,Aberdeen South,Charter Dakotaprivate,6,6,0,6
1945,Qtr 3,September,7,1945-09-07,South,Douglas,Douglas Dc 3Nc33631,Florence South,Lines Air Carolinaeastern,22,22,0,22
2001,Qtr 3,July,5,2001-07-05,South,Sirkorsky,Sikorsky S 76B Helicopterhl9240,Off Chinhae South,Shipbuilding Daewoo -  Koreaprivate,12,8,0,8
2009,Qtr 3,September,8,2009-09-08,South,Mil,Mil Mi 8,Ugamsk Gorge South,Service Guard Border Kazakhstan - Kazakistanmilitary,13,10,0,10
2002,Qtr 2,June,1,2002-06-01,South,Hawker,Hawker Siddeley Hs 748,George South,Charter - Aviation Africaairquarius,3,3,0,3
2008,Qtr 3,September,19,2008-09-19,South,Learjet,Learjet 60N999Lj,Columbia South,Aviation Executive Carolinaglobal,6,4,0,4
1941,Qtr 1,March,28,1941-03-28,South,Lockheed,Lockheed 18 Lodestarzs Ast,Elands Bay South,Airways African Africasouth,10,10,0,10
1968,Qtr 1,March,5,1968-03-05,South,Fairchild,Fairchild C 123K54,Near Khe Sanh South,Force Air U.S. - Vietnammilitary,49,49,0,49
2009,Qtr 3,September,24,2009-09-24,South,British,British Aerospace Jetstream 41Zs Nrm,Merebank South,Airlink Africasa,3,1,0,1
1968,Qtr 2,April,19,1968-04-19,South,Bell,Bell Uh 1H / Bell Uh,Near Cheo Reo South,Army U.S. - Military / Army U.S. - Vietnammilitary,26,26,0,26
1951,Qtr 1,January,12,1951-01-12,South,De Havilland,De Havilland Dove 1Zs Ddw,Ixopo South,Airways Africaunited,12,12,0,12
1962,Qtr 4,November,10,1962-11-10,South,Douglas,Douglas Dc 3Xv,Near Tourane South,Vietnam) (South Vietnam Vietnamair,27,27,0,27
1993,Qtr 3,July,26,1993-07-26,South,Boeing,Boeing B 737,Haenam South,Airlines Koreaasiana,110,68,0,68
1967,Qtr 4,November,30,1967-11-30,South,De Havilland,De Havilland Canada C 7A Caribou62,Near Qui Nhon South,Force Air U.S. - Vietnammilitary,26,26,0,26
1950,Qtr 3,July,7,1950-07-07,South,Douglas,Douglas C 54G45,Busan South,Force Air U.S. - Koreamilitary,23,23,0,23
2018,Qtr 3,July,10,2018-07-10,South,Convair,Convair Cv 340Zs,Pretoria South,Air Africarovos,19,1,1,2
1968,Qtr 1,January,8,1968-01-08,South,Sirkorsky,Sikorsky Ch 53A (Helicopter)153710,Near Quang Tri South,Corps Marine U.S. - Vietnammilitary,42,42,0,42
1984,Qtr 1,March,24,1984-03-24,South,Sirkorsky,Sikorsky Ch 53D157132,Near Hunghae South,Corps Marine U.S. - Koreamilitary,29,29,0,29
1982,Qtr 1,February,6,1982-02-06,South,Fairchild,Fairchild C 123,Island Of Cheju South,Force Air Korea South Of Republic - Koreamilitary,53,53,0,53
2015,Qtr 4,November,21,2015-11-21,South,Aerospatiale,Aerospatiale As 350B2 Ecureuilzk Hku,Fox Glacier South,New Zealand          Valley Alpine Adventures,7,7,0,7
1955,Qtr 4,December,17,1955-12-17,South,Curtiss,Curtiss C 46An9904F,Hollywood South,Airlines Carolinariddle,2,2,0,2
1951,Qtr 4,October,15,1951-10-15,South,Douglas,Douglas Dc 3Zs,East Griqualand South,Airways African Africasouth,17,17,0,17
1995,Qtr 3,August,2,1995-08-02,South,Antonov,Antonov An 2Rra,Johannesburg South,Air Africaaero,3,3,0,3
1962,Qtr 1,March,6,1962-03-06,South,Douglas,Douglas Dc 3Zs,Near Seymour South,Airways African Africasouth,7,2,0,2
1994,Qtr 3,August,10,1994-08-10,South,Airbus,Airbus A300B4 622Rhl,Cheju South,Airlines Koreakorean,160,0,0,0
1968,Qtr 2,June,25,1968-06-25,South,Bell,Bell Uh 1H / Bell Uh,Near Bearcat South,Army U.S. - Vietnammilitary,29,29,0,29
1982,Qtr 2,June,1,1982-06-01,South,Fairchild,Fairchild C 12356,Near Songnam-Si South,Force Air Korea South Of Republic - Koreamilitary,53,53,0,53
2017,Qtr 2,June,28,2017-06-28,South,Socata,Socata Tb1 10 Tobagovh,Mount Gambier South,Flight Australiaangel,3,3,0,3
1968,Qtr 4,October,21,1968-10-21,South,Douglas,Douglas C 47D450934,Near Ban Me Thuot South,Force Air U.S. - Vietnammilitary,23,23,0,23
1965,Qtr 4,December,11,1965-12-11,South,Fairchild,Fairchild C 123C56,Near Tuy Hoa South,Force Air U.S. - Vietnammilitary,85,85,0,85
1988,Qtr 1,March,1,1988-03-01,South,Embraer,Embraer 110P1 Bandeirantezs Lgp,Near Johannesburg South,(Comair) Airways Africacommercial,17,17,0,17
1957,Qtr 1,February,22,1957-02-22,South,Douglas,Douglas C 124C51,Kimpo Air Base South,Force Air U.S. - Koreamilitary,159,22,0,22
1966,Qtr 1,January,25,1966-01-25,South,Fairchild,Fairchild C 123B54,Near Binh Khe South,Force Air U.S. - Vietnammilitary,46,46,0,46
1948,Qtr 2,May,15,1948-05-15,South,Douglas,Douglas Dc 3,Vrede South,Aviation Africamercury,13,13,0,13
1988,Qtr 2,April,12,1988-04-12,South,Douglas,Douglas Dc 3Czs,Near Hennenman South,Airways Africaunited,24,24,0,24
1964,Qtr 4,December,11,1964-12-11,South,Fairchild,Fairchild C 123,Near Da Nang South,Force Air Vietnamese - Vietnammilitary,38,38,0,38
1989,Qtr 4,November,25,1989-11-25,South,Fokker,Fokker F 28 Fellowship 4000Hl,Seoul South,Airlines Koreakorean,52,1,0,1
1989,Qtr 3,July,27,1989-07-27,South,Sirkorsky,Sikorsky S 58T,Off Ullung Do South,Airlines Koreauniversal,19,13,0,13
1965,Qtr 3,September,16,1965-09-16,South,Douglas,Douglas Dc 3Xv,Quang Ngai South,Vietnam) (South Vietnam Vietnamair,39,38,0,38
1989,Qtr 1,March,20,1989-03-20,South,Sirkorsky,Sikorsky Ch 53D157140,Pohang South,Corps Marine U.S. - Koreamilitary,34,19,0,19
1967,Qtr 2,April,8,1967-04-08,South,Curtiss,Curtiss C 46 Commando,Seoul South,Force Air Korea Of Republic - Koreamilitary,15,15,44,59
1967,Qtr 1,March,13,1967-03-13,South,Vickers,Vickers Viscount 818Zs Cva,Off East London South,Airways African Africasouth,25,25,0,25
2020,Qtr 3,August,22,2020-08-22,South,Antonov,Antonov 26Bex 126,Juba South,Aviaiton West Sudansouth,8,7,0,7
1967,Qtr 4,October,8,1967-10-08,South,Lockheed,Lockheed C130B61 2649,Near Huong Thuy South,Force Air U.S. - Vietnammilitary,23,23,0,23
1967,Qtr 2,June,17,1967-06-17,South,Lockheed,Lockheed C 130B60,An Khe South,Force Air U.S. - Vietnammilitary,56,35,0,35
1967,Qtr 1,March,10,1967-03-10,South,Douglas,Douglas C 47J99844,Near Phan Rang South,Navy U.S. - Vietnammilitary,25,25,0,25
1966,Qtr 3,August,17,1966-08-17,South,Chance,Chance Vought F 8E150321,Near Da Nang South,Corps Marine U.S. - Vietnammilitary,1,0,33,33
1986,Qtr 4,October,19,1986-10-19,South,Tupolev,Tupolev Tu 134Ac9,Near Komatipoot South,Mozambique Of Africagovernment,44,34,0,34
2011,Qtr 1,February,8,2011-02-08,South,Pilatus,Pilatus Pc 12/47Zs,Off Plettenberg Bay South,Aviation Africamajuba,9,9,0,9
1950,Qtr 2,May,23,1950-05-23,South,Curtiss,Curtiss C 46D44,Myrtle Beach South,Force Air U.S. - Carolinamilitary,39,39,0,39
1966,Qtr 4,November,26,1966-11-26,South,Douglas,Douglas C 47D4476574,Near Saigon South,Force Air U.S. - Vietnammilitary,31,31,0,31
2011,Qtr 3,July,28,2011-07-28,South,Boeing,Boeing B 747,Off Jeju South,Airlines Koreanasiana,2,2,0,2
1972,Qtr 3,August,12,1972-08-12,South,Lockheed,Lockheed C 130E62,Near Soc Trang South,Force Air U.S. - Vietnammilitary,44,30,0,30
1972,Qtr 3,July,11,1972-07-11,South,Sirkorsky,Sikorsky Ch 53D (Helicopter)156658,Near Quang Tri South,Corps Marine U.S. - Vietnammilitary,67,52,0,52
1975,Qtr 2,April,4,1975-04-04,South,Lockheed,Lockheed C 5A Galaxy68,Saigon South,Force Air U.S. - Vietnammilitary,330,155,0,155
1975,Qtr 1,March,12,1975-03-12,South,Douglas,Douglas Dc 4Xv,Pleiku South,Vietnam) (South Vietnam Vietnamair,26,26,0,26
1972,Qtr 3,September,24,1972-09-24,South,Douglas,Douglas C 54D,Near Ben Cat South,Vietnam) (South Vietnam Vietnamair,13,10,0,10
1954,Qtr 3,August,27,1954-08-27,South,Convair,Convair Rb 36H51,Near Rapid City South,Force Air U.S. - Dekotamilitary,27,26,0,26
1972,Qtr 1,March,19,1972-03-19,South,Mcdonnell,Mcdonnell Douglas Dc 9,Shamsam Mountains South,Yemenegyptair,22,22,0,22
2015,Qtr 4,November,4,2015-11-04,South,Antonov,Antonov 12Bkey 406,Juba South,Limited Services Sudanallied,43,41,0,41
1972,Qtr 2,May,10,1972-05-10,South,Boeing,Boeing Vertol Ch47A (Helicopter),Near Gia Dinh South,Army U.S. - Vietnammilitary,34,34,0,34
1972,Qtr 2,June,15,1972-06-15,South,Convair,Convair Cv 880,Near Pleiku South,Airways Pacific Vietnamcathay,81,81,0,81
1972,Qtr 2,June,13,1972-06-13,South,Boeing,Boeing Vertol Ch 47 (Helicopter),Near An Loc South,Force Air Vietnamese - Vietnammilitary,47,47,0,47
1973,Qtr 4,November,17,1973-11-17,South,Douglas,Douglas Dc 3Xv,Near Quang-Ngai South,Vietnam) (South Vietnam Vietnamair,27,27,0,27
1998,Qtr 3,August,24,1998-08-24,South,Dc,Dc  3,Pretoria South,Couriers Service Africaspeed,2,1,0,1
1973,Qtr 4,December,21,1973-12-21,South,Boeing,Boeing Vertol Ch 47 (Helilcopter),Near Siagon South,Force Air Vietnamese - Vietnammilitary,20,20,0,20
1966,Qtr 2,May,4,1966-05-04,South,Boeing,Boeing Ch47A (Helicopter)64 13138,Near Di Linh South,Army U.S. - Vietnammilitary,20,20,0,20
1973,Qtr 4,December,28,1973-12-28,South,Douglas,Douglas Dc 3Zs,Durban South,Funds Africaexecutive,25,1,0,1
1974,Qtr 3,September,15,1974-09-15,South,Boeing,Boeing B 727,Phan Rang South,Vietnam) (South Vietnam Vietnamair,75,75,0,75
1973,Qtr 1,March,19,1973-03-19,South,Douglas,Douglas C 54Dxv,Ben Me Thuot South,Vietnam) (South Vietnam Vietnamair,62,62,0,62
1972,Qtr 4,October,31,1972-10-31,South,Boeing,Boeing Vertol Ch 47 (Helicopter),Near My Tho South,Army U.S. - Vietnammilitary,22,22,0,22
1933,Qtr 4,December,14,1933-12-14,South,Junkers,Junkers W 34Zs,Eshowe South,Airways Africaunion,6,5,0,5
1974,Qtr 4,December,12,1974-12-12,South,Boeing,Boeing Vertol Ch 47 (Helicopter),Near Moc Hoa South,Force Air Vietnamese - Vietnammilitary,54,54,0,54
1954,Qtr 1,March,13,1954-03-13,South,C,C  46,Dien Bien Phu South,Azur Vietnamaigle,0,0,0,0
1971,Qtr 1,January,23,1971-01-23,South,Fokker,Fokker F 27 Friendship 500Hl,Near Sokcho South,Airlines Koreakorean,60,2,0,2
1970,Qtr 4,November,29,1970-11-29,South,Fairchild,Fairchild C 123K54,Near Cam Ranh South,Force Air U.S. - Vietnammilitary,44,42,0,42
2012,Qtr 4,December,5,2012-12-05,South,Douglas,Douglas C47 Tp6840,Near Ladysmith South,Force Air African South - Africamilitary,11,11,0,11
1970,Qtr 1,March,16,1970-03-16,South,Lockheed,Lockheed Ec 121P145927,Near Da Nang South,Navy U.S. - Vietnammilitary,31,23,0,23
1970,Qtr 4,October,6,1970-10-06,South,Douglas,Douglas Dc 3Zs,Near Germiston South,Airways Africanational,11,3,0,3
1952,Qtr 4,October,16,1952-10-16,South,Curtiss,Curtiss  Wright C,Off Kangnung South,Force Air U.S. - Koreamilitary,25,25,0,25
1952,Qtr 4,November,14,1952-11-14,South,Fairchild,Fairchild C 119C51,Near Seoul South,Force Air U.S. - Koreamilitary,44,44,0,44
1931,Qtr 4,November,13,1931-11-13,South,De Havilland,De Havilland Dh.80Zs Acd,Sir Lowry'S Pass South,Airways Africaunion,3,3,0,3
1971,Qtr 4,November,28,1971-11-28,South,Boeing,Boeing Vertol Ch 47C68,Near Hue South,Army U.S. - Vietnammilitary,34,34,0,34
1969,Qtr 2,April,2,1969-04-02,South,Boeing,Boeing Vertol Ch47C (Helicopter)67 18523,Near Quang Tri South,Army U.S. - Vietnammilitary,78,24,0,24
1970,Qtr 4,November,27,1970-11-27,South,Fairchild,Fairchild C 123K55,Near Nha Trang South,Force Air U.S. - Vietnammilitary,79,79,0,79
1980,Qtr 4,November,19,1980-11-19,South,Boeing,Boeing B 747,Seoul South,Airlines Koreakorean,226,15,0,15
1969,Qtr 2,May,6,1969-05-06,South,Boeing,Boeing Vertol Ch47A (Helicopter)66 19029,Near Chon Thanh South,Army U.S. - Vietnammilitary,74,30,0,30
1971,Qtr 4,October,23,1971-10-23,South,Douglas,Douglas C 47,Near Qui Nhon South,Force Air Vietnamese - Vietnammilitary,23,22,0,22
1970,Qtr 3,August,26,1970-08-26,South,Boeing,Boeing Vertol Ch47B (Helicopter)67 18445,Near Tam Ky South,Army U.S. - Vietnammilitary,32,30,0,30
2007,Qtr 1,March,23,2007-03-23,Somalia,Illyushin,Ilushin Il 76Tdew,Mogadishu Somalia,Airlines Transaviaexport,11,11,0,11
1981,Qtr 3,July,20,1981-07-20,Somalia,Fokker,Fokker F 27 Friendship 600Rf6O,Mogadishu Somalia,Airlines Somali,50,50,0,50
1989,Qtr 2,June,28,1989-06-28,Somalia,Fokker,Fokker F 27 Friendship 600Rf6O,Near Borana Somalia,Airlines Somali,30,30,0,30
1970,Qtr 2,May,6,1970-05-06,Somalia,Vickers,Vickers 785D Viscount6O Aaj,Mogadishu Somalia,Airlines Somali,30,5,0,5
2008,Qtr 3,August,13,2008-08-13,Somalia,Fokker,Fokker F 27 Friendship 5005Y,K-50 Airport Somalia,540 Fly,3,3,0,3
2013,Qtr 3,August,9,2013-08-09,Somalia,Antonov,Antonov An 12,Mogadishu Somalia,Force Air Ethiopian - Military,6,4,0,4
1992,Qtr 4,October,9,1992-10-09,Somalia,Antonov,Antonov 32Cccp 48088,Mogadiscio Somalia,Association Production Kiev,13,1,0,1
2016,Qtr 1,February,2,2016-02-02,Somalia,Airbus,Airbus A321 111Sx,Near Mogadishu Somalia,Airlines Daallo,72,1,0,1
1964,Qtr 2,April,12,1964-04-12,Somalia,Douglas,Douglas Dc 3Vr,Hargeisa Somalia,Airways Aden,15,15,0,15
1991,Qtr 3,September,27,1991-09-27,Solomon,De Havilland,De Havilland Canada Dhc 6 Twin Otter 300H4,Guadalcanal Island Solomon,Airlines Islands Islandssolomon,15,15,0,15
1978,Qtr 4,October,22,1978-10-22,Solomon,Britten,Britten Norman Bn 2A Trislanderh4,Off Bellona Solomon,Airlines Islands Islandssolomon,11,11,0,11
1954,Qtr 2,June,3,1954-06-03,Slovenia,Douglas,Douglas C 47Aoo,Near Maribor Slovenia,Sabena,4,1,0,1
1966,Qtr 3,September,1,1966-09-01,Slovenia,Bristol,Bristol Britannia 102G Anbb,Near Ljubljana Slovenia,Yugoslavia Britannia Airways,117,98,0,98
1977,Qtr 1,February,11,1977-02-11,Slovakia,Avia,Avia 14Tok Oca,Bratislava Slovakia,Aerolinie Ceskoslovenské,5,4,0,4
1954,Qtr 4,December,12,1954-12-12,Slovakia,Douglas,Douglas C 47Aok,Bratislava Slovakia,Aerolinie Ceskoslovenské,4,4,0,4
1954,Qtr 2,April,8,1954-04-08,Sk,Canadair,Canadair C 4,Moose Jaw Sk,Canada Trans Canada Air Lines / Rcaf,36,36,1,37
1954,Qtr 1,March,13,1954-03-13,Singapore,Lockheed,Lockheed 749A 79,Kallang Airport Singapore,Airways Overseas British,40,33,0,33
2007,Qtr 2,June,3,2007-06-03,Sierra,Mi,Mi  8,Freetown Sierra,Airlilnes Leoneparamount,22,21,0,21
2004,Qtr 2,June,28,2004-06-28,Sierra,Mi,Mi  8Mtv,Near Yengema Sierra,Charter Utair  - Nations Leoneunited,24,24,0,24
1990,Qtr 1,March,12,1990-03-12,Sierra,Sirkorsky,Sikorsky S 58Et (Helilcopter)Ec,Off Freetown Sierre,Leonehelicsa,13,11,0,11
1972,Qtr 2,May,5,1972-05-05,Sicily,Mcdonnell,Mcdonnell Douglas Dc 8,Near Carini Sicily,Italy Alitalia,115,115,0,115
1978,Qtr 4,December,23,1978-12-23,Sicily,Mcdonnell,Mcdonnell Douglas Dc 9,Off Cinisi Sicily,Italy Alitalia,129,108,0,108
1988,Qtr 1,January,18,1988-01-18,Sichuan,Illyushin,Ilyushin Il 18Db,Near Chungking Sichuan,China China Southwest Airlines,108,108,0,108
1994,Qtr 1,January,3,1994-01-03,Siberia,Tupolev,Tupolev Tu 154Mra,Near Mamony Siberia,Russia Baikal Air,124,124,1,125
1973,Qtr 2,May,18,1973-05-18,Siberia,Tupolev,Tupolev Tu 104Acccp,Chita Siberia,Ussraeroflot,81,81,0,81
1996,Qtr 4,November,27,1996-11-27,Siberia,Illyushin,Ilyushin Il 76Mdra,Abakan Siberia,Russia Military - Russian Air Force,23,23,0,23
1986,Qtr 4,November,6,1986-11-06,Shetlands,Boeing,Boeing  Vertol Chinookg,Off Sumburgh Head Shetlands,Scotland British International Helicopters,47,45,0,45
1979,Qtr 3,July,31,1979-07-31,Shetlands,Hawker,Hawker Siddeley Hs 748,Off Sumburgh Shetlands,Scotland Dan Air Services,47,17,0,17
1997,Qtr 1,February,1,1997-02-01,Senegal,Hawker,Hawker Siddeley Hs 748,Tambacoumba Senegal,Senegal Air,52,25,0,25
1993,Qtr 4,December,9,1993-12-09,Senegal,Dhc,Dhc  6 Twin Otter 300 / Namc Ys,Off Dakar Senegal,Airways Gambia / Senegal Air,3,3,0,3
1992,Qtr 1,February,9,1992-02-09,Senegal,Convair,Convair Cv  640N862Fw,Near Kafountine Senegal,Gambcrest,56,30,0,30
1947,Qtr 2,April,13,1947-04-13,Senegal,Avro,Avro 685 York Ig Ahez,Off Dakar Senegal,Airways American South British,15,6,0,6
1995,Qtr 2,May,29,1995-05-29,Senegal,Piper,Piper Pa 31,Off Mbour Senegal,Senegalair,10,6,0,6
1979,Qtr 2,May,27,1979-05-27,Senegal,De Havilland,De Havilland Canada Dhc 5D Buffalo5T,Off Dakar Senegal,Force Air Mauritanian - Military,12,12,0,12
1960,Qtr 3,August,29,1960-08-29,Senegal,Lockheed,Lockheed 1049G Super Constellationf Bhbc,Off Dakar Senegal,France Air,63,63,0,63
1952,Qtr 4,October,8,1952-10-08,Scotland,Avro,Avro Shackleton Mr 1Vp286,Off Tarbat Ness Scotland,Force Air Royal - Military,14,14,0,14
1940,Qtr 2,April,22,1940-04-22,Scotland,Lockheed,Lockheed 14 Super Electrag Afkd,Near Loch Lomond Scotland,Airways Overseas British,5,5,0,5
1943,Qtr 4,December,17,1943-12-17,Scotland,Lockheed,Lockheed 18 56 Lodestarg,Off Montrose Scotland,Airways Overseas British,10,10,0,10
2001,Qtr 1,February,27,2001-02-27,Scotland,Shorts,Shorts 360 100G,Near Granton Harbour Scotland,Loganair,2,2,0,2
1948,Qtr 4,October,21,1948-10-21,Scotland,Lockheed,Lockheed 049 46,Prestwick Airport Scotland,Airlines Dutch Royal Klm,40,40,0,40
1944,Qtr 3,July,27,1944-07-27,Scotland,Douglas,Douglas C 47A,Port Logan Scotland,Forces Air Army U.S. - Military,22,22,0,22
1944,Qtr 3,August,28,1944-08-28,Scotland,Douglas,Douglas C 54A,Preswick Scotland,Forces Air Army U.S. - Military,20,20,5,25
1994,Qtr 2,June,2,1994-06-02,Scotland,Boeing,Boeing Vertol Chinook Hc 2 (Helicopter)Zd576,Near Campbeltown Scotland,Force Air Royal - Military,29,29,0,29
1953,Qtr 4,November,11,1953-11-11,Scotland,Avro,Avro Shackleton Mr 2Wl746,Off Argyll Scotland,Force Air Royal - Military,10,10,0,10
1957,Qtr 3,September,28,1957-09-28,Scotland,De Havilland,De Havilland Dh 114 Herong,Islay-Glenegedale Airport Scotland,Airways European British,3,3,0,3
1942,Qtr 3,August,23,1942-08-23,Scotland,Shorts,Short Sunderlandw4026,Near Dunbeath Scotland,Force Air Royal - Military,15,14,0,14
1941,Qtr 3,August,10,1941-08-10,Scotland,Consolidated,Consolidated Lb 30A Liberatoram261,Arran Scotland,Force Air -Royal Military,22,22,0,22
1973,Qtr 1,January,19,1973-01-19,Scotland,Vickers,Vickers 802 Viscountg Aohi,Near Glasgow Scotland,Airways European British,4,4,0,4
2009,Qtr 2,April,1,2009-04-01,Scotland,Eurocopter,Eurocopter As 332L2 Super Puma 2G Redl,Off Crimond Scotland,Helicopters Offshore Bond,16,16,0,16
1988,Qtr 4,December,21,1988-12-21,Scotland,Boeing,Boeing B 747,Lockerbie Scotland,Airways World American Pan,259,259,11,270
1941,Qtr 3,August,14,1941-08-14,Scotland,Consolidated,Consolidated Lb 30A Liberatoram260,Ayr Scotland,Force Air Royal - Military,22,22,0,22
1961,Qtr 3,September,6,1961-09-06,Sc,Douglas,Douglas C 47A (Dc,Concordia Sc,Brazil Real Transportes Aereos,4,4,0,4
1999,Qtr 4,October,2,1999-10-02,Saudi,Bell,Bell 214St Helicoptern704H,Dhahran Saudi,Company Associated Arabiaaramco,20,12,0,12
1980,Qtr 3,August,19,1980-08-19,Saudi,Lockheed,Lockheed 1011 200 Tristarhz,Riyadh Saudi,Airlines Arabian Arabiasaudi,301,301,0,301
2004,Qtr 4,December,11,2004-12-11,Saudi,Illyushin,Ilyushin Ii 76Tder,Near Jeddah Saudi,Transport Arabiaairline,7,1,0,1
1964,Qtr 2,April,17,1964-04-17,Saudi,Sud,Sud Aviation Caravelle 3Od Aem,Dhahran Saudi,Airlines East Arabiamiddle,49,49,0,49
1967,Qtr 2,June,24,1967-06-24,Saudi,Douglas,Douglas Dc 3Hz,Khamis Mushait Saudi,Airlines Arabian Arabiasaudi,17,16,0,16
1968,Qtr 3,July,8,1968-07-08,Saudi,Convair,Convair Cv 340,Near Dhahran Saudi,Airlines Arabian Arabiasaudi,11,11,0,11
1956,Qtr 4,December,31,1956-12-31,Saudi,Lockheed,Lockheed C 121C Super Constellation54,Dhahran Saudi,Force Air U.S. - Arabiamilitary,38,12,0,12
1967,Qtr 2,June,11,1967-06-11,Saudi,Douglas,Douglas Dc 3Hz,Jedda Saudi,Airlines Arabian Arabiasaudi,18,17,0,17
1980,Qtr 3,September,15,1980-09-15,Saudi,Lockheed,Lockheed C 130E453,Near Medina Saudi,Force Air Saudi Royal - Arabiamilitary,89,89,0,89
1991,Qtr 1,January,31,1991-01-31,Saudi,Military,Military   U.S. Air Force69,Near Ras Al Khafji Saudi,Hercules Ac-130H Arabialockheed,14,14,0,14
1964,Qtr 2,June,13,1964-06-13,Saudi,Douglas,Douglas C 47Ahz,Jeddah Saudia,Saudia Arabia          Arabiajeddah Saudi Arabian Airlines,2,2,0,2
1991,Qtr 3,July,11,1991-07-11,Saudi,Mcdonnell,Mcdonnell Douglas Dc 8 Super 61C,Jeddah Saudi,Airways) Nigeria By (Chartered Arabianationair,261,261,0,261
1991,Qtr 1,March,21,1991-03-21,Saudi,Lockheed,Lockheed C 130H469,Ras-Al-Mishab Saudi,Force Air Saudi Royal - Arabiamilitary,98,98,0,98
1986,Qtr 4,December,25,1986-12-25,Saudi,Boeing,Boeing B 737,Arar Saudi,Airways Arabiairaqi,106,63,0,63
2001,Qtr 1,March,15,2001-03-15,Saudi,Tupolev,Tupolev 154Mra 85619,Medina Saudi,Airlines Arabiavnukovo,174,3,0,3
1976,Qtr 1,January,1,1976-01-01,Saudi,Boeing,Boeing B 720B,Near Al Qaysumah Saudi,Airlines East Arabiamiddle,82,82,0,82
1938,Qtr 4,November,18,1938-11-18,Saskatchewan,Lockheed,Lockheed 14 Electracf Tcl,Regina Saskatchewan,Canada Trans Canada Air Lines,2,2,0,2
1946,Qtr 3,September,15,1946-09-15,Saskatchewan,Douglas,Douglas C 47A Dakota962,Estevan Saskatchewan,Canada Military - Royal Canadian Air Force,21,21,0,21
2017,Qtr 4,December,13,2017-12-13,Saskatchewan,Atr,Atr42  320C,Near Fond-Du-Lac Saskatchewan,Aviation Wind West,25,1,0,1
2006,Qtr 2,May,14,2006-05-14,Saskatchewan,Convair,Convair Cv 580C,La Ronge Saskatchewan,Operations Air Northern Government Saskatchewan,3,1,0,1
1953,Qtr 1,January,26,1953-01-26,Sardinia,Douglas,Douglas Dc 3I,Sinnai Sardinia,Italy Linee Aeree Italiane,19,19,0,19
1955,Qtr 2,April,11,1955-04-11,Sarawak,Lockheed,Lockheed 749A Constellationvt Dep,Off Great Natuna Island Sarawak,India Air,19,19,0,19
2002,Qtr 3,September,14,2002-09-14,Sao,Atr,Atr 42 300Pt,Paranapanema Sao,Brazil          Paulo Total  Air Lines,2,2,0,2
1995,Qtr 3,August,9,1995-08-09,San,Boeing,Boeing B 737,Mt. Chichontepec San,El Salvador          Vincente Aviateca,65,65,0,65
1997,Qtr 1,January,7,1997-01-07,Samoa,De Havilland,De Havilland Canada Dhc 6 Twin Otter 3005W,Near Moamoa Samoa,Airlines Polynesian,5,3,0,3
1981,Qtr 4,November,30,1981-11-30,Saint,Douglas,Douglas Dc 6An3486F,Castries Saint,Airways Islandguyana Lucia,3,3,0,3
2009,Qtr 4,October,17,2009-10-17,Phillipines,Douglas,Douglas Dc 3Crpc550,Manila Philippines,Air Victoria,4,4,0,4
1998,Qtr 1,March,22,1998-03-22,Phillipines,Airbus,Airbus A.320 214Rp,Bacolod Philippines,Lines Air Philippine,127,0,3,3
1966,Qtr 2,June,29,1966-06-29,Phillipines,Douglas,Douglas Dc 3Pi,Sablayan Philippines,Lines Air Philippine,26,24,0,24
2000,Qtr 2,April,19,2000-04-19,Phillipines,Boeing,Boeing B 737,Samal Island Philippines,Philippines Air,131,131,0,131
2020,Qtr 1,March,29,2020-03-29,Phillipines,Iai,Iai 1124A Westwind Iirp C5880,Manila Philippines,Inc. Air Lion,8,8,0,8
2010,Qtr 2,April,21,2010-04-21,Phillipines,Antonov,Antonov An 12Bpup,Pampanga Philippines,Airlines Interisland,6,3,0,3
1946,Qtr 1,February,5,1946-02-05,Phillipines,Douglas,Douglas C 47,Negros Philippines,Forces Air Army U.S. - Military,20,20,0,20
1945,Qtr 4,November,13,1945-11-13,Phillipines,Douglas,Douglas C 48Vh,Near Tacloban Philippines,Airways National Australian,17,16,0,16
2000,Qtr 2,May,25,2000-05-25,Phillipines,Airbus,Airbus A.330 301F,Near Manila Philippines,Lines Air Philippine,298,1,0,1
2000,Qtr 3,July,2,2000-07-02,Phillipines,Gaf,Gaf Nomad N 22Cn286,Off Cagayancillo Philippines,Force Air Philippine - Military,15,14,0,14
2010,Qtr 1,January,28,2010-01-28,Phillipines,Gaf,Gaf N22B Nomad18,Cotabato City Philippines,Force Air Philippine - Military,8,8,1,9
1999,Qtr 2,June,9,1999-06-09,Phillipines,Britten,Britten  Norman Bn,Coron Philippines,Airways Pacific,1,1,0,1
1947,Qtr 4,November,2,1947-11-02,Phillipines,Douglas,Douglas Dc 3,Off Barrio Rizal Philippines,Express Air Philippine,5,5,0,5
2004,Qtr 4,October,16,2004-10-16,Phillipines,Pilatus,Pilatus Britten Norman Bn,Coron Island Philippines,Air Pacific,2,2,0,2
2002,Qtr 4,November,11,2002-11-11,Phillipines,Fokker,Fokker F27 Friendship 100Rp C6888,Manila Philippines,Airlines International Laoag,34,19,0,19
1946,Qtr 4,December,14,1946-12-14,Phillipines,Douglas,Douglas Dc 3 (C,Mt. Banahaur Philippines,Transport Air Eastern Far,14,12,0,12
2002,Qtr 1,February,22,2002-02-22,Phillipines,Mh,Mh  47 Chinook Helicopter92,Off Dumaguete Philippines,Army U.S. - Military,10,10,0,10
1999,Qtr 4,December,7,1999-12-07,Phillipines,Let,Let 410Uvprp C,Near Bayombang Philippines,Spirit Asian,17,17,0,17
1948,Qtr 1,February,23,1948-02-23,Phillipines,Douglas,Douglas Dc 3Pi,Davao Philippines,Airways Commercial,12,12,0,12
1969,Qtr 3,September,12,1969-09-12,Phillipines,Bac,Bac One Eleven 402Appi,Near Antipolo Philippines,Lines Air Philippine,47,45,0,45
1982,Qtr 1,February,9,1982-02-09,Phillipines,Douglas,Douglas Dc 3 (C,Mt. Ipao Philippines,Services Air Trans,32,3,0,3
1968,Qtr 1,March,8,1968-03-08,Phillipines,Fairchild,Fairchild F 27Pi,Off Panay Island Philippines,Manila Air,14,14,0,14
1970,Qtr 2,June,2,1970-06-02,Phillipines,Fokker,Fokker F 27 Friendship 100Pi,Roxas Philippines,Lines Air Philippine,44,1,0,1
1970,Qtr 2,May,9,1970-05-09,Phillipines,Fokker,Fokker F 27 Friendship 100Pi,Iligan Philippines,Lines Air Philippine,33,1,0,1
1970,Qtr 2,April,21,1970-04-21,Phillipines,Hawker,Hawker Siddeley Hs 748,Manila Philippines,Lines Air Philippine,36,36,0,36
1982,Qtr 3,July,11,1982-07-11,Phillipines,Hawker,Hawker Siddeley Hs 748,Jolo Philippines,Lines Air Philippine,30,4,0,4
1965,Qtr 4,December,16,1965-12-16,Phillipines,Douglas,Douglas Dc 3Api,Legaspi Philippines,Manila Air,21,2,0,2
1965,Qtr 4,October,20,1965-10-20,Phillipines,Douglas,Douglas Dc 3Pi,Near Manila Philippines,Lines Air Philippine,37,1,0,1
1967,Qtr 3,July,6,1967-07-06,Phillipines,Fokker,Fokker F 27 Friendship 100Pi,Bacolod Philippines,Lines Air Philippine,21,21,0,21
1967,Qtr 2,April,27,1967-04-27,Phillipines,Fokker,Fokker F 27 Friendship 400Pk,Malaybalay Philippines,Service Air Pelita,21,19,0,19
1967,Qtr 1,February,28,1967-02-28,Phillipines,Fokker,Fokker F 27 Friendship 100Pi,Mactan Philippines,Lines Air Philippine,20,12,0,12
1971,Qtr 2,April,15,1971-04-15,Phillipines,Douglas,Douglas C 47A293246,Near San Jose Philippines,Force Air Philippine - Military,40,39,0,39
1976,Qtr 1,January,8,1976-01-08,Phillipines,Britten,Britten  Norman Bn,Mactan Island Philippines,Aerotransport Philippine,7,7,0,7
1975,Qtr 2,June,3,1975-06-03,Phillipines,Bac,Bac One Eleven 524Ffrp,Manila Philippines,Lines Air Philippine,64,1,0,1
1975,Qtr 1,February,3,1975-02-03,Phillipines,Hawker,Hawker Siddeley Hs 748 2Rp,Manila Philippines,Lines Air Philippine,33,33,0,33
1976,Qtr 2,May,23,1976-05-23,Phillipines,Bac,Bac One Eleven 527Fkrp,Zamboanga Philipines,Lines Air Philippine,87,14,3,17
1976,Qtr 2,May,5,1976-05-05,Phillipines,Britten,Britten  Norman Bn,Camuigan Philippines,Aerotransport Philippine,10,4,0,4
1977,Qtr 4,October,21,1977-10-21,Phillipines,Sirkorsky,Sikorksky Ch 53 (Helicopter)157139,Mindoro Philippines,Corps Marine U.S. - Military,37,24,0,24
2012,Qtr 3,August,18,2012-08-18,Phillipines,Pa,Pa  34,Off Masbate Island Philippines,Inc. Fly'N Aviatour'S,4,3,0,3
1980,Qtr 1,February,27,1980-02-27,Phillipines,Boeing,Boeing B 707,Manila Philippines,(Taiwan) Airlines China,135,2,0,2
1971,Qtr 3,July,25,1971-07-25,Phillipines,Boeing,Boeing 707 321Cfn461Pa,Manila Philippines,Airways World American Pan,4,4,0,4
1978,Qtr 3,September,14,1978-09-14,Phillipines,Fokker,Fokker F 27 Friendship 200Ph,Paranaque Philippines,Force Air Philippine,28,21,12,33
1974,Qtr 4,November,15,1974-11-15,Phillipines,Douglas,Douglas C 47A,Manila Philippines,Services Integrated And System Air Orient,8,1,0,1
1974,Qtr 4,October,19,1974-10-19,Phillipines,Douglas,Douglas Dc 3Rp,Calapan Philippines,Airways Mabuhay,8,1,0,1
1984,Qtr 3,July,11,1984-07-11,Phillipines,Bell,Bell Uh 1H,Off Buenavista Philippines,Force Air Philippine - Military,30,30,0,30
1957,Qtr 1,March,17,1957-03-17,Phillipines,Douglas,Douglas C 47,Near Cebu Philippines,Force Air Philippine - Military,25,24,0,24
1990,Qtr 2,April,26,1990-04-26,Phillipines,Douglas,Douglas Dc 3 (C,Near Manila Philippines,System Transport Aero Manila - Mats,24,7,0,7
1990,Qtr 2,May,11,1990-05-11,Phillipines,Boeing,Boeing B 737,Manila Philippines,Lines Air Philippine,119,8,0,8
1989,Qtr 3,July,21,1989-07-21,Phillipines,Bac,Bac One Eleven 516Fprp,Manila Philippines,Lines Air Philippine,98,1,8,9
1958,Qtr 2,June,2,1958-06-02,Phillipines,Boeing,Boeing 377 Stratocruiser 10 26N1023V,Manila Philippines,Airways World American Pan,57,1,0,1
1957,Qtr 4,December,11,1957-12-11,Phillipines,De Havilland,De Havilland Canada Dhc 3 Otterpi,Ozamis City Philippines,Lines Air Philippine,12,2,0,2
1952,Qtr 1,March,10,1952-03-10,Phillipines,Douglas,Douglas C 47A,Cebu Philippines,Lines Air Philippine,3,3,0,3
1950,Qtr 4,December,19,1950-12-19,Phillipines,Douglas,Douglas C54E Do (Dc,Near Baguio Philippines,Force Air U.S. - Military,38,38,0,38
1998,Qtr 1,February,2,1998-02-02,Phillipines,Mcdonnell,Mcdonnell Douglas Dc 9,Cagyan De Oro Philippines,Air Pacific Cebu,104,104,0,104
1990,Qtr 2,May,18,1990-05-18,Phillipines,Beechcraft,Beechcraft 1900C 1Rp,Manila Philippines,Philippines Aerolift,21,21,4,25
1993,Qtr 4,December,15,1993-12-15,Phillipines,Lockheed,Lockheed C 130H4761,Near Naga Philippines,Force Air Philippine - Military,29,29,0,29
1952,Qtr 1,March,30,1952-03-30,Phillipines,Douglas,Douglas Dc 3Pi,Baguio Philippines,Lines Air Philippine,29,10,0,10
1960,Qtr 3,July,14,1960-07-14,Phillipines,Douglas,Douglas Dc 7Cn292,Off Manila Philippines,Airlines Orient Northwest,58,1,0,1
1964,Qtr 4,December,21,1964-12-21,Phillipines,Douglas,Douglas Dc 3Pi,Near Kaliba Philippines,Transport System Airways Fleming,39,1,0,1
1964,Qtr 2,May,11,1964-05-11,Phillipines,Boeing,Boeing C 135B62,Papanga Philippines,Force Air U.S. - Military,84,79,1,80
1964,Qtr 1,February,21,1964-02-21,Phillipines,Douglas,Douglas Dc 3Pi,Marawi Philippines,Lines Air Philippine,32,31,0,31
1984,Qtr 4,October,31,1984-10-31,Phillipines,Douglas,Douglas C 47Brp,Off Davao Philippines,Airways Village,4,4,0,4
1965,Qtr 3,July,25,1965-07-25,Phillipines,Douglas,Douglas C 47777,Near Libacao Philippines,Force Air Philippine - Military,37,37,0,37
1965,Qtr 1,March,8,1965-03-08,Phillipines,Douglas,Douglas Dc 3Pi,Libmanan Philippines,Airways) Orient (Filipinas Fairways,12,10,0,10
1987,Qtr 4,December,13,1987-12-13,Phillipines,Shorts,Shorts 360 300Ei,Near Iligan Philippines,Lines Air Philippine,15,15,0,15
1960,Qtr 4,December,22,1960-12-22,Phillipines,Douglas,Douglas Dc 3Pi,Cebu City Philippines,Lines Air Philippine,37,28,0,28
1960,Qtr 4,November,23,1960-11-23,Phillipines,Douglas,Douglas Dc 3Pi,Manila Philippines,Lines Air Philippine,33,33,0,33
1963,Qtr 1,March,2,1963-03-02,Phillipines,Douglas,Douglas Dc 3Pi,Near Davao City Philippines,Lines Air Philippine,27,27,0,27
1962,Qtr 4,October,12,1962-10-12,Phillipines,Fokker,Fokker F 27 Friendship 100Pi,Manila Philippines,Lines Air Philippine,3,3,0,3
1987,Qtr 2,June,26,1987-06-26,Phillipines,Hawker,Hawker Siddeley Hs 748,Near Baguio Philippines,Lines Air Philippine,50,50,0,50
1959,Qtr 2,June,30,1959-06-30,Ryukyu,North,North American F 100D,Ishikawa City Ryukyu,Okinawa          Island Military - U.S. Air Force,1,0,17,17
1987,Qtr 4,December,3,1987-12-03,Rwanda,Cessna,Cessna 404 Titan5Y Ejs,Near Kishwati Rwanda,Charters Air Skybird Cooper,14,14,0,14
1994,Qtr 2,April,6,1994-04-06,Rwanda,Dassault,Dassault Falcon 509Xr Nn,Kigali Rwanda,Government Rwanda,12,12,0,12
2009,Qtr 4,November,12,2009-11-12,Rwanda,Canadair,Canadair Crj 100Er5Y,Kigali Rwanda,Rwandair,15,1,0,1
1994,Qtr 3,August,5,1994-08-05,Russia,Antonov,Antonov An 12,Near Boda Russia,Force Air Russian - Military,47,47,0,47
1966,Qtr 1,January,1,1966-01-01,Russia,Illyushin,Ilyushin Il 14Pcccp,Kamchatsky Russia,Aeroflot,23,23,0,23
1965,Qtr 4,November,10,1965-11-10,Russia,Tupolev,Tupolev Tu 124Cccp,Murmansk Russia,Aeroflot,64,32,0,32
1957,Qtr 2,June,14,1957-06-14,Russia,Illyushin,Ilyushin P 14Sp,Near Moscow Russia,Airlines Polish Lot,13,9,0,9
1958,Qtr 3,August,15,1958-08-15,Russia,Tupolev,Tupolev Tu 104,Near Chita Russia,Aeroflot,64,64,0,64
1958,Qtr 3,September,2,1958-09-02,Russia,Lockheed,Lockheed C 130A,Sasnashen Russia,Force Air U.S. - Military,17,17,0,17
1962,Qtr 2,May,24,1962-05-24,Russia,Illyushin,Li  2Cccp,Bitter Russia,Aeroflot,21,20,0,20
1996,Qtr 4,December,17,1996-12-17,Russia,Antonov,Antonov An 12,Tver Russia,Force Air Russian - Military,18,18,0,18
1962,Qtr 1,January,27,1962-01-27,Russia,Antonov,Antonov An 10Acccp,Batataevka Ussraeroflot,N/A,14,13,0,13
1997,Qtr 1,March,18,1997-03-18,Russia,Antonov,Antonov An 24Rvra,Cherkessk Russia,Airlines Stavropol,50,50,0,50
1958,Qtr 3,September,7,1958-09-07,Russia,Aeroflot,Aeroflotcccp  L1692,Kazakh Russia,Aeroflot,27,27,0,27
2008,Qtr 3,September,14,2008-09-14,Russia,Boeing,Boeing B 737,Perm Russia,Aeroflot,88,88,0,88
1962,Qtr 2,June,28,1962-06-28,Russia,Antonov,Antonov An 10Acccp11186,Near Adler Russia,Aeroflot,81,81,0,81
1958,Qtr 2,June,9,1958-06-09,Russia,Illyushin,Ilyushin Il 12Cccp,Magadan Oblast Russia,Aeroflot,24,24,0,24
1962,Qtr 3,September,3,1962-09-03,Russia,Tupolev,Tupolev Tu 104Acccp,Near Khabarovsk Ussraeroflot,N/A,86,86,0,86
2015,Qtr 4,November,24,2015-11-24,Russia,Mil,Mil Mi 8Tra,Near Igarka Russia,Avia Turuhan,26,15,0,15
1962,Qtr 3,September,18,1962-09-18,Russia,Aeroflot,Aeroflotcccp  61628,Yakut Russia,Aeroflot,32,32,0,32
1996,Qtr 4,November,14,1996-11-14,Russia,Antonov,Antonov An 2Ra,Bolchaïa Pyssa Russia,Avia Komi,15,14,0,14
1962,Qtr 2,June,30,1962-06-30,Russia,Tupolev,Tupolev Tu 104Acccp,Near Krasnoyarsk Ussraeroflot,N/A,84,84,0,84
1996,Qtr 4,October,26,1996-10-26,Russia,Yakovlev,Yakovlev Yak 40Ra,Khanty Russia,Aviatrans Tyumen,34,5,0,5
1962,Qtr 3,July,28,1962-07-28,Russia,Antonov,Antonov An 10Acccp,Sochi Russia,Aeroflot,81,81,0,81
1958,Qtr 3,September,19,1958-09-19,Russia,Illyushin,Ilyushin Il 12Cccp,Near Lazo Russia,Aeroflot,28,28,0,28
1960,Qtr 3,July,20,1960-07-20,Russia,Illyushin,Ilushin Il 14Cccp,Near Syktyvkar Russia,Aeroflot,23,23,0,23
1959,Qtr 4,October,23,1959-10-23,Russia,Illyushin,Ilyushin Il 14Pcccp,Near Moscow Russia,Aeroflot,28,28,0,28
1960,Qtr 3,September,26,1960-09-26,Russia,Vickers,Vickers Viscount 837Oe Laf,Moscow Russia,Airlines Austrian,37,31,0,31
1960,Qtr 3,September,2,1960-09-02,Russia,Illyushin,Ilyushin Il 14Pcccp,Near Zikhnovo Russia,Aeroflot,18,18,0,18
1998,Qtr 4,November,11,1998-11-11,Russia,Antonov,Antonov An 12Ra,Near Krasnoyarsk Russia,Airlines Sakha,13,13,0,13
1945,Qtr 4,December,25,1945-12-25,Russia,Douglas,Douglas Dc 3,Near Dudinka Russia,Aviatsiya Polyarnya,10,10,0,10
1936,Qtr 4,December,6,1936-12-06,Russia,Antonov,Antonov An 9Cccp,Near Moscow Russia,Deruluft,14,9,0,9
1946,Qtr 1,January,14,1946-01-14,Russia,Sunov,Lisunov Li 2Sssr,Near Netrubezh Russia,Aeroflot,22,22,0,22
1960,Qtr 4,October,21,1960-10-21,Russia,Tupolev,Tupolev Tu 104Acccp,Ust-Orda Russia,Aeroflot,3,3,0,3
1958,Qtr 4,October,17,1958-10-17,Russia,Tupolev,Tupolev Tu 104Acccp,Near Kanash Russia,Aeroflot,80,80,0,80
1961,Qtr 3,July,8,1961-07-08,Russia,Illyushin,Ilyushin Il 14Pcccp,Sverdlovsk Russia,Aeroflot,26,9,0,9
1961,Qtr 4,December,31,1961-12-31,Russia,Illyushin,Ilyushin Il 18Bcccp,Near Mineral Waters Russia,Aeroflot,119,32,0,32
1961,Qtr 4,December,17,1961-12-17,Russia,Illyushin,Ilyushin Il 18Bcccp,Near Chebotovka Russia,Aeroflot,59,59,0,59
1960,Qtr 4,December,4,1960-12-04,Russia,Illyushin,Ilyushin 14M	 Cccp 52091,Chernovo Russia,Aeroflot,14,14,0,14
1959,Qtr 1,January,18,1959-01-18,Russia,Illyushin,Ilyushin Il 14Pcccp,Stalingrad Russia,Aeroflot,25,25,0,25
1960,Qtr 4,December,26,1960-12-26,Russia,Illyushin,Ilyushin Il 18Acccp,Near Ulyanovsk Russia,Aeroflot,17,17,0,17
1997,Qtr 4,December,5,1997-12-05,Russia,Antonov,Antonov An 124,Irkutsk-2 Russia,Force Air Russian - Military,23,23,44,67
1962,Qtr 4,October,25,1962-10-25,Russia,Tupolev,Tupolev Tu 104Bcccp,Near Moscow Russia,Aeroflot,11,11,0,11
1999,Qtr 4,December,5,1999-12-05,Russia,Illyushin,Ilyushin 114Tuk 91004,Moscow Russia,Corporation Production Aircraft Tashkent,7,5,0,5
1995,Qtr 1,January,20,1995-01-20,Russia,Let,Let 410Uvpra 67120,Near Krasnoyarsk Russia,Airlines Abakan,19,3,0,3
1965,Qtr 1,January,2,1965-01-02,Russia,Sunov,Lisunov Li 2Cccp,Near Darwaza Russia,Aeroflot,24,24,0,24
1947,Qtr 1,March,5,1947-03-05,Russia,Douglas,Doublas C 47Cccp,Near Georgia Ussraeroflot,N/A,23,23,0,23
1964,Qtr 3,September,2,1964-09-02,Russia,Illyushin,Ilyushin Il 18Bcccp,Island Of Sakhalin Russia,Aeroflot,87,87,0,87
1942,Qtr 4,December,12,1942-12-12,Russia,Tupolev,Tupolev A.N.T. 20Bissssr L,Near Tashkent Russia,Aeroflot,36,36,0,36
1995,Qtr 1,March,16,1995-03-16,Russia,Antonov,Antonov 26Bra 26084,Ossora Russia,Aeroflot,10,9,0,9
1957,Qtr 4,October,1,1957-10-01,Russia,Illyushin,Ilyushin Il 12 Cccp,Akshi Russia,Aeroflot,27,27,0,27
2007,Qtr 3,July,29,2007-07-29,Russia,Antonov,Antonov An 12Bpra,Moscow Russia,Atran,9,9,0,9
1994,Qtr 3,September,30,1994-09-30,Russia,Antonov,Antonov An 8Ra,Chaibukha Russia,Association Production Aviation Arsenyev,20,8,0,8
1965,Qtr 1,March,20,1965-03-20,Russia,Antonov,Antonov An 24Cccp,Khanty Russia,Aeroflot,47,43,0,43
1947,Qtr 2,May,16,1947-05-16,Russia,Douglas,Douglas Dc 47Cccp,Near Khabarovsk Russia,Aeroflot,22,22,0,22
1994,Qtr 3,September,26,1994-09-26,Russia,Yakovlev,Yakovlev Yak 40Ra,Near Vanavera Russia,Airlines Cheremshanka,28,28,0,28
1965,Qtr 1,March,8,1965-03-08,Russia,Tupolev,Tupolev Tu 124Vcccp,Kuibyshev  Russia,Aeroflot,30,30,0,30
1965,Qtr 1,March,2,1965-03-02,Russia,Illyushin,Li  2Cccp,Near Aradan Russia,Aeroflot,31,31,0,31
1994,Qtr 4,October,29,1994-10-29,Russia,Antonov,Antonov An 2Ra,Batagaj Russia,Yakutavia,19,7,0,7
1994,Qtr 4,October,29,1994-10-29,Russia,Antonov,Antonov An 12Ara,Near Ust'-Ilimsk Russia,Aeronica,23,23,0,23
1942,Qtr 4,November,17,1942-11-17,Russia,Grazhdansky,Grazhdansky Vozdushnyi Flot Ps 84Cccp,Near Kranoyarsk Russia,Trassy Vozhjushnye Kranoyarskie,20,20,0,20
1963,Qtr 2,April,4,1963-04-04,Russia,Illyushin,Ilyushin Il 18	 Cccp,Tatarstan Russia,Aeroflot,67,67,0,67
1996,Qtr 2,April,5,1996-04-05,Russia,Illyushin,Ilyushin Il 76Tdra,Near Petropavlovsk Russia,Avialinii Krasnoyarskie,20,20,0,20
1963,Qtr 3,August,21,1963-08-21,Russia,Tupolev,Tupolev Tu 124Cccp,Near Leningrad  Russia,Aeroflot,52,0,0,0
1963,Qtr 3,July,13,1963-07-13,Russia,Tupolev,Tupolev Tu 104Bcccp42492,Near Irkutsk Russia,Aeroflot,32,32,0,32
1963,Qtr 1,January,14,1963-01-14,Russia,Sunov,Lisunov Li 2Cccp,Tazovskoye Russia,Aeroflot,25,12,0,12
1946,Qtr 4,November,5,1946-11-05,Russia,Douglas,Douglas C 47Sssr,Near Moscow Russia,Aeroflot,26,13,0,13
2010,Qtr 3,August,3,2010-08-03,Russia,Antonov,Antonov An 24 Vra,Igarka Russia,Airline Katekavia,15,12,0,12
2008,Qtr 2,May,26,2008-05-26,Russia,Antonov,Antonov An 12Ra,Near Chelyabinsk Russia,Airlines Moskovia,9,9,0,9
1963,Qtr 3,August,24,1963-08-24,Russia,Illyushin,Ilyushin Il 14Pcccp,Near Kutaisa Russia,Aeroflot,32,32,0,32
1995,Qtr 3,September,24,1995-09-24,Russia,Mil,Mil Mi 8Tra,Sterligov Cape Russia,Company Flight Norilsk,15,15,0,15
1957,Qtr 4,November,4,1957-11-04,Russia,Illyushin,Ilushin Il 14Yr,Moscow Russia,Tarom,16,4,0,4
1995,Qtr 2,June,16,1995-06-16,Russia,Antonov,Antonov 2Rcccp 68142,Volgograd Russia,Air Volga,12,12,0,12
1995,Qtr 2,June,16,1995-06-16,Russia,Antonov,Antonov An 2Ra,Herputchi Russia,Aeroflot,14,13,0,13
1957,Qtr 4,December,18,1957-12-18,Russia,Illyushin,Ilyushin Il 12Cccp,Near Birobidzhan Russia,Aeroflot,27,27,0,27
1995,Qtr 4,December,7,1995-12-07,Russia,Tupolev,Tupolev Tu 154Bra,Near Grossevichi Russia,Aviation East Far,98,98,0,98
1942,Qtr 4,October,22,1942-10-22,Russia,Gvf,Gvf Ps 84Cccp,Yanaul Russia,Aeroflot,12,10,0,10
1963,Qtr 4,October,20,1963-10-20,Russia,Illyushin,Ilyushin Il 14Cccp,Hayes Island Russia,Aeroflot,7,7,0,7
1949,Qtr 2,May,13,1949-05-13,Russia,Illyushin,Ilyushin Il 12L1791,Near  Novosibirsk Russia,Aeroflot,25,25,0,25
1973,Qtr 1,February,24,1973-02-24,Russia,Illyushin,Ilyushin Il 18Cccp,Near Leningrad Russia,Aeroflot,79,79,0,79
1984,Qtr 4,December,4,1984-12-04,Russia,Let,Let 410 Mcccp 67225,Near Kostroma Ussraeroflot,N/A,17,17,0,17
1973,Qtr 2,May,11,1973-05-11,Russia,Illyushin,Ilyushin Il 18Bssr,Near Semipalatinsk Ussraeroflot,N/A,61,61,0,61
1973,Qtr 1,March,3,1973-03-03,Russia,Illyushin,Ilyushin Il 18Vlz,Moscow Ussrbalkan,Airlines Bulgarian,25,25,0,25
1988,Qtr 4,October,4,1988-10-04,Russia,Antonov,Antonov 12Bpcccp 11418,Near Batagay Russia,Aeroflot,6,6,0,6
1973,Qtr 1,January,21,1973-01-21,Russia,Antonov,Antonov An 24Bcccp,Perm Russia,Aeroflot,39,39,0,39
1949,Qtr 2,April,29,1949-04-29,Russia,Sunov,Lisunov Li 2Sssr,Near Mironovo Russia,Aeroflot,24,14,0,14
1978,Qtr 4,October,7,1978-10-07,Russia,Yakovlev,Yakovlev Yak 40Cccp,Sverdlovsk Russia,Aeroflot,38,38,0,38
1972,Qtr 4,November,28,1972-11-28,Russia,Mcdonnell,Mcdonnell Douglas Dc 8,Near Moscow Russia,Lines Air Japan,76,62,0,62
1984,Qtr 4,October,11,1984-10-11,Russia,Tupolev,Tupolev Tu 154Bcccp,Near Omsk Russia,Aeroflot,179,174,4,178
1950,Qtr 3,July,30,1950-07-30,Russia,Illyushin,Ilyushin Il 12L,Karaganda Russia,Aeroflot,25,25,0,25
1988,Qtr 4,December,7,1988-12-07,Russia,Let,Let 410Uvpcccp 67127,Kodinsk Russia,Aeroflot,14,6,0,6
1949,Qtr 3,July,21,1949-07-21,Russia,Illyushin,Ilyushin Il 12L1714,Marga Russia,Aeroflot,14,13,0,13
2004,Qtr 3,August,24,2004-08-24,Russia,Tupolev,Tupolev 154B 2Ra,Near Rostov-On-Don Russia,Airlines Sibir,46,46,0,46
2004,Qtr 3,August,24,2004-08-24,Russia,Tupolev,Tupolev 134A 3Ra,Near Toula Russia,Express Volga-Avia,41,41,0,41
1988,Qtr 2,April,19,1988-04-19,Russia,Let,Let 410Uvp Turoletcccp67518,Bagdarin Ussraeroflot,N/A,17,17,0,17
2003,Qtr 1,March,1,2003-03-01,Russia,Let,Let L 410Uvpflarf,Near Barki Russia,Skydiving - Kabanov - Private,25,11,0,11
1973,Qtr 3,September,30,1973-09-30,Russia,Tupolev,Tupolev Tu 104Bcccp,Near Sverdlovsk Russia,Aeroflot,108,108,0,108
1978,Qtr 2,April,20,1978-04-20,Russia,Boeing,Boeing B 707,Near Murmansk Russia,Airlines Korean,109,2,0,2
1988,Qtr 3,August,26,1988-08-26,Russia,Let,Let 410Mucccp 67235,Irkutsk Russia,Aeroflot,4,4,0,4
2019,Qtr 2,May,5,2019-05-05,Russia,Sukhoi,Sukhoi Superjet 100,Moscow Russia,Airlines International Russian Aeroflot,78,41,0,41
1978,Qtr 2,May,19,1978-05-19,Russia,Tupolev,Tupolev Tu 154Bcccp,Pochinok Russia,Aeroflot,134,4,0,4
1973,Qtr 3,July,9,1973-07-09,Russia,Tupolev,Tupolev Tu 124Vcccp,Nnear Kuybyshev Russia,Aeroflot,61,2,0,2
1973,Qtr 3,July,4,1973-07-04,Russia,Illyushin,Ilyushin Il 14Cccp,Near Shakhtyorsk Russia,Aeroflot,18,18,0,18
1984,Qtr 4,December,23,1984-12-23,Russia,Tupolev,Tupolev Tu 154B,Near Kranoyarsk Russia,Aeroflot,111,110,0,110
1954,Qtr 4,October,28,1954-10-28,Russia,Illyushin,Ilyushin Il  12 Cccp,Krasnoyarsk Territory Russia,Aeroflot,16,16,0,16
1971,Qtr 4,December,1,1971-12-01,Russia,Antonov,Antonov An 24Cccp,Saratov Russia,Aeroflot,57,57,0,57
1971,Qtr 4,November,12,1971-11-12,Russia,Antonov,Antonov An 24Cccp,Vinnitsa Russia,Aeroflot,48,48,0,48
1984,Qtr 1,January,28,1984-01-28,Russia,Antonov,Antonov An 24Rvcccp,Izhevsk Russia,Aeroflot,51,4,0,4
1972,Qtr 2,May,4,1972-05-04,Russia,Yakovlev,Yakovlev Yak 40Cccp,Bratsk Ussraeroflot,N/A,18,18,0,18
1954,Qtr 3,September,27,1954-09-27,Russia,Illyushin,Ilyushin Il 12Cccp,Novosibirsk Russia,Aeroflot,29,29,0,29
1952,Qtr 1,March,26,1952-03-26,Russia,N/A,N/A,Moscow Russia,Aeroflot,70,70,0,70
1971,Qtr 4,October,10,1971-10-10,Russia,Tupolev,Tupolev Tu 104Bcccp,Moscow Russia,Aeroflot,25,25,0,25
2005,Qtr 1,March,16,2005-03-16,Russia,Antonov,Antonov 24Ra 46489,Varandey Russia,Airlines Regional,52,28,0,28
1971,Qtr 3,September,16,1971-09-16,Russia,Douglas,Douglas Dc 34W,Presevo Russia,Airlines Yemen,5,5,0,5
1989,Qtr 4,October,18,1989-10-18,Russia,Illyushin,Ilyushin Il 76Mdcccp,Nasosny Russia,Force Air Russian - Military,57,57,0,57
1979,Qtr 1,March,17,1979-03-17,Russia,Tupolev,Tupolev Tu 104Bcccp,Near Moscow Russia,Aeroflot,119,58,0,58
1989,Qtr 4,October,20,1989-10-20,Russia,Illyushin,Ilyushin Il 76Tdcccp,Leninakan Russia,Aeroflot,15,15,0,15
1972,Qtr 4,October,1,1972-10-01,Russia,Illyushin,Ilyushin Il 18Bcccp,Near Adler Ussraeroflot,N/A,108,108,0,108
1972,Qtr 3,August,31,1972-08-31,Russia,Illyushin,Ilyushin Il 18Cccp,Near Magnitogorsk Russia,Aeroflot,102,102,0,102
2009,Qtr 4,November,1,2009-11-01,Russia,Illyushin,Ilyushin Il 76Rf,Mirny Russia,Interior Of Ministry Russian,11,11,0,11
1978,Qtr 4,October,23,1978-10-23,Russia,Antonov,Antonov An 24Bcccp,Gulf Of Sivash Ussraeroflot,N/A,26,26,0,26
2011,Qtr 3,September,7,2011-09-07,Russia,Yakovlev,Yakovlev 42Dra 42434,Yaroslavl Russia,Service Yak,45,44,0,44
1972,Qtr 4,October,13,1972-10-13,Russia,Illyushin,Ilyushin Il 62Cccp,Near Moscow Ussraeroflot,N/A,174,174,0,174
1954,Qtr 3,August,26,1954-08-26,Russia,Sunov,Lisunov Li 2Cccp,Sakhalin Oblast Russia,Aeroflot,27,26,1,27
2021,Qtr 3,September,12,2021-09-12,Russia,Let,Let L 410Uvp,Kazachinskoye  Russia,Aeroservice/Si,16,4,0,4
1938,Qtr 1,February,5,1938-02-05,Russia,V,V6 (Airship)Cccp V6,Kandalaksha Russia,Ts,19,13,0,13
1972,Qtr 2,May,16,1972-05-16,Russia,Antonov,Antonov An 2605,Svetlogorsk Russia,Navy Russian - Military,9,9,25,34
2012,Qtr 3,September,12,2012-09-12,Russia,Antonov,Antonov An 28Ra,Near Palana Russia,Enteprise Air Petropavlovsk-Kamchatsky,14,10,0,10
1979,Qtr 1,January,15,1979-01-15,Russia,Antonov,Antonov An 24Ncccp46807,Minsk Russia,Aeroflot,13,13,0,13
1989,Qtr 3,July,19,1989-07-19,Russia,Antonov,Antonov An 26Cccp,Talourow Island Ussraeroflot,N/A,10,10,0,10
1973,Qtr 4,October,2,1973-10-02,Russia,Antonov,Antonov An 12Vcccp,Magadan Russia,Aeroflot,10,10,0,10
2001,Qtr 3,July,14,2001-07-14,Russia,Illyushin,Ilyushin Il 76Ra,Near Moscow Russia,Company Transport Air Russ,10,10,0,10
2021,Qtr 3,July,6,2021-07-06,Russia,Antonov,Antonov An 26B 100	Ra,Palana Russia,Enterprise Aviation Kamchatka,28,28,0,28
1976,Qtr 4,November,28,1976-11-28,Russia,Tupolev,Tupolev Tu 104Bcccp,Moscow Russia,Aeroflot,73,73,0,73
2001,Qtr 4,October,4,2001-10-04,Russia,Tupolev,Tupolev Tu 154Mra,110 Miles Sw Of Sochi Russia,Airlines Sibir,78,78,0,78
1976,Qtr 3,September,9,1976-09-09,Russia,Antonov,Antonov An 24 / Yakovlev Yak,Off Adler Russia,Aeroflot / Aeroflot,64,64,0,64
1950,Qtr 1,January,5,1950-01-05,Russia,Sunov,Lisunov Li 2,Sverdlovsk Russia,Force Air Soviet - Military,19,19,0,19
2012,Qtr 2,April,2,2012-04-02,Russia,Atr,Atr 72 201Vp,Tyumen Russia,Utair,43,33,0,33
2001,Qtr 3,July,4,2001-07-04,Russia,Tupolev,Tupolev Tu 154Mra,Near Irkutsk Russia,Vladivostokavia,145,145,0,145
1976,Qtr 4,December,17,1976-12-17,Russia,Antonov,Antonov An 24Rvcccp,Kiev Ussraeroflot,N/A,55,48,0,48
1987,Qtr 2,June,19,1987-06-19,Russia,Yakovlev,Yakovlev Yak 40Cccp,Berdiansk Ussraeroflot,N/A,29,8,0,8
1985,Qtr 4,October,11,1985-10-11,Russia,Yakovlev,Yakovlev Yak 40Cccp,Near Kutayissi Ussraeroflot,N/A,14,14,0,14
1975,Qtr 1,March,18,1975-03-18,Russia,Antonov,Antonov An 2Cccp,Near Terney Russia,Aeroflot,12,7,0,7
1976,Qtr 4,December,17,1976-12-17,Russia,Yakovlev,Yakovlev 40Cccp 88208,Ust-Kut Russia,Aeroflot,7,7,0,7
1986,Qtr 1,March,25,1986-03-25,Russia,Antonov,Antonov An 12Apcccp,Omsk Soviet,Mashinostroyeniya Obshchestvo Unionministerstvo,9,9,0,9
1986,Qtr 3,July,2,1986-07-02,Russia,Tupolev,Tupolev Tu 134Acccp,Near Syktyvar Russia,Aeroflot,92,54,0,54
1953,Qtr 2,May,27,1953-05-27,Russia,Illyushin,Li  2 / Li,Goose Wade Russia,Aeroflot,20,20,0,20
1976,Qtr 1,March,6,1976-03-06,Russia,Illyushin,Ilyushin Il 18Ecccp,Near Voronezh Russia,Aeroflot,111,111,7,118
1976,Qtr 1,February,9,1976-02-09,Russia,Tupolev,Tupolev Tu 104Acccp,Irkutsk Russia,Aeroflot,124,24,0,24
1976,Qtr 1,January,3,1976-01-03,Russia,Tupolev,Tupolev Tu 124Cccp,Moscow Russia,Aeroflot,61,61,1,62
1975,Qtr 4,October,22,1975-10-22,Russia,Yakovlev,Yakovlev Yak 40Cccp,Novgorod Russia,Aeroflot,6,6,5,11
1986,Qtr 4,October,20,1986-10-20,Russia,Tupolev,Tupolev Tu 134Acccp,Kuybyshev Russia,Aeroflot,93,70,0,70
1986,Qtr 1,March,2,1986-03-02,Russia,Antonov,Antonov An 24Bcccp,Near Bugulma Russia,Aeroflot,38,38,0,38
1975,Qtr 3,August,9,1975-08-09,Russia,Illyushin,Ilyushin Il 14M	 Cccp,Bagdarin Russia,Aeroflot,11,11,0,11
2003,Qtr 3,August,20,2003-08-20,Russia,Mi,Mi  8 Helicopter,Kamchatka Peninsula Russia,Khalatyrka,20,20,0,20
1986,Qtr 4,October,14,1986-10-14,Russia,Let,Let 410Mt Turbojetcccp 67264,Ust-Maya Ussraeroflot,N/A,14,14,0,14
1975,Qtr 3,August,15,1975-08-15,Russia,Yakovlev,Yakovlev Yak 40Cccp,Krasnovodsk Ussraeroflot,N/A,38,23,0,23
1974,Qtr 2,April,27,1974-04-27,Russia,Illyushin,Ilyushin Il 18Bcccp,Near Leningrad Ussraeroflot,N/A,109,109,0,109
2001,Qtr 4,December,1,2001-12-01,Russia,Illyushin,Ilyushin Il  76Tdra,Near Novaya Inya  Russia,Cargo         Russian - Military,18,18,0,18
1988,Qtr 1,January,18,1988-01-18,Russia,Tupolev,Tupolev Tu 154B 2Cccp,Krosnovodsk Ussraeroflot,N/A,143,11,0,11
2016,Qtr 4,December,25,2016-12-25,Russia,Tupolev,Tupolev 154B 2Ra,Near Adar Russia,Force Air Russian,92,92,0,92
1977,Qtr 3,July,20,1977-07-20,Russia,Illyushin,Ilyushin Il 14Mcccp,Vitim Russia,Aeroflot,40,40,0,40
2012,Qtr 2,June,11,2012-06-11,Russia,Antonov,Antonov An 2Rra,Near Serov Russia,Flight Illegal,13,13,0,13
1988,Qtr 1,January,24,1988-01-24,Russia,Yakovlev,Yakovlev Yak 40Cccp,Near Nizhnevartovsk Russia,Aeroflot,31,27,0,27
1952,Qtr 4,October,5,1952-10-05,Russia,Illyushin,Ilyushin Il 12L1328,Skvoritsy Russia,Aeroflot,21,21,0,21
1973,Qtr 4,December,7,1973-12-07,Russia,Tupolev,Tupolev Tu 104Bcccp,Moscow Ussraeroflot,N/A,75,13,0,13
1973,Qtr 4,October,13,1973-10-13,Russia,Tupolev,Tupolev Tu 104Bcccp,Near  Domodedovo Russia,Aeroflot,122,122,0,122
1977,Qtr 4,December,9,1977-12-09,Russia,Antonov,Antonov An 24Cccp,Tarko-Saley Ussraeroflot,N/A,23,17,0,17
1988,Qtr 1,February,27,1988-02-27,Russia,Tupolev,Tupolev Tu 134Acccp,Surgut Russia,Aeroflot,51,20,0,20
1973,Qtr 4,December,16,1973-12-16,Russia,Tupolev,Tupolev Tu 124Cccp,Near Karacharovo Ussraeroflot,N/A,51,51,0,51
1974,Qtr 4,December,4,1974-12-04,Russia,Antonov,Antonov An 2 / Antonov An,Irkutsk Russia,Aeroflot,18,13,0,13
1976,Qtr 4,December,18,1976-12-18,Russia,Illyushin,Ilyushin Il 14Mcccp,Nnear Yuzhno-Sakhalinsk Russia,Aeroflot,8,8,0,8
1929,Qtr 3,August,24,1929-08-24,Russia,Kalinin,Kalinin K 4Cccp,Sochi Russia,Ukvozduchput,1,1,0,1
2001,Qtr 2,May,22,2001-05-22,Russia,Antonov,Antonov 12Mgara 12135,Near Myakotino Russia,Force Air Russian - Military,7,7,0,7
2011,Qtr 1,January,1,2011-01-01,Russia,Tupolev,Tupolev Tu 154B,Surgut Russia,Kogalmavia,124,3,0,3
1953,Qtr 4,October,27,1953-10-27,Russia,Illyushin,Ilyushin Il 12L1765,Near Magadan Russia,Aeroflot,32,22,0,22
1977,Qtr 1,February,15,1977-02-15,Russia,Illyushin,Ilyushin Il 18Vcccp,Mineralnye Vody Russia,Aeroflot,98,77,0,77
2001,Qtr 4,November,19,2001-11-19,Russia,Illyushin,Ilyushin 18Vra 75840,Kalyazin Russia,Aero Irs - Charter,27,27,0,27
1974,Qtr 4,November,1,1974-11-01,Russia,Antonov,Antonov An 2 / Mil Mi,Near Surgut Russia,Aeroflot,38,38,0,38
1987,Qtr 4,October,19,1987-10-19,Russia,Antonov,Antonov An 12Bcccp,Komsomolsk-On-Amur Russia,Map,9,9,0,9
1977,Qtr 1,March,30,1977-03-30,Russia,Yakovlev,Yakovlev Yak 40Cccp,Near Zhadanof Russia,Aeroflot,27,8,0,8
2018,Qtr 1,February,11,2018-02-11,Russia,Antonov,Antonov An 148,Argunovo Russia,Airlines Saratov,71,71,0,71
1953,Qtr 4,October,31,1953-10-31,Russia,Illyushin,Li  2L4732,Kharkov. Ukraine Russia,Aeroflot,16,15,0,15
1989,Qtr 4,November,21,1989-11-21,Russia,Antonov,Antonov An 24Cccp,Near Tyumem Russia,Aeroflot,42,34,0,34
1968,Qtr 1,February,29,1968-02-29,Russia,Illyushin,Ilyushin Il 18Dcccp,Near Bratsk Russia,Aeroflot,84,83,0,83
1992,Qtr 3,September,12,1992-09-12,Russia,Mil,Mil Mi 8 (Helicopter)Ra,Kozyrevsk Russia,Airlines Kamchatka,16,9,0,9
2006,Qtr 3,September,11,2006-09-11,Russia,Mi,Mi  8 Helicopter,Vladikavkaz Russia,Army Russian - Military,15,12,0,12
1968,Qtr 1,March,27,1968-03-27,Russia,Mig,Mig  15 Uti,Near Moscow Russia,Force Air Russian - Military,2,2,0,2
1992,Qtr 3,August,27,1992-08-27,Russia,Tupolev,Tupolev Tu 134Acccp,Near Ivanovo Russia,Aeroflot,84,84,0,84
1982,Qtr 3,July,6,1982-07-06,Russia,Illyushin,Ilyushin Il 62Mcccp,Near Moscow Russia,Aeroflot,90,90,0,90
1992,Qtr 3,September,21,1992-09-21,Russia,Mil,Mil Mi 8 (Helicopter)Ra,Near Kular Russia,Yakutavia,10,10,0,10
1992,Qtr 4,October,29,1992-10-29,Russia,Antonov,Antonov An 8Cccp,Chita Russia,Aeroflot,14,13,0,13
1992,Qtr 4,November,11,1992-11-11,Russia,Antonov,Antonov An 22Acccp,Near Tver Russia,Force Air Russian - Military,33,33,0,33
1947,Qtr 4,December,18,1947-12-18,Russia,Illyushin,Ilyushin Il 12Cccp,Krasnoyarsk Russia,Aeroflot,25,9,0,9
1968,Qtr 1,January,6,1968-01-06,Russia,Antonov,Antonov An 24Bcccp,Near Olekminsk Russia,Aeroflot,46,45,0,45
1982,Qtr 2,June,28,1982-06-28,Russia,Yakovlev,Yakovlev Yak 42Cccp,Southern Belarus Ussraeroflot,N/A,132,132,0,132
1992,Qtr 4,October,19,1992-10-19,Russia,Antonov,Antonov An 28Cccp,Near Usti Nem Russia,Avia Syktyvkar,16,15,0,15
1951,Qtr 4,December,27,1951-12-27,Russia,Sunov,Lisunov Li 2L4228,Near Namtso Russia,Aeroflot,20,20,0,20
2011,Qtr 3,August,9,2011-08-09,Russia,Antonov,Antonov 12Ra 11125,Near Omsukchan Russia,Amur Avis,11,11,0,11
2006,Qtr 2,May,3,2006-05-03,Russia,Airbus,Airbus A320 211Ek,Off Adler Russia,Armavia,113,113,0,113
2016,Qtr 1,March,19,2016-03-19,Russia,Boeing,Boeing 737 8Kn (Wl)A6,Rostov-On-Don Russia,Flydubai,62,62,0,62
1991,Qtr 4,November,26,1991-11-26,Russia,Antonov,Antonov An 24Cccp,Near Bugulma Russia,Airlines Tartarstan,41,41,0,41
1982,Qtr 4,December,23,1982-12-23,Russia,Antonov,Antonov An 26Cccp,Rostov-On-Don Russia,Aeroflot,16,16,0,16
1955,Qtr 4,December,9,1955-12-09,Russia,Illyushin,Li  2Cccp,Khabarovsk Territory Russia,Aeroflot,21,21,0,21
2010,Qtr 2,April,10,2010-04-10,Russia,Mi,Mi  8,Near Yelizovo Russia,Airlines Kamchatka,18,10,0,10
2011,Qtr 2,June,20,2011-06-20,Russia,Tupolev,Tupolev Tu 134Ra,Petrozavodsk Russia,Airlines Rus,52,47,0,47
2006,Qtr 3,July,9,2006-07-09,Russia,Airbus,Airbus A 310,Irkutsk Russia,(S7) Sibir,203,125,0,125
1951,Qtr 1,March,25,1951-03-25,Russia,Sunov,Lisunov Li 2Cccp,Irkutsk Russia,Aeroflot,13,12,0,12
1992,Qtr 2,April,4,1992-04-04,Russia,Let,Let 410Uvpcccp 67130,Near Baikov Russia,Kamchatavia,12,1,0,1
1992,Qtr 2,June,22,1992-06-22,Russia,Antonov,Antonov An 12Cccp,Norlisk Russia,Airlines Krasnoyarsk,12,10,0,10
1981,Qtr 3,September,18,1981-09-18,Russia,Yakovlev,Yakovlev Yak 40 / Mil Mi,Zeleznogorsk Russian,Russian - /Military Aeroflot,40,40,0,40
1994,Qtr 1,February,24,1994-02-24,Russia,Antonov,Antonov An 12Vra,Nalchik Russia,Transport Air Western North,13,13,0,13
2002,Qtr 3,July,28,2002-07-28,Russia,Illyushin,Iluyshin Il 86Ra,Moscow Russia,Enterprise Aviation Pulkovo,16,14,0,14
1981,Qtr 2,June,14,1981-06-14,Russia,Illyushin,Ilyushin Il 14Cccp,Ust-Barguzin Russia,Aeroflot,48,48,0,48
1981,Qtr 3,August,24,1981-08-24,Russia,Antonov,Antonov An 24Rv / Soviet Air Force Tu,Near Zavitinsk Russia,Force Air Russian - Military / Aeroflot,32,31,0,31
1981,Qtr 3,August,29,1981-08-29,Russia,Yakovlev,Yakovlev Yak 40Cccp,Zeya Russia,Aeroflot,34,3,0,3
1981,Qtr 4,November,16,1981-11-16,Russia,Tupolev,Tupolev Tu 154B,Norilsk Russia,Aeroflot,167,99,0,99
2007,Qtr 1,March,17,2007-03-17,Russia,Tupolev,Tuolev 134Akra 65021,Samara Russia,Airlines Utair,57,6,0,6
1982,Qtr 1,January,7,1982-01-07,Russia,Let,Let  410M Turbojetcccp 67290,Near Gelendzhik Ussraeroflot,N/A,18,18,0,18
2010,Qtr 4,December,4,2010-12-04,Russia,Tupolev,Tupolev Tu 154Mra,Moscow Russia,Airlines Dagestan,169,2,0,2
1966,Qtr 1,February,16,1966-02-16,Russia,Tupolev,Tupolev Tu 114Cccp,Moscow Russia,Aeroflot,66,21,0,21
1966,Qtr 1,February,16,1966-02-16,Russia,Illyushin,Ilyushin Ii 14Cccp,Pechora Russia,Aeroflot,26,26,0,26
1994,Qtr 1,March,23,1994-03-23,Russia,Airbus,Airbus A310 304F,Near Mezhdurechensk Russia,Airways International Russian Aeroflot,75,75,0,75
1981,Qtr 1,February,7,1981-02-07,Russia,Tupolev,Tupolev Tu 104Acccp,Near Leningrad Russia,Navy Soviet - Military,52,52,0,52
2002,Qtr 3,August,29,2002-08-29,Russia,Antonov,Antonov An 28Ra,Near Ayan Russia,Aviakompania Vostok,16,16,0,16
1951,Qtr 4,November,17,1951-11-17,Russia,Illyushin,Ilyushin Il 12Cccp,Near  Novosibirsk Russia,Aeroflot,23,23,0,23
1967,Qtr 4,November,16,1967-11-16,Russia,Illyushin,Ilyushin Il 18Bcccp,Near Sverdlovsk Russia,Aeroflot,107,107,0,107
2006,Qtr 4,October,19,2006-10-19,Russia,Antonov,Antonov An 2Uk,Tashkent Russia,Airways Force/Uzbekistan Air Russian - Military,15,15,0,15
2013,Qtr 4,November,17,2013-11-17,Russia,Boeing,Boeing 737 53Avq,Near Kazan Russia,Airlilnes Tararstan,50,50,0,50
1967,Qtr 1,March,12,1967-03-12,Russia,Illyushin,Ilyushin Il 14Pcccp,Near Yakutsk Russia,Aeroflot,19,15,0,15
1981,Qtr 2,April,28,1981-04-28,Russia,Antonov,Antonov An 2Tp	 Cccp,Batagay Russia,Aeroflot,12,12,0,12
1993,Qtr 3,August,26,1993-08-26,Russia,Let,Let 410Uvp Era,Near Aldan Russia,Airlines Sakha,24,24,0,24
1935,Qtr 2,May,18,1935-05-18,Russia,Tupolev,Tupolev Ant 20 / I,Near Moscow Russia,Eskadril'Ya Gor'Ky,50,50,2,52
2000,Qtr 1,March,9,2000-03-09,Russia,Yakovlev,Yakovlev Yak 40Ra,Moscow Russia,Airlines Vologodskiye,9,9,0,9
1966,Qtr 4,December,2,1966-12-02,Russia,Tupolev,Tupolev Tu 114Bcccp,Moscow Russia,Aeroflot,21,21,0,21
2013,Qtr 4,December,26,2013-12-26,Russia,Antonov,Antonov 1212162,Irkutsk Russia,Ir,9,9,0,9
1991,Qtr 4,November,16,1991-11-16,Russia,Antonov,Antonov An 12V,Anderma Russia,Aeroflot,20,20,0,20
1979,Qtr 3,August,24,1979-08-24,Russia,Antonov,Antonov An 12Cccp,Near Enisseysk Ussraeroflot,N/A,16,11,0,11
1983,Qtr 3,September,1,1983-09-01,Russia,Boeing,Boeing B 747,Near Sakhalin Island Russia,Airlines Korean,269,269,0,269
1979,Qtr 3,August,29,1979-08-29,Russia,Tupolev,Tupolev Tu 124Cccp,Near Kirsanov Russia,Aeroflot,63,63,0,63
2012,Qtr 4,December,29,2012-12-29,Russia,Tupolev,Tupolev Tu 204,Moscow Russia,Airlines Wings Red,8,5,0,5
1948,Qtr 4,October,25,1948-10-25,Russia,Sunov,Lisunov Li 2Cccp,Georgian Ssr Ussraerflot,N/A,18,18,0,18
1979,Qtr 3,August,11,1979-08-11,Russia,Tupolev,Tupolev Tu 134A / Tupolev Tu,Near Volgograd Russia,Aeroflot / Aeroflot,178,178,0,178
1970,Qtr 3,September,3,1970-09-03,Russia,Yakovlev,Yakovlev Yak 40Cccp,Near Leningrad Ussraeroflot,N/A,21,21,0,21
1970,Qtr 2,April,1,1970-04-01,Russia,Antonov,Antonov An 24Vcccp,Novosibirsk Russia,Aeroflot,45,45,0,45
2002,Qtr 2,April,28,2002-04-28,Russia,Mi,Mi  8 Helicopter,Near Abakan Russia,Private,20,8,0,8
1979,Qtr 4,October,27,1979-10-27,Russia,Antonov,Antonov An 2Tpcccp,Lensk Russia,Aeroflot,12,3,0,3
1990,Qtr 3,September,14,1990-09-14,Russia,Yakovlev,Yakovlev Yak 42Cccp,Koltsovo Russia,Aeroflot,128,4,0,4
1979,Qtr 3,September,3,1979-09-03,Russia,Antonov,Antonov An 24Cccp,Andema Russia,Aeroflot,44,40,0,40
2011,Qtr 3,July,11,2011-07-11,Russia,Antonov,Antonov An 24Rvra,Near Strezhevoy Russia,Airlines Angara,37,7,0,7
1990,Qtr 1,January,13,1990-01-13,Russia,Tupolev,Tupolev Tu 134Acccp,Near Pervouralsk Russia,Aeroflot,71,27,0,27
1971,Qtr 1,January,31,1971-01-31,Russia,Antonov,Antonov An 10Cccp,Voroshilovgrad Russia,Aeroflot,7,7,0,7
1971,Qtr 1,January,22,1971-01-22,Russia,Antonov,Antonov An 12Bcccp 11000,Surgut Ussraeroflot,N/A,14,14,0,14
2010,Qtr 4,November,25,2010-11-25,Russia,Mil,Mil Mi 8Tra,Strezhevoy Russia,Narz,10,7,0,7
1954,Qtr 4,December,31,1954-12-31,Russia,Illyushin,Ilyushin Ii 14,Irkutsk Russia,Aeroflot,17,17,0,17
1971,Qtr 3,July,25,1971-07-25,Russia,Tupolev,Tupolev Tu 104Bcccp,Near Irkutsk Russia,Aeroflot,126,97,0,97
1984,Qtr 1,January,3,1984-01-03,Russia,Mi,Mi  6Cccp,Novoagansk Russia,Aeroflot,76,38,0,38
1948,Qtr 4,November,22,1948-11-22,Russia,Sunov,Lisunov Li 2Cccp L,Near Ryzhovo Russia,Aeroflot,26,23,0,23
2009,Qtr 4,November,1,2009-11-01,Russia,Tupolev,Tupolev Tu 142M3Rf,Off Mongokhto Russia,Navy Russian - Military,11,11,0,11
2002,Qtr 1,February,21,2002-02-21,Russia,Antonov,Antonov An 2607Red,Lakhta Russia,Navy Russian - Military,20,17,0,17
1983,Qtr 4,December,24,1983-12-24,Russia,Antonov,Antonov An 24Cccp,Leshukonskoye Russia,Aeroflot,49,44,0,44
1970,Qtr 4,December,31,1970-12-31,Russia,Illyushin,Ilyushin Il 18Bcccp,Leningrad Ussraeroflot,N/A,93,93,0,93
1979,Qtr 3,August,3,1979-08-03,Russia,Let,Let 410M Turbojetcccp 67206,Leningrad Ussraeroflot,N/A,14,14,0,14
1980,Qtr 2,April,14,1980-04-14,Russia,Antonov,Antonov An 24Bcccp,Krasnoyarsk Russia,Aeroflot,53,2,0,2
1969,Qtr 3,August,26,1969-08-26,Russia,Antonov,Antonov An 2Cccp,Khovu-Aksy Russia,Aeroflot,14,14,0,14
1969,Qtr 3,August,26,1969-08-26,Russia,Illyushin,Ilyushin Il 18	 Cccp,Moscow Russia,Aeroflot,102,16,0,16
1991,Qtr 2,June,26,1991-06-26,Russia,Antonov,Antonov An 24Cccp,Gulf Of Finland Russia,Polet Akf,10,10,0,10
1983,Qtr 2,April,19,1983-04-19,Russia,Yakovlev,Yakovlev Yak 40Cccp,Leninakan Russia,Aeroflot,21,21,0,21
1969,Qtr 3,September,1,1969-09-01,Russia,Illyushin,Ilyushin Il 14Pcccp,Cross Bay Russia,Aeroflot,27,22,0,22
1969,Qtr 2,June,23,1969-06-23,Russia,Illyushin,Ilyushin Il 14M / Antonov An,Near Poroslitsy Russia,Aeroflot,120,120,0,120
1991,Qtr 3,September,26,1991-09-26,Russia,Antonov,Antonov An 26Cccp,Off St. Petersburg Ussraeroflot,N/A,10,10,0,10
1980,Qtr 2,June,12,1980-06-12,Russia,Yakovlev,Yakovlev Yak 40Cccp,Near Dushanbe Russia,Aeroflot,29,29,0,29
1991,Qtr 4,November,7,1991-11-07,Russia,Yakovlev,Yakovlev Yak 40Cccp,Makhackala Russia,Aeroflot,51,51,0,51
1991,Qtr 3,September,16,1991-09-16,Russia,Antonov,Antonov An 72Cccp,Petropavlosk Ussraeroflot,N/A,13,13,0,13
2010,Qtr 2,April,10,2010-04-10,Russia,Tupolev,Tupolev 154M101,Smolensk Russia,Force Air Polish - Military,96,96,0,96
1991,Qtr 3,September,23,1991-09-23,Russia,Antonov,Antonov 12Bpcccp 13320,Khatanga Russia,Aeroflot,16,1,0,1
1979,Qtr 4,December,9,1979-12-09,Russia,Antonov,Antonov An 26Cccp,Cherskiy Russia,Aeroflot,7,7,0,7
1970,Qtr 1,January,28,1970-01-28,Russia,Antonov,Antonov An 24Cccp,Near Batagai Russia,Aeroflot,34,34,0,34
1983,Qtr 2,May,6,1983-05-06,Russia,Antonov,Antonov An 26,Klyuchi Russia,Force Air Soviet - Military,37,33,0,33
1979,Qtr 4,November,16,1979-11-16,Russia,Yakovlev,Yakovlev Yak 40Cccp,Vologda Russia,Aeroflot,5,3,0,3
1970,Qtr 1,February,6,1970-02-06,Russia,Illyushin,Ilyushin Il 18Vcccp,Near Samarkand Ussraeroflot,N/A,106,92,0,92
1970,Qtr 1,January,29,1970-01-29,Russia,Tupolev,Tupolev Tu 124Cccp,Near Murmansk Russia,Aeroflot,11,11,0,11
1969,Qtr 4,December,10,1969-12-10,Russia,Illyushin,Ilyushin 14Pcccp 52010,Off Makhachkala  Russia,Aeroflot,17,17,0,17
1991,Qtr 2,May,23,1991-05-23,Russia,Tupolev,Tupolev Tu 154B,Leningrad Ussraeroflot,N/A,181,13,0,13
1955,Qtr 3,August,5,1955-08-05,Russia,Aeroflot,Aeroflotl5057,Near Voronezh Russia,Aeroflot,25,25,0,25
1948,Qtr 2,May,22,1948-05-22,Russia,Douglas,Douglas C 47 Cccp,Khabarovsk Russia,Aeroflot,9,8,0,8
1969,Qtr 4,December,6,1969-12-06,Russia,Antonov,Antonov An 12Plcccp,Near Khantanga Russia,Aeroflot,8,8,0,8
1969,Qtr 4,November,13,1969-11-13,Russia,Antonov,Antonov An 12Tbcccp,Near Anderma Russia,Aeroflot,12,12,0,12
1969,Qtr 4,October,13,1969-10-13,Russia,Antonov,Antonov An 24Bcccp,Nizhnevartovsk Russia,Aeroflot,56,24,0,24
1979,Qtr 4,November,28,1979-11-28,Ross,Mcdonnell,Mcdonnell Douglas Dc 10,Near Mt. Erebus Ross,Antarctica         Shelf Ice Air New Zealand,257,257,0,257
1938,Qtr 3,July,22,1938-07-22,Romania,Lockheed,Lockheed 14H Super Electrasp Bng,Stulpica Romania,Airlines Polish Lot,14,14,0,14
1995,Qtr 1,March,31,1995-03-31,Romania,Airbus,Airbus A310 324Yr,Near Balotesti Romania,Romane) Aeriene (Transporturile Tarom,60,60,0,60
1942,Qtr 4,October,22,1942-10-22,Romania,Junkers,Junkers Ju 52/3Md,Budapest Romania,Lufthansa Deutsche,17,17,0,17
1982,Qtr 1,January,25,1982-01-25,Romania,Antonov,Antonov An 24Rvyr,Constanta Romania,Tarom,7,7,0,7
1943,Qtr 3,August,1,1943-08-01,Romania,Consolidated,Consolidated B 24,Ploesti Romania,Forces Air Army U.S. - Military,10,10,63,73
1923,Qtr 3,August,27,1923-08-27,Romania,Bleriot,Blériot Spad 46F Aegn,Bucharest Romania,Roumaine France Campagnie,2,2,0,2
1970,Qtr 1,February,4,1970-02-04,Romania,Antonov,Antonov An 24Vyr,Apuseni Mountains Romania,Tarom,22,21,0,21
1977,Qtr 3,September,22,1977-09-22,Romania,Tupolev,Tupolev Tu 134Ha,Bucharest Romania,Airlines Hungarian Malev,53,29,0,29
1941,Qtr 2,June,18,1941-06-18,Romania,Douglas,Douglas Dc 3Yr,Bucharest Romania,Lares,18,0,0,0
1947,Qtr 3,August,13,1947-08-13,Romania,Sunov,Lisunov Li 2Yr,Bucharest Romania,Romano-Sovietice Aeriene Transporturile,8,3,0,3
1974,Qtr 4,December,29,1974-12-29,Romania,Antonov,Antonov An 24Rvyr,Near Sibiu Romania,Tarom,33,33,0,33
1938,Qtr 3,August,18,1938-08-18,Romania,Lockheed,Lockheed 14 Super Electrasp Bnj,Bucharest Romania,Airlines Polish Lot,7,0,0,0
1999,Qtr 3,September,14,1999-09-14,Romania,Dassault,Dassault Falcon 900Bsx Ech,Bucharest Romania,Government Greek,13,7,0,7
1970,Qtr 4,December,7,1970-12-07,Romania,Bac,Bac One Eleven  424Euyr,Near Constanta Romania,Tarom,27,19,0,19
1976,Qtr 1,March,1,1976-03-01,Romania,Illyushin,Ilyushin Ii 14Pyr,Sibiu Romania,Tarom,9,6,0,6
1937,Qtr 3,August,6,1937-08-06,Romania,Douglas,Douglas Dc 2Cccp,Bistrita Romania,Aeroflot,5,5,0,5
1989,Qtr 4,December,28,1989-12-28,Romania,Antonov,Antonov An 24Rvyr,Near Visina Romania,Tarom,7,7,0,7
1991,Qtr 3,August,14,1991-08-14,Romania,Illyushin,Ilyushin Il 18Vyr,Near Uricani Romania,Tarom,9,9,0,9
1947,Qtr 4,November,21,1947-11-21,Romania,Sunov,Lisunov Li 2Yr,Phouznicie Romania,Tars,26,13,0,13
1966,Qtr 3,August,11,1966-08-11,Romania,Illyushin,Ilyushin Il 14Yr,Near Sibiu Romania,Tarom,24,24,0,24
1964,Qtr 4,October,9,1964-10-09,Romania,Illyushin,Ilyushin Il 14Yr,Near Sibiu Romania,Tarom,32,32,0,32
2010,Qtr 3,July,5,2010-07-05,Romania,Antonov,Antonov An 253,Tuzla Romania,Force Air Romainian - Military,14,12,0,12
1940,Qtr 3,August,23,1940-08-23,Romania,Douglas,Douglas Dc 3Yr,Cluj Romania,Lares,15,15,0,15
2003,Qtr 3,July,5,2003-07-05,Rio,Sirkorsky,Sikorsky  S 76 Apt Yvm,Macaé Rio,Brazil         Janeiro De Bhs - Brazilian Helicopter Services,5,5,0,5
2008,Qtr 1,February,26,2008-02-26,Rio,Eurocopter,Eurocopter  As332L2 Super Pumapp Mum,Off Macae  Rio,Argentina         Janeiro De Bhs - Brazilian Helicopter Service Air Taxi,20,5,0,5
2004,Qtr 3,July,22,2004-07-22,Rio,Sirkorsky,Sikorsky S 76Pp Mym,Off  Macaé  Rio,Brazil         Janeiro De Bhs - Brazilian Helicopter Service  Air Taxi,11,6,0,6
1978,Qtr 3,September,3,1978-09-03,Rhodesia,Vickers,Vickers Viscount 782Dvp Was,Near Kariba Rhodesia,Rhodesia (Zimbabwe)Air,56,38,0,38
1979,Qtr 1,February,12,1979-02-12,Rhodesia,Vickers,Vickers Viscount 748Dvp Ynd,Near Kariba Rhodesia,Rhodesia Air,59,59,0,59
1982,Qtr 1,February,21,1982-02-21,Rhode,De Havilland,De Havilland Dhc  6,Providence Rhode,Airlines Islandpilgrim,12,1,0,1
1989,Qtr 4,November,28,1989-11-28,Rhode,Britten,Britten  Norman Bn,Block Island Rhode,Airlines England Islandnew,8,8,0,8
1968,Qtr 1,March,9,1968-03-09,Reunion,Douglas,Douglas Dc6B43748,Near Saint Denis Reunion,Force Air French - Military,20,19,0,19
2002,Qtr 1,March,17,2002-03-17,Republic,Let,Let 410Uvp Ej2,Off Djibouti Republic,Airlines Djiboutidjibouti Of,4,4,0,4
2000,Qtr 4,October,25,2000-10-25,Republic,Illyushin,Ilyushin Il 18Dra,Near Batumi Republic,Force Air Russian - Georgiamilitary Of,86,86,0,86
1943,Qtr 1,March,27,1943-03-27,Queensland,Douglas,Douglas C 47,Archerfield Aerodrome Queensland,Australia Military - Royal Australian Air Force,24,24,0,24
1944,Qtr 3,September,7,1944-09-07,Queensland,C,C  47 Dakota Dt,Near Mossman Queensland,Australia Military - Royal Netherlands East Indies Air Force,20,20,0,20
2005,Qtr 2,May,7,2005-05-07,Queensland,Swearingen,Swearingen Sa 227Ac Metro Iiivh,Lockhart River Queensland,Australia Aero-Tropics,15,15,0,15
1937,Qtr 1,February,19,1937-02-19,Queensland,Stinson,Stinson Model Avh Uhh,Mcpherson Ranges Queensland,Australia Airlines Of Australia,7,5,0,5
1996,Qtr 2,June,12,1996-06-12,Queensland,Sirkorsky,Sikorsky S 70 / Sikorsky S,Near Rollingstone Queensland,Aviation Army Australian - Australiamilitary,28,18,0,18
1957,Qtr 2,June,24,1957-06-24,Queensland,L,L  Hudson,Horn Island Queensland,Australia Adastra Airways,0,6,0,6
1975,Qtr 4,October,23,1975-10-23,Queensland,De Havilland,De Havilland Dh114 Heron 2Evh Cls,Cairns Airport Queensland,Australia Connair,11,11,0,11
2001,Qtr 4,November,12,2001-11-12,Queens,Airbus,Airbus A 300,Belle Harbor Queens,New York American Airlines,260,260,5,265
1947,Qtr 2,May,29,1947-05-29,Queens,Douglas,Douglas C 54Bnc30046,La Guardia Airport Queens,New York United Air Lines,48,43,0,43
1989,Qtr 1,February,28,1989-02-28,Quebec,Douglas,Douglas C 47Ac,Near Quebec City Quebec,Canada Transfair,2,2,0,2
1956,Qtr 1,February,14,1956-02-14,Quebec,Douglas,Douglas C 47,Near Fort Chimo Quebec,Canada Spartan Air Services,3,2,0,2
1957,Qtr 4,December,10,1957-12-10,Quebec,Douglas,Douglas C 47Acf,Jeannine Lake Quebec,Canada Northern Wings,10,3,0,3
2003,Qtr 3,September,27,2003-09-27,Quebec,Piper,Piper Pa31 310C,Gaspé Quebec,Canada Les Ailes De Gaspé Inc.,3,3,0,3
2002,Qtr 3,September,28,2002-09-28,Quebec,De Havilland,De Havilland Canada Dhc 3 Otterc,Near Natashquan Quebec,Canada Deraps Aviation,4,3,0,3
1959,Qtr 4,November,4,1959-11-04,Quebec,Douglas,Douglas C 54Acf,St. Cleophas Quebec,Canada Wheeler Airlines,5,5,0,5
1957,Qtr 3,July,3,1957-07-03,Quebec,Lockheed,Lockheed L 414 Hudsoncf,Near Fort Rupert Quebec,Canada Kenting Air,4,4,0,4
1969,Qtr 2,April,7,1969-04-07,Quebec,Vickers,Vickers 757 Viscountcf Thk,Sept-Îles Quebec,Canada Air Canada,21,1,0,1
1948,Qtr 3,July,24,1948-07-24,Quebec,Douglas,Douglas Dc 3Cf,Cap-Des-Rosiers Quebec,Canada Rimouski Airlines,29,29,0,29
1960,Qtr 3,September,22,1960-09-22,Quebec,Noorduyn,Noorduyn Norsemancf Foj,Campbell Lake Quebec,Airlines Canadawheeler,4,3,0,3
2001,Qtr 4,October,8,2001-10-08,Quebec,De Havilland,De Havilland Dhc 2 Mk 1 Beaverc,Mollet Lake Quebec,Canada Air Saint Maurice Inc.,7,3,0,3
1943,Qtr 4,October,19,1943-10-19,Quebec,Consolidated,Consolidated B 243701,St. Donat Quebec,Canada Military - Royal Canadian Air Force,24,24,0,24
1957,Qtr 3,August,11,1957-08-11,Quebec,Douglas,Douglas Dc 4Cf,Near Issoudun Quebec,Canada Maritime Central Airways,79,79,0,79
1962,Qtr 4,October,10,1962-10-10,Quebec,Vickers,Vickers 757 Viscountcf Tha,Bagotville Quebec,Canada Trans Canada Air Lines,19,2,0,2
2016,Qtr 1,March,29,2016-03-29,Quebec,Mitsubishi,Mitsubishi Mu 2B 60 Marquisen246W,Magdelen Islands Quebec,Canada Marquise Aviation Corp.,7,7,0,7
1952,Qtr 1,March,22,1952-03-22,Quebec,Douglas,Douglas C 47,Near Gaspe Quebec,Canada Maritime Central Airways,4,4,0,4
1999,Qtr 1,January,16,1999-01-16,Qld,Britten,Britten Norman Bn 2A,Coconut Island Qld,Australia Uzu Air,4,3,0,3
1960,Qtr 2,June,10,1960-06-10,Qld,Fokker,Fokker F 27 Friendship 100Vh,Off  Mackay Qld.,Airlines Australia Australiatrans,29,29,0,29
1927,Qtr 1,March,24,1927-03-24,Qld,De Havilland,De Havilland Dh 9Cg,Tambo Qld,Australia Qantas,3,3,0,3
1966,Qtr 2,June,20,1966-06-20,Qc,Curtiss,Curtis C 46E,Lac Peribonka Qc,Canada Norair,2,2,0,2
1980,Qtr 4,December,23,1980-12-23,Qatar,Lockheed,Lockheed L 1011,Qatar Qatar,Airlines Arabian Saudi,291,2,0,2
1979,Qtr 1,March,14,1979-03-14,Qatar,Boeing,Boeing B 727,Near Doha Airport Qatar,Airlines Jordanian Royal Alia,64,45,0,45
2012,Qtr 1,March,15,2012-03-15,Puerto,Convair,Convair Cv 340N153Jr,Near San Juan Puerto,Express One Ricojet,2,2,0,2
2002,Qtr 3,August,7,2002-08-07,Puerto,Lockheed,Lockheed Mc 130H Hercules90,Caguas Puerto,Force Air U.S. - Ricomilitary,10,10,0,10
1969,Qtr 1,March,5,1969-03-05,Puerto,De Havilland,De Havilland Dh 114 Heron 2Dn563Pr,San Juan Puerto,Ricoprinair,19,19,0,19
1972,Qtr 2,June,24,1972-06-24,Puerto,De Havilland,De Havilland Dh 114 Heron 2Bn554Pr,Ponce Puerto,Ricoprinair,20,5,0,5
1949,Qtr 2,June,7,1949-06-07,Puerto,Curtiss,Curtiss C 46D,San Juan Puerto,Freight Ricostrato,81,53,0,53
1992,Qtr 2,June,7,1992-06-07,Puerto,Casa,Casa 212 Aviocar 200N355Ca,Mayaguez Puerto,Eagle Ricoamerican,5,5,0,5
1972,Qtr 4,December,31,1972-12-31,Puerto,Douglas,Douglas Dc 7Cfn500Ae,San Juan Puerto,Leasing Express Ricoamerican,5,5,0,5
1984,Qtr 3,August,2,1984-08-02,Puerto,Britten,Britten  Norman Bn,Vieques Puerto,Link Air Ricovieques,9,9,0,9
2004,Qtr 3,September,29,2004-09-29,Puerto,Pilatus,Pilatus  Britten Norman Bn,Tortuguero Lagoon Puerto,Flamence Ricoair,1,1,0,1
1965,Qtr 1,March,23,1965-03-23,Puerto,Canadair,Canadair Cp 107 Mk,Off San Juan Puerto,Force Air Canadian Royal - Ricomilitary,16,16,0,16
1941,Qtr 4,October,3,1941-10-03,Puerto,Sirkorsky,Sikorsky S 42B (Flying Boat)Nc15376,San Juan Puerto,Airways World American Ricopan,15,2,0,2
1987,Qtr 2,May,8,1987-05-08,Puerto,Casa,Casa 212 Aviocar 200N432Ca,Mayaguez Puerto,Eagle Ricoamerican,6,2,0,2
1977,Qtr 4,December,19,1977-12-19,Puerto,Britten,Britten  Norman Bn,Vieques Puerto,Link Air Ricovieques,10,5,0,5
2008,Qtr 4,December,3,2008-12-03,Puerto,Rockwell,Rockwell International 690Bn318Wa,San Juan Puerto,Inc. Services Aviation Ricowebstas,3,3,0,3
1952,Qtr 2,April,11,1952-04-11,Puerto,Douglas,Douglas Dc 4N88899,North Of San Juan Puerto,Airways World American Ricopan,69,52,0,52
1948,Qtr 4,December,28,1948-12-28,Puerto,Douglas,Douglas Dc 3Dstn16002,Off San Juan Puerto,Transport Ricoairborne,32,32,0,32
1942,Qtr 4,October,1,1942-10-01,Puerto,Douglas,Douglas C 39,Near Coamo Puerto,Forces Air Army U.S. - Ricomilitary,22,22,0,22
2005,Qtr 1,March,26,2005-03-26,Providencia,Let,Let  410Uvp,El Embrujo Providencia,Colombia          Island West Caribbean Airways,14,8,0,8
1973,Qtr 2,May,29,1973-05-29,Prov,Douglas,Douglas Dc 3Cf,Near Rimouski Prov.,Canada          Quebec Air Gaspé,4,4,0,4
1949,Qtr 3,September,9,1949-09-09,Pq,Douglas,Douglas Dc 3Cf,Sault-Aux-Cochons Pq,Canada Canadian Pacific Air Lines,23,23,0,23
1979,Qtr 1,March,29,1979-03-29,Pq,Fairchild,Fairchild F 27Cf,Ste. Foy Pq,Canada Quebecair,24,17,0,17
1974,Qtr 3,August,5,1974-08-05,Pq,Douglas,Douglas Dc 3C,Mt. Apica Pq,Canada Laurentian Air Services,11,5,0,5
1947,Qtr 1,February,1,1947-02-01,Portugal,Douglas,Douglas Dc 3Cf,Near Lisbon Portugal,France Air,20,19,0,19
1943,Qtr 1,February,22,1943-02-22,Portugal,Boeing,Boeing B 314 (Flying Boat)Nc18603,Lisbon Portugal,Airways World American Pan,39,25,0,25
1977,Qtr 4,December,18,1977-12-18,Portugal,Aerospatiale,Aerospatiale Caravelle 10Rhb Ick,Off Madeira Portugal,Sata,57,36,0,36
1998,Qtr 1,February,4,1998-02-04,Portugal,Antonov,Antonov 12Bplz Sfg,Terceira Portugal,Luxor Air,7,7,0,7
1951,Qtr 1,February,1,1951-02-01,Portugal,Douglas,Douglas C 54282,Off Terceira Portugal,Force Air Portuguese - Military,14,14,0,14
1961,Qtr 2,May,30,1961-05-30,Portugal,Mcdonnell,Mcdonnell Douglas Dc 8,Near Lisbon Portugal,Airlines Dutch Royal Klm,61,61,0,61
1969,Qtr 2,April,2,1969-04-02,Poland,Antonov,Antonov An 24Vsp,Zawoja Poland,Airlines Polish Lot,53,53,0,53
1988,Qtr 4,November,2,1988-11-02,Poland,Antonov,Antonov An 24Bsp,Near Rzeszow Poland,Airlines Polish Lot,29,1,0,1
1945,Qtr 1,February,23,1945-02-23,Poland,Junkers,Junkers 52/3M 4V+Dr,Snezka Mountains Poland,Army German - Military,8,8,0,8
1935,Qtr 4,December,24,1935-12-24,Poland,Heinkel,Heinkel He 70D,Wroctaw Poland,Lufthansa Deutsche,3,3,0,3
1937,Qtr 4,November,12,1937-11-12,Poland,Lockheed,Lockhed 10 Electrasp Ayd,Warsaw Poland,Lot,11,4,0,4
1962,Qtr 4,December,19,1962-12-19,Poland,Vickers,Vickers Viscount 804Sp Lvb,Warsaw Poland,Airlines Polish Lot,33,33,0,33
1980,Qtr 1,March,14,1980-03-14,Poland,Illyushin,Ilyushin Il 62Sp,Near Warsaw Poland,Airlines Polish Lot,87,87,0,87
1987,Qtr 2,May,9,1987-05-09,Poland,Illyushin,Ilyushin Il 62Msp,Warsaw Poland,Airlines Polish Lot,183,183,0,183
1993,Qtr 3,September,14,1993-09-14,Poland,Airbus,Airbus A320 211D,Warsaw Poland,Lufthansa,70,2,0,2
1981,Qtr 1,March,26,1981-03-26,Poland,Antonov,Antonov An 24Bsp,Redzikowo Poland,Airlines Polish Lot,52,1,0,1
1951,Qtr 4,November,15,1951-11-15,Poland,Sunov,Lisunov Li 2Psp,Near Lodz Poland,Airlines Polish Lot,18,18,0,18
1984,Qtr 3,September,16,1984-09-16,Poland,Antonov,Antonov An 2Tsp,Opole Poland,Aprl,25,11,0,11
2008,Qtr 1,January,23,2008-01-23,Poland,Casa,Casa C 295M019,Miroslawiec Poland,Force Air Polish - Military,20,20,0,20
1937,Qtr 4,November,11,1937-11-11,Poland,Lockheed,Lockheed 10 Electrasp Ayd,Warsaw Poland,Airlines Polish Lot,11,4,0,4
1958,Qtr 4,October,18,1958-10-18,Placentia,Lockheed,Lockheed Wv 2 Super Constellation141294,Nas Argentia Placentia,Newfoundland          Bay,29,11,0,11
1923,Qtr 2,May,14,1923-05-14,Picrdie,Farman,Farman F 60 Goliathf,Near Amiens Picrdie,France Grands Express Aeriens (Air Union),6,6,0,6
1965,Qtr 3,September,11,1965-09-11,Phillipines,Douglas,Douglas Dc 3Api,Near La Carlota Phillipines,Airways Orient Filipinas,11,11,0,11
1989,Qtr 2,June,22,1989-06-22,Peru,De Havilland,De Havilland Canada Dhc 5D Buffalofap,Near Tarma Peru,Peru Del Aérea Fuerza,62,62,0,62
1992,Qtr 3,August,27,1992-08-27,Peru,De Havilland,De Havilland Canada Dhc 6 Twin Otter 300Fap304,Near Iquitos Peru,Tans - Force Air Peruvian - Military,41,8,0,8
2007,Qtr 2,May,24,2007-05-24,Peru,De Havilland,De Havilland Canada Dhc 6 Twin Otter 300Fap,Near Pampa Hermosa Peru,Force Air Peruvian - Military,20,13,0,13
1959,Qtr 2,May,21,1959-05-21,Peru,Curtiss,Curtiss C 46A,Moro Peru,Interpolar Aéreas Lineas,8,8,0,8
1996,Qtr 1,March,9,1996-03-09,Peru,Mil,Mil Mi 17Ep561,Near Mesones Muro Peru,Aviation Army Peruvian - Military,23,23,0,23
1970,Qtr 1,January,14,1970-01-14,Peru,Douglas,Douglas Dc 4Ob,Mt. Pumacona Peru,Faucett,28,28,0,28
1984,Qtr 4,November,20,1984-11-20,Peru,De Havilland,De Havilland Canada Dhc 6 Twin Otter 300Fae,Loja Peru,Tame,14,14,0,14
1967,Qtr 2,April,2,1967-04-02,Peru,Lockheed,Lockheed 18 Lodestarn706G,Off Lima Peru,Airlines Caribbean,5,5,0,5
1992,Qtr 3,September,10,1992-09-10,Peru,Fokker,Fokker F 27 Friendship 500Ob,Bellavista Peru,Aéreo Expresso,43,1,1,2
1959,Qtr 2,June,23,1959-06-23,Peru,Douglas,Douglas Dc 4Hk,Cerros Baco Peru,Avianca,14,14,0,14
1945,Qtr 4,October,24,1945-10-24,Peru,Faucett,Faucett F 19Ob,Tarapoto Peru,Faucett,5,5,0,5
1984,Qtr 4,December,19,1984-12-19,Peru,De Havilland,De Havilland Canada Dhc 6 Twin Otter 300Fap,Near Jaen Peru,Peru Del Aérea Fuerza - Military,21,21,0,21
1962,Qtr 4,November,27,1962-11-27,Peru,Boeing,Boeing B 707,Lima Peru,Varig,97,97,0,97
1991,Qtr 3,July,9,1991-07-09,Peru,Casa,Casa 212 Aviocar 200Ob 1218,Bellavista Airport Peru,Aerochasqui,15,15,0,15
1979,Qtr 4,December,22,1979-12-22,Peru,De Havilland,De Havilland Canada Dhc 5 Buffalofap,Near Puerto Esperanza Peru,Peru Del Aérea Fuerza,29,29,0,29
1998,Qtr 2,May,5,1998-05-05,Peru,Boeing,Boeing B 737,Andoas Peru,Peru Del Aérea Fuerza,88,75,0,75
1951,Qtr 1,January,20,1951-01-20,Peru,Douglas,Douglas Dc 3,Huilyo Peru,Tam - Military,0,16,0,16
1994,Qtr 4,November,5,1994-11-05,Peru,Yakovlev,Yakovlev Yak 40Ob,Saposa Peru,Amazonica Sa,30,6,0,6
1989,Qtr 1,March,10,1989-03-10,Peru,Britten,Britten Norman Bn 2A Trislanderob,Lima Peru,Condor Aero,10,10,0,10
1992,Qtr 4,October,21,1992-10-21,Peru,De Havilland,De Havilland Canada Dhc 6 Twin Otter 300Fap306,Near Lake Caballochoa Peru,Force Air Peruvian - Military,11,8,0,8
1967,Qtr 4,December,8,1967-12-08,Peru,Douglas,Douglas Dc C,Carpich Huanuco Mt. Peru,Faucett,72,72,0,72
1964,Qtr 4,December,24,1964-12-24,Peru,Douglas,Douglas Dc 3Ob,Yurimaguas Peru,Satco,23,1,0,1
1988,Qtr 4,October,25,1988-10-25,Peru,Fokker,Fokker F 28 Fellowship 1000Ob,Juliaca Peru,Peru Aero,69,12,0,12
1949,Qtr 1,February,10,1949-02-10,Peru,Douglas,Douglas Dc 3Ob,Near Huanuco Peru,Faucett,16,16,0,16
1950,Qtr 4,November,23,1950-11-23,Peru,Douglas,Douglas Dc 3Ob,Cuzco Peru,Faucett,9,9,0,9
2003,Qtr 1,January,9,2003-01-09,Peru,Fokker,Fokker 28 Fellowship 1000Ob 1396,Near Chachapoyas Peru,Airlines Tans,46,46,0,46
1959,Qtr 2,May,13,1959-05-13,Peru,Curtiss,Curtiss C 46Aob,Near Toumavista Peru,Peruanos Aereos Transportes,12,12,0,12
1943,Qtr 1,January,22,1943-01-22,Peru,Douglas,Douglas Dc 3Anc33645,Near Chaparra Peru,Airlines Grace American Pan,15,14,0,14
1955,Qtr 4,October,2,1955-10-02,Peru,Douglas,Douglas C54Aob Paz,Pico Oiriruma-Vinac Peru,Faucett,35,19,0,19
1996,Qtr 1,February,29,1996-02-29,Peru,Boeing,Boeing B 737,Arequipa Peru,(Peru) Sa Faucett Aviacion De Compania,123,123,0,123
1998,Qtr 1,March,28,1998-03-28,Peru,Antonov,Antonov An 32Ob,Piura Peru,Peru Del Aérea Fuerza,55,22,1,23
1949,Qtr 1,February,24,1949-02-24,Peru,Douglas,Douglas C 47,Near Cuzco Peru,(Peru) Tam,26,22,0,22
1990,Qtr 3,July,31,1990-07-31,Peru,Beech,Beech King Air B90Ob 1362,Near Huanuco Peru,Nacional Expresso Servicio,9,9,0,9
1987,Qtr 4,December,8,1987-12-08,Peru,Fokker,Fokker F 27 Friendship 400Mae,Off Lima Peru,Aviation Naval Peruvian,43,42,0,42
1989,Qtr 4,October,10,1989-10-10,Peru,Cessna,Cessna 402C Utililinerob T,Urpay Peru,Tausa,12,12,0,12
2005,Qtr 2,April,28,2005-04-28,Peru,Let,Let 410Uvpep 830,Pisco Peru,Peru Del Fuerza - Military,13,13,0,13
2005,Qtr 3,August,23,2005-08-23,Peru,Boeing,Boeing B 737,Near Pucallpa Peru,Peru Tans,98,40,0,40
2022,Qtr 4,November,18,2022-11-18,Peru,Airbus,Airbus 320 271Ncc,Lima Peru,Latam,108,0,2,2
1972,Qtr 2,April,20,1972-04-20,Peru,Douglas,Douglas C 47Dob,Near Moyobamba Peru,Satco,6,6,0,6
1962,Qtr 3,August,24,1962-08-24,Peru,Douglas,Douglas Dc 3Ob,Cerro Puena Paz Peru,Faucett,9,9,0,9
1962,Qtr 1,February,4,1962-02-04,Peru,Douglas,Douglas Dc 3Ob,Near Tino Maria Peru,Faucett,18,18,0,18
1970,Qtr 2,June,10,1970-06-10,Peru,Fokker,Fokker F 27 Friendship 400Mtc,Near Huaricanga Peru,Lade - Military,8,5,0,5
1976,Qtr 4,December,31,1976-12-31,Peru,Douglas,Douglas C 54A,Near Trujillo Peru,Faucett,19,19,0,19
1970,Qtr 3,August,9,1970-08-09,Peru,Lockheed,Lockheed 188A Electraob R939,Near Cuzco Peru,(Peru) Sa Nacionales Aereas Lineas,100,99,2,101
1934,Qtr 1,March,22,1934-03-22,Peru,Ford,Ford 5 At,Near Lima Peru,Airlines Grace American Pan,15,3,0,3
1966,Qtr 2,April,27,1966-04-27,Peru,Lockheed,Lockheed 749A Constellationob R,Tomas Peru,Lansa,49,49,0,49
1987,Qtr 2,June,18,1987-06-18,Peru,Antonov,Antonov An 26Fap,Near Montelillo Peru,Force Air Peruvian - Military,46,46,0,46
1971,Qtr 1,January,21,1971-01-21,Peru,Curtiss,Curtiss  Wright C,Near Pacae Peru,Peru Del Aérea Fuerza,35,35,0,35
1964,Qtr 2,May,8,1964-05-08,Peru,Douglas,Douglas C 54T,Near Lima Peru,Argentina Aérea Fuerza,49,46,0,46
1996,Qtr 4,October,2,1996-10-02,Peru,Boeing,Boeing B 757,Off Pasamayo Peru,Aeroperu,70,70,0,70
1994,Qtr 1,February,25,1994-02-25,Peru,Yakovlev,Yakovlev Yak 40Ob,Near Carpish Peru,Aéreo Expresso,31,31,0,31
1947,Qtr 3,August,23,1947-08-23,Persian,Shorts,Short Sandringham 5 (Flying Boat)G Ahzb,Bahrain Persian,Airways Overseas Gulfbritish,26,10,0,10
1985,Qtr 4,October,11,1985-10-11,Pennsylvania,De Havilland,De Havilland Canada Dhc 6 Twin Otter 200N3257,Homer City Pennsylvania,Cargo Air Mountain,1,1,0,1
1970,Qtr 4,October,4,1970-10-04,Pennsylvania,Aero,Aero Commander 500 Bn701X,Mahaffey Pennsylvania,Private,2,2,0,2
1946,Qtr 3,July,11,1946-07-11,Pennsylvania,Lockheed,Lockheed L 049 Constellationnc86513,Reading Pennsylvania,Air Western And Continental Trans,6,5,0,5
1936,Qtr 4,December,19,1936-12-19,Pennsylvania,Douglas,Douglas Dc 2,Near Milford Pennsylvania,Lines Air Eastern,11,0,0,0
1923,Qtr 1,February,26,1923-02-26,Pennsylvania,De Havilland,De Havilland Dh 4291,Meadville Pennsylvania,Service Mail Aerial Us,1,1,0,1
1931,Qtr 2,May,24,1931-05-24,Pennsylvania,Boeing,Boeing 95Nc397E,Bellefonte Pennsylvania,Transport Air National,1,1,0,1
1935,Qtr 1,January,26,1935-01-26,Pennsylvania,Consolidated,Consolidated Fleetsternc13212,Pittsburgh Pennsylvania,Air Western And Continental Trans,1,1,0,1
1969,Qtr 1,January,6,1969-01-06,Pennsylvania,Convair,Convair Cv 580N5825,Near Bradford Pennsylvania,Airlines Allegheny,28,11,0,11
1954,Qtr 4,December,22,1954-12-22,Pennsylvania,Douglas,Douglas Dc 3N24320,Pittsburgh Pennsylvania,Service Flying Johnson,28,10,0,10
1983,Qtr 4,October,28,1983-10-28,Pennsylvania,Shorts,Shorts 330 200N26288,Middletown Pennsylvania,Airlines Pennsylvania,30,1,0,1
1924,Qtr 1,March,7,1924-03-07,Pennsylvania,De Havilland,De Havilland Dh 4327,Grampian Pennsylvania,Service Mail Aerial Us,1,1,0,1
1919,Qtr 3,July,19,1919-07-19,Pennsylvania,De Havilland,De Havilland Dh 482,Dix Run Pennsylvania,Service Mail Aerial Us,1,1,0,1
1974,Qtr 1,January,6,1974-01-06,Pennsylvania,Beechcraft,Beechcraft 99An125Ae,Johnstown Pennsylvania,East Air,17,12,0,12
1948,Qtr 2,June,17,1948-06-17,Pennsylvania,Douglas,Douglas Dc 6Nc37506,Mount Carmel Pennsylvania,Lines Air United,43,43,0,43
1928,Qtr 4,October,18,1928-10-18,Pennsylvania,Douglas,Douglas M 4Nc1064,Polk Pennsylvania,Transport Air National,1,1,0,1
1991,Qtr 2,April,4,1991-04-04,Pennsylvania,Piper,Piper Aerostar 601 / Bell 412Spn3645D / N78S,Marion Pennsylvania,Private,5,5,2,7
1984,Qtr 2,May,30,1984-05-30,Pennsylvania,Lockheed,Lockheed L 188Af Electran5523,Chalkhill Pennsylvania,Airlines International Zantop,4,4,0,4
2018,Qtr 2,April,17,2018-04-17,Pennsylvania,Boeing,Boeing 737 7H4N722Sw,Nw Of Philadelphia Pennsylvania,Airlines Southwest,149,1,0,1
1994,Qtr 3,September,8,1994-09-08,Pennsylvania,Boeing,Boeing B 737,Near Aliquippa Pennsylvania,Usair,132,132,0,132
1937,Qtr 1,March,25,1937-03-25,Pennsylvania,Douglas,Douglas Dc 2,Clifton Pennsylvania,Air Western And Continental Trans,13,13,0,13
2001,Qtr 4,November,22,2001-11-22,Pennsylvania,Learjet,Learjet 25Bn5Uj,Pittsburgh Pennsylvania,Aviation Jet Universal,2,2,0,2
1967,Qtr 2,June,23,1967-06-23,Pennsylvania,Bac,Bac One Eleven 204Afn1116J,Blossburg Pennsylvania,Airlines Mohawk,34,34,0,34
1936,Qtr 2,April,7,1936-04-07,Pennsylvania,Douglas,Douglas Dc 2,Uniontown Pennsylvania,Air Western And Continental Trans,14,12,0,12
1956,Qtr 2,April,1,1956-04-01,Pennsylvania,Martin,Martin 404N40403,Pittsburgh Pennsylvania,Airlines World Trans,36,22,0,22
2000,Qtr 2,May,21,2000-05-21,Pennsylvania,Bae,Bae Jetstream 3101 31N16Ej,Near Wilkes-Barre Pennsylvania,Airlines Executive,19,19,0,19
1920,Qtr 3,September,27,1920-09-27,Pennsylvania,De Havilland,De Havilland Dh 4316,Hillersburg Pennsylvania,Service Mail Aerial Us,1,1,0,1
1971,Qtr 4,October,24,1971-10-24,Pennsylvania,Beechcraft,Beechcraft B99N986Ma,Bath Pennsylvania,Airways Monmouth,8,4,0,4
1968,Qtr 4,December,24,1968-12-24,Pennsylvania,Convair,Convair Cv 580N5802,Bradford Pennsylvania,Airlines Allegheny,47,20,0,20
1959,Qtr 4,December,1,1959-12-01,Pennsylvania,Martin,Martin 202N174A,Willamsport Pennsylvania,Airlines Allegheny,26,25,0,25
1936,Qtr 3,September,5,1936-09-05,Pennsylvania,Stinson,Stinson Sm 6000Bnc117S,Near Pittsburgh Pennsylvania,Inc. Skyways Pittsburgh,11,10,0,10
1951,Qtr 1,January,14,1951-01-14,Pennsylvania,Douglas,Douglas Dc 4,Philadelphia Pennsylvania,Airlines National,28,7,0,7
1946,Qtr 1,February,21,1946-02-21,Pe,Consolidated,Consolidated 32 2 Liberator Iig,Charlottetown Pe,Canada British Overseas Airways,14,1,0,1
1966,Qtr 1,March,20,1966-03-20,Paraguay,Curtiss,Curtiss C 46Fn1245N,Asuncion Paraguay,Americanos Servicios,2,2,0,2
1955,Qtr 2,June,16,1955-06-16,Paraguay,Lockheed,Lockheed 049 46,Near Asuncion Paraguay,Brasil Do Panair,24,16,0,16
1996,Qtr 1,February,4,1996-02-04,Paraguay,Mcdonnell,Mcdonnell Douglas Dc 8,Asuncion Paraguay,Caribe Del Aereas Lineas,4,4,24,28
1994,Qtr 3,September,28,1994-09-28,Paraguay,Douglas,Douglas C 47Dfap2009,Bahia Negra Paraguay,Paraguay Tam,27,1,0,1
1959,Qtr 3,August,27,1959-08-27,Paraguay,De Havilland,De Havilland Dh 106 Comet 4Lv,Near Asuncion Paraguay,Argentinas Aerolineas,50,2,0,2
2003,Qtr 3,July,1,2003-07-01,Para,Mitsubishi,Mitsubishi Mu 2B 35Pt Lfx,Belem Para,Brazil Heringer Air Taxi,4,4,0,4
2000,Qtr 2,April,29,2000-04-29,Papua,Britten,Britten  Norman Bn,Bapi Papua,Aviation Coast Guineanorth New,4,4,0,4
1951,Qtr 4,December,13,1951-12-13,Papua,De Havilland,De Havilland Dh 84 Dragonvh,Yaramunda Papua,New Guinea Qantas,3,3,0,3
1984,Qtr 3,September,6,1984-09-06,Papua,Britten,Britten  Norman Bn,Mt. Musaka Papua,New Guinea Talair,11,9,0,9
1937,Qtr 3,August,27,1937-08-27,Papua,Stinson,Stinson Sr 7 Reliantvh,Wau Papua,Airways Guineaguinea New,1,1,1,2
2015,Qtr 3,August,16,2015-08-16,Papua,Atr,Atr 42 300Pk,Tangok Mountain Papua,Service Air Trigana,54,54,0,54
1995,Qtr 3,July,1,1995-07-01,Papua,De Havilland,De Havilland Canada C 7A Cariboup2,Kiunga Papua,Aviation Guineagaramut New,3,3,0,3
1992,Qtr 2,April,16,1992-04-16,Papua,Embraer,Embraer 110P1 Bandeirantep2 Rds,Near Goroka Papua,Guineatalair New,15,11,0,11
2002,Qtr 4,December,13,2002-12-13,Papua,Britten,Britten  Norman Bn,Gohu Airstrip Papua,Ltd. Airways Guineaisland New,8,8,0,8
1979,Qtr 4,December,23,1979-12-23,Papua,Gaf,Gaf Nomad 22Bp2 Dnl,Menari Papua,Airways Guineadouglas New,16,16,0,16
2016,Qtr 4,December,18,2016-12-18,Papua,Lockheed,Lockheed C 130H Hercules  	A,Near Wamena Papua,Indonesia Indonesian Air Force,13,13,0,13
1995,Qtr 3,July,25,1995-07-25,Papua,Britten,Britten  Norman Bn,Near Karamui Papua,Airways Guineatransniugini New,2,2,0,2
2009,Qtr 3,August,11,2009-08-11,Papua,De Havilland,De Havilland Canada Dhc 6 Twin Otter 300P2,Near Port Moresby Papua,Png  Airlines Guinea New,13,13,0,13
2004,Qtr 3,July,29,2004-07-29,Papua,De Havilland,De Havilland Dhc 6 Twin Otter 300P2,Ononge Papua,Png Of Guineaairlines New,3,2,0,2
2011,Qtr 4,October,13,2011-10-13,Papua,De Havilland,De Havilland Canada Dhc 8,Near Madang Papua,Png Guineaairline New,32,28,0,28
1995,Qtr 3,July,12,1995-07-12,Papua,De Havilland,De Havilland Canada Dhc 6 Twin Otter 300P2,Gumey Papua,Air Bay Guineamilne New,15,15,0,15
1999,Qtr 1,February,3,1999-02-03,Papua,Britten,Britten Norman Bn 2A Trislanderp2,Hoskins Papua,Guineaairlink New,11,11,0,11
2005,Qtr 1,February,22,2005-02-22,Papua,De Havilland,De Havilland Dhc 6 Twin Otter 300P2,Bimin Papua,New Guinea Missionary Aviation Fellowship,13,2,0,2
1944,Qtr 3,July,23,1944-07-23,Papua,R,R4D  539090,Nineteen Miles W Of Kokoda Papua,Navy Us - Guineamilitary New,17,17,0,17
1996,Qtr 2,May,11,1996-05-11,Papua,Britten,Britten Norman Bn 2A,Oumba Papua,Air Bay Guineamilne New,10,1,0,1
1993,Qtr 2,June,9,1993-06-09,Papua,Britten,Britten  Norman  Bn,Gulgubip Papua,Air Guineasouthwest New,11,9,0,9
1945,Qtr 3,September,18,1945-09-18,Papua,Douglas,Douglas C 47B,Puncak Jaya Papua,Force Air Australian Royal - Guineamilitary New,29,29,0,29
2016,Qtr 2,April,13,2016-04-13,Papua,Britten,Britten  Norman Islanderp2,Kiunga Papua,Aviation Guineasunbird New,12,12,0,12
1972,Qtr 3,September,1,1972-09-01,Papua,Shorts,Shorts Sc 7 Skyvan 3,Mt. Giluwe Papua,New Guinea Ansett Airlines Of Papua New Guinea,4,4,0,4
1995,Qtr 4,December,22,1995-12-22,Papua,Britten,Britten Norman Bn 2A,Bagasin Papua,Airways Guineaisland New,12,2,0,2
1999,Qtr 2,June,17,1999-06-17,Papua,Embraer,Embraer 110P2 Bandeirantep2 Alx,Goroka Papua,Guineaairlink New,17,17,0,17
2014,Qtr 3,September,20,2014-09-20,Papua,De Havilland,De Havilland Canada Dhc 6 Twin Otter 300P2,Near Port Moresby Papua,Guineahevlift New,9,4,0,4
1990,Qtr 2,April,18,1990-04-18,Panama,De Havilland,De Havilland Canada Dhc 6 Twin Otter 200N187As,Off Contadora Panama,Aeroperlas,22,20,0,20
1952,Qtr 3,September,10,1952-09-10,Panama,Curtiss,Curtiss C 46,San Blas Panama,Colombia Sam,46,46,0,46
1937,Qtr 3,August,2,1937-08-02,Panama,Sirkorsky,Sikorsky S 43Nc15065,Off Cristobal Panama,Airways Grace American Pan,14,14,0,14
1992,Qtr 2,June,6,1992-06-06,Panama,Boeing,Boeing B 737,Tucuti Panama,(Panama) Copa,47,47,0,47
1973,Qtr 1,February,21,1973-02-21,Panama,Douglas,Douglas Dc 3Hp,Cerro Horqueta Panama,Urraca Aerovias,28,22,0,22
2008,Qtr 2,May,29,2008-05-29,Panama,Bell,Bell Un 1N Hueysan,Panama City Panama,Nacional Aereo Servicio - Military,12,11,0,11
1997,Qtr 4,December,31,1997-12-31,Panama,Britten,Britten Norman Bn 2A Trislanderhp,Rio Sidra Panama,Parsa,10,10,0,10
1946,Qtr 2,June,9,1946-06-09,Panama,Douglas,Douglas C 54D,Taboga Island Panama,Forces Air Army U.S. - Military,23,23,0,23
2000,Qtr 1,March,17,2000-03-17,Panama,De Havilland,De Havilland Canada Dhc 6 Twin Otter 300Hp,Near Kuna Yala Panama,Aeroperlas,10,10,0,10
1965,Qtr 3,August,4,1965-08-04,Panama,Douglas,Douglas C 54Dob,Panama City Panama,Peruanes Internacionales Rutas,7,7,0,7
1994,Qtr 3,July,19,1994-07-19,Panama,Embraer,Embraer 110P1 Bandeirantehp 1202Ac,Colon Panama,Chiricanas Alas,21,21,0,21
1935,Qtr 3,September,13,1935-09-13,Panama,Ford,Ford Tri Motor,Near Tambo Panama,Airways Panama,8,8,0,8
2003,Qtr 1,February,20,2003-02-20,Pakistan,Fokker,Fokker F 27 Friendship 20010254,Near Kohat Pakistan,Force Air Pakistan - Military,17,17,0,17
2010,Qtr 3,July,28,2010-07-28,Pakistan,Airbus,Airbus A321 231Ap,Islamabad Pakistan,Airblue,152,152,0,152
1949,Qtr 4,December,12,1949-12-12,Pakistan,Douglas,Douglas Dc 3Ap,Jungshahi Pakistan,Pakair,26,26,0,26
2010,Qtr 4,November,28,2010-11-28,Pakistan,Illyushin,Ilyushin Il 76Td4L,Karachi Pakistan,Way Sun,8,8,4,12
1970,Qtr 3,August,6,1970-08-06,Pakistan,Fokker,Fokker F 27 Friendship 200Ap,Islamabad Pakistan,Airlines International Pakistan,30,30,0,30
1948,Qtr 3,August,1,1948-08-01,Pakistan,Avro,Avro 691 Lancastrian (Flying Boat)Ap Acm,Karachi Pakistan,Onzeair,4,4,0,4
1949,Qtr 4,December,30,1949-12-30,Pakistan,Douglas,Douglas C 54A,Comilla Pakistan,Airways Bharat,7,7,0,7
1986,Qtr 4,October,23,1986-10-23,Pakistan,Fokker,Fokker F 27 Friendship 600Ap,Near Peshawar Pakistan,Airlines International Pakistan,54,13,0,13
2012,Qtr 2,April,20,2012-04-20,Pakistan,Boeing,Boeing 737 236Ap,Islamabad Pakistan,Airlines Bhoja,127,127,0,127
1965,Qtr 4,October,8,1965-10-08,Pakistan,Fokker,Fokker F 27 Friendship 200Ap,Near Patian Pakistan,Airlines International Pakistan,4,4,0,4
1987,Qtr 1,March,30,1987-03-30,Pakistan,Antonov,Antonov An 26,Near Parachinar Pakistan,Force Air Republican Afghan - Military,40,40,0,40
1967,Qtr 1,March,8,1967-03-08,Pakistan,At,At L98 Carvairf Bmhu,Karachi Pakistan,Transport Air Compagnie,6,4,7,11
1986,Qtr 3,September,5,1986-09-05,Pakistan,Boeing,Boeing B 747,Karachi Pakistan,Airways World American Pan,384,16,1,17
1962,Qtr 3,July,15,1962-07-15,Pakistan,Douglas,Douglas C 47Avt,Near Lahore Pakistan,Airlines Indian,3,1,0,1
2016,Qtr 4,December,7,2016-12-07,Pakistan,Atr,Atr  42,Near Havlien Pakistan,Airlines International Pakistan,48,48,0,48
1989,Qtr 3,August,25,1989-08-25,Pakistan,Fokker,Fokker F 27 Friendship 200Ap,Near Gilgit Pakistan,Airlines International Pakistan,54,54,0,54
2010,Qtr 4,November,5,2010-11-05,Pakistan,Beechcraft,Beechcraft 1900C 1Ap,Near Karachi Pakistan,Air Js,21,21,0,21
1948,Qtr 4,November,26,1948-11-26,Pakistan,Douglas,Douglas Dc 3Ap,Vehari Pakistan,Airways Pakistan,21,21,0,21
1953,Qtr 1,March,3,1953-03-03,Pakistan,De Havilland,De Havilland Dh106 Comet 1Acf Cun,Karachi Pakistan,Lines Air Pacific Canadian,11,11,0,11
1988,Qtr 3,September,19,1988-09-19,Pakistan,Antonov,Antonov An 26,Near Miram Pakistan,Force Air Republican Afghan - Military,34,34,0,34
1984,Qtr 3,August,4,1984-08-04,Pakistan,Antonov,Antonov An 12Bpcccp,Nawabshah Pakistan,Aeroflot,24,24,0,24
2006,Qtr 3,July,10,2006-07-10,Pakistan,Fokker,Fokker F 27 Friendship 200Ap,Multan Pakistan,Airlines International Pakistan,45,45,0,45
1998,Qtr 1,January,13,1998-01-13,Pakistan,Antonov,Antonov An 12Bpya,Tor Kach Pakistan,Airlines Afghan Ariana - Military,51,51,0,51
2020,Qtr 2,May,22,2020-05-22,Pakistan,Airbus,Airbus A320 214Ap,Karachi Pakistan,Airline International Pakistan,99,97,1,98
1935,Qtr 1,January,8,1935-01-08,Pakistan,Wapiti,Wapiti,Near Karachi Pakistan,Force Air Indian,2,0,15,15
1988,Qtr 3,August,17,1988-08-17,Pakistan,Lockheed,Lockheed C 130B Hercules23494,Bahawalpur Pakistan,Force Air Pakistan - Military,30,30,0,30
1956,Qtr 1,February,25,1956-02-25,Pakistan,Douglas,Douglas C 47Bap,Jalkot Pakistan,Airlines International Pakistan,3,3,0,3
1957,Qtr 3,July,1,1957-07-01,Pakistan,Douglas,Douglas Dc 3Ap,Bay Of Bengal Pakistan,Airlines International Pakistan,24,24,0,24
1965,Qtr 1,March,26,1965-03-26,Pakistan,Douglas,Douglas C 47Ap,Lowery Pass Pakistan,Airlines International Pakistan,26,22,0,22
2002,Qtr 1,January,9,2002-01-09,Pakistan,Lockheed,Lockheed Hercules Kc 130R160021,Shamsi Afb Pakistan,Force Air U.S. - Military,7,7,0,7
1959,Qtr 3,August,14,1959-08-14,Pakistan,Vickers,Vickers 815 Viscountap Aje,Karachi Pakistan,Airlines International Pakistan,3,2,0,2
1998,Qtr 3,September,10,1998-09-10,Pakistan,Lockheed,Lockheed C 130B Hercules24143,Islamabad Pakistan,Force Air Pakistan - Military,5,5,0,5
1972,Qtr 4,December,8,1972-12-08,Pakistan,Fokker,Fokker F 27 Friendship 400Ap,Near Rawalpindi Pakistan,Airlines International Pakistan,26,26,0,26
1947,Qtr 1,February,26,1947-02-26,Pacific,Douglas,Douglas C 47Bkk120,China Sea Pacific,Force Air Royal - Oceanmilitary,12,12,0,12
1973,Qtr 3,July,11,1973-07-11,Orly,Boeing,Boeing B 707,Paris Orly,France          Airport Varig,134,123,0,123
1932,Qtr 2,May,30,1932-05-30,Oregon,Boeing,Boeing 40Nc830M,Portland Oregon,Lines Air Varney,2,1,0,1
1991,Qtr 3,August,28,1991-08-28,Oregon,Aerospatiale,Aerospatiale 350B1N64Sf,Walton Oregon,Inc. Bohemia - Taxi Air,3,3,0,3
1966,Qtr 4,October,1,1966-10-01,Oregon,Mcdonnell,Mcdonnell Douglas Dc 9,Near Wemme Oregon,Airlines Coast West,18,18,0,18
1926,Qtr 4,December,16,1926-12-16,Oregon,Ryan,Ryan M 12,Medford Oregon,Transport Air Pacific,1,1,0,1
1978,Qtr 4,December,28,1978-12-28,Oregon,Mcdonnell,Mcdonnell Douglas Dc 8,Portland Oregon,Lines Air United,189,10,0,10
1979,Qtr 3,September,14,1979-09-14,Oregon,Douglas,Douglas Dc 7N455Sw,Near Klamath Falls Oregon,Inc. Aviation Butler,12,12,0,12
1933,Qtr 4,November,9,1933-11-09,Oregon,Boeing,Boeing 247Nc13345,Portland Oregon,Lines Air United,10,4,0,4
1933,Qtr 1,January,24,1933-01-24,Oregon,Ford,Ford 5 At,Eugene Oregon,Transport Air Pacific,3,2,0,2
1929,Qtr 1,January,18,1929-01-18,Oregon,Stearman,Stearman C 38Nc1682,Cove Oregon,Lines Air Varney,1,1,0,1
1967,Qtr 1,March,10,1967-03-10,Oregon,Fairchild,Fairchild F 27N2712,Near Klamath Falls Oregon,Airlines Coast West,4,4,0,4
1956,Qtr 2,May,15,1956-05-15,Ontario,Cf,Cf  100 Mark 4B18367,Orleans Ontario,Canada Military - Royal Canadian Air Force,2,2,13,15
1969,Qtr 4,November,9,1969-11-09,Ontario,Douglas,Douglas C 47Bcf,Timmins Ontario,Canada Austin Airways,4,2,0,2
1955,Qtr 1,January,15,1955-01-15,Ontario,Grumman,Grumman G 73 Mallardcf,London Ontario,Canada Ontario Hydro,5,1,0,1
1995,Qtr 3,September,2,1995-09-02,Ontario,British,British Aerospace Nimrod Mr 2Pxv239,Toronto Ontario,Canada Military - Royal Air Force,7,7,0,7
1965,Qtr 2,May,27,1965-05-27,Ontario,Noorduyn,Noorduyn Norsemancf Mpl,Cooper Lake Ontario,Canada Mattagami Skyways,5,3,0,3
2013,Qtr 4,November,10,2013-11-10,Ontario,Swearingen,Swearingen Sa227 Ac Metro Iic,Red Lake Ontario,Canada Bearskin Airlines,7,5,0,5
1938,Qtr 1,January,12,1938-01-12,Ontario,Stinson,Stinson Reliant Sr 9Cf,North Pine Ontario,Canada General Airways,1,1,0,1
1967,Qtr 2,May,19,1967-05-19,Ontario,Douglas,Douglas Dc 8,Ottawa Ontario,Canada Air Canada,3,3,0,3
1989,Qtr 1,March,10,1989-03-10,Ontario,Fokker,Fokker F 28 Fellowship 1000C,Dryden Ontario,Canada Air Ontario,69,24,0,24
1995,Qtr 2,May,1,1995-05-01,Ontario,Swear,Swear. Sa 227Cc Metro 23/Piper Navajoc,Sioux Falls Ontario,Canada Bearskin Airlines / Air Sandy,8,8,0,8
1989,Qtr 4,October,4,1989-10-04,Ontario,Boeing,Boeing Kc 135A56,Perth Ontario,Canada Military - U.S. Air Force,4,4,0,4
2013,Qtr 2,May,31,2013-05-31,Ontario,Sirkorsky,Sikorsky S 76,Moosonee Ontario,Ambulance Air Ornge,4,4,0,4
1941,Qtr 4,October,30,1941-10-30,Ontario,Douglas,Douglas Dc 3Nc25663,St. Thomas Ontario,Canada American Airlines,20,20,0,20
2003,Qtr 4,December,16,2003-12-16,Ontario,De Havilland,De Havilland Dhc 3 Otterc,Jellicoe Ontario,Canada Huron Air,3,2,0,2
1987,Qtr 2,May,11,1987-05-11,Ontario,Douglas,Douglas C 47Bc,Pickle Lake Ontario,Canada Air Manitoba,2,2,0,2
1929,Qtr 3,September,14,1929-09-14,Ontario,Travel,Travel Air 6000Cf Abe,Saint Catharines Ontario,Skyways,6,6,0,6
1959,Qtr 2,June,12,1959-06-12,Ontario,Noorduyn,Noorduyn Norsemancf Bhx,Sandy Lake Ontario,Tranair,8,8,0,8
1941,Qtr 1,February,6,1941-02-06,On,Lockheed,Lockheed 14 H2 Super Electracf,Armstrong On,Canada Trans Canada Air Lines,12,12,0,12
1990,Qtr 2,April,30,1990-04-30,On,Beechcraft,Beechcraft C99C Fgaw,Ship Sands Island On,Canada Frontier Air,4,1,0,1
1949,Qtr 3,August,9,1949-08-09,Oman,Douglas,Douglas C 47Bkn336,Salalah Oman,Force Air Royal - Military,12,12,0,12
1931,Qtr 3,September,15,1931-09-15,Oltenia,Fokker,Fokker F Viib,Near Craiova Oltenia,Romania Cidna,6,6,0,6
1943,Qtr 2,June,14,1943-06-14,Old,B,B  17C Flying Fortress12406,Near Mackay Old,Australia Military - U.S. Army Air Forces,41,40,0,40
1966,Qtr 2,April,22,1966-04-22,Oklahoma,Lockheed,Lockheed 188C Electran183H,Near Ardmore Oklahoma,Airline Flyers American,98,83,0,83
1956,Qtr 3,September,9,1956-09-09,Oklahoma,Douglas,Douglas Dc 3 / Cessna 170Bn33315 / N8143A,Bartlesville Oklahoma,Airlines Continental,18,0,0,0
1957,Qtr 1,January,6,1957-01-06,Oklahoma,Convair,Convair Cv 240,Owasso Oklahoma,Airlines American,10,1,0,1
1939,Qtr 1,March,26,1939-03-26,Oklahoma,Douglas,Douglas Dc 2,Oklahoma City Oklahoma,Airlines Braniff,12,8,0,8
1958,Qtr 1,March,7,1958-03-07,Okinawa,Fairchild,Fairchild R4Q / Dougas Ad 6 Skyraider129741/135350,Off Ryukyu Islands Okinawa,Corps Marine U.S. - Corps/Military Marine U.S. - Military,26,26,0,26
1960,Qtr 3,September,22,1960-09-22,Okinawa,Douglas,Douglas R5D 356541,Off Naha Okinawa,Navy U.S. - Military,29,29,0,29
1938,Qtr 4,December,8,1938-12-08,Okinawa,Nakajima,Nakajima A T2J,Off Kuba Island Okinawa,Corporation Aviation Japan,15,10,0,10
1962,Qtr 4,December,20,1962-12-20,Okinawa,Kb,Kb  50,Kadena Ab Okinawa,Force Air U.S. - Military,12,12,0,12
1928,Qtr 4,November,24,1928-11-24,Ohio,Hamilton,Hamilton H 47Nc7521,Edgerton Ohio,Airlines Universal,3,3,0,3
1931,Qtr 2,June,11,1931-06-11,Ohio,Lockheed,Lockheed Vega 2Nc857E,Walbridge Ohio,Service Flying Rubner,3,2,0,2
1923,Qtr 3,September,7,1923-09-07,Ohio,De Havilland,De Havilland Dh 4283,Colton Ohio,Service Mail Aerial Us,1,1,0,1
1981,Qtr 2,April,7,1981-04-07,Ohio,Learjet,Learjet 23N400Pg,Cincinnati Ohio,International Freedom,2,1,0,1
1967,Qtr 4,November,6,1967-11-06,Ohio,Boeing,Boeing B 707,Cincinnati Ohio,Airlines World Trans,36,1,0,1
1962,Qtr 3,September,4,1962-09-04,Ohio,Lockheed,Lockheed 18 Lodestarn1000F,Near Lake Milton Ohio,Company Oil Ashland - Private,13,13,0,13
1946,Qtr 4,November,11,1946-11-11,Ohio,Douglas,Douglas Dc 3 (C,Cleveland Ohio,Lines Air United,20,2,0,2
1925,Qtr 4,October,1,1925-10-01,Ohio,De Havilland,De Havilland Dh 4385,Mt. Nittany Ohio,Service Mail Aerial Us,1,1,0,1
1919,Qtr 2,May,25,1919-05-25,Ohio,De Havilland,De Havilland Dh 461,Cleveland Ohio,Service Mail Aerial Us,1,1,0,1
2004,Qtr 3,August,13,2004-08-13,Ohio,Convair,Convair Cv 580N586P,Cincinnati Ohio,Taroma Air,2,1,0,1
1967,Qtr 3,August,27,1967-08-27,Ohio,North,North American B 25 Mitchelln3443G,Lake Erie Off Huron Ohio,Private,22,16,0,16
1921,Qtr 2,April,29,1921-04-29,Ohio,De Havilland,De Havilland Dh 4196,Cleveland Ohio,Service Mail Aerial Us,1,1,0,1
1926,Qtr 1,February,12,1926-02-12,Ohio,Curtiss,Curtiss Carrier Pigeon602,Montpelier Ohio,Service Mail Aerial Us,1,1,0,1
1920,Qtr 3,September,15,1920-09-15,Ohio,Junkers,Junkers F 13308,Pemberville Ohio,Service Mail Aerial Us,2,2,0,2
1948,Qtr 2,May,16,1948-05-16,Ohio,Curtiss,Curtiss C 46Enc59489,Columbus Ohio,Airways Slick,2,2,0,2
1928,Qtr 4,December,20,1928-12-20,Ohio,Douglas,Douglas M 4Nc790,Huron Ohio,Transport Air National,1,1,0,1
1960,Qtr 4,October,29,1960-10-29,Ohio,Curtiss,Curtiss C 46F,Toledo Ohio,Pacific Arctic,48,22,0,22
1931,Qtr 4,December,31,1931-12-31,Ohio,Fairchild,Fairchild Pilgrim 100A,Springfield Ohio,Airways American,5,4,0,4
1938,Qtr 2,May,24,1938-05-24,Ohio,Douglas,Douglas Dst A,Cleveland Ohio,Lines Air United,10,10,0,10
1979,Qtr 3,August,2,1979-08-02,Ohio,Cessna,Cessna  501 Citationn15Ny,Canton Ohio,Private,3,1,0,1
1975,Qtr 2,June,26,1975-06-26,Ohio,Beechcraft,Beechcraft E18Sn791A,Toledo Ohio,Aviation Hamilton,2,2,0,2
2019,Qtr 3,September,11,2019-09-11,Ohio,Convair,Convair Cv 440Fn24Dr,Toledo Ohio,Private,2,2,0,2
1994,Qtr 1,January,7,1994-01-07,Ohio,British,British Aerospace Jetstream 4101N304Ue,Columbus Ohio,Express) (United Airlines Coast Atlantic,8,5,0,5
1929,Qtr 4,October,29,1929-10-29,Ohio,Stearman,Stearman C 38,Mount Vernon Ohio,Lines Air Continental,1,1,0,1
1932,Qtr 1,March,21,1932-03-21,Ohio,Northrop,Northrop Alpha 3Nc966Y,Steubenville Ohio,Air Western And Continental Trans,1,1,0,1
1932,Qtr 1,March,31,1932-03-31,Ohio,Boeing,Boeing 95Nc191E,Bedford Ohio,Transport Air National,1,1,0,1
1970,Qtr 1,January,28,1970-01-28,Ohio,De Havilland,De Havilland Doven2300H,Cleveland Ohio,Airlines Tag,9,9,0,9
1929,Qtr 4,December,2,1929-12-02,Ohio,Douglas,Douglas M 3Nc789,Chagrin Falls Ohio,Transport Air National,1,1,0,1
2007,Qtr 4,December,5,2007-12-05,Ohio,Cessna,Cessna 208B Caravan I Super Cargomastern28Mg,Columbus Ohio,Aviation Castle,2,2,0,2
1928,Qtr 4,November,25,1928-11-25,Ohio,Travel,Travel Air 4000Nc5436,Edgerton Ohio,Lines Air Continental,1,1,0,1
1964,Qtr 2,April,18,1964-04-18,Ohio,Fairchild,Fairchild C 119G  Fairchild C,Wilmington Ohio,Force Air Us -  Military,19,17,0,17
1920,Qtr 2,June,6,1920-06-06,Ohio,De Havilland,De Havilland Dh 4204,Cleveland Ohio,Service Mail Aerial Us,1,1,0,1
1928,Qtr 4,November,25,1928-11-25,Ohio,Douglas,Douglas M 4Nc792,Bristolville Ohio,Transport Air National,1,1,0,1
1925,Qtr 3,September,3,1925-09-03,Ohio,Dirigible,Dirigible Zr 1 Shenandoah (Airship)Zr,Caldwell Ohio,Navy U.S. - Military,43,14,0,14
1949,Qtr 4,November,4,1949-11-04,Ohio,Douglas,Douglas Dc 3Nc29086,Akron Ohio,Inc Harrington'S,3,3,0,3
1931,Qtr 3,August,9,1931-08-09,Ohio,Ford,Ford 5 At,Cincinnati Ohio,Airways American,6,6,0,6
1923,Qtr 4,December,6,1923-12-06,Ohio,De Havilland,De Havilland Dh 4318,Castalia Ohio,Service Mail Aerial Us,1,1,0,1
1967,Qtr 1,March,5,1967-03-05,Ohio,Convair,Convair Cv 580N73130,Near Marseille Ohio,Airlines Central Lake,38,38,0,38
1948,Qtr 1,February,25,1948-02-25,Ohio,Douglas,Douglas C 47Anc36498,Columbus Ohio,Aviation Bruning,2,2,0,2
2008,Qtr 3,September,1,2008-09-01,Ohio,Convair,Convair Cv 580N587X,Columbus Ohio,Tahoma Air,3,3,0,3
1992,Qtr 1,February,15,1992-02-15,Ohio,Mcdonnell,Mcdonnell Douglas Dc 8,Toledo Ohio,Ati,4,3,0,3
1967,Qtr 1,March,9,1967-03-09,Ohio,Md,Md Douglas Dc 9,Urbana Ohio,Private / Airlines World Trans,26,26,0,26
1929,Qtr 2,June,29,1929-06-29,Ohio,Travel,Travel Air 4000Nc5435,Columbus Ohio,Lines Air Continental,1,1,0,1
1991,Qtr 1,February,17,1991-02-17,Ohio,Mcdonnell,Mcdonnell Douglas Dc 9,Cleveland Ohio,Airlines International Ryan,2,2,0,2
1949,Qtr 2,May,7,1949-05-07,Off,Douglas,Douglas Dc 3Pi,Sibuyan Sea Off,Lines Air Elalatphilippine Of Island Philippine The,13,13,0,13
1997,Qtr 4,December,27,1997-12-27,Off,Antonov,Antonov An 72Er,Atlantic Ocean Off,Airways Angolarenan,5,5,0,5
1949,Qtr 1,January,17,1949-01-17,Off,Avro,Avro 688 Tudor 4Bg Agre,Atlantic Ocean Off,Airways American South Bermudabritish,20,20,0,20
1945,Qtr 1,March,27,1945-03-27,Off,Douglas,Douglas C 47A,Coral Sea Off,Force Air U.S. - Australiamilitary,24,24,0,24
1974,Qtr 3,September,8,1974-09-08,Off,Boeing,Boeing B 707,Ionian Sea  Off,Greece          Kefallinia Trans World Airlines,88,88,0,88
1921,Qtr 2,April,21,1921-04-21,Nyus,De Havilland,De Havilland Dh 4160,Mitchel Field Nyus,Service Mail Aerial,1,1,0,1
1993,Qtr 4,December,3,1993-12-03,Nwt,Britten,Britten Norman Bn 2A Trislander7C,Tuktoyaktuk Nwt,Canada Arctic Wings & Rotors,7,7,0,7
2011,Qtr 3,August,20,2011-08-20,Nunavut,Boeing,Boeing B 737,Resolute Bay Nunavut,Canada First Air,15,12,0,12
1969,Qtr 2,June,4,1969-06-04,Nuevo,Boeing,Boeing B 727,Near Salinas Victoria Nuevo,Mexico          Leon Compania Mexicana De Aviacion,79,79,0,79
1961,Qtr 4,November,30,1961-11-30,Nsw,Vickers,Vickers Viscount 720Vh Tvc,Sydney Nsw,Australia Ansett Ana,15,15,0,15
1980,Qtr 1,February,21,1980-02-21,Nsw,Beechcraft,Beechcraft Super King Air 200Vh Aav,Sydney Nsw,Australia Advance Airlines,13,13,0,13
1998,Qtr 3,September,2,1998-09-02,Nova,Mcdonnell,Mcdonnell Douglas Md 11Hb,Off Peggy'S Cove Nova,Canada          Scotia Swissair,229,229,0,229
1965,Qtr 1,March,17,1965-03-17,Nova,Handley,Handley Page Hpr 7 Herald 211Cf,Musquodoboit Nova,Canada          Scotia Eastern Provincial Airways,8,8,0,8
2004,Qtr 4,October,14,2004-10-14,Nova,Boeing,Boeing 747 244B,Halifax Nova,Canada          Scotia Mk Airlines,7,7,0,7
2016,Qtr 2,April,29,2016-04-29,Norway,Eurocopter,Eurocopter Ec225Lp Super Puma M2+ 	Ln Ojf,Sorta Norway	Chc,Service Helikopter,13,13,0,13
1952,Qtr 2,May,5,1952-05-05,Norway,Douglas,Douglas C 47Aln,Near Skien Norway,Flyveselskap Olsen Fred,29,11,0,11
1941,Qtr 1,March,1,1941-03-01,Norway,Junkers,Junkers Ju 52/3Md,Trontheim Norway,Lufthansa Deutsche,12,3,0,3
1948,Qtr 4,October,2,1948-10-02,Norway,Shorts,Short Sandringham 6 (Flying Boat)Ln Iwa,Near Trondheim Norway,Airlines Norwegian,45,19,0,19
1949,Qtr 4,November,20,1949-11-20,Norway,Douglas,Douglas C 47Aph,Near Oslo Norway,Holland Aero,35,34,0,34
1945,Qtr 4,December,18,1945-12-18,Norway,Douglas,Douglas C 47Bkn413,Voksenkollen Norway,Force Air Royal - Military,17,17,0,17
1944,Qtr 2,April,21,1944-04-21,Norway,Douglas,Douglas Dc 3D,Frederikstad Norway,Lufthansa Deutsche,20,9,0,9
1988,Qtr 2,May,6,1988-05-06,Norway,De Havilland,De Havilland Canada Dhc 7,Near Broennoysund Norway,Flyveselksap Wideroe'S,36,36,0,36
1944,Qtr 4,November,9,1944-11-09,Norway,N/A,42  52196,Seljord Norway,Corps Air Army U.S. - Military,0,0,0,0
1972,Qtr 4,December,23,1972-12-23,Norway,Fokker,Fokker F 28 Fellowship 1000Ln,Skaugum Norway,Braathens,45,40,0,40
1944,Qtr 4,October,16,1944-10-16,Norway,Junkers,Junkers Ju 52/3Md,Telemark Norway,Lufthansa Deutsche,15,15,0,15
1947,Qtr 3,August,28,1947-08-28,Norway,Shorts,Short Sandringham (Flying Boat)Ln Iav,Harsiad Norway,Airlines Norwegian,35,35,0,35
1993,Qtr 4,October,27,1993-10-27,Norway,De Havilland,De Havilland Canada Dhc 6 Twin Otter 300Ln,Near Namsos Norway,Flyveselksap Wideroe'S,20,7,0,7
1963,Qtr 2,April,14,1963-04-14,Norway,Vickers,Vickers Viscount 759Dtf Isu,Oslo Norway,Icelandair,12,12,0,12
1978,Qtr 2,June,26,1978-06-26,Norway,Sirkorsky,Sikorsky S 61Nln,Off Bergen Norway,Service Helikopter,18,18,0,18
1946,Qtr 2,May,22,1946-05-22,Norway,Junkers,Junkers Ju 52/3Mln,Oslo Norway,Lines Air Norwegian Dnl,14,13,0,13
1996,Qtr 3,August,29,1996-08-29,Norway,Tupolev,Tupolev Tu 154Mra,Near Longyearbyen Norway,Airlines Vnokovo,141,141,0,141
1982,Qtr 1,March,11,1982-03-11,Norway,De Havilland,De Havilland Canada Dhc 6 Twin Otter 300Ln,Mehamn Norway,Flyveselksap Wideroe'S,15,15,0,15
1946,Qtr 3,August,7,1946-08-07,Norway,Douglas,Douglas C 47A,Oslo Norway,Airways European British,16,3,0,3
2006,Qtr 4,October,10,2006-10-10,Norway,Bae,Bae 146 200Oy,Stord Norway,Airways Atlantic,16,4,0,4
1956,Qtr 4,November,7,1956-11-07,Norway,De Havilland,De Havilland Dh 114 Heron 2Bln,Hommelfjell Norway,Braathens,12,2,0,2
1961,Qtr 3,August,9,1961-08-09,Norway,Vickers,Vickers Viking 3Bg Ahpm,Sola Norway,Airways Eagle Cunard,39,39,0,39
1972,Qtr 3,July,11,1972-07-11,Norway,De Havilland,De Havilland Canada Dhc 6 Twin Otter 10067,Near Grytoya Norway,Force Air Norwegian Royal - Military,19,19,0,19
1990,Qtr 2,April,12,1990-04-12,Norway,De Havilland,De Havilland Canada Dhc 6 Twin Otter 300Ln,Off Vaeroy Norway,Flyveselksap Wideroe'S,5,5,0,5
1936,Qtr 2,June,16,1936-06-16,Norway,Junkers,Junkers Ju 52/3Mln,Mt. Lihesten Norway,Luftfartskole Norske Den,7,7,0,7
1968,Qtr 3,August,31,1968-08-31,Norway,De Havilland,De Havilland Canada Dhc 3 Otterln,Near Odda Norway,Westwing,6,5,0,5
1990,Qtr 2,June,6,1990-06-06,Northwest,De Havilland,De Havilland Canada Dhc 6 Twin Otter 300C,Thistle Lake Northwest,Canada          Territory Ptarmigan Airways,2,2,0,2
1983,Qtr 4,December,17,1983-12-17,Northwest,De Havilland,De Havilland Canada Dhc 6 Twin Otter 200C,Paulatuk Northwest,Canada          Territory Inuvik Coastal Airways,12,2,0,2
1955,Qtr 3,September,29,1955-09-29,Northwest,Avro,Avro 685 York C 1Cf,Yellowknife Northwest,Canada          Territory Associated Airways,2,1,0,1
1967,Qtr 2,May,15,1967-05-15,Northwest,Curtiss,Curtiss C 46Tcf,Cape Dyer Northwest,Canadanordair Territories,4,4,0,4
2000,Qtr 4,October,8,2000-10-08,Northwest,Shorts,Shorts Sc.7 Skyvan 3 100C,Port Radium Northwest,Canada          Territories Summit Air Charters,3,3,0,3
2011,Qtr 3,September,22,2011-09-22,Northwest,De Havilland,De Havilland Canada Dhc 6,Yellowknife Northwest,Canada          Territories Arctic Sunwest Charters,9,2,0,2
1953,Qtr 1,January,5,1953-01-05,Northern,Vickers,Vickers Viking 610 1Bg,Belfast Northern,Airways European Irelandbritish,35,27,0,27
1968,Qtr 1,February,7,1968-02-07,Northern,Antonov,Antonov An 12Bpbl534,Rohtang Pass Northern,Force Air Indian - Indiamilitary,102,102,0,102
1946,Qtr 2,April,1,1946-04-01,Northern,De Havilland,De Hvilland 89A Dragon Rapideg Aerz,Near Craigavad Northern,Ltd. Services Air Irelandrailway,6,6,0,6
1947,Qtr 4,October,16,1947-10-16,North,Douglas,Douglas Dc 3,Sylva North,Carolinastratofreight,3,3,0,3
1971,Qtr 4,December,4,1971-12-04,North,Douglas,Douglas Dc 9,Raleigh North,Lines Air Carolinaeastern,29,2,0,2
1998,Qtr 2,May,25,1998-05-25,North,Bell,Bell 206L 3N96Cw,Indian Trail North,Inc. Helicopters Us - Taxi Carolinaair,5,5,0,5
1943,Qtr 2,June,7,1943-06-07,North,Douglas,Douglas C 47A,Red Springs North,Forces Air Army U.S. - Carolinamilitary,20,20,0,20
1943,Qtr 3,September,20,1943-09-20,North,Douglas,Douglas C 53D,Near Maxton North,Forces Air Army U.S. - Carolinamilitary,25,25,0,25
1974,Qtr 3,September,11,1974-09-11,North,Mcdonnell,Mcdonnell Douglas Dc 9,Near Charlotte North,Lines Air Carolinaeastern,82,70,0,70
1986,Qtr 4,October,3,1986-10-03,North,Shorts,Short Sc 7 Skyvan Variantpk,Manado North,Indonesia          Sulawesi Eastindo,13,13,0,13
1987,Qtr 3,July,1,1987-07-01,North,Lockheed,Lockheed C 130E Hercules68,Fort Bragg Afb North,Force Air U.S. - Carolinamilitary,6,4,1,5
1988,Qtr 1,February,19,1988-02-19,North,Swearingen,Swearingen Sa227 Acn622Av,Cary North,Eagle American / Air Carolinaav,12,12,0,12
1983,Qtr 1,February,13,1983-02-13,North,Lockheed,Lockheed C 130H Hercules74,Fayetteville North,Force Air U.S. - Carolinamilitary,6,6,0,6
1918,Qtr 3,August,11,1918-08-11,North,Zeppelin,Zeppelin L 53 (Airship),Ameland Island North,Navy German - Seamilitary,19,19,0,19
1987,Qtr 2,April,23,1987-04-23,North,Swearingen,Swearingen Sa 26Tc Metro Iin505Lb,Wilmington North,Commuter Carolinaair-Lift,2,2,0,2
1960,Qtr 2,April,20,1960-04-20,North,Fairchild,Fairchild F 27 / Cessna 310N2704R/N1807H,Hickory North,Private / Airlines Carolinapiedmont,44,4,0,4
1960,Qtr 1,January,6,1960-01-06,North,Douglas,Douglas Dc 6Bn8225H,Wilmington/Bolivia North,Airlines Carolinanational,34,34,0,34
1967,Qtr 2,June,23,1967-06-23,North,Bell,Bell Uh 1B / Sikorsky Ch53A Helicopters638572/153305,Near Jacksonville North,Corps Marine U.S. - Corps/Military Marine U.S. - Carolinamilitary,35,22,0,22
1994,Qtr 4,December,13,1994-12-13,North,British,British Aerospace Jetstream 3201N918Ae,Morrisville North,Eagle Carolinaamerican,20,15,0,15
1953,Qtr 3,July,27,1953-07-27,North,Illyushin,Ilyushin Il 12,Near Kanggye North,Koreaaeroflot,21,21,0,21
1917,Qtr 2,May,14,1917-05-14,North,Zeppelin,Zeppelin L 22 (Airship),Near Texel Island North,Navy German - Seamilitary,21,21,0,21
2000,Qtr 3,July,13,2000-07-13,North,De Havilland,De Havilland Canada Dhc 6 Twin Otter 200N201Rh,Raleigh North,Aviation Win Carolinawin,3,1,0,1
1961,Qtr 4,November,21,1961-11-21,North,Aero,Aero Commander 680Fzk Bwa,Mt Ruapehu North,New Zealand          Island Bay Of Plenty Airways,6,6,0,6
1954,Qtr 3,August,23,1954-08-23,North,Douglas,Douglas Dc 6Bph,Off Ijuuiden North,Airlines Dutch Royal Seaklm,21,21,0,21
1994,Qtr 3,July,2,1994-07-02,North,Mcdonnell,Mcdonnell Douglas Dc 9,Charlotte North,Carolinausair,57,37,0,37
2003,Qtr 1,January,8,2003-01-08,North,Beech,Beech Be 1900Dn233Yv,Charlotte North,Midwest Express/Air Air Carolinaus,21,21,0,21
1917,Qtr 2,June,14,1917-06-14,North,Zeppelin,Zeppelin L 43 (Airship),Off Vlieland Island North,Navy German - Seamilitary,24,24,0,24
1964,Qtr 1,March,20,1964-03-20,North,Piper,Piper Pa 23N4320P,Near Danbury North,Taxi Air Carolinacommercial,3,3,0,3
1952,Qtr 2,June,25,1952-06-25,North,Avro,Avro Shackleton Mr 1Vp261,Off Northumberland North,Force Air Royal - Seamilitary,13,11,0,11
1936,Qtr 4,October,9,1936-10-09,North,Blackburn,Blackburn B 2G,Selby North,United Kingdom          Yorkshire North Sea Aerial And General Transport,1,1,0,1
1950,Qtr 3,July,23,1950-07-23,North,Curtiss,Curtiss C 46 Commando44,Myrtle Beach North,Force Air U.S. - Carolinamilitary,39,39,0,39
1966,Qtr 4,November,20,1966-11-20,North,Martin,Martin 404N40406,Near New Bern North,Airlines Carolinapiedmont,3,3,0,3
1969,Qtr 2,April,15,1969-04-15,North,Lockheed,Lockheed Ec 121M135749,Off Chongjin North,Navy U.S. - Koreamilitary,31,31,0,31
1961,Qtr 1,January,24,1961-01-24,North,Boeing,Boeing B 52G Stratofortress58,Goldsboro North,Force Air Us - Carolinamilitary,8,3,0,3
1967,Qtr 3,July,19,1967-07-19,North,Boeing,Boeing B 727,Near Hendersonville North,Private / Airlines Carolinapiedmont,82,82,0,82
2016,Qtr 1,January,8,2016-01-08,Norrbotten,Canadair,Canadair Crj 200Se,Akkajaure Lake Norrbotten,Sweden West Air Sweden,2,2,0,2
2002,Qtr 3,July,16,2002-07-16,Norfork,Sirkorsky,Sikorsky S 76Ag,Off Cromer Norfork,England Bristow Helicopters,11,11,0,11
1969,Qtr 3,August,3,1969-08-03,Nigeria,Lockheed,Lockheed L 1049H Super Constellationcf,Uli  Nigeria,Air Canairelief,4,4,0,4
1994,Qtr 3,September,13,1994-09-13,Nigeria,De Havilland,De Havilland Canada Dhc 6 Twin Otter 3005N,Near Abuja Nigeria,Charter - Aerocontroctors,5,3,0,3
1996,Qtr 1,January,18,1996-01-18,Nigeria,British,British Aerospace Bae 125,Near Kano Nigeria,Force Air Nigerian - Military,14,14,0,14
1996,Qtr 4,November,7,1996-11-07,Nigeria,Boeing,Boeing B 727,Lagos Nigeria,Corporation Development Aviation,143,143,0,143
2012,Qtr 2,June,3,2012-06-03,Nigeria,Mcdonnell,Mcdonnell Douglas Md 835N,Lagos Nigeria,Air Dana,153,153,10,163
1995,Qtr 4,November,13,1995-11-13,Nigeria,Boeing,Boeing B 737,Kaduna Nigeria,Airways Nigeria,137,9,0,9
1991,Qtr 2,June,26,1991-06-26,Nigeria,Bac,Bac One Eleven 402Ap5N,Near Sokotu Nigeria,Air Okada,53,4,0,4
1983,Qtr 4,November,28,1983-11-28,Nigeria,Fokker,Fokker F 28 Fellowship 20005N,Near Enugu Nigeria,Airways Nigeria,72,53,0,53
2006,Qtr 3,September,17,2006-09-17,Nigeria,Dornier,Dornier 228Naf033,Vandeikya Nigeria,Force Air Nigerian - Military,18,13,0,13
1997,Qtr 1,January,31,1997-01-31,Nigeria,Embraer,Embraer 110P1A Bandeirante5N Axs,Yola Nigeria,Airways Express Skypower,16,5,0,5
2005,Qtr 4,October,22,2005-10-22,Nigeria,Boeing,Boeing B 737,Lisa Nigeria,Airlines Bellview,117,117,0,117
1956,Qtr 2,June,24,1956-06-24,Nigeria,Canadair,Canadair C 4 Argonautg,Kano Nigeria,Airways Overseas British,45,32,0,32
2005,Qtr 4,December,10,2005-12-10,Nigeria,Mcdonnell,Mcdonnell Dc 9,Near Port Harcourt Nigeria,Airlines Sosoliso,110,108,0,108
1946,Qtr 2,June,9,1946-06-09,Nigeria,Douglas,Douglas C 47 Dakotakg747,Near Abeokuta Nigeria,Force Air -Royal Military,18,18,0,18
1948,Qtr 2,April,10,1948-04-10,Nigeria,Douglas,Douglas Dc 4F,Kano Nigeria,France Air,6,1,0,1
1978,Qtr 1,March,2,1978-03-02,Nigeria,Fokker,Fokker F 28 Fellowship 1000 / Mig,Kano Nigeria,Airways Nigeria,18,18,0,18
1955,Qtr 1,February,5,1955-02-05,Nigeria,Bristol,Bristol 170 Freighter 21Evr Nad,Near Calabar Nigeria,Airways African West,13,13,0,13
2001,Qtr 4,November,27,2001-11-27,Nigeria,Boeing,Boeing 747 246F9G,Port Harcourt Nigeria,Airlines Mk,13,1,0,1
1973,Qtr 1,January,22,1973-01-22,Nigeria,Boeing,Boeing B 707,Kano Nigeria,Airlines Jordanian Royal Alia,202,176,0,176
1995,Qtr 2,June,24,1995-06-24,Nigeria,Tupolev,Tupolev Tu 134Ara,Lagos Nigeria,Services Air Harka,80,16,0,16
1969,Qtr 3,September,26,1969-09-26,Nigeria,Boeing,Boeing C 97N52676,Uli Nigeria,Nordchurchaid,5,5,0,5
1969,Qtr 4,November,20,1969-11-20,Nigeria,Bac,Bac Vc 10,Near Ikeja Nigeria,Airways Nigeria,87,87,0,87
1968,Qtr 3,July,13,1968-07-13,Nigeria,Boeing,Boeing 707 329Coo,Near Lagos Nigeria,Sabena,7,7,0,7
2002,Qtr 2,May,21,2002-05-21,Nigeria,Let,Let 410Uvp9Q Cex,Near Calabar Nigeria,Services Air Executive Sky,5,5,0,5
2013,Qtr 4,October,3,2013-10-03,Nigeria,Embraer,Embraer 120Rt Brasilia5N Bjy,Lagos Nigeria,Aviation Associated,20,16,0,16
1992,Qtr 3,September,26,1992-09-26,Nigeria,Lockheed,Lockheed C 130Hnaf911,Near Lagos Nigeria,Force Air Nigerian Federal - Military,158,158,0,158
2006,Qtr 4,October,29,2006-10-29,Nigeria,Boeing,Boeing 737 2B75N,Near Abuja Nigeria,Airlines Adc,105,96,0,96
2000,Qtr 1,January,5,2000-01-05,Nigeria,Embraer,Embraer 110P1A Bandeirante5N Axl,Abuja Nigeria,Airways Express Skypower,16,1,1,2
1997,Qtr 3,July,29,1997-07-29,Nigeria,Bac,Bac One Eleven 203Ae5N,Calabar  Nigeria,Airlines Adc,55,1,0,1
1995,Qtr 2,April,23,1995-04-23,Nigeria,De Havilland,De Havilland Canada Dhc 6 Twin Otter 3005N,Lagos Nigeria,Helicopters Bristow,9,1,0,1
1988,Qtr 3,July,21,1988-07-21,Nigeria,Boeing,Boeing 707 328Cd2,Near Lagos Nigeria,Charter Air Angola,6,6,0,6
2002,Qtr 2,May,4,2002-05-04,Nigeria,Bac,Bac One Eleven 525Ft5N,Kano Nigeria,Services) Airline (Executive Airlines Eas,77,74,78,152
2021,Qtr 2,May,21,2021-05-21,Nigeria,Beechcraft,Beechcraft B300 King Air 350Inaf203,Near Kaduna Nigeria,Force Air Nigerian - Military,11,11,0,11
1961,Qtr 2,June,17,1961-06-17,Nigeria,Douglas,Douglas C 54B,Near Kano Nigeria,Luftreederei Deutsche Continentale,7,1,0,1
1997,Qtr 2,April,16,1997-04-16,Niger,Lockheed,Lockheed C 130H Hercules5U,Near Sorei Niger,Force Air Niger - Military,14,14,0,14
1977,Qtr 1,March,4,1977-03-04,Niger,Mcdonnell,Mcdonnell Douglas Dc 8,Niamey Niger,Airways National Overseas,4,2,0,2
1989,Qtr 3,September,19,1989-09-19,Niger,Mcdonnell,Mcdonnell Douglas Dc 10,Near Bilma Niger,Aeriens Transportes Des Union,171,171,0,171
1959,Qtr 1,March,5,1959-03-05,Nicaragua,Vickers,Vickers Viscount 763Ys 09C,Managua Nicaragua,Taca,19,15,0,15
1957,Qtr 1,January,23,1957-01-23,Nicaragua,Douglas,Douglas Dc 3An,Ometepe Island Nicaragua,Lanica,16,16,0,16
1982,Qtr 4,December,9,1982-12-09,Nicaragua,Mil,Mil Mi 8 (Helicopter)265,Near San Andres De Bocay Nicaragua,Force Air Nicaraguan - Military,88,84,0,84
1999,Qtr 1,January,21,1999-01-21,Nicaragua,Antonov,Antonov An 26,Bluefields Nicaragua,Nicaragua Aérea Fuerza,28,28,0,28
1961,Qtr 4,December,15,1961-12-15,Nicaragua,Curtiss,Curtiss C 46An,Managua Nicaragua,Lanica,2,2,0,2
1946,Qtr 2,April,22,1946-04-22,Nicaragua,Lockheed,Lockheed 14 Super Electraan Acc,La Liberiad Nicaragua,Taca,21,20,0,20
1956,Qtr 4,November,15,1956-11-15,Nicaragua,Douglas,Douglas C 54A,Puerto Somoza Nicaragua,Guest Aerovias,25,25,0,25
1982,Qtr 3,August,14,1982-08-14,Nicaragua,Arava,Arava 201223,Near Managua Nicaragua,Force Air Nicaraguan - Military,20,20,0,20
1986,Qtr 4,October,30,1986-10-30,Nicaragua,Mil,Mil Mi 17 (Helicopter)294,Near Managua Nicaragua,Force Air Nicaraguan - Military,23,21,0,21
1960,Qtr 2,April,5,1960-04-05,Nicaragua,Curtiss,Curtiss C 46A,Siuna Nicaragua,Lanica,18,2,0,2
1944,Qtr 4,November,29,1944-11-29,Nicaragua,Ford,Ford 5 At,Tegucigalpa Nicaragua,Taca,16,16,0,16
1953,Qtr 1,March,18,1953-03-18,Newfoundland,Boeing,Boeing B 29 Superfortress44,Stephenville Newfoundlandu.S.,Force Air,10,10,0,10
1986,Qtr 1,March,24,1986-03-24,Newfoundland,De Havilland,De Havilland Canada Dhc 3 Otterc,Goose Bay Newfoundland,Canada Goose Bay Air Services,5,4,0,4
1953,Qtr 1,March,18,1953-03-18,Newfoundland,Convair,Convair Rb 36H51,Random Island Newfoundland,Force Air U.S. - Military,23,23,0,23
1942,Qtr 4,October,3,1942-10-03,Newfoundland,Sirkorsky,Sirkorsky 44A (Flying Boat)Nc41880,Botwood Newfoundland,Airlines Export American,37,11,0,11
1961,Qtr 1,January,26,1961-01-26,Newfoundland,Douglas,Douglas C 118A Liftmaster51,Trinity Bay Newfoundland,Force Air U.S. - Military,23,23,0,23
1949,Qtr 1,February,2,1949-02-02,Newfoundland,Avro,Avro Ansoncf Feo,Trinity Bay Newfoundland,Airways Lawrence Saint,10,6,0,6
1967,Qtr 3,July,15,1967-07-15,Newfoundland,N/A,N/A,Near Williamsport Newfoundland,Canada Eastern Provincial Airways,4,4,0,4
1985,Qtr 4,December,12,1985-12-12,Newfoundland,Mcdonnell,Mcdonnell Douglas Dc 8 Super 63Pfn950Jw,Gander Newfoundland,Canada Arrow Airways,256,256,0,256
1946,Qtr 3,September,18,1946-09-18,Newfoundland,Douglas,Douglas Dc 4,Near Gander Newfoundland,Sabena,44,27,0,27
1946,Qtr 4,October,3,1946-10-03,Newfoundland,Douglas,Douglas C 54E,Stephenville Newfoundland,Airlines Overseas American,39,39,0,39
2009,Qtr 2,June,7,2009-06-07,Newfoundland,Britten,Britten  Norman Bn,Near Port Hope Simpson Newfoundland,Canada Strait Air,1,1,0,1
2009,Qtr 1,March,12,2009-03-12,Newfoundland,Sirkorsky,Sikorsky S 92Ac,Off St. Johns Newfoundland,Helicopters Cougar,18,17,0,17
1960,Qtr 2,April,18,1960-04-18,Newfoundland,Douglas,Douglas C 124C Globemaster52,Stephenville Newfoundland,Force Air U.S. - Military,9,9,0,9
1999,Qtr 1,March,19,1999-03-19,Newfoundland,De Havilland,De Havilland Canada Dhc 6 Twin Otter 300C,Davis Inlet Newfoundland,Canada Provincial Airlines,2,1,0,1
1967,Qtr 3,September,5,1967-09-05,Newfoundland,Illyushin,Ilyushin Il 18Ok,Near Gander Newfoundland,Canada Ceskoslovenske Aerolinie,69,37,0,37
1984,Qtr 4,October,11,1984-10-11,Newfoundland,De Havilland,De Havilland Canada Dhc 6 Twin Otter 100C,Goose Bay Newfoundland,Canada Labradore Airways,4,4,0,4
1964,Qtr 4,November,17,1964-11-17,Newfoundland,Lockheed,Lockheed P 3A151362,Off Argentia Newfoundland,Canada Military - U.S. Navy,10,10,0,10
1978,Qtr 2,June,23,1978-06-23,Newfoundland,Beech,Beech Queen Air A80C Ggal,Saint John'S Newfoundland,Aviation Gander,10,10,0,10
1965,Qtr 1,March,18,1965-03-18,Newfoundland,Douglas,Douglas Dc,Trinity Bay Newfoundland,Canada Miami Aviaition/Air Manila,2,2,0,2
1943,Qtr 1,February,9,1943-02-09,Newfoundland,Consolidated,Consolidated 32 3 Liberator Iial,Near Gander Newfoundland,Airways Overseas British,21,19,0,19
1956,Qtr 1,January,17,1956-01-17,Newfoundland,Douglas,Douglas Dc 3Cf,Oreway Newfoundland,Canada Quebecair,18,4,0,4
1930,Qtr 2,April,18,1930-04-18,New,Fairchild,Fairchild 71Nc9148,Jersey City New,Airways Colonial Jerseycanadian,4,4,0,4
1967,Qtr 2,May,1,1967-05-01,New,De Havilland,De Havilland Dh 104 / Piper Pa,Flushing New,Private / Airways Yorkgreylock,14,3,0,3
1959,Qtr 1,February,3,1959-02-03,New,Lockheed,Lockheed  188A Electran6101A,La Guardia Airport New,Nyamerican Airlines          York,73,65,0,65
1971,Qtr 1,January,9,1971-01-09,New,Boeing,Boeing B 707,Edison New,Private / Airlines Jerseyamerican,21,2,0,2
1960,Qtr 3,July,6,1960-07-06,New,Goodyear,Goodyear Zpg 3W (Airship)144242,Off Barnegat City New,Navy U.S. - Jerseymilitary,21,18,0,18
1920,Qtr 1,March,30,1920-03-30,New,De Havilland,De Havilland Dh 472,Newark New,Service Mail Aerial Jerseyus,1,1,0,1
1957,Qtr 1,February,1,1957-02-01,New,Douglas,Douglas Dc 6An34954,New York New,Airlines Yorknortheast,101,21,0,21
1984,Qtr 1,February,28,1984-02-28,New,Mcdonnell,Mcdonnell Douglas Dc 10,Jfk Airport New,New York          York Scandinavian Airlines (Sas),177,0,0,0
1979,Qtr 1,February,17,1979-02-17,New,Fokker,Fokker F 27 Friendship 500Zk,Manakau Harbor New,Zealand New Zealandair,4,2,0,2
1964,Qtr 1,February,25,1964-02-25,New,Mcdonnell,Mcdonnell Douglas Dc 8,Lake Pontchartrain New,Louisiana          Orleans Eastern Air Lines,58,58,0,58
1946,Qtr 3,August,9,1946-08-09,New,Lockheed,Lockheed 18 56 Lodestar,Lakehurst New,Airlines Central Jerseyatlantic,6,4,0,4
1969,Qtr 3,July,15,1969-07-15,New,De Havilland,De Havilland Canada Dhc 6 Twin Otter 200N558Ma,New York City New,Airways York Yorknew,14,3,0,3
1933,Qtr 1,January,14,1933-01-14,New,Curtiss,Curtiss Condor 18Nc185H,Newark New,Transport Air Jerseyeastern,2,2,0,2
1971,Qtr 2,April,22,1971-04-22,New,Beechcraft,Beechcraft C35N144H,Manchester New,Aviaiton England Hampshirenew,4,4,0,4
1975,Qtr 2,June,24,1975-06-24,New,Boeing,Boeing B 727,Jfk Airport New,New York          York Eastern Air Lines,124,113,0,113
1955,Qtr 1,February,19,1955-02-19,New,Martin,Martin 404N40416,Albuquerque New,Airlines World Mexicotrans,16,16,0,16
1947,Qtr 3,August,8,1947-08-08,New,Douglas,Douglas Dc 3Cnx88787,New York New,Airlines Yorkamerican,5,3,0,3
1954,Qtr 4,December,18,1954-12-18,New,Douglas,Douglas Dc 6Bi,New York New,Italiane Aeree Yorklinee,32,26,0,26
2003,Qtr 4,October,3,2003-10-03,New,Convair,Convair Cv 580Fzk,Off Waikanae New,Zealand New Freight Zealandair,2,2,0,2
1945,Qtr 3,July,28,1945-07-28,New,North,North American B 25D Bomber43,New York New,Forces Air Army U.S. - Yorkmilitary,3,3,11,14
1962,Qtr 1,March,1,1962-03-01,New,Boeing,Boeing B 707,Jamaica Bay New,New York          York American Airlines,95,95,0,95
1987,Qtr 1,February,6,1987-02-06,New,Embraer,Embraer 110P2 Bandeirantep2 Rdm,Off Papua New,Guineatalair,17,14,0,14
1990,Qtr 1,January,25,1990-01-25,New,Boeing,Boeing B 707,Cove Neck New,Yorkavianca,158,73,0,73
2005,Qtr 2,May,2,2005-05-02,New,Swearingen,Swearingen Sa.227Ac Metro Iiizk Poa,Near Stratford New,Nz Zealandairwork,2,2,0,2
1979,Qtr 2,April,18,1979-04-18,New,Sirkorsky,Sikorsky S61 Ln618Pa,Newark New,Airways York Jerseynew,18,3,0,3
1969,Qtr 2,May,7,1969-05-07,New,Curtiss,Curtiss C 46Fn1243N,Medford New,Airways W Jerseyflying,2,2,0,2
1990,Qtr 1,January,29,1990-01-29,New,Cessna,Cessna 208B Caravan I Super Cargomastern854Fe,Plattsburgh New,Airways Yorkwiggins,1,1,0,1
1935,Qtr 4,October,21,1935-10-21,New,Curtiss,Curtiss At 32C Condornc725K,Troy New,Service Flying Yorkchamberlin,6,1,0,1
1986,Qtr 4,October,22,1986-10-22,New,Enstrom,Enstrom F 28Fn8617B,Manhattan New,Wnbc - Yorkprivate,2,2,0,2
2001,Qtr 3,August,24,2001-08-24,New,Learjet,Learjet 25N153Tw,Ithaca New,Charter Jet Yorkameristar,2,2,0,2
1994,Qtr 4,December,17,1994-12-17,New,De Havilland,De Havilland Canada Dhc 6 Twin Otter 200P2,Papua New,Fellowship Aviation Guineamissionary,28,28,0,28
2000,Qtr 3,August,9,2000-08-09,New,Piper,Piper Navajo Pa 31/ Piper Seminole Pa,Burlington Township New,Private / Airways Jerseypatuxent,11,11,0,11
1969,Qtr 4,December,5,1969-12-05,New,Lockheed,Lockheed 18 08 Lodestar	N410M,Nnear Albuquerque New,Mexicoprivate,9,9,0,9
1945,Qtr 4,November,7,1945-11-07,New,Budd,Budd Rb 1 Conestoga,Near Grants New,Co. Freight Skyway Mexiconational,3,1,0,1
1977,Qtr 2,May,16,1977-05-16,New,Sirkorsky,Sikorsky S61Ln619Pa,New York New,Helicopter York  Yorknew,25,4,1,5
2003,Qtr 2,June,6,2003-06-06,New,Piper,Piper Pa 31,Christchurch New,Ltd Zealand New Adventures Air - Zealandcharter,10,8,0,8
1950,Qtr 2,May,27,1950-05-27,New,Curtiss,Curtiss C 46F,Teterboro New,Airlines Cargo Jerseyregina,2,1,0,1
1943,Qtr 4,November,26,1943-11-26,New,Lockheed,Lockheed L 18,Port Moresby New,Guineaqantas,15,15,0,15
1961,Qtr 1,January,28,1961-01-28,New,Boeing,Boeing 707 123N7502A,Off Montauk Point New,Airlines Yorkamerican,6,6,0,6
1970,Qtr 3,September,8,1970-09-08,New,Mcdonnell,Mcdonnell Douglas Dc 8,New York New,Airlines International Yorktrans,11,11,0,11
1945,Qtr 3,September,11,1945-09-11,New,Douglas,Douglas C 47Aa6556,Near Milne Bay New,Force Air Australian Royal - Guineamilitary,11,11,0,11
1985,Qtr 2,April,16,1985-04-16,New,Boeing,Boeing B 727,Las Cruces New,Airlines Mexicoamerican,89,0,0,0
1960,Qtr 4,December,16,1960-12-16,New,Md,Md Dc 8,Staten Island / Brooklyn New,Airlines World Trans / Lines Air Yorkunited,128,128,6,134
1995,Qtr 2,June,9,1995-06-09,New,De Havilland,De Havilland Canada Dhc 8,Near Palmerston North New,Zealand New Zealandansett,21,5,0,5
1977,Qtr 3,September,14,1977-09-14,New,Boeing,Boeing   Ec,Near Albuquerque New,Force Air U.S. - Mexicomilitary,20,20,0,20
1961,Qtr 1,January,19,1961-01-19,New,Mcdonnell,Mcdonnell Douglas Dc 8,New York New,Mexico De (Idlewild)Aeronaves York,106,4,0,4
1948,Qtr 3,August,9,1948-08-09,New,Douglas,Douglas C 47Bzk,Port Underwood New,Airways National Zealand Zealandnew,2,2,0,2
1955,Qtr 2,April,4,1955-04-04,New,Douglas,Douglas Dc 6N37512,Islip New,Lines Air Yorkunited,3,3,0,3
1985,Qtr 1,January,20,1985-01-20,New,Bell,Bell 206 L 1N40Te,Carson New,Ems - Taxi Mexicoair,3,3,0,3
1934,Qtr 2,June,9,1934-06-09,New,Curtiss,Curtiss Condor T 32Nc12354,Mongaup Mountain New,Airways Yorkamerican,7,7,0,7
1952,Qtr 2,April,5,1952-04-05,New,Curtiss,Curtiss C 46F,New York New,Airlines Yorkus,2,2,3,5
1970,Qtr 4,October,10,1970-10-10,New,Lockheed,Lockheed L 100,Fort Dix New,Airways Jerseysaturn,3,3,0,3
1920,Qtr 2,April,11,1920-04-11,New,Curtiss,Curtiss Jn 4H44,Heller Field New,Service Mail Aerial Jerseyus,2,1,0,1
1984,Qtr 2,June,19,1984-06-19,New,Aerospatiale,Aerospeciale As 350Dn5784M,Island Beach New,Corp. Helicopters Raco - Taxi Jerseyair,3,3,0,3
1986,Qtr 2,April,2,1986-04-02,New,Lockheed,Lockheed Hc 130P Hercules66,Near Magdalena New,Force Air U.S. - Mexicomilitary,11,11,0,11
1969,Qtr 3,July,26,1969-07-26,New,Boeing,Boeing 707 331Cn787Tw,Atlantic City New,Airlines World Jerseytrans,5,5,0,5
1994,Qtr 1,March,2,1994-03-02,New,Mcdonnell,Mcdonnell Douglas Md 82N18835,New York New,Airlines Yorkcontinental,116,0,0,0
1920,Qtr 2,April,10,1920-04-10,New,Curtiss,Curtiss R 4Lm49,Newark New,Service Mail Aerial Jerseyus,2,1,0,1
1990,Qtr 3,July,5,1990-07-05,New,Britten,Britten  Norman 2B,Near Port Morseby New,Airways Guineadouglas,12,8,0,8
1928,Qtr 1,January,8,1928-01-08,New,Fairchild,Fairchild Fc 2Nc3780,Near Canajoharie New,Airlines Western Yorkcolonial,3,3,0,3
1950,Qtr 3,September,4,1950-09-04,New,Douglas,Douglas Dc 3N18936,Utica New,Airlines Yorkrobinson,23,16,0,16
2009,Qtr 1,February,12,2009-02-12,New,Bombardier,Bombardier Dhc 8,Clarence Center New,Air Connection/Colgan Yorkcontinental,49,49,1,50
1976,Qtr 4,December,12,1976-12-12,New,De Havilland,De Havilland Canada Dhc 6 Twin Otter 300N101Ac,Cape May New,Airlines City Jerseyatlantic,10,3,0,3
1948,Qtr 4,October,23,1948-10-23,New,Lockheed,Lockheed 10A Electrazk Agk,Mt. Ruapehu New,Airways National Zealand Zealandnew,13,13,0,13
1947,Qtr 1,January,5,1947-01-05,New,Douglas,Douglas Dc 3N50046,Carmel New,Transport Air Jerseynationwide,23,3,0,3
1912,Qtr 3,July,12,1912-07-12,New,Dirigible,Dirigible,Atlantic City New,Navy U.S. - Jerseymilitary,5,5,0,5
2009,Qtr 1,January,15,2009-01-15,New,Airbus,Airbus A320 214N106Us,New York New,Airways Yorkus,155,0,0,0
1952,Qtr 1,February,11,1952-02-11,New,Douglas,Douglas Dc 6N90891,Elizabeth New,Airlines Jerseynational,63,29,4,33
1945,Qtr 4,December,30,1945-12-30,New,Douglas,Douglas Dc 3Nc18L23,New York City New,Lines Air Yorkeastern,12,1,0,1
1929,Qtr 1,March,17,1929-03-17,New,Ford,Ford 5 At,Newark New,Airlines Western Jerseycolonial,15,14,0,14
1927,Qtr 3,September,17,1927-09-17,New,Fokker,Fokker F Viinc776,Hadley New,Airways Jerseyreynolds,12,7,0,7
1989,Qtr 3,July,31,1989-07-31,New,Convair,Convair Cv 580Zk,Auckland New,Zealand New Freight Zealandair,3,3,0,3
2005,Qtr 1,January,13,2005-01-13,New,Embraer,Embraer Emb 110 Bandeiranten49Ba,Keene New,Hampshireairnow,1,1,0,1
1949,Qtr 3,July,30,1949-07-30,New,Douglas,Douglas Dc 3,Chesterfield New,Usn - Military / Lines Air Jerseyeastern,16,16,0,16
1951,Qtr 4,November,5,1951-11-05,New,Martin,Martin 202N93039,Near Tucumcari New,Lines Air Mexicotransocean,29,1,0,1
1931,Qtr 1,February,8,1931-02-08,New,De Havilland,Desoutter Iizk Aca,Wairoa New,Lines Air Zealanddominion,3,3,0,3
1989,Qtr 3,July,21,1989-07-21,New,De Havilland,De Havilland Canada Dhc 6 Twin Otter 300P2,Porgera New,Guineatalair,22,3,0,3
1951,Qtr 2,May,6,1951-05-06,New,Convair,Convair B 36D49,Near Albuquerque New,Force Air U.S. - Mexicomilitary,25,23,0,23
1972,Qtr 1,March,3,1972-03-03,New,Fairchild,Fairchild  Hiller Fh,Albany New,Airlines Yorkmohawk,48,16,1,17
1993,Qtr 4,October,25,1993-10-25,New,Gaf,Gaf Nomad N 22Zk,Franz Josef Glacier New,Air Zealandhibiscus,9,9,0,9
1927,Qtr 4,October,30,1927-10-30,New,Fairchild,Fairchild Fc 2,New Brunswick New,Transport Air Jerseycolonial,4,4,0,4
1972,Qtr 2,April,17,1972-04-17,New,Bell,Bell 47J 2N8467E,New York New,Helicopter Yorkhelaire,3,3,0,3
1933,Qtr 3,August,29,1933-08-29,New,Ford,Ford 5 At,Quay New,Air Western And Continental Mexicotrans,5,5,0,5
1981,Qtr 1,February,11,1981-02-11,New,Lockheed,Lockheed 1339N520S,White Plains New,Corporate - Yorkprivate,8,8,0,8
1956,Qtr 2,June,20,1956-06-20,New,Lockheed,Lockheed 1049E 55 Super Constellationyv,Asbury Park New,Venezolana Aeropostal Jerseylinea,74,74,0,74
1989,Qtr 3,August,8,1989-08-08,New,Britten,Britten  Norman Bn,Near Midford Sound New,Air Zealandaspring,10,10,0,10
1963,Qtr 3,July,3,1963-07-03,New,Douglas,Douglas Dc 3Zk,Mt. Ngatamahinerua New,Airways National Zealand Zealandnew,23,23,0,23
1972,Qtr 3,August,28,1972-08-28,New,De Havilland,De Havilland Canada Dhc 4 Cariboua4,Papua New,Force Air Australian Royal - Guineamilitary,29,25,0,25
1956,Qtr 3,July,13,1956-07-13,New,Douglas,Douglas C 118A53,Near Brows Mills New,Force Air U.S. - Jerseymilitary,66,46,0,46
1962,Qtr 4,November,30,1962-11-30,New,Douglas,Douglas Dc 7Bn815D,New York New,Lines Air Yorkeastern,51,25,0,25
1996,Qtr 3,July,9,1996-07-09,New,De Havilland,De Havilland Canada Dhc 6 Twin Otter 300P2,Papua New,Air Bay Guineamilne,20,20,0,20
1958,Qtr 1,March,22,1958-03-22,New,Lockheed,Lockheed 18 Lodestarn300E,Grants New,Mexicoprivate,4,4,0,4
1937,Qtr 3,July,2,1937-07-02,New,Lockheed,Lockheed 10E Electranr16020,Off Lae New,Foundation Reasearch Purdue - Guineaprivate,2,2,0,2
2018,Qtr 1,March,11,2018-03-11,New,Eurocopter,Eurocopter As 350B2N350Lh,New York New,Helicopters Yorkliberty,6,5,0,5
1954,Qtr 2,May,22,1954-05-22,New,Douglas,Douglas Dc 3Zk,Paraparaumu New,Airways National Zealand Zealandnew,28,3,0,3
1949,Qtr 1,March,18,1949-03-18,New,Lockheed,Lockheed 18 Lodestarzk Akx,Near Waikanae New,Airways National Zealand Zealandnew,15,15,0,15
1938,Qtr 3,August,29,1938-08-29,New,Ford,Ford Tri Motornc17316,Near Tucumcari New,Air &Western Mexicotranscontinental,11,0,0,0
1959,Qtr 3,August,15,1959-08-15,New,Boeing,Boeing 707 123N7514A,Calverton New,Airlines Yorkamerican,5,5,0,5
1963,Qtr 3,July,2,1963-07-02,New,Martin,Martin 404N449A,Rochester New,Airlines Yorkmohawk,43,7,0,7
1949,Qtr 1,January,30,1949-01-30,New,Lockheed,Lockheed L 749 / Cessna 140Nc86530/Nc76981,Port Washington New,Airways World American Yorkpan,35,2,0,2
1947,Qtr 2,May,11,1947-05-11,New,Lockheed,Lockheed L 049 Constellationnc86508,Delaware Bay New,Air Western And Continental Jerseytrans,4,4,0,4
1951,Qtr 3,July,16,1951-07-16,New,De Havilland,De Havilland Dha 3 Drover Iivh,Off Lae New,Guineaqantas,7,7,0,7
1994,Qtr 3,August,12,1994-08-12,New,Bell,Bell 206L 4N124Nh,Whiting New,Helicopters National - Taxi Jerseyair,3,3,0,3
1933,Qtr 4,November,10,1933-11-10,New,Northrop,Northrop Deltanc12292,Moriarty New,Air Western And Continental Mexicotrans,1,0,0,0
1996,Qtr 3,July,17,1996-07-17,New,Boeing,Boeing B 747,Off East Moriches New,Airlines World Yorktrans,230,230,0,230
1937,Qtr 2,May,6,1937-05-06,New,Zeppelin,Zeppelin Lz 129D,Lakehurst New,Reederei Zeppelin Jerseydeutsche,97,35,1,36
1968,Qtr 3,September,8,1968-09-08,New,Cessna,Cessna 402 / Piper Pa 28N8283F / N8828W,Flushing New,Air - Flying Speeds / Taxi Air - Aviation Yorkfar,9,2,0,2
1926,Qtr 3,September,26,1926-09-26,New,Sirkorsky,Sikorsky S 25,New York New,York?,5,2,0,2
1920,Qtr 3,September,1,1920-09-01,New,Junkers,Junkers Jl 6305,Morristown New,Service Mail Aerial Jerseyus,2,2,0,2
1989,Qtr 4,October,10,1989-10-10,New,Agusta,Agusta A109A Mk Iin21Fl,Lacey Township New,Corp. Aviation Paramount - Taxi Jerseyair,5,5,0,5
1945,Qtr 2,May,13,1945-05-13,New,Douglas,Douglas C 47B,Iran Jayas New,Forces Air Army U.S. - Guineamilitary,23,20,0,20
1957,Qtr 4,November,21,1957-11-21,New,Bristol,Bristol 170 Freighter 31Zk Ayh,Christchurch New,Express Freight Air Zealandstraits,4,4,0,4
1945,Qtr 2,May,5,1945-05-05,New,Douglas,Douglas C 54E,Manus Island New,Forces Air Army U.S. - Guineamilitary,21,21,0,21
2002,Qtr 4,November,8,2002-11-08,New,Iai,Iai 1124A Westwindn61Rs,Taos New,Aviation Mexicorichmor,2,2,0,2
1919,Qtr 4,October,30,1919-10-30,New,De Havilland,De Havilland Dh.477,Long Valley New,Service Mail Aerial Jerseyus,1,1,0,1
1983,Qtr 1,March,30,1983-03-30,New,Learjet,Learjet 25N51Ca,Newark New,Airlines Jerseycentral,2,2,0,2
1933,Qtr 2,April,4,1933-04-04,New,Goodyear,Goodyear  Zeppelin U.S.S. Akron (Airship)Zrs,Off Barnegat New,Navy U.S. - Jerseymilitary,76,73,0,73
1947,Qtr 4,November,11,1947-11-11,New,Douglas,Douglas Dc 6Nc90741,Gallup New,Airlines Mexicoamerican,25,0,0,0
1953,Qtr 3,September,16,1953-09-16,New,Convair,Convair Cv 240,Albany New,Airlines Yorkamerican,28,28,0,28
1936,Qtr 2,April,1,1936-04-01,New,Stinson,Stinson Model Anc15152,Pavillon New,Airlines Yorkamerican,2,2,0,2
1943,Qtr 2,April,22,1943-04-22,New,Shorts,Short S 23Vh,Off Port Moresby New,Guineaqantas,31,13,0,13
1992,Qtr 1,March,22,1992-03-22,New,Fokker,Fokker F 28 Fellowship 4000N485Us,La Guardia Airport New,New York          York Usair,51,27,0,27
1968,Qtr 4,October,25,1968-10-25,New,Fairchild,Fairchild  Hiller Fh227Cn380Ne,Hanover New,Airlines Hampshirenortheast,42,32,0,32
1952,Qtr 1,January,22,1952-01-22,New,Convair,Convair Cv 240,Elizabeth New,Airlines Jerseyamerican,23,23,7,30
1931,Qtr 4,November,5,1931-11-05,New,Lockheed,Lockheed Orion 9Nc12221,Camden New,Phil.          Jerseyny,5,5,0,5
1963,Qtr 4,October,14,1963-10-14,New,Boeing,Boeing Vetrol 107 Ii Helicoptern6673D,Jamaica New,Airways York Yorknew,6,6,0,6
1938,Qtr 2,May,10,1938-05-10,New,Lockheed,Lockheed 10 Electrazk Afc,Mangere New,Zealand New Of Airways Zealandunited,2,2,0,2
1929,Qtr 3,August,11,1929-08-11,New,Lockheed,Lockheed 5 Veganc870E,Clovis New,Airlines States Mexicomiddle,4,4,0,4
1989,Qtr 3,September,20,1989-09-20,New,Boeing,Boeing B 737,La Guardia Airport New,New York          York Usair,63,2,0,2
1951,Qtr 4,December,29,1951-12-29,New,Curtiss,Curtiss C 46A,Near Little Valley New,Charters Yorkcontinental,40,26,0,26
1918,Qtr 4,December,16,1918-12-16,New,De Havilland,De Havilland Dh 497,Elizabeth New,Service Mail Aerial Jerseyus,1,1,0,1
1951,Qtr 4,December,16,1951-12-16,New,Curtiss,Curtiss Wright C 46Fn1678M,Elizabeth New,Airlines Jerseymiami,56,56,1,57
1953,Qtr 4,October,19,1953-10-19,New,Lockheed,Lockheed 749A Constellationn119A,New York City New,Lines Air Yorkeastern,27,2,0,2
1992,Qtr 3,July,30,1992-07-30,New,Lockheed,Lockheed L 1011N11002,Jfk Airport New,New York          York Trans World Airlines,292,0,0,0
1954,Qtr 4,November,30,1954-11-30,New,Douglas,Douglas Dc 3N17891,Berlin New,Airlines Hampshirenortheast,7,2,0,2
1996,Qtr 4,December,24,1996-12-24,New,Learjet,Learjet 35An388Ls,Dorchester New,Inc Group Charter Hampshireaircraft,2,2,0,2
1965,Qtr 4,December,4,1965-12-04,New,Boeing,Boeing B 707,Carmel New,Lines Air Eastern / Airlines World Yorktrans,112,4,0,4
1966,Qtr 3,July,4,1966-07-04,New,Douglas,Douglas Dc 8,Auckland New,Zealand New Zealandair,5,2,0,2
1998,Qtr 3,August,19,1998-08-19,New,Cessna,Cessna 402Czk Vac,Foveaux Strait New,Aviation Zealandvincent,10,5,0,5
2009,Qtr 3,August,8,2009-08-08,New,Eurocopter,Eurocopter As 350Ba / Piper Pa,New York New,Private / Tours Sightseeing Helicopter Yorkliberty,9,9,0,9
1946,Qtr 3,September,5,1946-09-05,Nevada,Douglas,Douglas Dc 3 (C,Elko Nevada,Airlines Trans-Luxury,22,21,0,21
1985,Qtr 1,January,21,1985-01-21,Nevada,Lockheed,Lockheed L 188A Electran5532,Reno Nevada,Airlines Galaxy,71,70,0,70
1994,Qtr 2,April,3,1994-04-03,Nevada,Bell,Bell 206B3N27736,Lamoille Nevada,Inc. Services Aero El - Taxi Air,5,5,0,5
1983,Qtr 2,June,28,1983-06-28,Nevada,Lockheed,Lockheed C 130H Hercules74,Las Vegas Nevada,Force Air U.S. - Military,6,6,0,6
1921,Qtr 1,February,22,1921-02-22,Nevada,De Havilland,De Havilland Dh 467,Elko Nevada,Service Mail Aerial Us,1,1,0,1
1970,Qtr 3,August,3,1970-08-03,Nevada,Lockheed,Lockheed P 3A Orion152159,Near Las Vegas Nevada,Navy States United - Military,10,10,0,10
1942,Qtr 1,January,16,1942-01-16,Nevada,Douglas,Douglas Dc 3Nc1946,Near Las Vegas Nevada,Air Western And Continental Trans,22,22,0,22
1981,Qtr 3,September,21,1981-09-21,Nevada,Lockheed,Lockheed C 130H Hercules74,Nellis Afb Nevada,Force Air U.S. - Military,70,7,0,7
2011,Qtr 3,September,16,2011-09-16,Nevada,North,North American P 51D,Reno Nevada,Corp Trans Aero - Private,1,1,10,11
1978,Qtr 3,August,30,1978-08-30,Nevada,Piper,Piper Pa 31,Las Vegas Nevada,Airlines Vegas Las,10,10,0,10
2009,Qtr 4,November,14,2009-11-14,Nevada,Aerospatiale,Aerospatiale As350N5793P,Near Reno Nevada,Lifeflight Mountain,3,3,0,3
1955,Qtr 4,November,17,1955-11-17,Nevada,Douglas,Douglas Mc 54M44,Near Las Vegas Nevada,Force Air U.S. - Military,14,14,0,14
1968,Qtr 1,January,10,1968-01-10,Nevada,Douglas,Douglas C 54P50850,Near Copper Canyon Nevada,Corps Marine U.S. - Military,19,19,0,19
2011,Qtr 4,December,7,2011-12-07,Nevada,Aerospatiale,Aerospatiale As 350 B2 Ecureuiln37Sh,Near Henderson Nevada,Inc. Helicopters Sundance,5,5,0,5
1964,Qtr 4,November,15,1964-11-15,Nevada,Fairchild,Fairchild F 27An745L,Las Vegas Nevada,Airlines Bonanza,29,29,0,29
1964,Qtr 1,March,1,1964-03-01,Nevada,Lockheed,Lockheed 049 Constellationn86504,Near Zephyr Cove Nevada,Airlines Paradise,85,85,0,85
2004,Qtr 1,March,16,2004-03-16,Nevada,Beechcraft,Beechcraft 1900Cn27Ra,Tonopah Nevada,Force Air States United - Military,5,5,0,5
2009,Qtr 1,February,25,2009-02-25,Netherlands,Boeing,Boeing 737 8F2Tc,Amsterdam Netherlands,Airlines Turkish,134,9,0,9
1994,Qtr 2,April,4,1994-04-04,Netherlands,Saab,Saab 340Bph Ksh,Amsterdam Netherlands,Cityhopper Klm,24,3,0,3
1992,Qtr 3,September,18,1992-09-18,Netherlands,Douglas,Douglas C 118Ayv,Off Curacao Netherlands,Ejecutivos Antillesaero,3,3,0,3
1992,Qtr 4,October,4,1992-10-04,Netherlands,Boeing,Boeing B 747,Amsterdam Netherlands,Al El,4,4,39,43
1935,Qtr 3,July,14,1935-07-14,Netherlands,Fokker,Fokker F Xxiiph,Amsterdam Netherlands,Airlines Dutch Royal Klm,20,6,0,6
1981,Qtr 4,October,6,1981-10-06,Netherlands,Fokker,Fokker F 28 Fellowship 4000Ph,Moerdijk Netherlands,Maatschappij) Luchtvaart (Nederlandse Nlm,17,17,0,17
2009,Qtr 4,October,22,2009-10-22,Netherlands,Britten,Britten  Norman Bn,Off Bonaire Netherlands,Air Divi Antillesdivi,10,1,0,1
1928,Qtr 3,July,24,1928-07-24,Netherlands,Fokker,Fokker (Klm) F.Iiih Nabr,Waalhaven Netherlands,Airlines Dutch Royal Klm,6,1,0,1
1996,Qtr 3,September,25,1996-09-25,Netherlands,Douglas,Douglas Dc 3Cph,Waddenzee Netherlands,Association Dakota Dutch,32,32,0,32
1938,Qtr 4,December,9,1938-12-09,Netherlands,Lockheed,Lockheed 14 Wf62 Super Electraph,Amsterdam Netherlands,Airlines Dutch Royal Klm,4,4,0,4
1946,Qtr 4,November,14,1946-11-14,Netherlands,Douglas,Douglas C 47A,Amsterdam Netherlands,Airlines Dutch Royal Klm,26,26,0,26
1972,Qtr 4,December,21,1972-12-21,Netherlands,De Havilland,De Havilland Canada Dhc 6 Twin Otter 300F,Off St. Maarten Off Netherlands,Guadeloupe Antillesair,13,13,0,13
1937,Qtr 4,October,6,1937-10-06,Netherlands,Douglas,Douglas Dc 3Ph,Palembang Netherlands,Airlines Dutch Royal Indiesklm,11,4,0,4
1970,Qtr 3,August,30,1970-08-30,Netherlands,Britten,Britten  Norman Bn,Haringvreter Netherlands,Airways Continental Dutch,10,3,0,3
1953,Qtr 2,May,25,1953-05-25,Netherlands,Convair,Convair Cv 240,Amsterdam Netherlands,Airlines Dutch Royal Klm,34,0,2,2
1960,Qtr 4,November,5,1960-11-05,Nepal,Douglas,Douglas C 47A9N,Bhairawa Nepal,Airlines Nepal Royal,4,4,0,4
2023,Qtr 1,January,15,2023-01-15,Nepal,Atr,Atr 72 500,Pokhara Nepal,Airlines Yeti,72,72,0,72
1998,Qtr 3,August,21,1998-08-21,Nepal,De Havilland,De Havilland Canada Dhc 6 Twin Otter 3009N,Near Ghorepani Nepal,Airways Lumbini,18,18,0,18
2004,Qtr 2,May,25,2004-05-25,Nepal,De Havilland,De Havilland Dhc 6 Twin Otter 3009N,Near Lukla Nepal,Airlines Yeti,3,3,0,3
2002,Qtr 3,August,22,2002-08-22,Nepal,De Havilland,De Havilland Canada Dhc 6,Pokhara Nepal,Air La Shangri,18,18,0,18
1981,Qtr 4,November,19,1981-11-19,Nepal,Pilatus,Pilatus Pc 6/B2,Biratnagar Nepal,Airlines Nepal Royal,10,10,0,10
2012,Qtr 2,May,14,2012-05-14,Nepal,Dornier,Dornier 228 2129N,Jomsom Nepal,Air Agni,21,15,0,15
2002,Qtr 3,July,17,2002-07-17,Nepal,De Havilland,De Havilland Canada Dhc 6 Twin Otter 3009N,Surkhet Nepal,Airways Skyline,4,4,0,4
2010,Qtr 4,December,15,2010-12-15,Nepal,De Havilland,De Havilland Canada Dhc 6 Twin Otter9N,Palunge Hill Nepal,Air Tara,22,22,0,22
2017,Qtr 2,May,27,2017-05-27,Nepal,Let,Let L 410Uvp,Tenzing Nepal,Air Summit,3,2,0,2
2008,Qtr 1,March,3,2008-03-03,Nepal,Mi,Mi  17,Near Bethani Nepal,Mission Nations United,10,10,0,10
2011,Qtr 3,September,25,2011-09-25,Nepal,Beechcraft,Beechcraft 1900D9N Aek,Near Kathmandu Nepal,Air Buddha,19,19,0,19
1995,Qtr 1,January,17,1995-01-17,Nepal,De Havilland,De Havilland Canada Dhc 6 Twin Otter 3009N,Kathmandu Nepal,Airlines Nepal Royal,24,2,0,2
1955,Qtr 3,August,30,1955-08-30,Nepal,Douglas,Douglas C 47Avt,Simra Nepal,Airlines Kalinga,3,2,0,2
1999,Qtr 3,September,5,1999-09-05,Nepal,Hawker,Hawker Siddeley Hs 748,Near Kathmandu Nepal,Air Necon,15,15,0,15
1969,Qtr 3,July,12,1969-07-12,Nepal,Douglas,Douglas Dc 39N,Hitauda Nepal,Airlines Nepal Royal,35,35,0,35
2016,Qtr 1,February,24,2016-02-24,Nepal,De Havilland,De Havilland Dhc 6 Twin Otter 4009N,Dana Nepal,Air Tara,23,23,0,23
1956,Qtr 2,May,15,1956-05-15,Nepal,Douglas,Douglas Dc 3Vt,Kathmandu Nepal,Airlines Indian,31,14,1,15
1992,Qtr 3,September,28,1992-09-28,Nepal,Airbus,Airbus A300B4 203Ap,Near  Kathmandu Nepal,Airlines International Pakistan,167,167,0,167
2010,Qtr 3,August,24,2010-08-24,Nepal,Dornier,Dornier 228 1019Nahe,Bastipur Nepal,Air Agni,14,14,0,14
1984,Qtr 4,December,22,1984-12-22,Nepal,De Havilland,De Havilland Canada Dhc 6 Twin Otter 3009N,Near Bhojpur Nepal,Airlines Nepal Royal,23,15,0,15
1993,Qtr 3,July,31,1993-07-31,Nepal,Dornier,Dornier Do 228,Devghat Nepal,Air Everest,19,19,0,19
1999,Qtr 4,December,25,1999-12-25,Nepal,De Havilland,De Havilland Canada Dhc 6 Twin Otter9N,Near Simara Nepal,Airways Skyline,10,10,0,10
1992,Qtr 3,July,31,1992-07-31,Nepal,Airbus,Airbus A310 304Hs,Near Kathmandu Nepal,Airways Thai,113,113,0,113
2014,Qtr 1,February,16,2014-02-16,Nepal,De Havilland,De Havilland Canada Dhc 6 Twin Otter 3009N,Sandhikhark Nepal,Airlines Nepal,18,18,0,18
2016,Qtr 1,February,26,2016-02-26,Nepal,Pac,Pac 750Xl9N Ajb,250 Miles Northwest Of Kathmandu Nepal,Airlines Kasthamandap,11,2,0,2
2012,Qtr 3,September,28,2012-09-28,Nepal,Dornier,Dornier 228 2029N,Kathmandu Nepal,Air Sita,19,19,0,19
1962,Qtr 3,August,1,1962-08-01,Nepal,Douglas,Douglas Dc 39N,Near Kathmandu Nepal,Airlines Nepal Royal,10,10,0,10
1985,Qtr 4,December,30,1985-12-30,Nepal,Shorts,Short Sc7  Skyvanran,Near Dhangadhi Nepal,Force Air Nepalese Royal - Military,25,25,0,25
2008,Qtr 4,October,8,2008-10-08,Nepal,De Havilland,De Havilland Canada Dhc 6 Twin Otter 3009N,Lukla Nepal,Airlines Yeti,19,18,0,18
1999,Qtr 3,July,7,1999-07-07,Nepal,Boeing,Boeing 727 243Fvt,Near Kathmandu Nepal,Airlines Cargo Lufthansa,5,5,0,5
2000,Qtr 3,July,27,2000-07-27,Nepal,De Havilland,De Havilland Canada Dhc 6 Twin Otter 3009N,Jodhura Nepal,Airlines Nepal Royal,25,25,0,25
1958,Qtr 1,March,24,1958-03-24,Nepal,Douglas,Douglas Dc 3Vt,Near Kathmandu Nepal,Airlines Indian,20,20,0,20
2018,Qtr 1,March,12,2018-03-12,Nepal,De Havilland,De Havilland Canada Dhc 8,Kathmandu Nepal,Airlines Us-Bangla,71,51,0,51
1972,Qtr 3,September,13,1972-09-13,Nepal,Douglas,Douglas C 479N,Near Dhulikhel Nepal,Force Air Nepalese Royal - Military,31,31,0,31
1930,Qtr 1,January,10,1930-01-10,Nebraska,Boeing,Boeing 95Nc184E,Brawnson Nebraska,Transport Air Boeing,1,1,0,1
1944,Qtr 3,August,3,1944-08-03,Nebraska,Douglas,Douglas C 47A,Naper Nebraska,Forces Air Army U.S. - Military,28,28,0,28
1966,Qtr 3,August,6,1966-08-06,Nebraska,Bac,Bac One Eleven 203Aen1553,Near Falls City Nebraska,Airlines Braniff,42,42,0,42
1928,Qtr 1,February,26,1928-02-26,Nebraska,Boeing,Boeing 40Nc280,Marquette Nebraska,Transport Air Boeing,2,1,0,1
1980,Qtr 2,June,12,1980-06-12,Nebraska,Swearingen,Swearingen 226Tc Metro Iin6505,Valley Nebraska,Wisconsin Air,15,13,0,13
1935,Qtr 3,August,15,1935-08-15,Near,Lockheed,Lockheed Orion 9E Explorer Float Planenr12283,Walakpa Near,Alaska         Barrow Point Private,2,2,0,2
1992,Qtr 1,January,20,1992-01-20,Near,Airbus,Airbus A320 111F,Mt. Saint-Odile Near,France          Strasbourg Air Inter,96,87,0,87
1967,Qtr 2,June,3,1967-06-03,Near,Douglas,Douglas C54Ag Apyk,Mt. Canigou Near,France          Roussillon Air Ferry Ltd,88,88,0,88
1952,Qtr 3,July,18,1952-07-18,Near,Fairchild,Fairchild Packet (C119 Flying Boxcar),Whiting Field Near,Florida          Milton Military - Navy,46,41,0,41
1994,Qtr 4,October,12,1994-10-12,Near,Fokker,Fokker F 28 Fellowship 1000Ep,Krakas Mountains Near,Iran          Natanz Iran Asseman Airlines,66,66,0,66
2013,Qtr 2,June,25,2013-06-25,Near,Mi,Mi 172 V5 Helicopter,Gaurikund Near,Uttarakhand State          Kedarnath,20,20,0,20
1980,Qtr 1,January,21,1980-01-21,Near,Boeing,Boeing B 727,Elburz Mtns. Near,Iran          Tehran Iran Air,128,128,0,128
1981,Qtr 4,December,1,1981-12-01,Near,Mcdonnell,Mcdonnell Douglas Md 81Yu,Mt. San Pietro Near,Corsica          Ajaccio,180,180,0,180
1932,Qtr 3,July,16,1932-07-16,Near,Ford,Ford 5 At,Mount El Plomo Near,Chile          Vitacura Panagra,9,9,0,9
1951,Qtr 2,June,30,1951-06-30,Near,Douglas,Douglas Dc 6Bn37543,Rocky Mountain Nat. Park Near,Colorado         Collins Ft. United Air Lines,50,50,0,50
1997,Qtr 4,October,12,1997-10-12,Near,Rutan,Rutan Long Ez (Experimental Aircraft)N555Jd,Monterey Bay Near,California         Grove Pacific Private,1,1,0,1
1985,Qtr 3,August,12,1985-08-12,Near,Boeing,Boeing B 747,Mt. Osutaka Near,Japan         Village Ueno Japan Air Lines,524,520,0,520
1988,Qtr 3,July,3,1988-07-03,Near,Airbus,Airbus A300B2 203Ep,Over The Persian Gulf Near,Iran         Abbas Bandar Iran Air,290,290,0,290
2015,Qtr 3,September,5,2015-09-05,Near,Hawker,Hawker Siddeley Hs 1256V,Off Dakar Near,Senegal          Dioubel Senegalair,7,7,0,7
1951,Qtr 2,April,6,1951-04-06,Near,Douglas,Douglas Dc 3N63439,Refugio Pass Near,California         Barbara Santa Southwest Airways,22,22,0,22
1977,Qtr 4,December,4,1977-12-04,Near,Boeing,Boeing B 737,Straits Of Johore Near,Malaysia         Ladang Kampung Malaysia Airlines,100,100,0,100
1929,Qtr 3,September,3,1929-09-03,Near,Ford,Ford 5 At,Mt. Taylor Near,New Mexico          Grants Trans Continental Air Transport,8,8,0,8
1965,Qtr 4,November,8,1965-11-08,Near,Boeing,Boeing B 727,Cincinnati Airport Near,Kentucky          Covington American Airlines,62,58,0,58
1942,Qtr 1,February,15,1942-02-15,Near,Consolidated,Consolidated Liberatorg Agdr,English Channel Near,England          Plymouth British Overseas Airways,9,9,0,9
1965,Qtr 3,August,16,1965-08-16,Near,Boeing,Boeing B 727,Lake Michigan Near,Illinois          Chicago United Air Lines,30,30,0,30
1970,Qtr 4,October,2,1970-10-02,Near,Martin,Martin 404N464M,Mt. Trelease Near,Colorado         Plume Silver Charter,40,32,0,32
1948,Qtr 1,January,30,1948-01-30,Ne,Avro,Avro 688 Tudor Ig Ahnp,Atlantic Ocean Ne,Airways American South Bermudabritish Of,31,31,0,31
2006,Qtr 2,June,21,2006-06-21,Napal,De Havilland,De Havilland Canada Dhc 6 Twin Otter 3009N,Jumla Napal,Airlines Yeti,9,9,0,9
2013,Qtr 4,November,29,2013-11-29,Namibia,Embraer,Embraer Erj 190Arc9,Bwabwata National Park Nambia,Airline Mozambique,33,33,0,33
2003,Qtr 2,June,26,2003-06-26,Namibia,Cessna,Cessna 208B Grand Caravanv5 Cas,Near Rooisand Desert Ranch Namibia,Aviation Comvac,4,4,0,4
1952,Qtr 1,February,28,1952-02-28,N/A,Douglas,Douglas Dc 3App,Uberlandia,Brasil Do Brazilpanair,8,8,0,8
1935,Qtr 4,October,9,1935-10-09,N/A,Junkers,Junkers F 13Oh,Gulf Of Finlandaero O-Y,N/A,6,6,0,6
1942,Qtr 4,October,30,1942-10-30,N/A,Handley,Handley Page Hp 57 Halifaxw7773,Norwaymilitary - Royal Air Force,N/A,10,10,0,10
1926,Qtr 4,October,21,1926-10-21,N/A,Handley,Handley Page W 10G,English Channelimperial Airways,N/A,12,0,0,0
1964,Qtr 1,March,8,1964-03-08,N/A,Douglas,Douglas Dc 3N410D,Near Chicago Illinoissnow Valley Ski Lines,N/A,30,1,0,1
1947,Qtr 3,August,6,1947-08-06,N/A,Consolidated,Consolidated Pby 5A Catalina34032,North Pacific Oceanmilitary - U.S. Navy,N/A,20,20,0,20
1956,Qtr 4,October,16,1956-10-16,N/A,Boeing,Boeing  377 Stratocruisern90943,Over The Pacific Oceanpan American World Airways,N/A,31,0,0,0
1966,Qtr 3,July,15,1966-07-15,N/A,Lockheed,Lockheed C 130B Hercules24142,Pakistanmilitary - Pakistan Air Force,N/A,10,10,0,10
1995,Qtr 3,September,15,1995-09-15,N/A,Fokker,Fokker 509M Mgh,Tawau,Airlines Malaysiamalaysia,53,34,0,34
1927,Qtr 4,November,16,1927-11-16,N/A,Junkers,Junkers F 13K,Over The Gulf Of Finlandaero O-Y,N/A,6,6,0,6
1963,Qtr 3,September,2,1963-09-02,N/A,Curtiss,Curtiss C 46 Commando,Northeast Laos?,N/A,16,15,0,15
1963,Qtr 1,February,8,1963-02-08,N/A,Antonov,Antonov An 10Acccp,Syktyvkar,N/A,7,7,0,7
1946,Qtr 4,November,16,1946-11-16,N/A,Douglas,Douglas C 47,North Pacific Oceanmilitary - U.S. Army Air Forces,N/A,23,23,0,23
1979,Qtr 3,September,14,1979-09-14,N/A,Mcdonnell,Mcdonnell Douglas Dc 9,Near Sarroch,Italiani Transporti Italyaero,31,31,0,31
1952,Qtr 2,June,13,1952-06-13,N/A,Douglas,Douglas Dc 379001,Baltic Seaswedish Air Force,N/A,8,8,0,8
1956,Qtr 4,October,28,1956-10-28,N/A,Curtiss,Curtiss C 46Su,Over The Mediterranean Seamilitary - Egyptian Air Force,N/A,16,16,0,16
1958,Qtr 2,April,21,1958-04-21,N/A,Douglas,Douglas Dc 7 / F,Near Sloan 10,Nevada      Vegas Las Of Sw Miles United Air Lines / Military - U.S. Air Force,49,49,0,49
1948,Qtr 3,July,16,1948-07-16,N/A,Consolidated,Consolidated Oa 10 Catalinavr,Pacific Ocean Between Hong Kong And Macaocathay Pacific Airways,N/A,26,25,0,25
1926,Qtr 2,May,31,1926-05-31,N/A,Breguet,Breguet 14F Adai,English Channelair Union,N/A,1,1,0,1
2014,Qtr 1,January,20,2014-01-20,N/A,Britten,Britten Norman Bn 2A,Near Petreasa Romaniascoala Superioara De Aviatie Civla,N/A,7,2,0,2
1944,Qtr 4,October,10,1944-10-10,N/A,Junkers,Junkers Ju 52/3Md,Bosniadeutsche Lufthansa,N/A,7,7,0,7
1941,Qtr 1,January,10,1941-01-10,N/A,Savoia,Savoia  Marchetti Sm,Mediterranean Sealati,N/A,16,16,0,16
1963,Qtr 2,June,3,1963-06-03,N/A,Douglas,Douglas Dc 7Cfn290,Pacific Ocean 116,Alaska      Island Annette Of Wsw Miles Northwest Orient Airlines,101,101,0,101
1944,Qtr 4,December,3,1944-12-03,N/A,Avro,Avro 683 Lancastercf Cmu,Atlantic Oceantrans-Canada Air Lines,N/A,5,5,0,5
1994,Qtr 1,March,17,1994-03-17,N/A,Lockheed,Lockheed Hercules C 1305,Near Nagmilitary - Iranian Air Force,N/A,32,32,0,32
1931,Qtr 4,December,9,1931-12-09,N/A,Cams,Cams 56F Aiox,Off Algiersaeropostale,N/A,2,2,0,2
1927,Qtr 3,September,17,1927-09-17,N/A,Fokker,Fokker F7Nx703,Atlantic Oceanprivate,N/A,3,3,0,3
1939,Qtr 1,January,21,1939-01-21,N/A,Shorts,Short S 23 (Flying Boat)G,Atlantic Ocean Between N.Y. And Bermudaimperial Airways,N/A,13,3,0,3
1965,Qtr 1,January,22,1965-01-22,N/A,Douglas,Douglas C 124C52,Mt. Helmos. Greecemilitary - U.S. Air Force,N/A,10,10,0,10
2014,Qtr 1,March,8,2014-03-08,N/A,Boeing,Boeing 777 2009M,South Indian Oceanmalaysia Airlines,N/A,239,239,0,239
1994,Qtr 4,November,22,1994-11-22,N/A,Britten,Britten Norman Bn 2A Trislanderp2,Papua New Guineasouthwest Air,N/A,7,7,0,7
1965,Qtr 3,August,24,1965-08-24,N/A,Lockheed,Lockheed Kc 130F149802,Hong Kongmilitary - U.S. Marine Corps,N/A,72,59,0,59
1943,Qtr 2,April,4,1943-04-04,N/A,Lockheed,Lockheed C 56B Lodestarg,North Seabritish Overseas Airways,N/A,7,7,0,7
1984,Qtr 1,March,31,1984-03-31,N/A,Cessna,Cessna 402Bn44Nc,Off  Biministate Airlines,N/A,6,6,0,6
1937,Qtr 2,June,20,1937-06-20,N/A,Travel,Travel Air 6000Ti 3,?Enta,N/A,6,6,0,6
1917,Qtr 1,March,30,1917-03-30,N/A,Schutte,Schutte  Lanz S,Off Northern Germanymilitary - German Navy,N/A,23,23,0,23
1943,Qtr 2,June,1,1943-06-01,N/A,Douglas,Douglas Dc 3G,Off The Coast Of Francebritish Overseas Airways,N/A,17,17,0,17
1944,Qtr 4,December,15,1944-12-15,N/A,Uc,Uc  64A Noorduyn Norseman44,English Channelmilitary - U.S. Army Air Forces,N/A,3,3,0,3
1995,Qtr 3,July,17,1995-07-17,N/A,De Havilland,De Havilland Canada Dhc 6 Twin Otter 300Pk,Bintuni,Airlines Nusantara Indonesiamerpati,18,1,0,1
1937,Qtr 2,June,2,1937-06-02,N/A,Sirkorsky,Sirkorsky S 43 (Flying Boat)2,Desertores Island Región De Los Lagosfuerzs Aerea De Chile,N/A,9,9,0,9
1994,Qtr 2,April,14,1994-04-14,N/A,Sirkorsky,Sikorsky Uh 60 / Sikorsky Uh,Northern Iraqmilitary - U.S. Army / Military U.S. Army,N/A,26,26,0,26
1952,Qtr 2,April,30,1952-04-30,N/A,Douglas,Douglas Dc 3Vt,Delhi,Airways Indiadeccan,9,9,0,9
1964,Qtr 1,March,28,1964-03-28,N/A,Douglas,Douglas C 54A,North Pacific Oceanprivate - Facilities Management Co.,N/A,9,9,0,9
1940,Qtr 4,November,27,1940-11-27,N/A,Farman,Farman F 224F,Mediterranean Seaair France,N/A,6,6,0,6
1943,Qtr 3,July,4,1943-07-04,N/A,Consolidated,Consolidated Liberator B24 Ca L,Gibraltar?,N/A,13,12,0,12
1943,Qtr 1,January,18,1943-01-18,N/A,Consolidated,Consolidated C 8741,Off The Brazilian Coast,Forces Air Army U.S. - Oceanmilitary Atlantic,26,26,0,26
1957,Qtr 3,September,18,1957-09-18,N/A,Convair,Convair Cv 440,Montevideo,Uruguayreal,35,1,0,1
1994,Qtr 4,December,10,1994-12-10,N/A,Boeing,Boeing B 747,Pacific Oceanphilippine Air Lines,N/A,293,1,0,1
1947,Qtr 1,January,25,1947-01-25,N/A,Douglas,Douglas C 47Api,Hong Kongphilippine Air Lines,N/A,4,4,0,4
1957,Qtr 1,March,22,1957-03-22,N/A,Boeing,Boeing C 97C50,Over The North Pacific Oceanmilitary - U.S. Air Force,N/A,67,67,0,67
1943,Qtr 2,June,8,1943-06-08,N/A,Douglas,Douglas C 47 Skytrain (Dc,Noumea,Navy Us - Caledoniamilitary New,23,23,0,23
1982,Qtr 2,April,30,1982-04-30,N/A,Sirkorsky,Sikorsky S 76C,Gulf Of Thailandokanagan Helicopters,N/A,13,13,0,13
2009,Qtr 2,June,1,2009-06-01,N/A,Airbus,Airbus A330 203F,Atlantic Ocean 570,Brazil       Natal Of Northeast Miles Air France,228,228,0,228
1960,Qtr 3,July,10,1960-07-10,N/A,Douglas,Douglas Dc 3Vt,Persian Gulfgulf Aviation (Kalinga Airways),N/A,20,20,0,20
1946,Qtr 2,April,30,1946-04-30,N/A,Douglas,Douglas C 47A Fz559,Pindi-Khut  -,Force Air Royal,12,12,0,12
1960,Qtr 2,April,14,1960-04-14,N/A,Douglas,Douglas Dc 4,Taipei -,Force Air Thai Royal,18,18,0,18
1923,Qtr 4,December,23,1923-12-23,N/A,Zeppelin,Zeppelin Dixmunde (Airship)L 72,Over The Mediterranean Seamilitary - French Navy,N/A,52,52,0,52
1931,Qtr 1,February,24,1931-02-24,N/A,Latecoere,Latecoere 32F Aitx,Off Spainaeropostale,N/A,3,1,0,1
1936,Qtr 3,September,25,1936-09-25,N/A,Boulton,Boulton And Paul P 71G,English Channelimperial Airways,N/A,2,2,0,2
1982,Qtr 2,May,19,1982-05-19,N/A,Westland,Westland Sea King Hc 4 (Helicopter)Za,South Atlantic Oceanmilitary - Royal British Navy,N/A,30,21,0,21
1924,Qtr 2,April,24,1924-04-24,N/A,Fokker,Fokker F.Iiih Nabs,Over The English Channelklm Royal Dutch Airlines,N/A,3,3,0,3
1936,Qtr 3,August,3,1936-08-03,N/A,Lockheed,Lockheed 9 Orionxa Bay,Ciudad Serdan,N/A,1,1,0,1
1924,Qtr 3,August,1,1924-08-01,N/A,De Havilland,De Havilland Dh 4297,United Statesus Aerial Mail Service,N/A,1,1,0,1
1982,Qtr 3,August,11,1982-08-11,N/A,Boeing,Boeing B 747,Pacific Oceanpan American World Airways,N/A,285,1,0,1
1981,Qtr 1,February,26,1981-02-26,N/A,Lockheed,Lockheed Mc 130E,Off Tabones Island  Philippinesmilitary - U.S. Air Force,N/A,24,23,0,23
1945,Qtr 4,November,11,1945-11-11,N/A,Douglas,Douglas C 54,Himalayasmilitary - U.S. Army,N/A,44,44,0,44
1951,Qtr 2,May,18,1951-05-18,N/A,Douglas,Douglas Dc 3Pp,Rancharia,Brazilvasp,7,7,0,7
1997,Qtr 4,December,28,1997-12-28,N/A,Boeing,Boeing B 747,Over The Pacific Oceanunited Air Lines,N/A,393,1,0,1
1960,Qtr 1,March,17,1960-03-17,N/A,Lockheed,Lockheed 188C Electran121Us,Near Cannelton 10,Indiana      City Tell Of Se Mile Northwest Orient Airlines,63,63,0,63
1959,Qtr 2,June,1,1959-06-01,N/A,Curtiss,Curtiss C 46Ti,Nicaraguaaerolineas Nacionales,N/A,60,60,0,60
1998,Qtr 3,September,2,1998-09-02,N/A,Antonov,Antonov An 26Ra,Angolapermaviatrans,N/A,24,24,0,24
1923,Qtr 4,November,18,1923-11-18,N/A,Junkers,Junkers F 13D,Russiacccp,N/A,5,3,0,3
1944,Qtr 4,October,17,1944-10-17,N/A,Junkers,Junkers Ju 52/3Md,Komarom,Hungary Deutsche Lufthansa,9,1,0,1
1945,Qtr 4,November,15,1945-11-15,N/A,Douglas,Douglas C 47 Dakota,Near Jacquinot Bay  New Guineamilitary - Royal Australian Air Force,N/A,28,28,0,28
1945,Qtr 4,December,5,1945-12-05,N/A,Five,Five Grumman Tbm Avengers,Off The Florida Coastmilitary - U.S. Navy,N/A,14,14,0,14
1982,Qtr 1,January,23,1982-01-23,N/A,Mcdonnell,Mcdonnell Douglas Dc 10,Logan Airport,Massachusetts          Boston World Airways,212,2,0,2
1942,Qtr 1,February,28,1942-02-28,N/A,Shorts,Short S 23 (Flying Boat)G,Indian Oceanbritish Overseas Airways,N/A,20,20,0,20
1951,Qtr 3,September,27,1951-09-27,N/A,Fairchild,Fairchild C 119C,Near Tachikawa Air Basemilitary - Us Air Force,N/A,14,14,0,14
1951,Qtr 4,October,15,1951-10-15,N/A,Boeing,Boeing C 97A Stratofreighter49,North Atlanticmilitary - U.S. Air Force,N/A,12,12,0,12
1936,Qtr 4,October,6,1936-10-06,N/A,Lockheed,Lockheed Orionxa Bdh,Francisco Rueda,Mexico          Tabasco Mexicana,1,1,0,1
1960,Qtr 1,February,26,1960-02-26,N/A,Antonov,Antonov 10Acccp 11180,Lvov-Snilow,Ukraineaeroflot,33,32,0,32
1981,Qtr 3,July,24,1981-07-24,N/A,De Havilland,De Havilland Canada Dhc 6 Twin Otter 3005R,Madagascarair Madagascar,N/A,19,19,0,19
1959,Qtr 4,November,16,1959-11-16,N/A,Douglas,Douglas Dc 7Bn4891C,Gulf Of Mexiconational Airlines,N/A,42,42,0,42
1999,Qtr 1,February,8,1999-02-08,N/A,Lockheed,Lockheed L 188A Electra9Q,Kinshasa,Karibu Congoair Republic Democratic,7,7,0,7
1960,Qtr 1,January,10,1960-01-10,N/A,De Havilland,De Havilland Canada U 1A Otter55,Gulf Of Sirtemilitary - U.S. Army,N/A,10,10,0,10
2009,Qtr 3,July,3,2009-07-03,N/A,Mil,Mil Mi 17,Near,Pakistan          Peshawar Military - Pakistan Army,26,26,0,26
1961,Qtr 1,January,22,1961-01-22,N/A,Lockheed,Lockheed Wv 2 Super Constellationbu143193,Midway Island Naval Air Stationmilitary - U.S. Navy,N/A,22,6,3,9
1931,Qtr 4,October,14,1931-10-14,N/A,Dornier,Dornier Walp Balsa,Brazilsyndicato Condor,N/A,3,3,0,3
1946,Qtr 3,September,25,1946-09-25,N/A,Douglas,Douglas C 47B,Near Hong Kong International Airportmilitary - Royal Air Force,N/A,19,19,0,19
1980,Qtr 1,January,2,1980-01-02,N/A,Britten,Britten Norman Bn Islanderhh Cnc,Haitihaïti Air Inter,N/A,9,9,0,9
1980,Qtr 1,January,11,1980-01-11,N/A,Cessna,Cessna 441 Conquestn442Nc,Over The Atlantic Oceanprivate Charter,N/A,2,2,0,2
1962,Qtr 2,April,19,1962-04-19,N/A,Douglas,Douglas C 47,Near Hong Kongmilitary - U.S. Air Force,N/A,16,15,0,15
1958,Qtr 3,September,2,1958-09-02,N/A,Douglas,Douglas C 124C Globemaster52,Off Guammilitary - U.S. Air Force,N/A,19,19,0,19
1980,Qtr 1,January,23,1980-01-23,N/A,Casa,Casa 212 Aviocar 100Pk Pcx,Mt. Cemonyet,Service Air Indonesiapelita,13,13,0,13
1958,Qtr 3,August,14,1958-08-14,N/A,Lockheed,Lockheed 1049H Super Constellationph Lkm,North Atlantic Ocean 100,Ireland      Bay Galway Of W Miles Klm Royal Dutch Airlines,99,99,0,99
1942,Qtr 3,September,24,1942-09-24,N/A,Shorts,Short S 30 (Flying Boat)G,Off West Africabritish Overseas Airways,N/A,19,19,0,19
1962,Qtr 4,November,23,1962-11-23,N/A,Douglas,Douglas C 54D7502,Sao Tomé & Principemilitary - Portuguese Air Force,N/A,37,23,0,23
2014,Qtr 4,December,28,2014-12-28,N/A,Airbus,Airbus A 320,Java Seaairasia,N/A,162,162,0,162
1913,Qtr 3,September,9,1913-09-09,N/A,Zeppelin,Zeppelin L 1 (Airship),Over The North Seamilitary - German Navy,N/A,20,14,0,14
1936,Qtr 1,February,10,1936-02-10,N/A,Latecoere,Latecoere 301 (Flying Boat)F Anle,Atlantic Oceanair France,N/A,6,6,0,6
1936,Qtr 1,February,15,1936-02-15,N/A,Dornier,Dormier Do J,South Atlantic Oceandeutsche Lufthansa,N/A,4,4,0,4
1958,Qtr 2,June,10,1958-06-10,N/A,Douglas,Douglas Dc 6Lv,Ilha Grande Rio De Janeiroaerolenas Argentinas,N/A,22,0,0,0
1962,Qtr 3,September,23,1962-09-23,N/A,Lockheed,Lockheed 1049H 82 Super Constellationn6923C,North Atlantic Oceanflying Tiger Line,N/A,76,28,0,28
1962,Qtr 3,September,20,1962-09-20,N/A,Douglas,Douglas C 47 Skytrainun,Kamunza-Goi,Nations Katangaunited,10,2,0,2
1962,Qtr 1,March,20,1962-03-20,N/A,Nord,Nord 2501 Noratlas204,Algeriamilitary - French Air Force,N/A,11,11,0,11
1997,Qtr 3,July,18,1997-07-18,N/A,De Havilland,De Havilland Canada Dhc 6 Twin Otter 300P2,Goroka,Services Air Guineagoroka New,4,2,0,2
1951,Qtr 1,March,23,1951-03-23,N/A,Douglas,Douglas C 124A Globemaster49,Over The North Atlanticmilitary - U.S. Air Force,N/A,53,53,0,53
2008,Qtr 4,December,15,2008-12-15,N/A,Britten,Britten Norman Bn 2A Trislander Mk3N650Lp,Off Turks And Caicos Islandsalantis Aviation,N/A,12,12,0,12
2009,Qtr 1,January,4,2009-01-04,N/A,Sirkorsky,Sikorsky S 76C++N748P,Near Houma Louisianapetroleum Helicopters Inc,N/A,9,8,0,8
1961,Qtr 2,May,29,1961-05-29,N/A,Handley,Handley Page Hastings C 2Wd497,Singaporemilitary - Royal Air Force,N/A,13,13,0,13
1946,Qtr 2,June,29,1946-06-29,N/A,Douglas,Douglas C 47Bkj918,Off Malayamilitary - Royal Air Force,N/A,18,18,0,18
1958,Qtr 4,November,9,1958-11-09,N/A,Martin,Martin Marinercs Thb,North Atlantic Oceanartop Aerotopografica Lda,N/A,36,36,0,36
1982,Qtr 4,November,17,1982-11-17,N/A,Bell,Bell 212B 2311,Off Taiwanfar Eastern Air Transport,N/A,15,15,0,15
1946,Qtr 3,July,20,1946-07-20,N/A,Boeing,Boeing B 17G / Boeing B,Off The Panama Coastmilitary -  (2) U.S. Army Air Forces,N/A,20,20,0,20
1958,Qtr 3,September,29,1958-09-29,N/A,Avro,Avro 685 York Iod Adb,Over The Mediterranean Seamiddle East Airlines,N/A,5,5,0,5
1961,Qtr 4,November,23,1961-11-23,N/A,Douglas,Douglas C 54 Skymaster,Sao Tomémilitary - Força Aérea Portuguesa,N/A,35,21,0,21
1997,Qtr 1,February,4,1997-02-04,N/A,Sirkorsky,Sikorsky Ch53D / Sikorsky Ch53D357 / 903,Northern Israelmilitary - Israel Air Force /Military -  Israel Air Force,N/A,73,73,0,73
1983,Qtr 1,March,11,1983-03-11,N/A,Mcdonnell,Mcdonnell Douglas Dc 9,Barquisimeto Venezuelaavensa,N/A,50,23,0,23
1942,Qtr 3,August,21,1942-08-21,N/A,Siebel,Siebel Si 204,?Deutsche Lufthansa,N/A,4,4,0,4
1980,Qtr 2,June,27,1980-06-27,N/A,Mcdonnell,Mcdonnell Douglas Dc 9,Tyrrhenian Sea,Italy         Ustica Off Itavia,81,81,0,81
1961,Qtr 4,November,11,1961-11-11,N/A,Lockheed,Lockheed L 749A Constellationhh,Off Puerto Ricoair Haiti International,N/A,3,3,0,3
1942,Qtr 3,August,22,1942-08-22,N/A,Lockheed,Lockheed 14 Electrapj Aip,Trinidadklm Royal Dutch Airlines,N/A,13,13,0,13
1943,Qtr 4,November,5,1943-11-05,N/A,Shorts,Short Sunderland 3G Agib,Eastern Libyabritish Overseas Airways,N/A,19,19,0,19
1941,Qtr 2,June,21,1941-06-21,N/A,Mitsubishi,Mitsubishi Mc 20M,Sea Of Japanmanchurian Air Lines,N/A,18,18,0,18
1955,Qtr 1,March,26,1955-03-26,N/A,Boeing,Boeing 377 Stratocruiser 10 26N1032V,Off The Oregon Coastpan American World Airways,N/A,23,4,0,4
2016,Qtr 2,May,19,2016-05-19,N/A,Airbus,Airbus A320 232Su,175 Miles Off The Egyptian Coastegyptair,N/A,66,66,0,66
1985,Qtr 3,September,22,1985-09-22,N/A,Antonov,Antonov An 12,Afghanistanmilitary - Soviet Air Force,N/A,26,26,0,26
1970,Qtr 1,February,19,1970-02-19,N/A,Douglas,Douglas Dc 39Q,Congoair Congo,N/A,17,17,0,17
1970,Qtr 2,April,28,1970-04-28,N/A,De Havilland,De Havilland Canada Dhc 6 Twin Otter 100Vh,Kainatu,Airlines Australia Guineatrans New,11,8,0,8
1977,Qtr 1,January,13,1977-01-13,N/A,Tupolev,Tupolev Tu 104Acccp,Near Alma Ata,Ussraeroflot          Kazakastan,90,90,0,90
1975,Qtr 4,November,3,1975-11-03,N/A,Bell,Bell 212N90057,Gulf Of Mexicopetroleum Helicopter,N/A,9,9,0,9
1928,Qtr 4,November,15,1928-11-15,N/A,Latecoere,Latecoere 32F Aisn,Off Gibraltaraeropostale,N/A,3,1,0,1
1976,Qtr 4,November,5,1976-11-05,N/A,Douglas,Douglas Dc 3Hp,Atlantic Oceaninair Panama,N/A,2,2,0,2
1941,Qtr 2,June,3,1941-06-03,N/A,De Havilland,De Havilland Dh 84 Dragong,Atlantic Oceangreat Western And Southern Air Lines,N/A,6,6,0,6
1939,Qtr 2,June,20,1939-06-20,N/A,De Havilland,De Havilland Dh.89 Dragon Rapideg Aere,Forest-In-Teesdale. United Kingdom British American Air Services,N/A,3,3,0,3
1945,Qtr 2,June,30,1945-06-30,N/A,Boeing,Boeing Tb 29A Super Fortress44,Texasmilitary - U.S. Air Force,N/A,12,12,0,12
1988,Qtr 4,December,10,1988-12-10,N/A,Antonov,Antonov An 32,Afghanistanmilitary - Afghan Republican Air Force,N/A,25,25,0,25
1970,Qtr 3,July,18,1970-07-18,N/A,Antonov,Antonov An 22Cccp,North Atlantic Oceanmilitary - Soviet Air Force,N/A,23,23,0,23
2022,Qtr 2,May,29,2022-05-29,N/A,De Havilland,De Havilland Canada Dhc 6 Twin Otter 3009N,Near Lete Passtara Air,N/A,22,22,0,22
1939,Qtr 3,September,26,1939-09-26,N/A,Douglas,Douglas Dc 3Ph,North Seaklm Royal Dutch Airlines,N/A,20,1,0,1
1950,Qtr 2,June,5,1950-06-05,N/A,Curtiss,Curtiss C 46,Atlantic Ocean Off Floridawestair Transport,N/A,65,28,0,28
2003,Qtr 2,June,4,2003-06-04,N/A,Emb,Emb 721C Sertanejopt Eph,Near Oiapoque,Taxi Air Zero Marco - Taxi Brazilair,5,5,0,5
1991,Qtr 1,March,23,1991-03-23,N/A,Antonov,Antonov An 24Bcccp,Navoi,Uzbekistanaeroflot,63,34,0,34
1969,Qtr 4,October,2,1969-10-02,N/A,Grumman,Grumman C 2A152796,Gulf Of Tonkinmilitary - U.S. Navy,N/A,26,26,0,26
1934,Qtr 4,October,2,1934-10-02,N/A,De Havilland,De Havilland 89 Dragon Rapideg Acpm,English Channelhillman'S Airways,N/A,7,7,0,7
2016,Qtr 4,October,24,2016-10-24,N/A,Swearingen,Swearingen Sa277 At Expditern577Mx,Malta International Airportae Aviation,N/A,5,5,0,5
1948,Qtr 2,June,10,1948-06-10,N/A,De Havilland,De Havilland Dh 89A Dragon Rapideg,Isle Of Manhargreaves Airways,N/A,8,6,0,6
1953,Qtr 3,July,12,1953-07-12,N/A,Douglas,Douglas Dc 6An90806,Pacific Ocean 325,Lines Air Islandtransocean Wake Of East Miles,58,58,0,58
1929,Qtr 2,May,22,1929-05-22,N/A,Cams,Cams 53F Aisx,Algiersaeropostale,N/A,6,4,0,4
1940,Qtr 3,July,7,1940-07-07,N/A,De Havilland,Dewoitine D 338F,Gulf Of Tonkinair France,N/A,4,4,0,4
1977,Qtr 1,January,20,1977-01-20,N/A,Bristol,Bristol 170 Freighter 31Mc Fwad,?North Canada Air,N/A,2,1,0,1
1945,Qtr 3,July,4,1945-07-04,N/A,Consolidated,Consolidated Lb 30A Liberatorjt982,North Atlantic Oceanmilitary -Royal Air Force,N/A,15,15,0,15
1988,Qtr 3,August,15,1988-08-15,N/A,Antonov,Antonov An 22,Northern Afghanistanmilitary - Afghan Republican Air Force,N/A,39,39,0,39
1918,Qtr 2,April,7,1918-04-07,N/A,Zeppelin,Zeppelin L 59 (Airship),Over The Mediterraneanmilitary - German Navy,N/A,23,23,0,23
1973,Qtr 2,April,10,1973-04-10,N/A,Vickers,Vickers Vanguard 952G Axop,Near Basel,(Uk) Airlines International Switzerlandinvicta,145,108,0,108
1970,Qtr 1,January,12,1970-01-12,N/A,Douglas,Douglas C 47,Near Villia Greecemilitary - Royal Hellenic Air Force,N/A,27,23,0,23
1976,Qtr 2,April,23,1976-04-23,N/A,Bell,Bell 205 A 1 Helicoptern8167J,Gulf Of Mexicopetroleum Helicopter,N/A,12,12,0,12
2005,Qtr 1,January,13,2005-01-13,N/A,Antonov,Antonov An 2Ra,Tura,Russia Tura Air Enterprise,9,9,0,9
1933,Qtr 1,January,10,1933-01-10,N/A,Cams,Cams 53F Aisv,Algiersaeropostale,N/A,3,1,0,1
1939,Qtr 4,December,18,1939-12-18,N/A,Junkers,Junkers Ju 52M,South Of Gibraltariberia Airlines,N/A,9,9,0,9
1939,Qtr 4,December,21,1939-12-21,N/A,Lockheed,Lockheed 14 Super Electrag Afyu,Off Malta-Luqabritish Airways,N/A,8,5,0,5
1929,Qtr 1,January,31,1929-01-31,N/A,Latecoere,"Latecoere 26F Aimu
F",Off Moroccoaeropostale,N/A,2,2,0,2
1972,Qtr 2,May,8,1972-05-08,N/A,Douglas,Douglas C 47Byv,Venezuelaaerotechnia,N/A,7,7,0,7
1945,Qtr 2,April,27,1945-04-27,N/A,Lockheed,Lockheed 18 Lodestarnc33328,Washington D.C.Page Airways,N/A,13,6,0,6
1944,Qtr 1,February,20,1944-02-20,N/A,Douglas,Douglas C 4775,Chinachina National Aviation Corporation,N/A,2,2,0,2
1954,Qtr 3,August,12,1954-08-12,N/A,Douglas,Douglas Dc 3F,Vietnamautrex,N/A,3,3,0,3
1944,Qtr 1,March,22,1944-03-22,N/A,Consolidated,Consolidated B 24 Liberator,New Guineamilitary - U.S. Army,N/A,21,21,0,21
1972,Qtr 4,October,16,1972-10-16,N/A,Cessna,Cessna 310Cn1812H,Off The Alaska Coastprivate,N/A,4,4,0,4
1938,Qtr 1,February,13,1938-02-13,N/A,Cant,Cant Z 506I,Mediterranean Seaala Littoria Sa,N/A,14,14,0,14
1972,Qtr 2,June,18,1972-06-18,N/A,Hawker,Hawker Siddeley Trident 1Cg Arpi,London Heathrow,Surrey          Staines,118,118,0,118
1976,Qtr 1,March,2,1976-03-02,N/A,Iai,Iai Arava 201Tam 76,Southeastern Boliviatam (Bolivia),N/A,22,19,0,19
1989,Qtr 2,June,28,1989-06-28,N/A,Hawker,Hawker Siddeley Hs 748,Yaounde,Airlines Camerooncameroon,47,3,0,3
1950,Qtr 1,February,2,1950-02-02,N/A,Douglas,Douglas Dc 3Ph,North Seaklm Royal Dutch Airlines,N/A,7,7,0,7
2003,Qtr 3,July,23,2003-07-23,N/A,Bell,Bell 206Bn37741,Waialeale,Hawaii Jack Harter Helicopters,5,5,0,5
1934,Qtr 2,May,9,1934-05-09,N/A,Wibault,Wibault 282Tf Amhp,English Channelair France,N/A,6,6,0,6
1972,Qtr 4,December,3,1972-12-03,N/A,Convair,Convair Cv 990,Tenerife,Islandsspantax Canary,155,155,0,155
1929,Qtr 2,May,18,1929-05-18,N/A,Fokker,Fokker F Iiih,Tököl,Hungarymalert Pest,2,2,0,2
1940,Qtr 1,March,1,1940-03-01,N/A,Handley,Handley Page Hp 42G,Gulf Of Omanimperial Airways,N/A,8,8,0,8
1945,Qtr 2,June,15,1945-06-15,N/A,Douglas,Douglas C 4781,Chinachina National Aviation Corporation,N/A,3,3,0,3
1990,Qtr 1,March,23,1990-03-23,N/A,Antonov,Antonov An 26Cu,Santiago De Cubacubana De Aviacion,N/A,46,4,0,4
1922,Qtr 1,March,22,1922-03-22,N/A,Aeromarine,Aeromarine Model 85 (Flying Boat),North Atlantic Oceanaero Limited,N/A,6,5,0,5
1970,Qtr 4,December,31,1970-12-31,N/A,Fokker,Fokker F 27 Friendship 200 Ap,Near Shemshernagar,Airlines International Pakistanpakistan,35,7,0,7
1989,Qtr 3,September,28,1989-09-28,N/A,Antonov,Antonov An 32Cccp,Semyonovka,N/A,9,9,0,9
1989,Qtr 4,November,23,1989-11-23,N/A,Mil,Mil Mi 4 / Mil Mi,Albaniamilitary - People'S Army/ Military - Peoples Air Force,N/A,24,24,0,24
1989,Qtr 3,September,21,1989-09-21,N/A,Mil,Mil Mi 8 (Helicopter),"Centeral Afghanistan
Afghanistanmilitary - Afghan Republican Air Force",N/A,26,26,0,26
1989,Qtr 3,September,26,1989-09-26,N/A,Swearingen,Swearingen Sa.227Ac Metro Iiic Gslb,Terrace,Airlines Canadaskylink,7,7,0,7
1971,Qtr 2,June,13,1971-06-13,N/A,Boeing,Boeing   Ec,North Pacific Oceanmilitary - U.S. Air Force,N/A,24,24,0,24
1955,Qtr 1,February,23,1955-02-23,N/A,Douglas,Douglas Dc 3Vp,Salisbury,Airways African Zimbabwecentral,26,1,0,1
2012,Qtr 4,October,7,2012-10-07,N/A,Britten,Britten  Norman Bn,Antiguafly Montserrat,N/A,4,3,0,3
1989,Qtr 4,December,30,1989-12-30,N/A,Cessna,Cessna 207 / Cessna 207Zk Dax / Zk,Milford Soundair Fiordland,N/A,5,5,0,5
1950,Qtr 2,June,23,1950-06-23,N/A,Douglas,Douglas Dc 4N95425,Lake Michigan 18,Michigan       Harbor Benton Of Nnw Northwest Orient Airlines,58,58,0,58
1974,Qtr 1,February,23,1974-02-23,N/A,Curtiss,Curtiss C 46A,San Francisco De Moxos,Boliviasavco,7,7,0,7
2006,Qtr 3,July,27,2006-07-27,N/A,Mil,Mil Mi 8,Afghanistanafghan Army,N/A,17,17,0,17
1956,Qtr 2,June,13,1956-06-13,N/A,Douglas,Douglas Dc 3,Over North Carolinapiedmont,N/A,0,1,0,1
2003,Qtr 4,October,3,2003-10-03,N/A,Emb,Emb 721C Sertanejopt Ebk,Sao Gabriel De Cachoeriaair Taxi - Rumo Notre Air Taxi,N/A,4,4,0,4
1987,Qtr 4,December,30,1987-12-30,N/A,De Havilland,De Havilland Canada Dhc 6 Twin Otter 300Pk,Pacific Oceanmerpati Nasantara Airlines,N/A,17,17,0,17
1921,Qtr 1,February,15,1921-02-15,N/A,Breguet,Breguet 14F Alba,Off Gibraltaraeropostale,N/A,2,2,0,2
1956,Qtr 1,March,31,1956-03-31,N/A,Douglas,Douglas C 47Al2,Korat  -,Force Air Thai Royal,19,19,0,19
1948,Qtr 1,February,20,1948-02-20,N/A,Douglas,Douglas C 47,Collesalvetti,Teseo Aerea Italysocietà,10,7,0,7
1956,Qtr 1,January,12,1956-01-12,N/A,Douglas,Douglas C 47Vh,Frederick Henry Bay,Ana Australiaansett,2,1,0,1
1992,Qtr 3,July,24,1992-07-24,N/A,Vickers,Vickers Viscount 816Pk Rvu,Mt. Lalaboy,Airlines Indonesiamandala,70,70,0,70
1938,Qtr 3,July,29,1938-07-29,N/A,Martin,Martin M 130 (Flying Boat)Nc14714,Pacific Ocean Between Manila And Guampan American World Airways,N/A,15,15,0,15
1968,Qtr 3,July,18,1968-07-18,N/A,Curtiss,Curtiss C 46Dcc,Off Chiliaerolineas Flecha Austral,N/A,5,5,0,5
1945,Qtr 1,January,14,1945-01-14,N/A,Douglas,Douglas C 4770,Chinachina National Aviation Corporation,N/A,6,4,0,4
1937,Qtr 4,October,27,1937-10-27,N/A,De Havilland,Dewoitine D 333F,Off Western Africaair France,N/A,7,7,0,7
1947,Qtr 4,October,14,1947-10-14,N/A,Boeing,Boeing 314A Nc18612,Ocean 800,Airways International Newfoundlandamerican Of East Miles,69,0,0,0
1947,Qtr 4,November,27,1947-11-27,N/A,Douglas,Douglas Dc 3,?China National Aviation Corporation,N/A,3,2,0,2
2006,Qtr 1,January,2,2006-01-02,N/A,British,British Aerospace Bae 125,Near Karkovevolga,N/A,3,3,0,3
2013,Qtr 4,November,29,2013-11-29,N/A,Eurocopter,Eurocopter Ec135 T2G Spao,Glasgow Scotlandbond Air Services Ltd.,N/A,3,3,5,8
2000,Qtr 2,April,19,2000-04-19,N/A,Antonov,Antonov An 8Tl,Pepa  -,Airlines Centrafricain,24,24,0,24
1967,Qtr 4,October,9,1967-10-09,N/A,Bac,Bac One Eleven,Over The Carribean Sealacsa,N/A,23,2,0,2
1987,Qtr 4,November,29,1987-11-29,N/A,Boeing,Boeing B 707,Over The Andaman Seakorean Airlines,N/A,115,115,0,115
1987,Qtr 4,December,21,1987-12-21,N/A,Aerospatiale,Aerospatiale Sa 330Jn3596N,Eugene Islandair Taxi - Petroleum Helicopters Inc.,N/A,15,15,0,15
1974,Qtr 2,June,8,1974-06-08,N/A,Vickers,Vickers Viscount 785Dhk 1058,Monte San Isidro,Tao Colombiaaerolineas,44,44,0,44
1974,Qtr 4,December,1,1974-12-01,N/A,Boeing,Boeing B 727,Bear Mountain,New York          Thiells Northwest Orient Airlines,3,3,0,3
1967,Qtr 4,October,24,1967-10-24,N/A,Douglas,Douglas Dc 3B,South Vietnamchina Airlines (Taiwan),N/A,16,16,0,16
1944,Qtr 3,July,26,1944-07-26,N/A,Douglas,Douglas C 54A,North Atlantic Oceanmilitary - U.S. Army Air Forces,N/A,26,26,0,26
1943,Qtr 3,August,27,1943-08-27,N/A,Douglas,Douglas Dc 3Se,North Seaab Aerotransport,N/A,7,7,0,7
1953,Qtr 3,August,5,1953-08-05,N/A,Convair,Convair B 3652,Off Irish Coastmilitary - U.S. Air Force,N/A,23,19,0,19
1988,Qtr 1,February,1,1988-02-01,N/A,Casa,Casa 212 Aviocar 200Fap215,Panamamilitary - Fuerza Aérea Panamena,N/A,16,16,0,16
1991,Qtr 3,September,29,1991-09-29,N/A,Curtiss,Curtiss C 46Ahk,Near Villavicencio,Colombia Colombiacoral,10,1,0,1
1988,Qtr 2,June,18,1988-06-18,N/A,Mil,Mil Mi 8 (Helicopter),Central Mozambiquemilitary - Mozambique Air Force,N/A,25,21,0,21
1940,Qtr 3,August,22,1940-08-22,N/A,Lockheed,Lockheed 10 Electra Yu Sbc,Gospic,Coatia Aeroput,11,11,0,11
1969,Qtr 1,March,8,1969-03-08,N/A,Douglas,Douglas Dc 4N3821,Atlantic Oceancontinental Air Transport,N/A,3,3,0,3
1985,Qtr 2,June,23,1985-06-23,N/A,Boeing,Boeing B 747,Atlantic Ocean 110,India Irelandair Of West Miles,329,329,0,329
1929,Qtr 3,September,14,1929-09-14,N/A,Latecoere,Latecoere 25F Aiuj,North Atlantic Oceanaeropostale,N/A,6,6,0,6
1973,Qtr 4,November,3,1973-11-03,N/A,Mcdonnell,Mcdonnell Douglas Dc 10,Near Albuquerque,Airlines Mexiconational New,128,1,0,1
1950,Qtr 2,June,13,1950-06-13,N/A,Douglas,Douglas Dc 4,Off Bahrainair France,N/A,52,46,0,46
1950,Qtr 2,June,14,1950-06-14,N/A,Douglas,Douglas Dc 4F,Bahrainair France,N/A,53,40,0,40
1977,Qtr 2,June,21,1977-06-21,N/A,Lockheed,Lockheed Ec 130Q156176,Off Wake Islandmilitary - U.S. Navy,N/A,16,16,0,16
1948,Qtr 2,April,24,1948-04-24,N/A,Sunov,Lisnov Li 2Cccp,Near Irkutsk Russiaaeroflot,N/A,29,28,0,28
1944,Qtr 3,September,18,1944-09-18,N/A,Douglas,Douglas C 47A,Alaskau. S. Air Force,N/A,19,19,0,19
1948,Qtr 2,April,18,1948-04-18,N/A,Lockheed,Lockheed Hudson Iiiavh Ala,Territory Of New Guineanew Guinea Air Traders,N/A,37,37,0,37
1977,Qtr 3,September,2,1977-09-02,N/A,Canadair,Canadair Cl 44D4,Off Hong Kongtransmeridian Air Cargo,N/A,4,4,0,4
2010,Qtr 3,September,4,2010-09-04,N/A,Fletcher,Fletcher Fu 24,Fox Glacier Airstripsky Dive New Zealand,N/A,9,9,0,9
1928,Qtr 3,July,10,1928-07-10,N/A,Junkers,Junkers F 13K,Over The Gulf Of Finlandaero O-Y,N/A,6,6,0,6
1934,Qtr 4,December,31,1934-12-31,N/A,Tupolev,Tupolev Ant 9,?Aeroflot,N/A,10,10,0,10
1933,Qtr 3,July,18,1933-07-18,N/A,Cmasa,Cmasa Wal (Flying Boat)I Azee,Aegean Seasocieta Anonima Aero Expresso Italiana,N/A,6,6,0,6
1977,Qtr 3,September,27,1977-09-27,N/A,Mcdonnell,Mcdonnell Douglas Dc 8,Kuala Lumpur,Lines Air Malaysiajapan,79,34,0,34
1917,Qtr 3,August,21,1917-08-21,N/A,Zeppelin,Zeppelin L 23 (Airship),Off Western Denmarkmilitary - German Navy,N/A,18,18,0,18
2006,Qtr 2,May,23,2006-05-23,N/A,De Havilland,De Havilland Canada Dhc 6 Twin Otter 300S9,Off São Tomé Islandair São Tomé,N/A,4,4,0,4
1992,Qtr 1,February,20,1992-02-20,N/A,Boeing,Boeing B 747,En Route From Argentina  To  Californiaaerolineas Argentinas,N/A,0,1,0,1
1938,Qtr 3,July,19,1938-07-19,N/A,Douglas,Douglas Dc 2Nc14272,Andespanagra,N/A,4,4,0,4
1988,Qtr 1,March,17,1988-03-17,N,Boeing,Boeing B 727,Near Cucuta N,Colombia        Santander  Of Avianca,143,143,0,143
1985,Qtr 4,October,12,1985-10-12,Myanmar,Fokker,Fokker F 27 Friendship 600Xy,Putao Myanmar,Airways Burma,4,4,0,4
1983,Qtr 4,October,8,1983-10-08,Myanmar,De Havilland,De Havilland Canada Dhc 6 Twin Otter 300Xy,Near Lonkin Myanmar,Airways Burma,14,9,0,9
2012,Qtr 4,December,25,2012-12-25,Myanmar,Fokker,Fokker 100Xy Agc,Heho Myanmar,Bagan Air,71,1,1,2
1999,Qtr 3,July,2,1999-07-02,Myanmar,Fokker,Fokker F 27 Friendship 600Xy,Sittwe Myanmar,Airways Myanmar,8,8,0,8
1982,Qtr 3,August,12,1982-08-12,Myanmar,De Havilland,De Havilland Canada Dhc 6 Twin Otter 300Xy,Mindat Myanmar,Airways Burma,8,8,0,8
2017,Qtr 2,June,7,2017-06-07,Myanmar,Shaanxi,Shaanxi Y 8F,Off Dawei Myanmar,Force Air Myanmar - Military,122,122,0,122
1998,Qtr 3,August,24,1998-08-24,Myanmar,Fokker,Fokker F 27 Friendship 600Xy,Manibagi Myanmar,Airways Myanmar,44,44,0,44
1978,Qtr 4,October,3,1978-10-03,Myanmar,Fokker,Fokker F 27 Friendship 600Xy,Near Mandalay Myanmar,Airways Burma,44,2,0,2
1998,Qtr 1,January,27,1998-01-27,Myanmar,Fokker,Fokker F 27 Friendship 600Xy,Yangon (Rangoon) Myanmar,Airways Myanmar,45,16,0,16
1987,Qtr 4,October,11,1987-10-11,Myanmar,Fokker,Fokker F 27 Friendship 500Xy,Near Pagan Myanmar,Airways Burma,49,49,0,49
2021,Qtr 2,June,10,2021-06-10,Myanmar,Beechcraft,Beechcraft 1900D4610,Near Pyin Oo Lwin Myanmar,Force Air Myanmar - Military,14,12,0,12
1989,Qtr 1,February,3,1989-02-03,Myanmar,Fokker,Fokker F 27 Friendship 600Xy,Rangoon Myanmar,Airways Burma,29,26,0,26
1966,Qtr 1,March,5,1966-03-05,Mt,Boeing,Boeing B 707,Near Gotemba City Mt.,Japan          Fuji British Overseas Airways,124,124,0,124
1939,Qtr 2,May,1,1939-05-01,Mozambique,Shorts,Short S 23 Empire Flying Boatg,Lumbo Mozambique,Airways Imperial,4,2,0,2
1991,Qtr 4,November,25,1991-11-25,Mozambique,Douglas,Douglas C 47B,Sena Mozambique,Stasa,3,1,0,1
1944,Qtr 1,February,10,1944-02-10,Mozambique,Lockheed,Lockheed 14 H2 Super Electracr,Near Quelimane Mozambique,Deta,14,14,0,14
1986,Qtr 3,July,10,1986-07-10,Mozambique,Douglas,Douglas C 47A7312,Maputo Mozambique,Force Air Zimbabwe - Military,17,17,0,17
1986,Qtr 1,March,30,1986-03-30,Mozambique,Antonov,Antonov An 26042,Near Pemba Mozambique,Force Air Mozambique - Military,54,49,0,49
2012,Qtr 2,June,6,2012-06-06,Mount,Sirkorsky,Sikorsly S 58Etob,Hualla Hualla Mount,Peru Heli          Mamarosa Cusco,14,14,0,14
1961,Qtr 3,July,12,1961-07-12,Morroco,Illyushin,Ilyushin Il 18Bok,Casablanca Morocco,Aerolinie Ceskoslovenske,72,72,0,72
1939,Qtr 4,December,24,1939-12-24,Morroco,Savoia,Savoia  Marchetti Sm83I,Mogador Morocco,Italiane Aeree Linee,7,7,0,7
1922,Qtr 4,December,3,1922-12-03,Morroco,Breguet,Breguet 14F Alna,Fez Morocco,Aeriens Express Grands,1,1,0,1
1998,Qtr 3,September,25,1998-09-25,Morroco,British,British Aerospace Bae 146,Near Nador Morroco,Air Paukn,38,38,0,38
1927,Qtr 1,March,20,1927-03-20,Morroco,Breguet,Breguet 14F Alra,Rabat Morocco,Aeriens Express Grands,1,1,0,1
1939,Qtr 2,April,3,1939-04-03,Morroco,Caudron,Caudron C.635 Simounf Aoot,Near Marrakech Morocco,France Air,9,9,0,9
1960,Qtr 3,August,17,1960-08-17,Morroco,Avro,Avro Lancaster 1Wu 26,Near El Kelaa Morocco,Aviation Naval French - Military,20,20,0,20
2003,Qtr 1,February,7,2003-02-07,Morroco,Antonov,Antonov 12Bpur Lip,Near Agadir Morocco,Enterprise Aviation Volare,8,8,0,8
1994,Qtr 3,August,21,1994-08-21,Morroco,Aerospatiale,Aerospatiale Atr 42,Near Agadir Morocco,Maroc Air Royal,44,44,0,44
1922,Qtr 4,October,25,1922-10-25,Morroco,Breguet,Breguet 14,Larache Morocco,Aeriens Express Grands,2,2,0,2
1934,Qtr 1,February,26,1934-02-26,Morroco,Latecoere,Latécoère 28F Ajpa,Rio De Oro Morocco,France Air,6,1,0,1
1929,Qtr 3,September,17,1929-09-17,Morroco,Latecoere,Latecoere 25 3,Off Larache Morocco,Aeropostale,5,5,0,5
1950,Qtr 4,October,13,1950-10-13,Morroco,Douglas,Douglas Dc 3F,Casablanca Morocco,Atlas Air,7,4,0,4
1965,Qtr 1,March,31,1965-03-31,Morroco,Convair,Convair Cv 440,Off Tangier Morocco,Airlines Iberia,53,50,0,50
1930,Qtr 4,October,12,1930-10-12,Morroco,Latecoere,Latecoere 28F Ajuu,La Rache Morocco,Aeropostale,4,4,0,4
1958,Qtr 2,May,18,1958-05-18,Morroco,Douglas,Douglas Dc 7Coo,Near Casablanca Morocco,Sabena,69,65,0,65
1970,Qtr 2,April,1,1970-04-01,Morroco,Aerospatiale,Aerospatiale Caravelle 3Cn Ccv,Casablanca Morocco,Maroc Air Royal,82,61,0,61
1973,Qtr 4,December,22,1973-12-22,Morroco,Sud,Sud  Aviation Caravelle Vi,Near Tetouan Morocco,Maroc Air Royal,106,106,0,106
1946,Qtr 4,October,10,1946-10-10,Morroco,Junkers,Junkers Ju 52/3Mf,Near Sefrou Morocco,Ocean Air,16,16,0,16
2011,Qtr 3,July,26,2011-07-26,Morroco,Lockheed,Lockheed C 130 Herculecna,Near Guelmim Morocco,Force Air Moroccan Royal - Military,80,80,0,80
1939,Qtr 2,May,2,1939-05-02,Morroco,De Havilland,Dewoitine D 338F,Near Marrakech Morocco,France Air,9,9,0,9
1926,Qtr 4,November,11,1926-11-11,Morroco,Breguet,Breguet 14F Afax,Cape Bojador Morocco,Aeriens Express Grands,3,3,0,3
1961,Qtr 3,September,12,1961-09-12,Morroco,Sud,Sud  Aviation Caravelle Iiif,Near Rabat Morocco,France Air,77,77,0,77
1975,Qtr 3,August,3,1975-08-03,Morroco,Boeing,Boeing B 707,Near Immouzer Morocco,Airlines Jordanian Royal Alia,188,188,0,188
1950,Qtr 3,July,9,1950-07-09,Morroco,Douglas,Douglas Dc 3F,Casablanca Morocco,Azur Aigle,29,22,0,22
1945,Qtr 1,February,23,1945-02-23,Morroco,Curtiss,Curtiss C 46A42,Casablanca Morocco,Force Air Army States United - Military,30,13,0,13
1965,Qtr 3,September,17,1965-09-17,Montserrat,Boeing,Boeing B 707,Chances Peak Montserrat,Airways World American Pan,30,30,0,30
1950,Qtr 4,November,7,1950-11-07,Montana,Martin,Martin 202N93040,Near Butte Montana,Airlines Orient Northwest,21,21,0,21
1952,Qtr 4,November,17,1952-11-17,Montana,Fairchild,Fairchild C 119C,Shepard Montana,Force Air U.S. - Military,16,9,0,9
1938,Qtr 3,July,8,1938-07-08,Montana,Lockheed,Lockheed 14 Super Electranc17383,Billings Montana,Airlines Orient Northwest,10,1,0,1
1939,Qtr 1,January,13,1939-01-13,Montana,Lockheed,Lockheed 14 H Super Electranc17389,Miles City Montana,Airlines Orient Northwest,4,4,0,4
1992,Qtr 4,November,30,1992-11-30,Montana,Lockheed,Lockheed C 141B / Lockheed C141B650255/660142,Near Harlem Montana,Force Air U.S. - Military / Force Air U.S. - Military,13,13,0,13
1964,Qtr 1,March,12,1964-03-12,Montana,Douglas,Douglas Dc 3Cn61442,Miles City Montana,Airlines Frontier,5,5,0,5
1963,Qtr 3,August,14,1963-08-14,Montana,Curtiss,Curtiss C 46F,Near Great Falls Montana,Co. Import & Export  Air American,2,1,0,1
1934,Qtr 4,November,15,1934-11-15,Montana,Stinson,Stinson Sm 6000,Amazonia Montana,Transport Air Rapid,2,2,0,2
1942,Qtr 2,May,12,1942-05-12,Montana,Douglas,Douglas Dc 3,Miles City Montana,Airlines Orient Northwest,14,3,0,3
1960,Qtr 4,October,28,1960-10-28,Montana,Douglas,Douglas C 54A,Near Missoula Montana,Airlines Orient Northwest,12,12,0,12
1938,Qtr 1,January,10,1938-01-10,Montana,Lockheed,Lockheed 14H Super Electranc 17388,Bozeman Montana,Airlines Orient Northwest,10,10,0,10
2009,Qtr 1,March,22,2009-03-22,Montana,Pilatus,Pilatus Pc 12/45N128Cm,Butte Montana,Leasing Cap Eagle,14,14,0,14
1945,Qtr 4,December,8,1945-12-08,Montana,Douglas,Douglas C 4745,Near Billings Montana,Army U.S. - Military,21,17,0,17
1995,Qtr 3,September,21,1995-09-21,Mongolia,Antonov,Antonov An 24Rvbnmau,Near Moron Mongolia,Airlines Mongolian - Miat,43,42,0,42
2007,Qtr 2,June,13,2007-06-13,Mongolia,Mi,Mi  8,Selenge Province Mongolia,Ministry Defense Mongolian,22,15,0,15
1993,Qtr 2,April,23,1993-04-23,Mongolia,Antonov,Antonov An 26Bbhmay,Zavnah Mongolia,Airlines Mongolian - Miat,40,32,0,32
1990,Qtr 1,January,26,1990-01-26,Mongolia,Antonov,Antonov An 26V	 Bnmau,Zavkhan Mongolia,Airlines Mongolian - Miat,30,30,0,30
1998,Qtr 2,May,26,1998-05-26,Mongolia,Harbin,Harbin Yunshuji Y 12 Iiju,Near Erdenet Mongolia,Airlines Mongolian - Miat,28,28,0,28
1997,Qtr 2,June,10,1997-06-10,Mongolia,Harbin,Harbin Yunshuji Y 12 Iiju,Mandalgobi Mongolia,Airlines Mongolian - Miat,12,7,0,7
2011,Qtr 4,November,10,2011-11-10,Molokai,Eurocopter,Eurocopter Ec 130 B4N11Qv,Near Kilohana Molokai,Hawaii Blue Hawaiian Helicopter,5,5,0,5
1989,Qtr 4,October,28,1989-10-28,Molokai,De Havilland,De Havilland Dhc 6 Twin Otter 300N707Pv,Halawa Point Molokai,Hawaii Aloha Island Air,20,20,0,20
1970,Qtr 2,May,15,1970-05-15,Moldavia,Antonov,Antonov An 10Cccp11149,Kishiniev Moldavia,Ussraeroflot,11,11,0,11
2008,Qtr 2,April,11,2008-04-11,Moldavia,Antonov,Antonov An 32St,Chrisinau Moldova,Transportation Kata,8,8,0,8
1955,Qtr 1,March,20,1955-03-20,Missouri,Convair,Convair Cv 240,Springfield Missouri,Airlines American,35,13,0,13
1994,Qtr 4,November,22,1994-11-22,Missouri,Mcdonnell,Mcdonnell Douglas Dc 9,Bridgeton Missouri,Private / Airlines World Trans,142,2,0,2
1936,Qtr 3,August,5,1936-08-05,Missouri,Lockheed,Lockheed 10B Electranc16022,St. Louis Missouri,Airlines Southern Chicago,8,8,0,8
1968,Qtr 1,March,27,1968-03-27,Missouri,Mcdonnell,Mcdonnell Douglas Dc 9 And Cessna 150Fn970Z/N8669G,St. Louis Missouri,Private / Lines Air Ozark,51,2,0,2
1965,Qtr 3,July,1,1965-07-01,Missouri,Boeing,Boeing B 707,Kansas City Missouri,Airlines Continental,66,0,0,0
1934,Qtr 3,August,31,1934-08-31,Missouri,Stinson,Stinson  Sm 6000Bnc11118,Amazonia Missouri,Transport Air Rapid,5,5,0,5
1962,Qtr 2,May,22,1962-05-22,Missouri,Boeing,Boeing B 707,Near Unionville Missouri,Airlines Continental,45,45,0,45
2004,Qtr 4,October,19,2004-10-19,Missouri,Bae,Bae Jetstream 3201N875Jx,Near Kirksville Missouri,Connection) (American Airlines Corporate,15,13,0,13
1973,Qtr 3,July,23,1973-07-23,Missouri,Fairchild,Fairchild  Hiller Fh,St. Louis Missouri,Lines Air Ozark,44,38,0,38
1955,Qtr 3,August,4,1955-08-04,Missouri,Convair,Convair Cv 240,Fort Leonard Wood Missouri,Airlines American,30,30,0,30
1934,Qtr 4,December,8,1934-12-08,Missouri,Lockheed,Lockheed Vega 5Cnc106W,Columbia Missouri,Airlines Braniff,1,1,0,1
1977,Qtr 3,July,6,1977-07-06,Missouri,Lockheed,Lockheed L 188Af Electran280F,Saint Louis Missouri,Airways International Fleming,3,3,0,3
1954,Qtr 1,January,20,1954-01-20,Missouri,Douglas,Douglas Dc 3An49551,Kansas City Missouri,Transport Air Zantop,3,3,0,3
1941,Qtr 1,January,23,1941-01-23,Missouri,Douglas,Douglas Dc 3,Near Robertson Missouri,Air Western And Continental Trans,13,2,0,2
2011,Qtr 3,August,26,2011-08-26,Missouri,Eurocopter,Eurocopter As350B2N352Ln,Mosby Missouri,Life,4,4,0,4
1945,Qtr 3,September,15,1945-09-15,Missouri,Douglas,Douglas C 47B,Near Kansas Missouri,Forces Air Army U.S. - Military,24,23,0,23
1953,Qtr 2,May,24,1953-05-24,Missouri,Douglas,Douglas Dc 3N53596,St. Louis Missouri,Air Meteor,7,6,0,6
1984,Qtr 1,January,9,1984-01-09,Missouri,Douglas,Douglas Dc 3C,Saint Louis Missouri,Transport Air Skycraft,2,1,0,1
1968,Qtr 2,June,28,1968-06-28,Missouri,Douglas,Douglas Dc 3 (C,Vichy Missouri,Inc. Airlines Purdue,27,1,0,1
1995,Qtr 1,February,16,1995-02-16,Missouri,Mcdonnell,Mcdonnell Douglas Dc 8,Kansas City Missouri,Ati,3,3,0,3
2004,Qtr 4,October,14,2004-10-14,Missouri,Canadair,Canadair Crj200Lr Regionaljetn8396A,Jefferson City Missouri,Airlink Airlines/Northwest Pinnacle,2,2,0,2
1963,Qtr 1,January,29,1963-01-29,Missouri,Vickers,Vickers Viscount 812N242V,Kansas City Missouri,Airlines Continental,8,8,0,8
1935,Qtr 2,May,6,1935-05-06,Missouri,Douglas,Douglas Dc 2,Atlanta Missouri,Air Western And Continental Trans,14,5,0,5
2000,Qtr 4,October,16,2000-10-16,Missouri,Cessna,Cessna 335N8354N,Hillsboro Missouri,Private,3,3,0,3
1930,Qtr 1,January,27,1930-01-27,Missouri,Travel,Travel Air A6000A,Kansas City Missouri,Corporation) Aviation (Universal Airlines  Central,5,5,0,5
1935,Qtr 3,July,19,1935-07-19,Mississippi,General,General 102 Enc,Off Chandeleur Island Mississippi,Corporation Service Air Wedell-Williams,2,2,0,2
2017,Qtr 3,July,10,2017-07-10,Mississippi,Lockheed,Lockheed Kc 130T Hercules165000,Near Itta Bena Mississipi,Usmc,16,16,0,16
1979,Qtr 1,March,1,1979-03-01,Mississippi,Beech,Beech Be 70N777Ae,Gulfport Mississippi,Airways Universal,8,8,0,8
1989,Qtr 3,August,13,1989-08-13,Mississippi,Cessna,Cessna 177Rgn1976Q,Janice Mississippi,Private,2,2,0,2
1977,Qtr 4,October,20,1977-10-20,Mississippi,Convair,Convair Cv 300N55Vm,Near Gillsburg Mississippi,Company J & L,26,6,0,6
1983,Qtr 1,January,9,1983-01-09,Minnesota,Convair,Convair 580 11An844H,Brainerd Minnesota46826/109,N/A,33,1,0,1
1993,Qtr 4,December,1,1993-12-01,Minnesota,British,British Aerospace Jetstream Ba 3100N334Px,Hibbing Minnesota,Airlink Northwest - Airlines Express,18,18,0,18
1948,Qtr 3,August,29,1948-08-29,Minnesota,Martin,Martin 202Nc93044,Near Winona Minnesota,Airlines Orient Northwest,37,37,0,37
1941,Qtr 4,October,30,1941-10-30,Minnesota,Douglas,Douglas Dc 3Nc21712,Near Moorhead Minnesota,Airlines Orient Northwest,15,14,0,14
1921,Qtr 1,February,3,1921-02-03,Minnesota,De Havilland,De Havilland Dh 4130,Mendotta Minnisota,Service Mail Aerial Us,1,1,0,1
2008,Qtr 3,July,31,2008-07-31,Minnesota,British,British Aerospace Bae 125,Owatonna Minnesota,Jets Coast East,8,8,0,8
1928,Qtr 2,May,12,1928-05-12,Minnesota,Ford,Ford 4Nc1492,Dearborn Minnesota,Inc. Freight Air Ford,2,2,0,2
1929,Qtr 2,June,24,1929-06-24,Minnesota,Ford,Ford 5 At,St. Paul Minnesota,Airlines Orient Northwest,8,1,0,1
1950,Qtr 4,October,13,1950-10-13,Minnesota,Martin,Martin 202Nc93037,Almelund Minnisota,Airlines Orient Northwest,6,6,0,6
1950,Qtr 1,March,7,1950-03-07,Minnesota,Martin,Martin 202N93050,Minneapolis Minnesota,Airlines Orient Northwest,13,13,2,15
2001,Qtr 1,February,8,2001-02-08,Minnesota,Swearingen,Swearingen Sa.227At Merlin Ivcn318Dh,Beaver Island Minnesota,Center Flight Illinois Northern,6,2,0,2
1986,Qtr 1,January,21,1986-01-21,Minnesota,Bell,Bell 296Bn1498W,Ellendale Minnesota,Taxi Air,3,3,0,3
1955,Qtr 3,September,24,1955-09-24,Miles,Douglas,Douglas C 54An90433,Pacific Ocean (1 Miles,Hi)Flying Tiger Line        Honolulu Of West,5,3,0,3
1948,Qtr 3,August,1,1948-08-01,Miles,Latecoere,Latecoere 631 (Flying Boat)F Bdrc,1 Miles,Atlantic Ocean         Dakar Off Air France,52,52,0,52
1948,Qtr 3,July,4,1948-07-04,Middlesex,Douglas,Douglas Dc 6 / Raf Yorkse,Northolt Middlesex,England Scandinavian Airlines (Sas),39,39,0,39
2018,Qtr 3,September,28,2018-09-28,Micronesia,Boeing,Boeing 737 8Bkp2,Chuuk Micronesia,Niugini Air,47,1,0,1
1997,Qtr 1,January,9,1997-01-09,Michigan,Embraer,Embraer 120Rt Brasilian265Ca,Near Monroe Michigan,Comair,29,29,0,29
1935,Qtr 2,May,18,1935-05-18,Michigan,Ford,Ford Model 4 At,Flint Michigan,Detroit Of Service Flying Knowles,12,3,0,3
1964,Qtr 4,December,30,1964-12-30,Michigan,Curtiss,Curtis C 46An608Z,Detroit Michigan,Transport Air Zantop,4,4,0,4
1958,Qtr 2,April,6,1958-04-06,Michigan,Vickers,Vickers Viscount 745Dn7437,Freeland Michigan,Airlines Capital,47,47,0,47
1976,Qtr 3,September,26,1976-09-26,Michigan,Boeing,Boeing Kc 135A61,Near Alpena Michigan,Force Air U.S. - Military,20,15,0,15
1988,Qtr 4,October,11,1988-10-11,Michigan,Boeing,Boeing Kc 135A60,Wurtsmith Afb Michigan,Force Air U.S. - Military,17,6,0,6
1987,Qtr 1,March,4,1987-03-04,Michigan,Casa,Casa 212 Aviocar 200N160Fb,Detroit Michigan,Airlink Northwest,22,9,0,9
1983,Qtr 1,January,11,1983-01-11,Michigan,Mcdonnell,Mcdonnell Douglas Dc 8,Detroit Michigan,Lines Air United,3,3,0,3
1956,Qtr 3,July,9,1956-07-09,Michigan,Vickers,Vickers Viscountcf Tgr,Near Flat Rock Michigan,Lines Air Canada Trans,35,1,0,1
1986,Qtr 1,March,13,1986-03-13,Michigan,Embraer,Embraer 110P1 Bandeiranten1356P,Alpena Michigan,Airlines Simmons,9,3,0,3
1970,Qtr 2,May,9,1970-05-09,Michigan,Gates,Gates Learjet 23N434Ej,Pellston Michigan,Inc. Sales Jet Executive,6,6,0,6
1987,Qtr 3,August,16,1987-08-16,Michigan,Mcdonnell,Mcdonnell Douglas Md 82N312Rc,Romulus Michigan,Airlines Northwest,155,154,2,156
1932,Qtr 1,February,2,1932-02-02,Michigan,Stearman,Stearman C 3Mbnc6411,Marcellus Michigan,Airlines Transamerican,1,1,0,1
1990,Qtr 4,December,3,1990-12-03,Michigan,Boeing,Boeing B 727,Romulus Michigan,Airlines Northwest Airlines/ Northwest,198,8,0,8
1981,Qtr 3,August,22,1981-08-22,Miao-Li,Boeing,Boeing B 737,Near Sanyi Miao-Li,Taiwan Far Eastern Air Transport,110,110,0,110
1996,Qtr 2,May,11,1996-05-11,Miami,Mcdonnell,Mcdonnell Douglas Dc 9,Everglades Miami,Florida Valu,110,110,0,110
1967,Qtr 1,February,9,1967-02-09,Mexico,Antonov,Antonov An 12Cu,Near Mexico City Mexico,Aviacion De Cubana,10,10,0,10
2010,Qtr 2,April,13,2010-04-13,Mexico,Airbus,Airbus A300B4 203Fxa,Monterey Mexico,Union Company Freight Airborne,5,5,2,7
1953,Qtr 4,October,19,1953-10-19,Mexico,Douglas,Douglas C 46A,Near Monterrey Mexico,Contreras Aerovias,21,21,0,21
2003,Qtr 3,September,19,2003-09-19,Mexico,Lockheed,Lockheed C 130A Hercules3603,Near La Quemada Mexico,Force Air Mexican - Military,6,6,0,6
1936,Qtr 1,March,26,1936-03-26,Mexico,Ford,Ford 5 At,Amemeca Mexico,Mexicana,14,14,0,14
1981,Qtr 4,November,8,1981-11-08,Mexico,Mcdonnell,Mcdonnell Douglas Dc 9,Sierra De Guerro Mexico,Aeromexico,18,18,0,18
1947,Qtr 4,December,28,1947-12-28,Mexico,Douglas,Douglas Dc 2,Leon Mexico,Panini Aéreo Servicio,10,5,3,8
1954,Qtr 1,March,26,1954-03-26,Mexico,Douglas,Douglas Dc 3Xa,Monterrey Mexico,Mexico De Aeronaves,18,18,0,18
1949,Qtr 4,December,16,1949-12-16,Mexico,Douglas,Douglas Dc 3Xa,Orizaba Mexico,Mexicana,17,17,0,17
1953,Qtr 3,September,14,1953-09-14,Mexico,Douglas,Douglas C 47Axa,Chablekal Mexico,Mexicanos Aéreos Transportes,2,1,0,1
1945,Qtr 3,August,11,1945-08-11,Mexico,Douglas,Douglas Dc 2,Ixtaccihuati Mexico,Mexicana,16,16,0,16
1993,Qtr 2,May,15,1993-05-15,Mexico,Douglas,Douglas Dc 6Bfxa,Near Cancun Mexico,Caribe Del Carga,5,3,0,3
1945,Qtr 3,August,1,1945-08-01,Mexico,Boeing,Boeing 247Dxa Duy,Near San Luis Potosi Mexico,Mineras Aereas Lineas,12,12,0,12
1959,Qtr 3,September,8,1959-09-08,Mexico,Douglas,Douglas Dc 3,Poza Rica Mexico,Mexicana,16,1,0,1
2004,Qtr 2,May,2,2004-05-02,Mexico,Rockwell,Rockwell Gulfstream Jetprop 840  Xc Jeh,Near Milpillas Mexico,Republica La De General Procuradoria,7,7,0,7
1967,Qtr 2,June,12,1967-06-12,Mexico,Douglas,Douglas Dc 3A,Near La Paz Mexico,Mexico De Aeronaves,4,3,2,5
1968,Qtr 2,April,10,1968-04-10,Mexico,Douglas,Douglas Dc 3Xa,Near Mexico City Mexico,Rojas Aerovias,18,18,0,18
1949,Qtr 3,September,26,1949-09-26,Mexico,Douglas,Douglas Dc 3Xa,Mt. Popocatepetl Mexico,Mexicana,24,24,0,24
2003,Qtr 4,October,27,2003-10-27,Mexico,Hawker,Hawker 800Axa Ish,Tampico Mexico,Aeroextra,3,3,0,3
1938,Qtr 4,December,2,1938-12-02,Mexico,Lockheed,Lockheed 10E Electrax Abau,Mexico City Mexico,Mexicana,8,8,0,8
1980,Qtr 3,August,1,1980-08-01,Mexico,Douglas,Douglas Dc 8,Cerro Lilio Mexico,Peru Del Aeronaves,7,3,0,3
1998,Qtr 1,March,31,1998-03-31,Mexico,Convair,Convair Cv 240,Near Mexico City Mexico,Carga De Mexicana Aérea Linea,4,2,0,2
1988,Qtr 3,August,31,1988-08-31,Mexico,Embraer,Embraer 110P1 Bandeirantexc Cox,Cerro De La Calera Mexico,Federal Aereo Transporte,20,20,0,20
1988,Qtr 3,August,31,1988-08-31,Mexico,Convair,Convair Cv 240Xa,Merida Mexico,Aerocaribe,20,1,0,1
1987,Qtr 3,July,30,1987-07-30,Mexico,Boeing,Boeing B 377 Stratofreighterhi,Mexico City Mexico,Ltd. International Air Belize,12,5,44,49
1999,Qtr 3,July,9,1999-07-09,Mexico,Hawker,Hawker Siddeley Hs 125Xa,Toluca  Mexico,Express Jet Aero,4,4,0,4
1992,Qtr 3,July,27,1992-07-27,Mexico,Vickers,Vickers 798D Viscountxa Scm,Near Mexico City Mexico,Eslava Aero,4,4,0,4
2004,Qtr 3,September,9,2004-09-09,Mexico,Rockwell,Rockwell Ct 39A Sabrelinerxa,Villahermosa Mexico,Sa Paqueteria Jett,2,2,0,2
1977,Qtr 4,November,3,1977-11-03,Mexico,Britten,Britten  Norman Bn,San Cristobal De Las Casas Mexico,Leon Martinez Aereos Servicios,13,13,0,13
1938,Qtr 2,May,5,1938-05-05,Mexico,Lockheed,Lockheed Vega 5Bxa Bfr,Balbuena Mexico,Mineras Aéreas Lineas,6,1,0,1
1973,Qtr 2,June,20,1973-06-20,Mexico,Mcdonnell,Mcdonnell Douglas Dc 9,Near Puerto Vallarta Mexico,Aeromexico,27,27,0,27
1960,Qtr 3,September,28,1960-09-28,Mexico,Douglas,Douglas Dc 3 (C,Near Juchetipec Mexico,Mexicana,18,8,0,8
1978,Qtr 3,September,9,1978-09-09,Mexico,De Havilland,De Havilland Canada Dhc 6 Twin Otter 100Xa,Near Mexico City Mexico,Centro Del Areas Lineas,21,18,0,18
2011,Qtr 4,November,11,2011-11-11,Mexico,Aerospatiale,Aerospatiale As 332L1 Super Pumaxc Uhm,Near Santa Catarina Atoyzingo Mexico,Mexicana Aerea Fuerza,8,8,0,8
1972,Qtr 1,January,6,1972-01-06,Mexico,Hawker,Hawker Siddeley Hs 748,Near Chetumal Mexico,Saesa,23,23,0,23
1957,Qtr 4,October,30,1957-10-30,Mexico,Fairchild,Fairchild C 82Axa,Near Campeche Mexico,Mexicanos Aereos Transportes,3,3,0,3
1969,Qtr 3,September,21,1969-09-21,Mexico,Boeing,Boeing B 727,Mexico City Mexico,Mexicana,118,27,0,27
1999,Qtr 3,September,17,1999-09-17,Mexico,Lockheed,Lockheed C 130A Hercules3610,Mt. Hidalgo Mexico,Force Air Mexican - Military,5,5,0,5
2007,Qtr 3,July,5,2007-07-05,Mexico,North,North American Ct 39A Sabrelinexa,Culiacan Mexico,Sa Paqueteria Jett,3,3,6,9
1986,Qtr 1,March,31,1986-03-31,Mexico,Boeing,Boeing B 727,Maravatio Mexico,Mexicana,167,167,0,167
1981,Qtr 2,May,21,1981-05-21,Mexico,Convair,Convair Cv 440,Pinarete Mountain Mexico,Aereas Lineas,24,24,0,24
2001,Qtr 3,September,12,2001-09-12,Mexico,Let,Let 410Uvpxa Acm,Near Chichen Itza Mexico,Charter Ferinco Aero,19,19,0,19
1994,Qtr 4,November,1,1994-11-01,Mexico,Bell,Bell 212Xa Svs,Off Cozumel Mexico,Pegaso Aereos Transportes,14,14,0,14
1955,Qtr 1,March,7,1955-03-07,Mexico,Lockheed,Lockheed 18 Lodestarxb Zeh,Near Cuidad De Valles Mexic,Private,6,6,0,6
1986,Qtr 1,January,29,1986-01-29,Mexico,Douglas,Douglas Dc 3A,Las Lomitas Mexico,Aerocalifornia,21,21,0,21
2000,Qtr 3,July,8,2000-07-08,Mexico,British,British Aerospace  Bae Jetstream 32Epn912Fj,Near Villahermosa Mexico,Aerocaribe,19,19,0,19
1990,Qtr 2,May,10,1990-05-10,Mexico,Fairchild,Fairchild F 27F,Tuxtla-Gutierrez Mexico,Avicsa,40,20,0,20
1951,Qtr 4,November,27,1951-11-27,Mexico,Dc,Dc  2,San Luis Acatlan Mexico,Unidas Aereas Lineas,21,13,0,13
1955,Qtr 2,June,18,1955-06-18,Mexico,Curtiss,Curtiss C 46Xa,Leon Mexico,Voladores Tigres,39,18,0,18
1999,Qtr 4,November,9,1999-11-09,Mexico,Mcdonnell,Mcdonnell Douglas Dc 9,Near Uruapan Mexico,Taesa,18,18,0,18
1959,Qtr 2,April,17,1959-04-17,Mexico,Curtiss,Curtiss C 46F,Puerto Kino Mexico,Voladores Tigres,26,26,0,26
2014,Qtr 2,April,19,2014-04-19,Mexico,British,British Aerospace Bae 125 700A Hawkerxa,Ramos Arizpe Mexico,Comerciales Aereas Lineas,8,8,0,8
1955,Qtr 3,July,14,1955-07-14,Mexico,Douglas,Douglas Dc 2,Oaxaca Mexico,Unidas Areas Lineas,22,22,0,22
2000,Qtr 4,October,6,2000-10-06,Mexico,Mcdonnell,Mcdonnell Douglas Dc 9,Reynosa Mexico,Aeromexico,88,0,4,4
2012,Qtr 4,December,9,2012-12-09,Mexico,Learjet,Learjet 25N345Mc,Near Iturbide Mexico,Llc Management Starwood,7,7,0,7
1994,Qtr 2,June,13,1994-06-13,Mexico,Swearingen,Swearingen Sa.226Tc Metro Iixa Slu,Near Uruapan Mexico,Cuahonte Aerolineas,9,9,0,9
2002,Qtr 1,January,15,2002-01-15,Mexico,De Havilland,De Havilland Dhc 6 Twin Otter 300Xc,Chilpancingo Mexico,República La De General Procuraduría,17,5,0,5
1965,Qtr 1,January,17,1965-01-17,Mexico,Curtiss,Curtiss C 46Xa,Near Durango Mexico,Norte Del Aerovias,10,10,0,10
1947,Qtr 1,January,14,1947-01-14,Mexico,Lockheed,Lockheed C 60 Lodestar60,Near Puebla Mexico,Force Air Mexican - Military,21,21,0,21
1970,Qtr 1,January,25,1970-01-25,Mexico,Convair,Convair Cv 240,Near Poza Rica Mexico,Commission Electricity -Federal Charter,19,18,0,18
1957,Qtr 2,April,15,1957-04-15,Mexico,Consolidated,Consolidated B 24Jxa,Merida Mexico,Mexicanos Aéreos Transportes,3,3,1,4
1998,Qtr 3,July,23,1998-07-23,Mexico,Shorts,Shorts Sc 7 Skyvan 3,Pico De Orizaba Mexico,Force Air Mexican - Military,4,4,0,4
1979,Qtr 4,October,31,1979-10-31,Mexico,Mcdonnell,Mcdonnell Douglas Dc 10,Mexico City Mexico,Airlines Western,88,72,1,73
2019,Qtr 2,May,5,2019-05-05,Mexico,Canadair,Canadair Cl 600,Near Monclava Mexico,Solutions Aircraft Tvpx,13,13,0,13
1989,Qtr 2,May,5,1989-05-05,Mexico,Britten,Britten Norman Bn 2A Trislander Iixa,Near Cancun Mexico,Cozumel Aero,19,6,0,6
1996,Qtr 2,May,10,1996-05-10,Mexico,De Havilland,De Havilland Canada Dhc 6 Twin Otter 200Xa,Otaez Mexico,Durango De Empresariales Aeroservicios,19,16,0,16
1968,Qtr 4,December,31,1968-12-31,Mexico,Douglas,Douglas Dc 3Xa,Near Ciudad Victoria Mexico,Especiales Aéreos Servicios,26,26,0,26
1955,Qtr 1,March,8,1955-03-08,Mexico,Douglas,Douglas Dc 3Xa,Mascota Mexico,Mexicana,26,26,0,26
1992,Qtr 4,December,9,1992-12-09,Mexico,Britten,Britten  Norman Bn,Uruapan Mexico,Sudpacifico Aero,9,9,0,9
1929,Qtr 2,May,9,1929-05-09,Mexico,Ford,Ford Tri Motor 4M,Tampico Mexico,Mexicana,5,5,0,5
1938,Qtr 1,February,9,1938-02-09,Mexico,Lockheed,Lockheed 10 Electraxa Bas,Guadalupe Mexico,Mexicana,2,2,0,2
1981,Qtr 3,July,27,1981-07-27,Mexico,Mcdonnell,Mcdonnell Douglas Dc 9,Chihuahua Mexico,Aeromexico,66,32,0,32
1958,Qtr 2,June,2,1958-06-02,Mexico,Lockheed,Lockheed 749A Constellationxa Mev,Near Guadalajara Mexico,Mexico De Aeronaves,45,45,0,45
1951,Qtr 4,October,8,1951-10-08,Mexico,Douglas,Douglas Dc 3Xa,Cerro Blanco Mexico,Transportes Aero,8,8,0,8
1996,Qtr 3,July,17,1996-07-17,Mexico,De Havilland,De Havilland Canada Dhc 6 Twin Otter 300Xa,Near Playa Del Carmen Mexico,(Aerocaribe) Aerolatino,18,1,0,1
1968,Qtr 4,December,26,1968-12-26,Mexico,Douglas,Douglas Dc 3,Ensenada Mexico,S.A. Sal De Exportada,12,12,0,12
1929,Qtr 4,November,4,1929-11-04,Mexico,Lockheed,Lockheed Vega 5Nc46M,Cerro Del Carbon Mexico,Transportes De Aeronautica Corp.,4,4,0,4
2008,Qtr 3,July,6,2008-07-06,Mexico,Douglas,Douglas Dc9 15Fn199Us,Saltillo Mexico,Airlines Jet Usa,2,1,0,1
1946,Qtr 4,November,13,1946-11-13,Mexico,Douglas,Douglas Dc 3Xa,Near Cofre De Perote Mexico,Veracruz De Aéreas Commun. Empressa,15,15,0,15
1988,Qtr 4,December,8,1988-12-08,Mauritania,Douglas,Douglas Dc 7Cfn284,Bîr Mogreïn Mauritania,Aviation G & T,5,5,0,5
1952,Qtr 2,May,26,1952-05-26,Mauritania,Handley,Handley Page Hp 81 Hermes Ivg,Near Atar Mauritania,Airways Overseas British,18,1,0,1
1932,Qtr 4,October,12,1932-10-12,Mauritania,Latecoere,Latecoere 28F Ajip,Port Etienne Mauritania,Aeropostale,1,1,0,1
1925,Qtr 4,November,14,1925-11-14,Mauritania,Breguet,Breguet 14F Aegz,Nouadhibou Mauritania,Latecoere Aeriennes Lignes,1,1,0,1
1980,Qtr 3,August,7,1980-08-07,Mauritania,Tupolev,Tupolev Tu 154B,Nouadhibou Mauretania,Tarom,168,1,0,1
1927,Qtr 4,October,6,1927-10-06,Mauritania,Breguet,Breguet 14F Agbn,Thies Mauritania,Latecoere Aeriennes Lignes,2,2,0,2
1998,Qtr 2,May,12,1998-05-12,Mauritania,Xian,Xian Yunshuji Y 7,Near Nema Mauritania,Force Air Mauritanian - Military,42,39,0,39
1994,Qtr 3,July,1,1994-07-01,Mauritania,Fokker,Fokker F 28 Fellowship 40005T,Near Tidjika Mauritania,Mauritanie Air,93,80,0,80
1930,Qtr 2,June,5,1930-06-05,Massachusetts,Ford,Ford Tri Motor 5Nc9675,Boston Massachusetts,Transport Air Colonial,15,1,0,1
1946,Qtr 3,July,9,1946-07-09,Massachusetts,Boeing,Boeing B17G43 39136,Holyoke Massachusetts,Forces Air Army U.S. - Military,25,25,0,25
2003,Qtr 3,August,26,2003-08-26,Massachusetts,Beechcraft,Beechcraft 1900Dn240Cj,Off Hyannis Massachusetts,Express Airways Us,2,2,0,2
1964,Qtr 1,March,10,1964-03-10,Massachusetts,Douglas,Douglas Dc 4N384,Boston Massachutes,Cargo - Airways Slick,3,3,0,3
1999,Qtr 4,October,31,1999-10-31,Massachusetts,Boeing,Boeing B 767,Off Nantucket Island Massachusetts,Egypt,217,217,0,217
1965,Qtr 3,July,11,1965-07-11,Massachusetts,Ec,Ec  121H (Super Constellation)55,Off Nantucket Massachusetts,Force Air U.S. - Military,19,16,0,16
1966,Qtr 4,November,11,1966-11-11,Massachusetts,Lockheed,Lockheed Ec 121H55,Off Chatham Massachusetts,Force Air U.S. - Military,19,19,0,19
1960,Qtr 4,October,4,1960-10-04,Massachusetts,Lockheed,Lockheed 188A Electran5533,Boston Massachusetts,Lines Air Eastern,72,62,0,62
2008,Qtr 2,June,18,2008-06-18,Massachusetts,De Havilland,De Havilland Canada Dhc 6 Twin Otter 100N656Wa,Hyannis Massachusetts,Airways Wiggins,1,1,0,1
1963,Qtr 1,February,28,1963-02-28,Massachusetts,Douglas,Douglas Dc 7N842D,Boston Massachusetts,Lines Air Eastern,26,0,1,1
1958,Qtr 3,August,15,1958-08-15,Massachusetts,Convair,Convair Cv 240,Nantucket Massachusetts,Airlines Northeast,34,25,0,25
1979,Qtr 2,June,17,1979-06-17,Massachusetts,De Havilland,De Havilland Canada Dhc 6 Twin Otter 300N383Ex,Hyannis Massachusetts,England New Air,10,1,0,1
1958,Qtr 2,June,27,1958-06-27,Massachusetts,Boeing,Boeing Kc 135A56,Near Chicopee Falls Massachusetts,Force Air U.S. - Military,15,15,0,15
1999,Qtr 3,July,16,1999-07-16,Massachusetts,Piper,Piper Pa 32,Off Martha'S Vineyard Massachusetts,Private,3,3,0,3
1973,Qtr 4,November,3,1973-11-03,Massachusetts,Boeing,Boeing B 707,Boston Massachusetts,Airways World American Pan,3,3,0,3
1957,Qtr 3,September,15,1957-09-15,Massachusetts,Douglas,Douglas Dc 3N33417,New Bedford Massachusetts,Airlines Northeast,24,12,0,12
1989,Qtr 3,July,19,1989-07-19,Maryland,Beech,Beech E18Sn138Jr,Glen Burnie Maryland,Inc. Airlines Centre - Taxi Air,5,2,0,2
1919,Qtr 4,October,14,1919-10-14,Maryland,Curtiss,Curtiss R 4Lm32,Cantonsville Maryland,Service Mail Aerial Us,1,1,0,1
1998,Qtr 4,November,21,1998-11-21,Maryland,Burgess,Burgess Rv 6 Experimentaln956Db,Edgewater Maryland,Private,1,1,0,1
1962,Qtr 4,November,23,1962-11-23,Maryland,Vickers,Vickers Viscount 745Dn7430,Ellicott City Maryland,Lines Air United,18,18,0,18
1981,Qtr 2,May,6,1981-05-06,Maryland,Boeing,Boeing Ec 135N61,Near Fredrick Maryland,Force Air U.S. - Military,21,21,0,21
1948,Qtr 1,January,13,1948-01-13,Maryland,Douglas,Douglas Dc 3,Oxon Hill Maryland,Lines Air Eastern,9,5,0,5
1957,Qtr 2,June,22,1957-06-22,Maryland,Douglas,Douglas C 47An88835,Near Clarksburg Maryland,Airlines Capital,3,3,0,3
1920,Qtr 3,August,16,1920-08-16,Maryland,De Havilland,De Havilland Dh 4317,College Park Maryland,Service Mail Aerial Us,1,1,0,1
1963,Qtr 1,January,30,1963-01-30,Maryland,Lockheed,Lockheed P 3A Orion149672,Off Patuxent River Maryland,Navy U.S. - Military,14,14,0,14
1954,Qtr 1,March,19,1954-03-19,Maryland,Fairchild,Fairchild C 110F51,Near Lothian Maryland,Force Air U.S. - Military,18,18,0,18
1958,Qtr 2,May,20,1958-05-20,Maryland,Vickers,Vickers Viscount 745D / T 33An7410/53,Brunswick Maryland,Guard National Air - Military / Airlines Capital,13,12,0,12
2008,Qtr 3,September,27,2008-09-27,Maryland,Aerospatiale,Aerospatiale Sa365N 1 Dauphin Iin92Md,Camp Springs Maryland,Police State Maryland,5,4,0,4
1989,Qtr 4,December,1,1989-12-01,Maryland,Casa,Casa 212 Aviocar 200N296Ca,Patuxent Maryland,Army U.S. - Military,5,5,0,5
1947,Qtr 2,May,30,1947-05-30,Maryland,Douglas,Douglas C 54B,Port Deposit Maryland,Lines Air Eastern,53,53,0,53
1949,Qtr 1,January,6,1949-01-06,Maryland,Douglas,Douglas C 47Anc53210,Brandywine Maryland,Cargo Coastal,2,2,0,2
1963,Qtr 4,December,8,1963-12-08,Maryland,Boeing,Boeing B 707,Elkton Maryland,Airways World American Pan,81,81,0,81
1974,Qtr 1,February,22,1974-02-22,Maryland,Mc,Mc Donnell Dougals Dc 9,Baltimore Maryland,Lines Air Delta,15,1,0,1
1959,Qtr 2,May,12,1959-05-12,Maryland,Vickers,Vickers Viscount 745Dn7463,Chase Maryland,Airlines Capital,31,31,0,31
1954,Qtr 4,October,30,1954-10-30,Maryland,Lockheed,Lockheed R7V 1128441,Off Ocean City Maryland,Navy U.S. - Military,42,42,0,42
1945,Qtr 3,August,3,1945-08-03,Martinique,Sirkorsky,Sikorsky S 43 (Flying Boat)Nc15066,Fort De France Martinique,Airways World American Pan,14,4,0,4
1994,Qtr 3,July,17,1994-07-17,Martinique,Britten,Britten  Norman Bn,Near Fort De France Martinique,Martinique Air,6,6,0,6
1950,Qtr 3,September,20,1950-09-20,Marshall,Douglas,Douglas R5D 356496,Kwajalein Marshall,Navy U.S. - Islandsmilitary,26,26,0,26
1943,Qtr 1,January,9,1943-01-09,Marine,Shorts,Short S 26 (Flying Boat)G,Near Cabo Ruivo Marine,Lisbon          Base,15,13,0,13
1953,Qtr 4,December,17,1953-12-17,Mariana,Boeing,Boeing B 2944,Guam Mariana,Force Air U.S. - Islandsmilitary,16,11,8,19
1962,Qtr 1,February,25,1962-02-25,Margarita,Fairchild,Fairchild F 27Yv,Portlamar Margarita,Venezuela          Island Avensa,23,23,0,23
1996,Qtr 3,July,24,1996-07-24,Manmar,Fokker,Fokker F 27 Friendship 600Xy,Near Mergui Manmar,Airways Myanmar,49,8,0,8
1949,Qtr 3,August,21,1949-08-21,Manitoba,Consolidated,Consolidated Canso (Amphibian)11057,Near Bigstone Lake Manitoba,Force Air Canadian Royal - Military,21,21,0,21
1992,Qtr 3,August,27,1992-08-27,Manitoba,De Havilland,De Havilland Canada Dhc 4T Cariboun400Nc,Gimli Manitoba,Canada New,3,3,0,3
1983,Qtr 3,July,23,1983-07-23,Manitoba,Boeing,Boeing B 767,Gimli Manitoba,Canada Air Canada,69,0,0,0
1999,Qtr 2,June,25,1999-06-25,Manitoba,De Havilland,De Havilland Canada Dhc 3 Otterc,Long Haul Lake Manatoba,Canada Blue Water Aviation Services,2,1,0,1
1931,Qtr 1,February,20,1931-02-20,Manitoba,Fokker,Fokker Universal F 14,Bagot Manitoba,Canada Western Canada Airways,3,2,0,2
1956,Qtr 1,February,18,1956-02-18,Malta,Avro,Avro 685 York C 1G,Near Zurrieg Malta,Airlines Scottish,50,50,0,50
1945,Qtr 4,October,24,1945-10-24,Malta,Douglas,Douglas C 47 Skytrain (Dc,Valetta Malta,Boac,16,9,0,9
1985,Qtr 4,November,24,1985-11-24,Malta,Boeing,Boeing B 737,Luqa Malta,Egypt,103,60,0,60
1946,Qtr 2,April,5,1946-04-05,Malta,Vickers,Vickers Wellington Bomberhe 274,Rabat Malta,Navy British Royal - Military,4,4,16,20
1946,Qtr 3,August,14,1946-08-14,Malta,Douglas,Douglas C 47Ag,Malta-Luqa Malta,Boac,5,1,0,1
1954,Qtr 1,February,12,1954-02-12,Malta,Avro,Avro Shackleton Mr 2Wl794,Off Gozo Malta,Force Air Royal - Military,10,10,0,10
2013,Qtr 4,November,9,2013-11-09,Malinau,Mil,Mil   Mi,Pujungan Malinau,Borneo          District Military - Indonesian Army,21,13,0,13
2014,Qtr 3,July,24,2014-07-24,Mali,Mc,Mc Donnell Douglas Md 83Ec,Aguelhok Mali,Algerie Air,116,116,0,116
1985,Qtr 1,February,22,1985-02-22,Mali,Antonov,Antonov An 24Vtz,Timbuktu Mali,Mali Air,51,50,0,50
1951,Qtr 3,July,24,1951-07-24,Mali,Douglas,Douglas Dc 3Oo,Gao Mali,Sabena,3,3,0,3
1983,Qtr 2,June,21,1983-06-21,Mali,De Havilland,De Havilland Canada Dhc 6 Twin Otter 300Tz,Niela Mali,Mali Air,7,7,0,7
1971,Qtr 3,July,24,1971-07-24,Mali,Douglas,Douglas Dc 36V,Near Bamako Mali,Ivoire Air,6,6,0,6
1993,Qtr 3,July,30,1993-07-30,Malaysia,Shorts,Shorts Sc 7 Skyvan 3,Serawak Malaysia,Airways Hornbill,17,1,0,1
1999,Qtr 2,May,24,1999-05-24,Malaysia,De Havilland,De Havilland Canada Dhc 4Am21,Kuching Malaysia,Force Air Malaysian - Military,5,5,0,5
2013,Qtr 4,October,10,2013-10-10,Malaysia,De Havilland,De Havilland Canada Dhc 6 Twin Otter 3109M,Kudat Malaysia,Maswings,16,2,0,2
1950,Qtr 3,August,25,1950-08-25,Malaysia,Douglas,Douglas C 47Bkn630,Kampong Jenera Malaysia,Force Air Royal - Military,12,12,0,12
1989,Qtr 1,February,19,1989-02-19,Malaysia,Boeing,Boeing 747 249Fn807Ft,Near Kuala Lumpur Malaysia,Line Tiger Flying,4,4,0,4
1976,Qtr 2,June,6,1976-06-06,Malaysia,Gaf,Gaf Nomad N 22B9M,Off Kota Kinabalu Malaysia,Air Sabah,11,11,0,11
1991,Qtr 3,September,4,1991-09-04,Malaysia,Shorts,Shorts Sc 7 Skyvan 3,Long Seridan Malaysia,Udara Rajawaldi Airtech,20,14,0,14
1952,Qtr 2,May,9,1952-05-09,Malaysia,Douglas,Douglas Dc 3Pk,Ipoh Malaysia,Airlines Indonesia Garuda,17,17,0,17
1997,Qtr 3,September,6,1997-09-06,Malaysia,Dornier,Dornier 228 2129M,Near Miri Malaysia,Airways Borneo,10,10,0,10
1995,Qtr 4,November,29,1995-11-29,Malaysia,Bell,Bell 412 (Helicopter)9M Ayw,Off Labuan Malaysia,Air Sabah,10,10,0,10
1946,Qtr 4,October,6,1946-10-06,Malaya,Avro,Avro 685 York 1Mw125,Off Penang Malaya,Force Air -Royal Military,21,21,0,21
1987,Qtr 4,November,6,1987-11-06,Malawi,Shorts,Shorts Sc 7 Skyvan 3,Ulongue Malawi,Malawi Air,10,10,0,10
1967,Qtr 3,July,19,1967-07-19,Malagasy,Douglas,Douglas Dc 4,Tananarive Malagasy,Madagascar Republicair,42,42,0,42
1944,Qtr 3,July,11,1944-07-11,Maine,Douglas,Douglas A 26B Invader 43,Portland Maine,Army U.S. - Military,2,2,19,21
1979,Qtr 2,May,30,1979-05-30,Maine,De Havilland,De Havilland Dhc 6,Rockland Maine,Airlines Downeast,18,17,0,17
1971,Qtr 3,August,19,1971-08-19,Maine,Piper,Piper Pa 31N595De,Augusta Maine,Airlines Downeast,8,3,0,3
2000,Qtr 3,July,19,2000-07-19,Maine,Grumman,Grumman G 159 Gulfstream Ic,Linneus Maine,Transport Airwave,2,2,0,2
1985,Qtr 3,August,25,1985-08-25,Maine,Beechcraft,Beechcraft 99N300Wp,Auburn Maine,Airlines Harbor Bar,8,8,0,8
1978,Qtr 1,January,1,1978-01-01,Maharashtra,Boeing,Boeing B 747,Off Bandra Maharashtra,India Air India,213,213,0,213
1963,Qtr 3,July,27,1963-07-27,Maharashtra,De Havilland,De Havilland Comet 4Csu Ald,Off Bandra Maharashtra,India United Arab Airlines,63,63,0,63
1957,Qtr 3,September,27,1957-09-27,Maharashtra,Let,Let Aero 45Svt Dho,Bhiwandi Maharashtra,Indiaèkoda (India) Ltd,3,3,0,3
1962,Qtr 3,July,7,1962-07-07,Maharashtra,Mcdonnell,Mcdonnell Douglas Dc 8,Near Junnar Maharashtra,India Alitalia,94,94,0,94
1957,Qtr 2,May,9,1957-05-09,Madrid,Bristol,Bristol 170 Freighterec Adi,Barajas Madrid,Spain Aviaco,37,37,0,37
1953,Qtr 2,April,10,1953-04-10,Madagascar,Junkers,Junkers Ju 5/,Miandivazo Madagascar,France Air,15,4,0,4
1986,Qtr 2,May,24,1986-05-24,Madagascar,Douglas,Douglas C 47,Antananarivo Madagascar,Malgache L'Air De Armée - Military,13,13,0,13
1995,Qtr 3,July,18,1995-07-18,Madagascar,Douglas,Douglas C 47A5R,Near Antananivo Madagascar,Force Air Madagascar - Military,34,34,0,34
1950,Qtr 1,January,24,1950-01-24,Madagascar,Douglas,Douglas C 47A,Near Tamatave Madagascar,Aerienne Transatlantique Societe,14,14,0,14
1963,Qtr 3,July,15,1963-07-15,Madagascar,Douglas,Douglas C 475R,Farafangana Madagascar,Madagascar Air,12,6,0,6
1952,Qtr 1,January,2,1952-01-02,Madagascar,Junkers,Junkers Ju 52/3Mf,Andapa Madagascar,France Air,11,6,0,6
1930,Qtr 1,January,13,1930-01-13,Madagascar,Farman,Farman 190F Ajjk,Antananarivo Madagascar,Orient Air,3,3,0,3
1993,Qtr 4,November,20,1993-11-20,Macedonia,Yakovlev,Yakovlev Yak 42Dra,Near Ohrid Macedonia,(Macedonia) Aviaimpex,116,116,0,116
2008,Qtr 1,January,12,2008-01-12,Macedonia,Mi,Mi  17 Helicoptervam,Blace Macedonia,Force Air Macedonian - Military,11,11,0,11
1993,Qtr 1,March,5,1993-03-05,Macedonia,Fokker,Fokker 100Ph Kxl,Skopje Macedonia,Macedonian Palair,97,83,0,83
1992,Qtr 3,July,24,1992-07-24,Macedonia,Antonov,Antonov 12Bkcccp 11342,Near Skopje Macedonia,Airlines Volga-Dnepr,8,8,0,8
2002,Qtr 4,November,6,2002-11-06,Luxembourg,Fokker,Fokker 50Lx Lgb,Near Niederanven Luxembourg,Luxair,22,20,0,20
1982,Qtr 3,September,29,1982-09-29,Luxembourg,Illyushin,Ilyushin Il 62Mcccp,Luxembourg Luxembourg,Aeroflot,77,7,0,7
1982,Qtr 3,July,9,1982-07-09,Louisiana,Boeing,Boeing B 727,Kenner Louisiana,Airways World American Pan,145,145,8,153
1980,Qtr 3,August,6,1980-08-06,Louisiana,Bell,Bell 205A 1 Helicoptern95Al,Houma Louisiana,Logistics Air,13,13,0,13
1973,Qtr 3,September,20,1973-09-20,Louisiana,Beechcraft,Beechcraft E18Sn50Jr,Natchitoches Louisiana,Charter Private,6,6,0,6
1988,Qtr 3,July,20,1988-07-20,Louisiana,Douglas,Douglas C 118An33Vx,Golden Meadow Louisiana,Taca,3,3,0,3
1977,Qtr 4,December,8,1977-12-08,Louisiana,Snias,Snias Sa330Jn4730S,Intracostal City Louisiana,Helicopter Petroleum,19,17,0,17
1969,Qtr 1,March,20,1969-03-20,Louisiana,Douglas,Douglas Dc 3N142D,New Orleans Louisiana,Airways Avion,27,16,0,16
1988,Qtr 2,May,24,1988-05-24,Louisiana,Boeing,Boeing B 737,New Orleans Louisiana,Taca,45,0,0,0
1980,Qtr 1,February,21,1980-02-21,Louisiana,Sirkorsky,Sikorsky S 62An442Y,Leeville Louisiana,Taxi Air - Inc Airs Rotor,7,6,0,6
1967,Qtr 1,March,30,1967-03-30,Louisiana,Mcdonnell,Mcdonnell Douglas Dc 8,New Orleans Louisiana,Lines Air Delta,6,6,13,19
1972,Qtr 2,May,29,1972-05-29,Louisiana,Bell,Bell 205An2256W,Dulac Louisiana,Helicopter Petrolium,11,11,0,11
1973,Qtr 1,February,19,1973-02-19,Louisiana,Bell,Bell 206Bn14831,Morgan City Louisiana,Inc. Helo Petrolium,5,5,0,5
1966,Qtr 4,October,8,1966-10-08,Louisiana,Bell,Bell 204B Helicoptern1187W,Off Morgan City Louisiana,Helicopter Petroleum,11,11,0,11
1991,Qtr 1,February,1,1991-02-01,Los,Boeing,Boeing B 737,Lax Los,California          Angeles Usair / Skywest Airlines,101,34,0,34
1978,Qtr 1,March,1,1978-03-01,Los,Mcdonnell,Mcdonnell Douglas Dc 10,Lax Los,California          Angeles Continental Airlines,200,2,0,2
1922,Qtr 3,July,16,1922-07-16,Lorraine,Potez,Potez 29F Frei,Near Saverne Lorraine,France Compagnie Franco-Roumaine De Navigaation Aerienne,5,5,0,5
1948,Qtr 1,March,2,1948-03-02,London,Douglas,Douglas Dc 3Oo,Heathrow Airport London,England Sabena,22,20,0,20
1968,Qtr 2,April,8,1968-04-08,London,Boeing,Boeing B 707,Heathrow Airport London,England British Overseas Airways,127,5,0,5
1990,Qtr 1,January,25,1990-01-25,Lombok,Hawker,Hawker Siddeley Hs 748,Mt Rijani Lombok,Indonesia          Island Airfast Services,19,19,0,19
1959,Qtr 2,June,26,1959-06-26,Lombardia,Lockheed,Lockheed 1649A Starlinern7313C,Near Varese Lombardia,20 Miles Nw Of Milan,68,68,0,68
1949,Qtr 1,January,17,1949-01-17,Lochgoilhead,Boeing,Boeing B 29A Superfortress44,Near Succoth Glen Lochgoilhead,Scotland Military - U.S. Air Force,20,20,0,20
1972,Qtr 4,October,27,1972-10-27,Liore,Vickers,Vickers Viscount 724F Bmch,Near Noiretable Loire,France Air Inter,68,60,0,60
1955,Qtr 3,September,22,1955-09-22,Libya,Canadair,Canadair C 4 Argonautg,Idris Libya,Airways Overseas British,47,15,0,15
1945,Qtr 4,November,11,1945-11-11,Libya,Shorts,Short Stirlingpj950,Near Castel Libya,Force Air -Royal Military,29,29,0,29
1971,Qtr 1,January,2,1971-01-02,Libya,De Havilland,De Havilland Comet 4Csu Alc,Ben Gashir Libya,Airlines Arab United,16,16,0,16
2010,Qtr 2,May,12,2010-05-12,Libya,Airbus,Airbus A330 2025A,Tripoli Libya,Airways Afriqiyah,104,103,0,103
1949,Qtr 1,February,4,1949-02-04,Libya,Douglas,Douglas C 54A,Castel Benito Libya,London Of Skyways,53,1,0,1
1961,Qtr 4,October,10,1961-10-10,Libya,Handley,Handley Page Hastings C 2Wd498,El Adem Libya,Force Air Royal - Military,37,17,0,17
1989,Qtr 3,July,27,1989-07-27,Libya,Mcdonnell,Mcdonnell Douglas Dc 10,Tripoli Libya,Airlines Korean,199,75,4,79
1936,Qtr 3,September,24,1936-09-24,Libya,Crda,Crda Cant Z 506I,Benghazi Libya,Sa Littoria Ala,10,9,0,9
2000,Qtr 1,January,13,2000-01-13,Libya,Shorts,Shorts 360 300Hb,Off Marsa El-Brega Libya,Avisto,41,22,0,22
1958,Qtr 3,August,9,1958-08-09,Libya,Vickers,Vickers Viscount 748Dvp Yne,Benghazi Libya,Airways African Central,54,36,0,36
1992,Qtr 4,December,22,1992-12-22,Libya,Boeing,Boeing B 727,Tripoli Libya,Force Air Libya  - Military / Airlines Arab Libya,157,157,0,157
1988,Qtr 4,November,30,1988-11-30,Libya,De Havilland,De Havilland Canada Dhc 6 Twin Otter 3005A,Hamada Al Hambra Libya,Libya Club Aero,14,14,0,14
1992,Qtr 2,April,7,1992-04-07,Libya,Antonov,Antonov An 24Rvj5,Near Sarra Libya,Bissau Air,13,3,0,3
1970,Qtr 2,June,1,1970-06-01,Libya,Tupolev,Tupolev Tu 104Aok,Tripoli Libya,Aerolinie Ceskoslovenske,13,13,0,13
1946,Qtr 3,September,19,1946-09-19,Libya,Avro,Avro Lancasternx690,Near Tripoli Libya,Force Air -Royal Military,25,25,0,25
1989,Qtr 4,November,9,1989-11-09,Liberia,Britten,Britten  Norman Bn,Monrovia Liberia,Ttansport Air Weasua,10,2,0,2
2002,Qtr 1,February,15,2002-02-15,Liberia,Antonov,Antonov 12Bper Adl,Monrovia Liberia,Tiramavia,10,1,0,1
1951,Qtr 2,June,22,1951-06-22,Liberia,Lockheed,Lockheed 049 Constellationn88846,Near Sanoyea Liberia,Airways World American Pan,40,40,0,40
1967,Qtr 1,March,5,1967-03-05,Liberia,Mcdonnell,Mcdonnell Douglas Dc 8,Monrovia Liberia,Varig,90,51,5,56
1989,Qtr 4,November,10,1989-11-10,Lesotho,Casa,Casa 212 Aviocarldf 46,Maluti Mountains Lesotho,Force Defence Lesotho Royal - Military,18,18,0,18
1986,Qtr 3,August,4,1986-08-04,Leeward,De Havilland,De Havilland Canada Dhc 6 Twin Otter 300V2,Off St. Vincent Leeward,Transport Air Islands Islandsleeward,13,13,0,13
1959,Qtr 4,November,21,1959-11-21,Lebanon,Douglas,Douglas Dc 4Ya,Beirut Lebanon,Airlines Afghan Ariana,27,24,0,24
1975,Qtr 3,September,30,1975-09-30,Lebanon,Tupolev,Tupolev Tu 154Bha,Off Beirut Lebanon,Airlines Hungarian Malev,60,60,0,60
2010,Qtr 1,January,25,2010-01-25,Lebanon,Boeing,Boeing 737 8Aset,Off Na'Ameh Lebanon,Airlines Ethiopian,90,90,0,90
1932,Qtr 3,August,12,1932-08-12,Lebanon,Cams,Cams 53F Aiqy,Beyrouth Lebanon,Orient Air,7,0,0,0
1979,Qtr 3,July,23,1979-07-23,Lebanon,Boeing,Boeing 707 327Cod,Beirut Lebanon,Airways Mediterranean Trans,6,6,0,6
1957,Qtr 4,October,3,1957-10-03,Lebanon,Curtiss,Curtiss C 46A,Beirut Lebanon,Airways International Lebanese,27,27,0,27
1977,Qtr 4,December,2,1977-12-02,Lebanon,Tupolev,Tupolev Tu 154Blz,Near Al Bayda Lebanon,Airlines Bulgarian Balkan,165,59,0,59
1977,Qtr 2,May,13,1977-05-13,Lebanon,Antonov,Antonov An 12Bpsp,Beiruit Lebanon,Airlines Polish Lot,9,9,0,9
1967,Qtr 4,December,30,1967-12-30,Latvia,Antonov,Antonov An 24Bcccp,Liepaja Latvia,Aeroflot,51,44,0,44
1993,Qtr 4,December,13,1993-12-13,Laos,Yunshuji,Yunshuji Y 12,Phonesavanh Laos,Aviation Lao,18,18,0,18
1963,Qtr 3,July,17,1963-07-17,Laos,Curtiss,Curtiss C 46Fb,Pak Tha Laos,America Air,6,6,0,6
1972,Qtr 1,February,11,1972-02-11,Laos,Douglas,Douglas Dc 4Xw,Near Vientiane Laos,Lao Air Royal,23,23,0,23
1967,Qtr 4,December,7,1967-12-07,Laos,Douglas,Douglas Dc 3Xw,Muong Soui Laos,Airlines Cathay Lao,12,10,0,10
1972,Qtr 2,April,24,1972-04-24,Laos,Pilatus,Pilatus Pc6Ch2N391R,Nyot Mo Laos,America Air,10,4,0,4
1975,Qtr 1,January,16,1975-01-16,Laos,Antonov,Antonov An 12 Cccp,Xam Neua Laos,Aeroflot,16,16,0,16
1967,Qtr 3,July,25,1967-07-25,Laos,Douglas,Douglas Dc 3B,Near Luang Prabang Laos,Aviation Taiwan,18,18,0,18
1967,Qtr 3,July,25,1967-07-25,Laos,Douglas,Douglas Dc 3Xw,Near Luang Prabang Laos,Akat Vehu,16,16,0,16
2014,Qtr 2,May,17,2014-05-17,Laos,Antonov,Antonov 74Tk 300Rdpl,Xiang Khouang Province Laos,Force Air Laos,17,16,0,16
1968,Qtr 1,February,24,1968-02-24,Laos,Douglas,Douglas Dc 3Xw,Ban Napa Laos,Lao Air Royal,37,37,0,37
1954,Qtr 4,December,4,1954-12-04,Laos,Douglas,Douglas Dc 3F,Near Luang Pragang Laos,Laos Air,29,29,0,29
2000,Qtr 4,October,19,2000-10-19,Laos,Harbin,Harbin Yunshuji Y 12,Near Sam Neua Laos,Aviation Lao,17,8,0,8
1998,Qtr 2,May,25,1998-05-25,Laos,Yakovlev,Yakovlev Yak 4034001,Near Longtiang Laos,Force Air Army Liberation People'S Lao - Military,26,26,0,26
1954,Qtr 2,April,13,1954-04-13,Laos,Lockheed,Lockheed 18 Lodestarf Oalk,Xieng Kouang Laos,Raviteillement De Indochinoise Societe,23,16,0,16
1969,Qtr 4,December,23,1969-12-23,Laos,Douglas,Douglas C 47A,Near Luang Prabang Laos,Air Laos,6,6,0,6
2013,Qtr 4,October,16,2013-10-16,Laos,Atr,Atr  72,Near Pakse Laos,Airlines Lao,49,49,0,49
1969,Qtr 3,August,19,1969-08-19,Laos,Pilatus,Pilatus Pc 6Cn196X,Near Long Tieng Laos,America Air,13,13,0,13
1954,Qtr 3,August,16,1954-08-16,Laos,Bristol,Bristol 170 Freighter 21Ef Vnai,Near Pakse Laos,Vietnam) (South Vietnam Air,55,47,0,47
1968,Qtr 4,November,25,1968-11-25,Laos,Curtiss,Curtiss C 46D,Savannakhet Laos,America Air,28,26,0,26
1969,Qtr 3,September,2,1969-09-02,Laos,Douglas,Douglas C 47248,Near Pakse Laos,Force Air Lao Royal - Military,35,35,0,35
1972,Qtr 1,February,4,1972-02-04,Laos,De Havilland,De Havilland Canada C 7A Caribou393,Pha Khao Laos,America Air,38,1,0,1
1958,Qtr 1,February,27,1958-02-27,Lancs,Bristol,Bristol 170 Freighter 21G Aics,Horwich Lancs,England Silver City Airways,42,35,0,35
1947,Qtr 4,December,10,1947-12-10,Labrador,Douglas,Douglas C 54D,Near Goose Bay Labrador,Force Air U.S. - Military,29,23,0,23
2017,Qtr 1,January,16,2017-01-16,Kyrgyzstan,Boeing,Boeing 747 412Ftc,Bishkek Kyrgyzstan,Airlines) (Act Airlines Cargo My,4,4,35,39
1969,Qtr 2,June,28,1969-06-28,Kyrgyzstan,Illyushin,Ilyushin Il 14Cccp,Near Talas Kyrgyzstan,Aeroflot,40,40,0,40
2008,Qtr 3,August,24,2008-08-24,Kyrgyzstan,Boeing,Boeing B 737,Bishkek Kyrgyzstan,Air Itek,90,68,0,68
1959,Qtr 3,July,15,1959-07-15,Kuwait,Avro,Avro 685 Yorkep Ade,Kuwait City Kuwait,Pas,32,32,0,32
1999,Qtr 4,December,10,1999-12-10,Kuwait,Lockheed,Lockheed C 130H63,Kuwait City Kuwait,Force Air U.S. - Military,94,3,0,3
1999,Qtr 4,November,12,1999-11-12,Kosovo,Aerospatiale,Aerospatiale Alenia Atr 42F,Near Pristina Kosovo,Charter U.N. - Fly Si,24,24,0,24
1961,Qtr 4,December,24,1961-12-24,Kodiak,Grumman,Grumman G 21A Goosen1503V,Old Harbor Kodiak,Alaska          Island Kodiak Airways,5,1,0,1
1995,Qtr 4,October,4,1995-10-04,Kirghizia,Mil,Mil Mi 8Mtv,Barskoon Kirghizia,Zaoldoru Aba Kirghizia,15,15,0,15
1974,Qtr 2,June,27,1974-06-27,Khmer,Boeing,Boeing 307B 1 Stratolinerxw,Battambang Khmer,Air Republiccambodia,39,19,0,19
1998,Qtr 1,March,10,1998-03-10,Kenya,Boeing,Boeing 707 336Csu,Mombasa Kenya,Memphis Air,6,6,0,6
1999,Qtr 2,May,29,1999-05-29,Kenya,Let,Let 410Uvp E5Y,Ol Kiombo Kenya,Services Air Malindi,2,2,0,2
1976,Qtr 4,October,4,1976-10-04,Kenya,Douglas,Douglas Dc 7Cftz,Nairobi Kenya,Transport Air Emirates,4,4,0,4
2004,Qtr 2,May,23,2004-05-23,Kenya,Let,Let 410Uvp5Y Vvd,Mwingi Kenya,Aviation Bird Blue,2,2,0,2
1944,Qtr 4,November,29,1944-11-29,Kenya,Lockheed,Lockheed 18 Lodestarg Agbw,Nairobi Kenya,Boac,11,11,0,11
1992,Qtr 2,April,14,1992-04-14,Kenya,De Havilland,De Havilland Dhc 5 Buffalo218,Nairobi Kenya,Force Air Kenyan - Military,46,46,6,52
2003,Qtr 1,January,24,2003-01-24,Kenya,Grumman,Grumman G 159 Gulfstream I5Y,Busia Kenya,Services Commuter African,13,3,0,3
1974,Qtr 4,November,20,1974-11-20,Kenya,Boeing,Boeing B 747,Near Nairobi Kenya,Lufthansa,157,59,0,59
2018,Qtr 2,June,5,2018-06-05,Kenya,Cessna,Cessna 208B Grand Carivan	5Y Cac,Near Njabini Kenya,Sax Fly,10,10,0,10
2014,Qtr 3,July,2,2014-07-02,Kenya,Fokker,Fokker 505Y Cet,Near Nairobi Kenya,Aviation International Skyward,4,4,0,4
1955,Qtr 2,May,18,1955-05-18,Kenya,Douglas,Douglas Dc 3Vp,Mt. Kilimanjaro Kenya,Airways African East,20,20,0,20
1990,Qtr 4,December,4,1990-12-04,Kenya,Boeing,Boeing B 707,Nairobi Kenya,Cargo Air Sudania,10,10,0,10
1962,Qtr 2,May,17,1962-05-17,Kenya,Lockheed,Lockheed C 130A Hercules56,Near Nairobi Kenya,Force Air U.S. - Military,13,13,0,13
2006,Qtr 2,April,10,2006-04-10,Kenya,Harbin,Harbin Yunshuji Y 12,Marsabit Kenya,Force Air Kenya - Military,17,14,0,14
2003,Qtr 3,July,19,2003-07-19,Kenya,Swearingen,Swearingen Sa 226T Metro Iizs,Mount Kenya Kenya,Charter Air Blake Ryan,14,14,0,14
1938,Qtr 3,July,27,1938-07-27,Kenya,Armstrong,Armstrong  Withworth Atlantag,Kisumu Kenya,Airways Imperial,4,4,0,4
1945,Qtr 3,July,11,1945-07-11,Kenya,Douglas,Douglas C 476812,Near Kisumu Kenya,Force Air African South - Military,28,28,0,28
2002,Qtr 4,November,28,2002-11-28,Kenya,Let,Let 410Uvp E205Y,Masai Mara Game Reserve Kenya,Aviation Eagle,20,1,0,1
1994,Qtr 1,March,14,1994-03-14,Kenya,Lockheed,Lockheed C 130H Hercules69,Off Malindi Kenya,Force Air U.S. - Military,8,8,0,8
1979,Qtr 4,October,8,1979-10-08,Kentucky,Piper,Piper Pa 31N6642L,Covington Kentucky,Comair,8,8,0,8
1953,Qtr 3,September,28,1953-09-28,Kentucky,Curtiss,Curtiss C 46F,Louisville Kentucky,Airlines Resort,41,25,0,25
1989,Qtr 3,September,15,1989-09-15,Kentucky,Beech,Beech King Air B100N887Pe,Mayfield Kentucky,Aviation Cap Wehite,6,6,0,6
1972,Qtr 4,November,17,1972-11-17,Kentucky,Beech,Beech G18Sn2700S,Elkton Kentucky,Systems Air Metro,11,11,0,11
1986,Qtr 3,September,9,1986-09-09,Kentucky,Lockheed,Lockheed C 130A Hercules56,Hopkinsville Kentucky,Force Air U.S. - Military,4,3,0,3
2003,Qtr 1,February,16,2003-02-16,Kentucky,Cessna,Cessna 421N421Tj,Ferguson Kentucky,Co. Aircraft Northern Great - Taxi Air,7,3,0,3
2006,Qtr 3,August,27,2006-08-27,Kentucky,Canadair,Canadair Crj 200Ern431Ca,Lexington Kentucky,Comair,50,49,0,49
1943,Qtr 3,July,28,1943-07-28,Kentucky,Douglas,Douglas Dc 3Nc16014,Trammel Kentucky,Airlines American,22,20,0,20
1926,Qtr 3,August,18,1926-08-18,Kent,Bleriot,Bleriot 155F Aieb,Hurst Kent,England Air Union,15,3,0,3
1919,Qtr 4,October,20,1919-10-20,Kent,De Havilland,De Havilland Dh 4G,English Channel Off Forkstone Kent,Travel And Transport Aircraft,0,0,0,0
1926,Qtr 4,October,2,1926-10-02,Kent,Bleriot,Bleriot 155F  Aicq,Leigh Kent,Unied Kingdom Air Union,7,7,0,7
1930,Qtr 3,July,21,1930-07-21,Kent,Junkers,Junkers F 13Geg,Near Meopham Kent,England Walcot Air Line,6,6,0,6
1922,Qtr 2,June,3,1922-06-03,Kent,Bleriot,Bleriot Spad 27F Acmh,Off Folkestone Kent,England Cie Des Messageries Aeriennes,3,3,0,3
1965,Qtr 1,January,3,1965-01-03,Kazakhstan,Illyushin,Ilyushin Il 18Bcccp,Alma-Ata Kazakhstan,Kazakhstan / Aeroflot,103,64,0,64
2019,Qtr 4,December,27,2019-12-27,Kazakhstan,Fokker,Fokker 100Up F100,Almaty Kazakhstan,Air Bek,98,12,0,12
1941,Qtr 4,December,26,1941-12-26,Kazakhstan,Tupolev,Tupolev Ant 6Cccp,Baiserke Kazakhstan,Aeroflot,34,26,0,26
1948,Qtr 3,September,30,1948-09-30,Kazakhstan,Sunov,Lisunov Li 2Cccp,Balkhash Kazakhstan,Aeroflot,15,15,0,15
2012,Qtr 4,December,25,2012-12-25,Kazakhstan,Antonov,Antonov An 72,Near Shymkent Kazakhstan,Guards Border Kazakhstan - Military,27,27,0,27
1980,Qtr 3,July,8,1980-07-08,Kazakhstan,Tupolev,Tupolev Tu 154Bcccp,Near Alma-Ata Kazakhstan,Ussraeroflot,166,166,0,166
2013,Qtr 1,January,29,2013-01-29,Kazakhstan,Canadair,Canadair Crj 200Erup,Near Kyzyltu Kazakhstan,Air Scat,21,21,0,21
1987,Qtr 1,March,6,1987-03-06,Kazakhstan,Antonov,Antonov An 26Cccp,Near Almaty Kazakhstan,Aeroflot,9,9,0,9
1973,Qtr 1,February,28,1973-02-28,Kazakhstan,Yakovlev,Yakovlev Yak 40Cccp,Semipalatinsk Kazakhstan,Aeroflot,32,32,0,32
2004,Qtr 2,May,18,2004-05-18,Kazakhstan,Pzl,Pzl  Mielec An,Bozoy Kazakhstan,Aray-Avia,12,1,0,1
1983,Qtr 3,August,30,1983-08-30,Kazakhstan,Tupolev,Tupolev Tu 134Acccp,Near Alma-Ata Kazakastan,Ussraeroflot,90,90,0,90
2007,Qtr 1,March,11,2007-03-11,Kauai,Mc,Mc Donnell Douglas 369Ff Rotocraftn911Vc,Hanea Kauai,Hawaii Inter-Island,5,1,0,1
1985,Qtr 1,January,9,1985-01-09,Kansas,Lockheed,Lockheed L 188Af Electran357Q,Kansas City Kansas,Airways International Tpi,3,3,0,3
1928,Qtr 2,June,22,1928-06-22,Kansas,Douglas,Douglas M 4Nc1059,Lebo Kansas,Transport Air National,1,1,0,1
1931,Qtr 1,March,31,1931-03-31,Kansas,Fokker,Fokker F10A Trimotornc 999,Bazaar Kansas,Air Western And Continental Trans,8,8,0,8
1944,Qtr 3,September,17,1944-09-17,Kansas,Consolidated,Consolidated B 24 Liberator,Copeland Kansas,Army U.S. - Military,13,13,2,15
1946,Qtr 3,July,18,1946-07-18,Kansas,Douglas,Douglas C 47,Goodland Kansas,Corps Air Army U.S. - Military,13,13,0,13
1965,Qtr 1,January,16,1965-01-16,Kansas,Boeing,Boeing Kc 135A57,Wichita Kansas,Force Air U.S. - Military,7,7,23,30
2000,Qtr 4,October,10,2000-10-10,Kansas,Canadair,Canadair Cl 600,Wichita Kansas,Aerospace Bombardier,3,2,0,2
1987,Qtr 2,April,13,1987-04-13,Kansas,Boeing,Boeing 707 351Cn144Sp,Kansas City Kansas,Express Air Burlington,4,4,0,4
2000,Qtr 3,July,26,2000-07-26,Jordan,Lockheed,Lockheed C 130H Hercules348,Mafraq Jordan,Force Air Jordanian Royal - Military,13,13,0,13
1959,Qtr 1,January,22,1959-01-22,Jordan,Convair,Convair Cv 240,Dabouk Jordan,Jordan Air,15,10,0,10
1957,Qtr 2,April,17,1957-04-17,Jordan,Vickers,Vickers Valetta C Mk.1Vw832,Near El Quweira Jordan,Force Air -Royal Military,24,24,0,24
1956,Qtr 3,September,9,1956-09-09,Jordan,Curtiss,Curtiss C 46A,Amman Jordan,Airlines International Jordan,57,1,0,1
1973,Qtr 2,June,30,1973-06-30,Jordan,Tupolev,Tupolev Tu 134Acccp,Amman Jordan,Aeroflot,85,2,7,9
1984,Qtr 1,January,2,1984-01-02,Jordan,Casa,Casa 212 A3 Aviocar 100324,Amman Jordan,Force Air Jordanian Royal - Military,13,13,0,13
1977,Qtr 2,May,10,1977-05-10,Jordan,Sirkorsky,Sikorsky Ch 53D (Helicopter)360,Near Jericho Jordan,Force Air Israel - Military,54,54,0,54
1946,Qtr 4,December,25,1946-12-25,Jiangsu,Curtiss,Curtiss C 47,Near Wusong Jiangsu,China Cnac,34,13,3,16
1992,Qtr 3,July,31,1992-07-31,Jiangsu,Yakovlev,Yakovlev Yak 42Db,Nanjing Jiangsu,China China General Aviation Corporation,126,108,0,108
1938,Qtr 4,November,4,1938-11-04,Jersey,De Havilland,De Havilland Dh 86G,Channel Islands Jersey,Airways Jersey,14,14,1,15
1936,Qtr 3,July,31,1936-07-31,Jersey,Saro,Saro A 19 Cloudg,Off Channel Islands Jersey,Airways Guernsey,10,10,0,10
1979,Qtr 4,November,26,1979-11-26,Jeddah,Boeing,Boeing B 707,Near At Ta'If Jeddah,Saudi Arabia Pakistan International Airlines,156,156,0,156
1992,Qtr 4,October,18,1992-10-18,Jawa,Casa,Casa 235 10Pk,Near Garut Jawa,Indonesia Merpati Nusantara Airlines,31,31,0,31
1963,Qtr 3,August,17,1963-08-17,Japan,De Havilland,De Havilland Dh 114 Heronja6155,Hachijo-Jima Island Japan,Kai Kabushki Koku Fujita,19,19,0,19
1950,Qtr 3,July,27,1950-07-27,Japan,Douglas,Douglas C 47D44,Off O-Shima Island Japan,Force Air U.S. - Military,26,25,0,25
1957,Qtr 1,March,4,1957-03-04,Japan,Curtiss,Curtiss C 46D,Near Miho Ab Japan,Force Air Japanese,17,17,0,17
2009,Qtr 1,March,23,2009-03-23,Japan,Mcdonnell,Mcdonnell Douglas Md 11N526Fe,Tokyo Japan,Fed,2,2,0,2
1962,Qtr 4,November,19,1962-11-19,Japan,Vickers,Vickers 828 Viscountja8202,Near Nagoya Japan,Airways Nippon All,4,4,0,4
1950,Qtr 3,September,26,1950-09-26,Japan,Douglas,Douglas C 54D,Near Kyushu Island Japan,Force Air U.S. - Military,51,23,0,23
1966,Qtr 4,November,13,1966-11-13,Japan,Namc,Namc  Ys,Off Matsuyama Japan,Airways Nippon All,50,50,0,50
1963,Qtr 1,March,23,1963-03-23,Japan,H,H  21B,Misaki Mountain Japan,Force Defense Self Air Japan - Military,10,10,0,10
1966,Qtr 1,February,4,1966-02-04,Japan,Boeing,Boeing B 727,Tokyo Bay Japan,Airways Nippon All,133,133,0,133
1955,Qtr 4,November,20,1955-11-20,Japan,Douglas,Douglas C124 Dl Globemaster Ii51,Iwo Jima Japan,Force Air Us - Military,11,10,0,10
1952,Qtr 1,February,7,1952-02-07,Japan,Boeing,Boeing B 29,Kaneko Japan,Force Air U.S. - Military,13,13,5,18
1985,Qtr 2,May,6,1985-05-06,Japan,Ch,Ch  53D157138,Off Tanegashima Japan,Corps Marine U.S. - Military,17,17,0,17
1966,Qtr 1,March,4,1966-03-04,Japan,Mcdonnell,Mcdonnell Douglas Dc 8,Near Tokyo Japan,Lines Air Pacific Canadian,72,64,0,64
1964,Qtr 1,February,27,1964-02-27,Japan,Convair,Convair Cv 240,Oita Japan,Airlines Fuji,42,20,0,20
1982,Qtr 1,February,9,1982-02-09,Japan,Mcdonnell,Mcdonnell Douglas Dc 8,Tokyo Japan,Lines Air Japan,174,24,0,24
1996,Qtr 2,June,13,1996-06-13,Japan,Mcdonnell,Mcdonnell Douglas Dc 10,Fukuoka Japan,Airlines Indonesia Garuda,275,3,0,3
2000,Qtr 2,June,27,2000-06-27,Japan,Kawasaki,Kawasaki C 1A88,Off Shimano Japan,Force Self-Defence Air Japanese - Military,5,5,0,5
1960,Qtr 1,March,16,1960-03-16,Japan,Douglas,Douglas Dc 3Ja,Nagoya Japan,Airways Nippon All,40,5,0,5
1938,Qtr 3,August,24,1938-08-24,Japan,N/A,Unknown / Unknown,Tokyo Japan,School Flying Japan / Air Japan,5,5,53,58
1954,Qtr 1,February,1,1954-02-01,Japan,Curtiss,Curtiss  Wright C46D,Off Hokkaido Japan,Force Air U.S. - Military,35,35,0,35
1983,Qtr 2,April,19,1983-04-19,Japan,Kawasaki,Kawasaki C 1 / Kawasaki C,Near Toba Japan,Force Self-Defence Air Japan,14,14,0,14
1947,Qtr 2,May,29,1947-05-29,Japan,Douglas,Douglas C 54D,Atsugi Japan,Forces Air Army U.S. - Military,40,40,0,40
1979,Qtr 1,January,30,1979-01-30,Japan,Boeing,Boeing B 707,125 Miles Ene Of Tokyo Japan,Varig,6,6,0,6
2007,Qtr 3,August,20,2007-08-20,Japan,Boeing,Boeing 737 809B,Okinawa Japan,Airlines China,165,0,0,0
1958,Qtr 3,September,9,1958-09-09,Japan,Lockheed,Lockheed L 1049H Super Constellationn6920C,Mount Oyama Japan,Line Tiger Flying,8,8,0,8
1938,Qtr 3,August,10,1938-08-10,Japan,Douglas,Douglas Df 151J,Shishijima Japan,Nippon Dai,6,6,0,6
1971,Qtr 3,July,3,1971-07-03,Japan,Namc,Namc Ys 11A,Hokkaido Japan,(Japan) Airline Domestic Toa,68,68,0,68
1958,Qtr 3,August,12,1958-08-12,Japan,Douglas,Douglas Dc 3Ja5045,Sakiya Saugye Japan,Airways Nippon All,33,33,0,33
1952,Qtr 2,April,9,1952-04-09,Japan,Martin,Martin 202N93043,Mihara Volcano Japan,Lines Air Japan,37,37,0,37
1962,Qtr 3,September,3,1962-09-03,Japan,Lockheed,Lockheed P2V 7Ka,Yanoyaki Japan,Force Defense Self Maritime Japan - Military,12,12,1,13
1950,Qtr 2,April,21,1950-04-21,Japan,Douglas,Douglas C 54D42,Near Atsugi Japan,Force Air U.S. - Military,35,35,0,35
1999,Qtr 3,July,23,1999-07-23,Japan,Boeing,Boeing B 747Ja8966,Tokyo Japan,Airways Nippon All,517,1,0,1
1946,Qtr 4,December,10,1946-12-10,Japan,Curtiss,Curtiss  Wright C,Near Osaka Japan,Forces Air Army U.S. - Military,24,24,0,24
1983,Qtr 2,April,26,1983-04-26,Japan,Shin,Shin Meiwa Ps 15801,Iwakuni Ab Japan,Force Defense Self Maritime Japan - Military,14,11,0,11
1970,Qtr 3,July,27,1970-07-27,Japan,Mcdonnell,Mcdonnell Douglas Dc 8,Tokyo Japan,Line Tiger Flying,4,4,0,4
1971,Qtr 3,July,30,1971-07-30,Japan,Boeing,Boeing B 727,Near Morioko Japan,Force Air Japanese  / Airways Nippon All,164,163,0,163
1960,Qtr 1,January,21,1960-01-21,Jamaica,Lockheed,Lockheed 1049E Super Constellationhk 177,Montego Bay Jamacia,Avianca,46,37,0,37
1953,Qtr 2,April,10,1953-04-10,Jamaica,Lockheed,Lockheed 18 56 Lodestarvp,Off Kingston Jamaica,Airways International Caribbean,13,13,0,13
2017,Qtr 4,October,14,2017-10-14,Ivory,Antonov,Antonov An 26,Abidjan Ivory,Charter Cargo International Coastvalan,10,4,0,4
2000,Qtr 1,January,30,2000-01-30,Ivory,Airbus,Airbusa310  3045Y,Off Abidjan Ivory,Airways Coastkenya,179,169,0,169
1945,Qtr 2,May,30,1945-05-30,Ivory,Douglas,Douglas C 47B,Off Drewin Ivory,Forces Air Army U.S. - Coastmilitary,21,21,0,21
1994,Qtr 2,June,26,1994-06-26,Ivory,Fokker,Fokker F 27 Friendship 400Mtu,Abidjan Ivory,Ivorie Coastair,17,17,0,17
1987,Qtr 1,January,3,1987-01-03,Ivory,Boeing,Boeing B 707,Abidjan Ivory,Coastvarig,51,50,0,50
1954,Qtr 1,January,14,1954-01-14,Italy,Douglas,Douglas Dc 6Pi,Rome Italy,Lines Air Philippine,16,16,0,16
1954,Qtr 1,January,10,1954-01-10,Italy,De Havilland,De Havilland Dh106 Comet 1G Alyp,Off Elba Italy,Airways Overseas British,35,35,0,35
1987,Qtr 4,October,15,1987-10-15,Italy,Aerospatiale,Aerospatiale Alenia Atr 42,Mt. Crezzo Italy,Italiani Transporti Aero,37,37,0,37
1938,Qtr 2,April,30,1938-04-30,Italy,Junkers,Junkers Ju 52I,Near Formia Italy,Littoria Ala,19,19,0,19
2006,Qtr 3,August,13,2006-08-13,Italy,Lockheed,Lockheed L 100,Near Piacenza Italy,Algerie Air,3,3,0,3
1919,Qtr 3,August,2,1919-08-02,Italy,Caproni,Caproni Ca.48,Verona Italy,Company Caproni,14,14,0,14
1948,Qtr 4,December,31,1948-12-31,Italy,Douglas,Douglas Dc 3Zs,Mt. Argentari Italy,Charter Air African Pan,13,13,0,13
1959,Qtr 1,January,27,1959-01-27,Italy,Avro,Avro 688G Agrg,Brindisi Italy,Charter Air,6,2,0,2
1973,Qtr 4,December,17,1973-12-17,Italy,Boeing,Boeing B 707,Rome Italy,Airways World American Pan,177,30,0,30
1974,Qtr 1,January,1,1974-01-01,Italy,Fokker,Fokker F 28 Fellowship 1000I,Near Turin Italy,Itavia,42,38,0,38
1949,Qtr 2,June,23,1949-06-23,Italy,Lockheed,Lockheed 749 79,Off Bari Italy,Airlines Dutch Royal Klm,33,33,0,33
1929,Qtr 4,October,26,1929-10-26,Italy,Shorts,Short Calcutta (Flying Boat)G Aadn,Off Spezia Italy,Airways Imperial,7,7,0,7
1940,Qtr 1,February,10,1940-02-10,Italy,Savoia,Savoia  Marchetti Sm,Near Cosenza Italy,Sa Littoria Ala,10,10,0,10
1940,Qtr 1,March,16,1940-03-16,Italy,Savoia,Savoia Marchetti Sm 73I  Suto,Stromboli Island Italy,Littoria Ala,14,14,0,14
1969,Qtr 2,May,25,1969-05-25,Italy,Fokker,Fokker F 27 Friendship 600I,Reggio Di Calabria Italy,Italiani Transporti Aero,36,1,0,1
1955,Qtr 1,February,13,1955-02-13,Italy,Douglas,Douglas Dc 6Oo,Abruzzio Mountains Italy,Sabena,29,29,0,29
1948,Qtr 4,December,6,1948-12-06,Italy,Douglas,Douglas C 47I,Milan Italy,Italiane Linee Italianeavio Linee Avio,7,7,0,7
1953,Qtr 1,January,15,1953-01-15,Italy,Vickers,Vickers Valetta Mk1 / Avero Lancastervx562 / Tx270,25 Nm Off Agrigento Italy,Force Air -Royal Military,26,26,0,26
2005,Qtr 3,August,6,2005-08-06,Italy,Atr,Atr  72,Off Palermo Italy,Tuninter,39,16,0,16
1999,Qtr 1,February,25,1999-02-25,Italy,Dornier,Dornier 328 110D,Genoa Italy,Airlines Minerva,31,4,0,4
1945,Qtr 1,February,2,1945-02-02,Italy,Douglas,Douglas C 47,Near Montieri Italy,Forces Air Army U.S. - Military,26,23,0,23
1977,Qtr 1,March,3,1977-03-03,Italy,Lockheed,Lockheed C 130Hmm61995,Near Cascina Italy,Force Air Italian - Military,44,44,0,44
1990,Qtr 4,November,25,1990-11-25,Italy,Aerospatiale,Aerospatiale 330J Pumai Ehpa,Off Ravenna Italy,Eitos,13,13,0,13
1937,Qtr 4,December,5,1937-12-05,Italy,Shorts,Short Empire Flying Boatg Aduz,Brindisi Harbor Italy,Airways Imperial,19,2,0,2
2001,Qtr 4,October,8,2001-10-08,Italy,Md,Md  87 / Cessna 525A Citation Iise,Milan Italy,Private / (Sas) Airlines Scandinavian,114,114,4,118
1970,Qtr 2,April,25,1970-04-25,Italy,Fairchild,Fairchild C 119Gmm52,Rivolto Italy,Force Air Italian - Military,19,17,0,17
1949,Qtr 2,May,4,1949-05-04,Italy,Fiat,Fiat G 212Cpi,Superga Italy,Italiane Linee Avio,31,31,0,31
1972,Qtr 4,October,30,1972-10-30,Italy,Fokker,Fokker F 27 Friendship 200I,Poggiorsini Italy,Italiani Transporti Aero,27,27,0,27
1945,Qtr 4,November,11,1945-11-11,Italy,Boeing,Boeing B 17G43,Near Picinisco Italy,Forces Air Army U.S. - Military,20,20,0,20
1977,Qtr 4,November,19,1977-11-19,Italy,Boeing,Boeing 707 360Cet,Rome Italy,Airlines Ethiopian,5,5,0,5
1968,Qtr 3,August,2,1968-08-02,Italy,Mcdonnell,Mcdonnell Douglas Dc 8I,Near Milan Italy,Alitalia,95,13,0,13
1988,Qtr 4,October,17,1988-10-17,Italy,Boeing,Boeing B 707,Rome Italy,Airlines Uganda,52,33,0,33
1954,Qtr 2,April,8,1954-04-08,Italy,De Havilland,De Havilland Dh106 Comet 1G Alyy,Off Stromboli Italy,Leased From British Overseas Airways         Airways African South,21,21,0,21
2003,Qtr 2,June,1,2003-06-01,Italy,Gates,Gates Learjet 45I Erjc,Milan Italy,Italila Eurojet,2,2,0,2
1941,Qtr 3,July,30,1941-07-30,Italy,Macchi,Macchi C.100I Pace,Rome Italy,Littoria Ala,25,5,0,5
1937,Qtr 4,December,5,1937-12-05,Italy,Shorts,Short S 23 (Flying Boat)G,Brindisi Italy,Airways Imperial,8,2,0,2
1938,Qtr 3,July,14,1938-07-14,Italy,Savoia,Savoia Marchetti S 66I,Off Sardinia Italy,Littoria Ala,20,20,0,20
1971,Qtr 4,November,9,1971-11-09,Italy,Lockheed,Lockheed C 130K Herculesxv216,Off Livorno Italy,Force Air Royal - Military,52,52,0,52
1972,Qtr 2,April,16,1972-04-16,Italy,Fokker,Fokker F 27 Friendship 200I,Near Ardinello Di Amaseno Italy,Italiani Transporti Aero,18,18,0,18
1954,Qtr 4,October,24,1954-10-24,Italy,Douglas,Douglas C 47A,Near Nice Italy,Force Air U.S. - Military,21,21,0,21
1959,Qtr 4,December,21,1959-12-21,Italy,Vickers,Vickers 785D Viscounti Lizt,Rome Italy,Alitalia,2,2,0,2
1947,Qtr 4,November,28,1947-11-28,Italy,Douglas,Douglas C 47B43,Near Trappa Italy,Force Air U.S. - Military,20,20,0,20
1947,Qtr 1,February,15,1947-02-15,Italy,Savoia,Savoia  Marchetti Sm,Off Terracina Italy,Militari Aerei Corrieri - Military,16,16,0,16
1947,Qtr 4,November,18,1947-11-18,Italy,Bristol,Bristol 170 Freighter Xise Bng,Ravello Italy,Trafik-Turist-Transportflyg,25,20,0,20
1966,Qtr 1,February,18,1966-02-18,Italy,Douglas,Douglas Dc 6Boo,Near Milan Italy,Services Air International Belgian,4,4,0,4
1962,Qtr 1,March,8,1962-03-08,Italy,Douglas,Douglas Dc 6Bi,Rome Italy,Mediterranea Aerea Societa,5,5,0,5
1984,Qtr 3,July,12,1984-07-12,Italy,Lockheed,Lockheed C 141B64,Sigonella Afb Italy,Force Air U.S. - Military,9,9,0,9
1995,Qtr 4,December,13,1995-12-13,Italy,Antonov,Antonov An 24Byr,Verona  - Villafranca Italy,Air Banat Romanian,49,49,0,49
1978,Qtr 4,December,16,1978-12-16,Italy,Cessna,Cessna 421 Golden Eaglei Ason,Selvapiana Italy,70 Air,10,10,0,10
1952,Qtr 1,February,16,1952-02-16,Italy,Vickers,Vickers 614 Viking 1G Ahpi,Near Burgio Italy,Travel Air Hunting,31,31,0,31
1964,Qtr 4,November,23,1964-11-23,Italy,Boeing,Boeing B 707,Rome Italy,Airlines World Trans,73,50,0,50
1936,Qtr 2,April,15,1936-04-15,Italy,Ofm,Ofm F Viib/3Mi,Near Turin Italy,Italiane Linee Avio,7,7,0,7
1951,Qtr 1,January,17,1951-01-17,Italy,Savoia,Savoia Marchetti Sm 95I,Near Civitavecchia Italy,Alitalia,17,14,0,14
1960,Qtr 4,October,14,1960-10-14,Italy,De Havilland,De Havilland Dh 114 Heron 2I,Elba Italy,Itavia,11,11,0,11
1938,Qtr 3,August,18,1938-08-18,Italy,Macchi,Macchi C 94I,Montnago Italy,Macchi,15,15,0,15
1996,Qtr 4,October,8,1996-10-08,Italy,Antonov,Antonov An 124Ra,San Francesco Al Campo Italy,Aeroflot,23,2,2,4
1964,Qtr 1,March,28,1964-03-28,Italy,Vickers,Vickers Viscount 785Di Lake,Mt. Vesuvius Italy,Alitalia,45,45,0,45
1940,Qtr 4,December,24,1940-12-24,Italy,Savoia,Savoia  Marchetti Sm.75 I,Capri Island Italy,Littolia Ala,7,7,0,7
1960,Qtr 3,September,29,1960-09-29,Italy,Vickers,Vickers Viscount 739Bsu Akw,Off Elba Italy,Airlines Arab United,21,21,0,21
1962,Qtr 3,July,9,1962-07-09,Italy,Douglas,Douglas Dc 4Od,Off Brindisi Italy,Airways Mediterranean Trans,6,6,0,6
1942,Qtr 2,May,19,1942-05-19,Italy,Savoia,Savoia  Marchetti Sm,Near Rome Italy,Lati,20,20,0,20
1946,Qtr 2,June,1,1946-06-01,Italy,Douglas,Douglas C 54,Off Amalfi Italy,Forces Air Army U.S. - Military,38,30,0,30
1997,Qtr 3,July,30,1997-07-30,Italy,Aerospatiale,Aerospatiale Atr 42,Florence Italy,Littoral Air,17,1,0,1
1952,Qtr 3,August,21,1952-08-21,Italy,Handley,Handley Page Hp 81 Hermes 4Ag,Off Trapani Italy,Airwork,57,7,0,7
1958,Qtr 4,November,3,1958-11-03,Italy,Douglas,Douglas C 47,Near Roccatamburo Di Poggiodomo Italy,Airlines Yemen,8,8,0,8
1963,Qtr 1,March,30,1963-03-30,Italy,Douglas,Douglas Dc 3I,Near Sora Italy,Itavia,11,11,0,11
1922,Qtr 4,October,2,1922-10-02,Italy,De Havilland,De Havilland Dh 9G,Venice Italyde,Service Air Havilland,4,4,0,4
1956,Qtr 4,December,22,1956-12-22,Italy,Douglas,Douglas Dc 3I,Mt. Giner Italy,Italiane Aeree Linee,21,21,0,21
1958,Qtr 1,February,15,1958-02-15,Italy,Douglas,Douglas Vc 47A42,Mount Vesuvius Italy,Force Air Us - Military,16,16,0,16
1967,Qtr 1,March,11,1967-03-11,Italy,De Havilland,De Havilland Canada Dhc 6 Twin Otter 100I,Mt Visenti Italy,Aeralpi,5,4,0,4
1960,Qtr 3,July,31,1960-07-31,Italy,Convair,Convair Cv 240,Near Rimini Italy,Flugdienst Deutsche,34,1,0,1
1935,Qtr 4,November,9,1935-11-09,Italy,Shorts,Short S 17 Kentg,Brindisi Italy,Airways Imperial,13,12,0,12
2002,Qtr 1,March,9,2002-03-09,Italy,Antonov,Antonov 2Tply Avd,Monte Rotondo Italy,Prekés Svedijos,3,3,0,3
1963,Qtr 1,March,20,1963-03-20,Italy,De Havilland,De Havilland Comet 4Csa R,Monte Matto Italy,Flight Royal Arabian Saudi,18,18,0,18
1947,Qtr 1,March,8,1947-03-08,Italy,Douglas,Douglas C 47Bkk122,L'Isola Di Ischia Italy,Force Air Royal - Military,13,13,0,13
1958,Qtr 4,October,22,1958-10-22,Italy,Vickers,Vickers Viscount 701Cg Anhc,Anzio Italy,Airways European British,31,31,0,31
1945,Qtr 4,November,9,1945-11-09,Italy,Douglas,Douglas C 47A,Near Boccadi Italy,Forces Air Army U.S. - Military,24,24,0,24
1945,Qtr 2,April,23,1945-04-23,Isle,B,B17G Flying Fortress43 38856,North Barrule Isle,England         Man Of Military - U.S. Air Force,31,31,0,31
1986,Qtr 2,June,12,1986-06-12,Islay,De Havilland,De Havilland Canada Dhc 6 Twin Otter 300G,Port Ellen Islay,Islandloganair,16,1,0,1
1977,Qtr 4,November,19,1977-11-19,Island,Boeing,Boeing B 727,Near Funchal Island,Portugal         Madeira Of Tap (Air Portugal),164,131,0,131
2011,Qtr 1,February,10,2011-02-10,Ireland,Swearingen,Swearingen Sa 227Bc Metro Iiiec,Cork Ireland,Manx2,12,6,0,6
1961,Qtr 3,September,10,1961-09-10,Ireland,Douglas,Douglas Dc 6Bn90773,Shannon Ireland,Airlines President,83,83,0,83
1948,Qtr 2,April,15,1948-04-15,Ireland,Lockheed,Lockheed L 049,Shannon Ireland,Airways World American Pan,31,30,0,30
1955,Qtr 1,January,11,1955-01-11,Ireland,Avro,Avro Shackleton M 2 / Avro Shakleton M,Off Skellings Ireland,Force Air -Royal Military,18,18,0,18
1954,Qtr 3,September,5,1954-09-05,Ireland,Lockheed,Lockheed 1049C 55,Foynes Ireland,Airlines Dutch Royal Klm,56,28,0,28
1943,Qtr 3,July,28,1943-07-28,Ireland,Shorts,Short S 25 Sunderland 3 (Flying Boat)G,Brandon Head Ireland,Airways Overseas British,25,10,0,10
1949,Qtr 3,August,15,1949-08-15,Ireland,Douglas,Douglas Dc 3 (C,Off Lurga Point Ireland,Lines Air Transocean,58,8,0,8
1967,Qtr 2,June,12,1967-06-12,Ireland,Bristol,Bristol 170 Freighter 31Eei Apm,Dublin Ireland,Turas Aer,2,2,0,2
1960,Qtr 1,February,26,1960-02-26,Ireland,Douglas,Douglas Dc 7Ci,Shannon Ireland,Alitalia,52,34,0,34
1946,Qtr 4,December,28,1946-12-28,Ireland,Lockheed,Lockheed 049 Consellationnc86505,Near Shannon Ireland,Air Western And Continental Trans,23,13,0,13
1952,Qtr 1,January,10,1952-01-10,Ireland,Douglas,Douglas Dc 3Ei,Com Edno Ireland,Lingus Aer,23,23,0,23
1968,Qtr 1,March,24,1968-03-24,Ireland,Vickers,Vickers Viscount 803Ei Aom,Off Wexford Harbor Ireland,Lingus Aer,61,61,0,61
1957,Qtr 4,October,23,1957-10-23,Ireland,Vickers,Vickers 802 Viscountg Aoja,Belfast Ireland,Airways European British,7,7,0,7
1956,Qtr 3,July,15,1956-07-15,Ireland,Convair,Convair Cv 440,Shannon Ireland,Swissair,4,4,0,4
2007,Qtr 1,January,20,2007-01-20,Iraq,Sirkorsky,Sikorsky Uh 60L Black Hawk,Near Baghdad Iraq,Army Us - Military,12,12,0,12
2005,Qtr 1,January,30,2005-01-30,Iraq,Lockheed,Lockheed Hercules C.1Xv179,Near Al Taji Iraq,Force Air Royal - Military,10,10,0,10
2005,Qtr 1,January,26,2005-01-26,Iraq,Ch,Ch53E Sea Stallion164536,Rutbah Iraq,Marines U.S. - Military,31,31,0,31
2003,Qtr 4,November,2,2003-11-02,Iraq,Ch,Ch  47 Chinook,Near Hasi Iraq,Army U.S. - Military,36,15,0,15
1957,Qtr 2,April,20,1957-04-20,Iraq,Lockheed,Lockheed Super Constellationf Bgne,Jirkouk Iraq,France Air,0,1,0,1
2006,Qtr 1,January,7,2006-01-07,Iraq,Uh,Uh  60L Black Hawk91,Near Tal Afar Iraq,Army Us - Military,12,12,0,12
2007,Qtr 1,January,9,2007-01-09,Iraq,Antonov,Antonov 26B 100Er,Near Balad Air Base Iraq,Cargo Air Aeriantur-M Moldovan,35,34,0,34
2003,Qtr 4,November,15,2003-11-15,Iraq,Uh,Uh  60 Black Hawk / Uh,Mosul Iraq,Army U.S. - Military,22,17,0,17
2008,Qtr 4,November,13,2008-11-13,Iraq,Antonov,Antonov An 12S9,Fallujah Iraq,Group Aviation Falcon,7,7,0,7
2007,Qtr 3,August,22,2007-08-22,Iraq,Uh,Uh  60 Blackhawk Helilcopter,Near Kirkuk Iraq,Army U.S. - Military,14,14,0,14
1932,Qtr 1,March,29,1932-03-29,Iraq,Farman,Farman F 190F,Rutbah Wells Iraq,Orient Air,3,3,0,3
2005,Qtr 2,April,21,2005-04-21,Iraq,Mil,Mil Mi 8,Near Baghdad Iraq,Bulgarian - Military,11,11,0,11
1938,Qtr 4,November,27,1938-11-27,Iraq,Shorts,Short Empire Flying Boatg Aetw,Bagdad Iraq,Airways Imperial,6,4,0,4
1993,Qtr 4,November,15,1993-11-15,Iran,Antonov,Antonov An 124Ra,Near Kerman Iran,Avialinii Magistralnye,17,17,0,17
1993,Qtr 1,February,8,1993-02-08,Iran,Tupolev,Tupolev Tu 154M / Sukhoi Su,Near Tehran Iran,Force Air Iranian - Military  /  Tours Air Iran,133,133,0,133
2006,Qtr 1,January,9,2006-01-09,Iran,Dassault,Dassault Falcon 2015 2233,Near Orumiyeh Iran,Force Air Corps Guard Revolutionary Iranian - Military,11,11,0,11
2000,Qtr 1,February,2,2000-02-02,Iran,Lockheed,Lockheed C 130 Hercules,Tehran Iran,Force Air Iran Of Republic Islamic - Military,8,8,0,8
1950,Qtr 3,September,14,1950-09-14,Iran,Douglas,Douglas Dc 3Ep,Tehran Iran,Air Iran,8,8,0,8
1992,Qtr 2,April,26,1992-04-26,Iran,Fokker,Fokker F 27 Friendship 400M5,Saveh Iran,Services Airline Saha,39,39,0,39
2006,Qtr 4,November,27,2006-11-27,Iran,Antonov,Antonov 74T 20015,Tehran Iran,Force Air Corps Guard Revolutionary Iranian - Military,38,38,0,38
2006,Qtr 3,September,1,2006-09-01,Iran,Tupolev,Tupolev Tu 154Mep,Mahad Iran,Tours Air Iran,148,29,0,29
1967,Qtr 2,April,17,1967-04-17,Iran,Lockheed,Lockheed C 130B5,Near Mamuniyeh Iran,Force Air Iranian Imperial - Military,23,23,0,23
1991,Qtr 2,May,24,1991-05-24,Iran,Illyushin,Ilyushin 76Tdlz Ink,Bakhtaran Iran,Cargo Metro,10,4,0,4
2019,Qtr 1,January,14,2019-01-14,Iran,Boeing,Boeing 707 3J9Cep,Karaj Iran,Air Saha,16,15,0,15
2018,Qtr 3,September,17,2018-09-17,Iran,Illyushin,Ilyushin Il 20Mrf,Near Latakia-Khmeimim Air Base Iran,Force Air Russian - Military,15,15,0,15
2003,Qtr 1,February,19,2003-02-19,Iran,Illyushin,Ilyushin Il 76Md15,Near Shahdad Iran,Corps Guards Revolution'S Islamic - Military,275,275,0,275
1976,Qtr 3,August,2,1976-08-02,Iran,Boeing,Boeing 707 373Hl7412,Near Tehran Iran,Airlines Korean,5,5,0,5
2002,Qtr 4,December,23,2002-12-23,Iran,Antonov,Antonov An 140Ur,Near Isfanan Iran,Aeromist-Kharkiv,44,44,0,44
2003,Qtr 2,June,25,2003-06-25,Iran,Lockheed,Lockheed C 130 Hercules,Near Rudshour Iran,Force Air Iran Of Republic Islamic - Military,7,7,0,7
1997,Qtr 1,March,13,1997-03-13,Iran,Lockheed,Lockheed C 130Hf,Near Mashhad Iran,Force Air Iranian - Military,88,88,0,88
1929,Qtr 3,September,6,1929-09-06,Iran,De Havilland,De Havilland Dh 66 Herculesg,Jask Iran,Airways Imperial,5,3,0,3
2005,Qtr 2,April,20,2005-04-20,Iran,Boeing,Boeing B 707,Tehran Iran,Services Airline Saha,169,3,0,3
1974,Qtr 1,March,15,1974-03-15,Iran,Aerospatiale,Aerospatiale Caravelle 10B3Oy Stk,Tehran Iran,Airways Sterling,96,15,0,15
2014,Qtr 3,August,10,2014-08-10,Iran,Hesa,Hesa Iran 140,Tehran Iran,Airlines Sepahan,48,39,0,39
2009,Qtr 3,July,15,2009-07-15,Iran,Tupolev,Tupolev 154Mep Cpg,Near Qazvin Iran,Airlines Caspian,168,168,0,168
1996,Qtr 2,June,9,1996-06-09,Iran,Boeing,Boeing 727 286Ep,Rasht Iran,Air Iran,7,7,0,7
1986,Qtr 4,October,15,1986-10-15,Iran,Boeing,Boeing 737 286Ep,Chiraz Iran,Air Iran,80,3,0,3
2020,Qtr 1,January,8,2020-01-08,Iran,Boeing,Boeing 737 8Kv Wlur,Near Shahriah Iran,Airlines International Ukraine,176,176,0,176
1981,Qtr 3,September,29,1981-09-29,Iran,Lockheed,Lockheed C 130H5,Tehran Iran,Force Air Iranian - Military,80,60,20,80
2018,Qtr 1,March,11,2018-03-11,Iran,Canadair,Canadair Cl 600,81 Miles Sw O Fshahre Kurd Iran,Aviation Mc,11,11,0,11
1951,Qtr 4,December,23,1951-12-23,Iran,Sncase,Sncase Languedocsu Ahh,Tehran Iran,Misrair,22,22,0,22
1946,Qtr 4,December,4,1946-12-04,Iran,Sunov,Lisunov Li 2,Meshed Iran,Aeroflot,24,24,0,24
2009,Qtr 3,July,24,2009-07-24,Iran,Illyushin,Ilyushin Il 62Mup,Mashad Iran,Airlines Aria,153,16,0,16
1989,Qtr 2,June,18,1989-06-18,Iran,Antonov,Antonov An 26Ya,Zabol Iran,Airlines Afghan Ariana,39,6,0,6
1963,Qtr 1,March,15,1963-03-15,Iran,Avro,Avro 685 York C1Od Acz,Near Karai Iran,Airlines East Middle,4,4,0,4
1986,Qtr 4,November,2,1986-11-02,Iran,Lockheed,Lockheed C 130,Near Zahedan Iran,Force Air Iranian - Military,103,103,0,103
1950,Qtr 4,December,1,1950-12-01,Iran,Douglas,Douglas Dc 3Ep,Near Chamaran Iran,Air Iran,8,8,0,8
2001,Qtr 2,May,17,2001-05-17,Iran,Yakovlev,Yakovlev Yak 40Ep,Near Sari Iran,Airlines Qeshm Faraz,30,30,0,30
2005,Qtr 4,December,6,2005-12-06,Iran,Lockheed,Lockheed C 130B Hercules5,Tehran Iran,Force Air Iran Of Republic Islamic - Military,94,94,14,108
2018,Qtr 1,February,18,2018-02-18,Iran,Atr,Atr 72 212Ep,Kohangan Village Iran,Airlines Aseman Iran,66,66,0,66
1980,Qtr 2,April,24,1980-04-24,Iran,Lockheed,Lockheed Ec 130E Hercules62,Posht-I-Badam Iran,Force Air U.S. - Military,7,5,0,5
2011,Qtr 1,January,9,2011-01-09,Iran,Boeing,Boeing B 727,Orumiyeh Iran,Air Iran,105,77,0,77
2002,Qtr 1,February,12,2002-02-12,Iran,Tupolev,Tupolev Tu 154Ep,Near Khorramabed Iran,Tours Air Iran,117,117,0,117
1995,Qtr 1,January,5,1995-01-05,Iran,Lockheed,Lockheed 1329 Jetstar 81003,Isfahan Iran,Force Air Iranian - Military,12,12,0,12
1947,Qtr 3,July,16,1947-07-16,Iran,Avro,Avro 685 Yorkg Agmr,Az-Zubair Iran,Airways Overseas British,6,6,0,6
1952,Qtr 4,December,25,1952-12-25,Iran,Douglas,Douglas Dc 3Ep,Tehran Iran,Air Iran,29,27,0,27
1993,Qtr 3,July,1,1993-07-01,Iran,Fokker,Fokker F 28 Fellowship 3000Pk,Sorong Irian,Indonesia          Jaya Merpati Nusantara Airlines,43,41,0,41
1954,Qtr 3,August,22,1954-08-22,Iowa,Douglas,Douglas Dc 3N61451,Near Mason City Iowa,Airlines Braniff,19,12,0,12
1989,Qtr 3,July,19,1989-07-19,Iowa,Mcdonnell,Mcdonnell Douglas Dc 10,Sioux City Iowa,Lines Air United,298,112,0,112
1959,Qtr 1,February,3,1959-02-03,Iowa,Beechcraft,Beechcraft Bonanza 35N3794N,Mason City Iowa,Charter Private - Service Flying Dwyer,4,4,0,4
1993,Qtr 2,April,19,1993-04-19,Iowa,Mitsubishi,Mitsubishi Mu 2B,Zwingle Iowa,Private,8,8,0,8
1955,Qtr 1,January,19,1955-01-19,Iowa,Convair,Convair Cv 340N73154,Des Moines Iowa,Lines Air United,39,0,0,0
2003,Qtr 1,March,28,2003-03-28,Iowa,Beech,Beech A36N1636W,New Vienna Iowa,Charter - Club Flying Hancock Morris,3,3,0,3
1920,Qtr 2,May,12,1920-05-12,Iowa,De Havilland,De Havilland Dh 479,Oskaloosa Iowa,Service Mail Aerial Us,2,1,0,1
2013,Qtr 1,January,2,2013-01-02,Iowa,Bell,Bell 407N445Mt,Near Clear Lake Iowa,Corporaion Med-Trans,3,3,0,3
1951,Qtr 1,March,2,1951-03-02,Iowa,Douglas,Douglas Dc 3N19928,Sioux City Iowa,Airlines Continent Mid,25,16,0,16
1969,Qtr 3,August,31,1969-08-31,Iowa,Cessna,Cessna 172Hn3149X,Newton Iowa,Charter Private,3,3,0,3
2004,Qtr 4,November,21,2004-11-21,Inner,Bombardier,Bombardier Crj200B 3072,Baotou Inner,China          Mongolia China Eastern Airlines,53,53,0,53
2005,Qtr 1,February,22,2005-02-22,Indonesia,Casa,"Casa 212 Aviocarp 2032
P","Off Sarmi Indonesia
	
Sarmi",Indonesia Indonesian National Police,18,15,0,15
1982,Qtr 2,June,24,1982-06-24,Indonesia,Boeing,Boeing B 747G,Mount Galunggung Indonesia,Airways British,257,0,0,0
1994,Qtr 4,November,4,1994-11-04,Indonesia,De Havilland,De Havilland Canada Dhc 6 Twin Otter 100Pk,Near Nabire Indonesia,Service Air Trigana,4,4,0,4
1997,Qtr 4,December,19,1997-12-19,Indonesia,Boeing,Boeing B 737,Near Palembang Indonesia,Silk,104,104,0,104
1961,Qtr 4,December,29,1961-12-29,Indonesia,Douglas,Douglas Dc 3Pk,Surabaya Indonesia,Airlines Indonesia Garuda,14,14,0,14
2002,Qtr 4,November,7,2002-11-07,Indonesia,Britten,Britten  Norman Bn,Tarakan Indonesia,Services Air Dirgantara,10,7,0,7
1993,Qtr 1,January,31,1993-01-31,Indonesia,Shorts,Shorts Sc 7 Skyvan 3,Sumatra Indonesia,Transport Air Malaysian Pan,16,16,0,16
1991,Qtr 3,September,3,1991-09-03,Indonesia,Britten,Britten  Norman Bn,Sampit Indonesia,Services Air Dirgantara,10,3,0,3
2006,Qtr 4,November,17,2006-11-17,Indonesia,De Havilland,De Havilland Canada Dhc 6 Twin Otter 300Pk,Puncak Jaya Indonesia,Service Air Trigana,12,12,0,12
2012,Qtr 2,June,21,2012-06-21,Indonesia,Fokker,Fokker F 27 Friendship 400Ma,Jakarta Indonesia,Force Air Indonesian - Military,7,7,4,11
1991,Qtr 2,May,9,1991-05-09,Indonesia,Fokker,Fokker F 27 Friendship 600Pk,Sulawesi Indonesia,Airlines Nusantara Merpati,13,13,0,13
1957,Qtr 3,July,16,1957-07-16,Indonesia,Lockheed,Lockheed 1049C Super Constellationph Lkt,Near Biak Indonesia,Airlines Dutch Royal Klm,68,58,0,58
1982,Qtr 2,May,28,1982-05-28,Indonesia,Aerospatiale,Aerospatiale 330G Pumapk Pdu,Off Natuma Island Indonesia,Service Air Pelita,10,10,0,10
2015,Qtr 4,October,2,2015-10-02,Indonesia,De Havilland,De Havilland Dhc 6 Twin Otter Pk,Near Masamba Indonesia,Mandari Avistar,10,10,0,10
1984,Qtr 3,August,15,1984-08-15,Indonesia,Douglas,Douglas C 47Apk,Near Wamena Indonesia,Indonesia Airfast,3,2,0,2
2002,Qtr 1,January,16,2002-01-16,Indonesia,Boeing,Boeing B 737,Near Solo Indonesia,Airlines Indonesia Garuda,62,1,0,1
1997,Qtr 3,July,17,1997-07-17,Indonesia,Fokker,Fokker F 27 Friendship 600Pk,Bandung Indonesia,Air Sempati,50,30,0,30
1987,Qtr 2,April,4,1987-04-04,Indonesia,Mcdonnell,Mcdonnell Douglas Dc 9,Medan-Polonia Indonesia,Airlines Indonesia Garuda,45,27,0,27
1942,Qtr 1,January,20,1942-01-20,Indonesia,Lockheed,Lockheed Hudsona16 79,Kupang Indonesia,Force Air Australian Royal - Military,11,11,0,11
1980,Qtr 3,August,26,1980-08-26,Indonesia,Vickers,Vickers Viscount 812Pk Ivs,Near Jakarta Indonesia,Airlines Indonesia Bouraq,37,37,0,37
2005,Qtr 3,September,5,2005-09-05,Indonesia,Boeing,Boeing 737 230Pk,Medan Indonesia,Airlines Mandala,117,99,44,143
1994,Qtr 2,June,18,1994-06-18,Indonesia,Fokker,Fokker F 27 Friendship 500Fpk,Mt.  Kalora Indonesia,Airlines Nusantara Merpati,12,12,0,12
1990,Qtr 4,December,6,1990-12-06,Indonesia,Iptn,Iptn 332C Super Pumapk Pui,Near Matak Indonesia,Service Air Pelita,12,10,0,10
1987,Qtr 2,May,25,1987-05-25,Indonesia,De Havilland,De Havilland Canada Dhc 6 Twin Otter 100Pk,Ilaga Indonesia,Fellowship Aviation Missionary,30,7,0,7
2001,Qtr 2,June,15,2001-06-15,Indonesia,Transall,Transall C 160Ngpk,Jayapura Indonesia,Air Manunggal,19,1,0,1
1991,Qtr 1,January,30,1991-01-30,Indonesia,Casa,Casa 212 Aviocar 200Pk Ncy,Jalaludin Indonesia,Airlines Nusantara Merpati,21,1,0,1
2012,Qtr 2,May,9,2012-05-09,Indonesia,Sukhoi,Sukhoi Superjet 100 95Ra,Near Cidahu Indonesia,Sukhoi,45,45,0,45
2015,Qtr 2,June,30,2015-06-30,Indonesia,Lockheed,Lockheed C130 B Herculesa,Medan Indonesia,Force Air Indonesian - Military,122,122,19,141
2011,Qtr 2,May,7,2011-05-07,Indonesia,Xian,Xian Ma 60Pk,Off Kaimana Indonesia,Airlines Nusantara Merpati,27,27,0,27
1982,Qtr 1,March,20,1982-03-20,Indonesia,Fokker,Fokker F 28 Fellowship 1000Pk,Branti Airport Indonesia,Airlines Indonesia Garuda,27,27,0,27
1993,Qtr 1,January,9,1993-01-09,Indonesia,Hawker,Hawker Siddeley Hs 748,Surabaya Indonesia,Airlines Indonesia Bouraq,44,17,0,17
1950,Qtr 4,November,17,1950-11-17,Indonesia,Douglas,Douglas Dc 3Pk,Surabaya Indonesia,Airlines Indonesia Garuda,23,2,0,2
1994,Qtr 2,April,25,1994-04-25,Indonesia,Britten,Britten Norman Bn 2A,Nanga Pinoh Indonesia,Services Air Dirgantara,11,11,0,11
1997,Qtr 2,April,19,1997-04-19,Indonesia,British,British Aerospace Atppk Mtx,Tanjung Pandan Indonesia,Airlines Nusantara Merpati,53,15,0,15
1985,Qtr 4,November,21,1985-11-21,Indonesia,Lockheed,Lockheed C 130H Herculesa,Near Sibyak Indonesia,Force Air Indonesian - Military,11,11,0,11
1976,Qtr 4,November,4,1976-11-04,Indonesia,Fokker,Fokker F 27 Friendship 100Pk,Banjarmasin Indonesia,Service Air International Bali,38,29,0,29
1977,Qtr 1,March,29,1977-03-29,Indonesia,De Havilland,De Havilland Canada Dhc 6 Twin Otter 300Pk,Bainaha Valley Indonesia,Airlines Nusantara Merpati,23,15,0,15
2013,Qtr 2,April,13,2013-04-13,Indonesia,Boeing,Boeing B 737,Denpasar Indonesia,Air Lion,108,0,0,0
1985,Qtr 3,August,12,1985-08-12,Indonesia,De Havilland,De Havilland Canada Dhc 6 Twin Otter 300Pk,Mulia Indonesia,Airlines Nusantara Merpati,19,8,0,8
1987,Qtr 2,May,23,1987-05-23,Indonesia,De Havilland,De Havilland Canada Dhc 6 Twin Otter 300Pk,Near Ruteng Indonesia,Airlines Nusantara Merpati,8,8,0,8
1994,Qtr 3,July,26,1994-07-26,Indonesia,Sirkorsky,Sikorsky S 58Etpk,East Kalimantan Indonesia,Services Airfast,18,18,0,18
1974,Qtr 3,September,7,1974-09-07,Indonesia,Fokker,Fokker F 27 Friendship 600Pk,Tandjung-Karang Indonesia,Airlines Indonesia Garuda,39,36,0,36
2021,Qtr 1,January,9,2021-01-09,Indonesia,Boeing,Boeing 737 524Pk,Near Jakarta Indonesia,Air Sriwijaya,62,62,0,62
2003,Qtr 1,March,27,2003-03-27,Indonesia,De Havilland,De Havilland Canada Dhc 6 Twin Otterpk,Mulia Indonesia,Regional Air Pt,16,4,0,4
1979,Qtr 3,July,11,1979-07-11,Indonesia,Fokker,Fokker F 28 Fellowship 1000Pk,Near Medan Airfield Indonesia,Airlines Indonesia Garuda,61,61,0,61
1971,Qtr 4,November,10,1971-11-10,Indonesia,Vickers,Vickers Viscount 828Pk Mvs,Off Padang Indonesia,Airlines Nusantara Merpati,69,69,0,69
1983,Qtr 2,June,2,1983-06-02,Indonesia,Fokker,Fokker F 28 Fellowship 3000Rcpk,Tanjung Karang Indonesia,Airlines Indonesia Garuda,61,3,0,3
2008,Qtr 2,June,26,2008-06-26,Indonesia,Casa,Casa Nc 212A,Near Salak Mountain Indonesia,Force Air Indonesian - Military,18,18,0,18
1961,Qtr 1,January,24,1961-01-24,Indonesia,Douglas,Douglas Dc 3Pk,Mt. Burangrang Indonesia,Airlines Indonesia Garuda,21,21,0,21
2007,Qtr 1,January,1,2007-01-01,Indonesia,Boeing,Boeing B 737,Off Parepare Indonesia,Air Adam,102,102,0,102
1995,Qtr 3,August,9,1995-08-09,Indonesia,Hawker,Hawker Siddeley Hs 748 2Apk,Near Kaimana Indonesia,Airlines Indonesia Bourag,10,10,0,10
1975,Qtr 3,September,24,1975-09-24,Indonesia,Fokker,Fokker F 28 Fellowship 1000Pk,Near Palembang Indonesia,Airlines Indonesia Garuda,61,25,1,26
1940,Qtr 1,January,22,1940-01-22,Indonesia,Lockheed,Lockheed 14 Super Electrapk Afo,Denpasar Indonesia,Knilm,9,8,0,8
2004,Qtr 4,November,30,2004-11-30,Indonesia,Mcdonnell,Mcdonnell  Douglas Md,Solo Indonesia,Air Lion,163,25,0,25
2002,Qtr 3,July,16,2002-07-16,Indonesia,Britten,Britten  Norman Bn,Near Long Barai Indonesia,Charter Air Raya Merauke Sabang,10,10,0,10
2016,Qtr 4,December,3,2016-12-03,Indonesia,M,M28 Skytruckp 4201,Near Tanjung Pinanga Indonesia,Police Indonesian,13,13,0,13
1986,Qtr 1,March,20,1986-03-20,Indonesia,Casa,Casa 212 Aviocar 100Pk Ncf,Near Naha Indonesia,Airlines Nusantara Merpati,16,2,0,2
1941,Qtr 4,December,29,1941-12-29,Indonesia,Shorts,Short S 23 Empire Flying Boat G,Sabang Indonesia,Boac,4,4,0,4
1997,Qtr 3,September,26,1997-09-26,Indonesia,Airbus,Airbus A300 B4,Buah Nabar Indonesia,Airlines Indonesia Garuda,234,234,0,234
2018,Qtr 4,October,29,2018-10-29,Indonesia,Boeing,Boeing 737 Max 8Pk,Off Jakarta Indonesia,Air Lion,189,189,0,189
1972,Qtr 1,February,1,1972-02-01,Indonesia,Douglas,Douglas Dc 6Xw,Near Tegal Indonesia,Laos/Penas Air Royal,9,6,0,6
1995,Qtr 4,October,3,1995-10-03,Indonesia,Casa,Casa 212Pk Zag,Gunung Antara Indonesia,Charter Air Raya Merauke Sabang,14,1,0,1
1993,Qtr 2,June,16,1993-06-16,Indonesia,De Havilland,De Havilland Canada Dhc 6 Twin Otter 300Pk,Nabire Indonesia,Airlines Nasantara Merpati,3,1,0,1
1961,Qtr 1,February,3,1961-02-03,Indonesia,Douglas,Douglas Dc 3Pk,Off Surabaya Indonesia,Airlines Indonesia Garuda,26,26,0,26
1989,Qtr 3,September,15,1989-09-15,Indonesia,De Havilland,De Havilland Canada Dhc 6 Twin Otter 300Pk,Near Bentuni Indonesia,Airlines Nusantara Merpati,22,22,0,22
1973,Qtr 1,February,28,1973-02-28,Indonesia,De Havilland,De Havilland Canada Dhc 6 Twin Otter 100Pk,Near Nabire Indonesia,Airlines Nusantara Merpati,13,13,0,13
2015,Qtr 3,August,12,2015-08-12,Indonesia,Pacific,Pacific Aerospacepk Kig,Ninia Indonesia,Air Komala,6,1,0,1
2009,Qtr 2,April,6,2009-04-06,Indonesia,Fokker,Fokker F 27 Friendship 400Ma,Bandung Indonesia,Force Air Indonesian - Military,24,24,0,24
1948,Qtr 1,February,10,1948-02-10,Indonesia,Douglas,Douglas Dc 3Pk,Near Padalarang Indonesia,Airlines Dutch Royal Klm,19,19,0,19
1996,Qtr 4,December,7,1996-12-07,Indonesia,Casa,Casa 212 Aviocar 100Pk Vso,Banjarmasin Indonesia,Services Air Dirgantara,17,16,2,18
1991,Qtr 4,October,25,1991-10-25,Indonesia,Britten,Britten  Norman Bn2A,Tumbang Miri Indonesia,Service Air International Bali,17,17,0,17
2009,Qtr 2,June,29,2009-06-29,Indonesia,De Havilland,De Havilland Canada Dhc 6 Twin Otter 300Pk,Near Wamena Indonesia,Mandiri Aviastar,3,3,0,3
2011,Qtr 3,September,29,2011-09-29,Indonesia,Casa,Casa Nc 212 Aviocar 200Pk,Near Bohorok Indonesia,Air Buana Nusantara,18,18,0,18
2009,Qtr 2,April,9,2009-04-09,Indonesia,British,British Aerospace Bae 146,Near Wamena Indonesia,Mandiri Aviastar,6,6,0,6
1945,Qtr 1,January,23,1945-01-23,Indonesia,Consolidated,Consolidated Liberatora72 70,Timor Indonesia,Force Air Australian Royal - Military,11,11,0,11
2009,Qtr 3,August,2,2009-08-02,Indonesia,De Havilland,De Havilland Canada Dhc 6 Twin Otter 300Pk,Ampisibil Village Indonesia,Airlines Nusantara Merpati,16,16,0,16
1991,Qtr 4,October,5,1991-10-05,Indonesia,Lockheed,Lockheed C 130H,Near Jakarta Indonesia,Force Air Indonesian - Military,134,134,2,136
2002,Qtr 2,May,25,2002-05-25,Indonesia,De Havilland,De Havilland Canada Dhc 6 Twin Otter 300Pk,Near Nabire Indonesia,Service Air Trigana,6,6,0,6
2001,Qtr 1,January,8,2001-01-08,Indonesia,Casa,Casa 212 Mp Aviocar 200U,Near Silimo Indonesia,Navy Indonesia Nasional Tentara - Military,9,9,0,9
1959,Qtr 4,December,24,1959-12-24,Indonesia,Douglas,Douglas C 47Apk,Palembang Indonesia,Airlines Indonesia Garuda,2,1,0,1
2009,Qtr 2,May,20,2009-05-20,Indonesia,Lockheed,Lockheed C 130 Herculesa,Near Madiun Indonesia,Force Air Indonesian - Military,112,112,2,114
2005,Qtr 2,April,12,2005-04-12,Indonesia,De Havilland,De Havilland Canada Dhc 6 Twin Otter 100Pk,Enarotali Indonesia,Air Gt,18,18,0,18
2007,Qtr 1,March,7,2007-03-07,Indonesia,Boeing,Boeing B 737,Yogyakarta Indonesia,Airlines Indonesia Garuda,140,22,0,22
1981,Qtr 2,April,28,1981-04-28,Indonesia,Douglas,Douglas C 47A,Pekanbaru Indonesia,Indonesia Airfast - Private,17,15,0,15
2008,Qtr 1,January,26,2008-01-26,Indonesia,Casa,Casa Nc 212,Near Malinau Indonesia,Service Air Dirgantara,3,3,0,3
1967,Qtr 1,February,16,1967-02-16,Indonesia,Lockheed,Lockheed L 188C Electrapk,Manado Indonesia,Airlines Indonesia Garuda,63,22,0,22
2015,Qtr 4,October,31,2015-10-31,Indonesia,De Havilland,De Havilland Dch 4T Cariboupk,Near Ilaga Indonesia,Service Air Trigana,4,4,0,4
2001,Qtr 1,March,26,2001-03-26,Indonesia,Fokker,Fokker F 27 Friendship 500Fpk,Jadura Indonesia,Airlines Nusantara Merpati,3,3,0,3
1990,Qtr 1,January,2,1990-01-02,Indonesia,Casa,Casa 212 Aviocar 200Pk Pcm,Java Sea Indonesia,Service Air Pelita,16,9,0,9
1995,Qtr 1,January,10,1995-01-10,Indonesia,De Havilland,De Havilland Canada Dhc 6 Twin Otter 300Pk,Off Flores Island Inodnesia,Airlines Nusantara Merpati,14,14,0,14
1984,Qtr 1,January,30,1984-01-30,Indiana,Swearingen,Swearingen Sa.226Tc Metro Iin63Z,Terre Haute Indiana,Airways Britt,3,3,0,3
1966,Qtr 3,July,24,1966-07-24,Indiana,Beechcraft,Beechcraft H50N538B,Near Munster Indiana,Aviation Mainline - Private,4,4,0,4
1932,Qtr 2,April,21,1932-04-21,Indiana,Stearman,Stearman C 3Mbnc6412,Fort Wayne Indiana,Airlines Transamerica,1,1,0,1
1987,Qtr 4,November,28,1987-11-28,Indiana,Boeing,Boeing B 747,Off Mauritius Indian,Airways African Oceansouth,159,159,0,159
1966,Qtr 3,September,4,1966-09-04,Indiana,Sud,Sud Aviation Se 210 Caravellevt,Mumbai Indian,Airlines Indian,4,4,0,4
1927,Qtr 2,April,22,1927-04-22,Indiana,Douglas,Douglas M 4626,Goshen Indiana,Service Mail Aerial Us,1,1,0,1
1930,Qtr 4,October,30,1930-10-30,Indiana,Pitcairn,Pitcairn Pa 6 Mailwing,Brookston Indiana,Company Riddle Embry,1,1,0,1
1987,Qtr 4,October,20,1987-10-20,Indiana,A,A  7D Corsair,Indianapolis Indiana,Force Air U.S. - Military,11,10,10,20
2016,Qtr 3,July,22,2016-07-22,Indiana,Antonov,Antonov 32K2743,Bay Of Bengal Indian,Force Air Oceanindian,29,29,0,29
1989,Qtr 1,March,15,1989-03-15,Indiana,Namc,Namc Ys 11A,West Lafayette Indiana,Air Pacific Mid,2,2,0,2
1951,Qtr 2,April,28,1951-04-28,Indiana,Douglas,Douglas Dc 3N16088,Fort Wayne Indiana,Lines Air United,11,11,0,11
1969,Qtr 3,September,9,1969-09-09,Indiana,Md,Md Douglas Dc 9,Near Fairland Indiana,Corporation Forth / Airlines Allegheny,83,83,0,83
1924,Qtr 4,December,21,1924-12-21,Indiana,De Havilland,De Havilland Dh 4311,Goshen Indiana,Service Mail Aerial Us,1,1,0,1
1927,Qtr 4,November,29,1927-11-29,Indiana,Douglas,"Douglas M 4Nc62  	
Nc1062",Corunna Indiana,Transport Air National,1,1,0,1
1920,Qtr 1,March,10,1920-03-10,Indiana,De Havilland,De Havilland Dh 465,New Paris Indiana,Service Mail Aerial Us,1,1,0,1
1933,Qtr 4,October,10,1933-10-10,Indiana,Boeing,Boeing 247Nc13304,Chesterton Indiana,Lines Air United,10,10,0,10
1992,Qtr 1,February,6,1992-02-06,Indiana,Lockheed,Lockheed C 130B Hercules58,Evansville Indiana,Force Air Us - Military,5,5,12,17
1922,Qtr 3,September,7,1922-09-07,Indiana,De Havilland,De Havilland Dh 4227,Indianapolis Indiana,Service Mail Aerial Us,1,1,0,1
1977,Qtr 4,December,13,1977-12-13,Indiana,Douglas,Douglas Dc 3N51071,Evansville Indiana,(Air Indiana)        Inc. Services Jet National,29,29,0,29
2000,Qtr 4,November,9,2000-11-09,Indiana,Swearingen,Swearingen Sa.226Tc Metro Iin731Ac,Fort Wayne Indiana,Aviation Superior,1,1,0,1
1946,Qtr 4,December,28,1946-12-28,Indiana,Douglas,Douglas Dc 3 (C,Michigan City Indiana,Airlines American,21,2,0,2
1994,Qtr 4,October,31,1994-10-31,Indiana,Atr,Atr  72,Roselawn Indiana,Eagle American,68,68,0,68
2011,Qtr 2,April,19,2011-04-19,India,Mil,Mil Mi 172	Vt,Tawang India	Pawan,Ltd. Helicopters Hans,23,18,0,18
1972,Qtr 3,August,12,1972-08-12,India,Fokker,Fokker F 27 Friendship 100Vt,Near Delhi India,Airlines Indian,18,18,0,18
1991,Qtr 1,March,25,1991-03-25,India,Hindustan,Hindustan Aeronautics 748 2H1513,Near Bangalore India,Force Air Indian - Military,28,28,0,28
1963,Qtr 3,September,11,1963-09-11,India,Vickers,Vickers Viscount 768Dvt Dio,Near Patti India,Airlines Indian,18,18,0,18
1949,Qtr 1,January,16,1949-01-16,India,Douglas,Douglas Dc 3Vt,Near Srinagar India,Airways Jain Dalmia,13,13,0,13
1982,Qtr 2,June,22,1982-06-22,India,Boeing,Boeing B 707,Bombay India,India Air,111,17,0,17
1952,Qtr 2,April,10,1952-04-10,India,Douglas,Douglas C 47Avt,Agartala India,Airlines Kalinga,4,4,0,4
1971,Qtr 4,December,9,1971-12-09,India,Hal,Hal  748,Chinnamanur India,Airlines Indian,31,21,0,21
1978,Qtr 4,November,19,1978-11-19,India,Antonov,Antonov An 12,Near Leh India,Force Air Indian - Military,77,77,1,78
1970,Qtr 1,January,25,1970-01-25,India,Fokker,Fokker F 27 Friendship 2009N,Near Delhi India,Airlines Nepal Royal,23,1,0,1
1963,Qtr 2,June,3,1963-06-03,India,Douglas,Douglas C 47Vt,Pathankot India,Airlines Indian,29,29,0,29
1979,Qtr 3,August,4,1979-08-04,India,Hindustan,Hindustan Aeronautics 748 2 224Vt,Near Panvel India,Airlines Indian,45,45,0,45
1959,Qtr 1,March,29,1959-03-29,India,Douglas,Douglas Dc 3Vt,Near Silchar India,Airlines Indian,24,24,0,24
2002,Qtr 4,October,1,2002-10-01,India,Illyushin,Ilyushin Il 38 / Ilyushin Il,Vasco India,Navy Indian - Military,12,12,5,17
1957,Qtr 2,May,13,1957-05-13,India,Douglas,Douglas Dc 3Vt,New Delhi India,Airlines Indian,2,2,3,5
2020,Qtr 3,August,7,2020-08-07,India,Boeing,Boeing 737 8Hgvt,Calicut India,Exppress India Air,190,20,0,20
1972,Qtr 2,June,14,1972-06-14,India,Mcdonnell,Mcdonnell Douglas Dc 8,Near New Delhi India,Lines Air Japan,87,82,4,86
1945,Qtr 4,October,23,1945-10-23,India,Douglas,Douglas C 47Bkj957,Near Chiringa India,Force Air Royal - Military,14,14,0,14
1945,Qtr 2,June,29,1945-06-29,India,N/A,N/A,Bangalore India,Force Air Indian Royal - Military,2,2,36,38
1951,Qtr 4,November,21,1951-11-21,India,Douglas,Douglas Dc 3Vt,Calcutta India,Airways Deccan,17,16,0,16
1990,Qtr 1,March,1,1990-03-01,India,Mig,Mig  23,Near Meerut India,Force Air Indian - Military,1,0,50,50
1943,Qtr 4,November,8,1943-11-08,India,N/A,N/A,Poona India,Force Air Indian - Military,1,1,37,38
1957,Qtr 3,August,20,1957-08-20,India,Douglas,Douglas Dc 3Vt,Assam India,Indamer,8,8,0,8
1990,Qtr 1,February,14,1990-02-14,India,Airbus,Airbus A320 231Vt,Near Bangalore India,Airlines Indian,146,92,0,92
1960,Qtr 1,January,3,1960-01-03,India,Douglas,Douglas C 47Avt,Taksing India,Airlines Indian,9,9,0,9
1950,Qtr 4,December,13,1950-12-13,India,Douglas,Douglas Dc 3Vt,Katagiri India,India Air,21,21,0,21
1966,Qtr 1,February,7,1966-02-07,India,Fokker,Fokker F 27 Friendship 200Ph,Srinagar India,Airlines Indian,37,37,0,37
1970,Qtr 4,December,5,1970-12-05,India,Douglas,Douglas Dc 3Vt,Delhi India,Jamair,16,5,0,5
1959,Qtr 1,March,12,1959-03-12,India,Douglas,Douglas C 47Avt,Tobu India,Airlines Indian,7,5,0,5
1978,Qtr 4,December,17,1978-12-17,India,Boeing,Boeing B 737,Hyderabad India,Airlines Indian,132,1,3,4
1991,Qtr 3,August,16,1991-08-16,India,Boeing,Boeing B 737,Imphal India,Airlines Indian,69,69,0,69
2009,Qtr 2,June,8,2009-06-08,India,Antonov,Antonov An 32,State Of Arunachal Pradesh India,Force Air Indian - Military,13,13,0,13
1957,Qtr 2,May,5,1957-05-05,India,Douglas,Douglas C 47Avt,Santoshpur India,Airlines Indian,3,1,0,1
1976,Qtr 4,October,13,1976-10-13,India,Sud,Sud  Aviation Caravelle Vi,Near Bombay India,Airlines Indian,95,95,0,95
1966,Qtr 1,February,15,1966-02-15,India,Sud,Sud Aviation Se 210 Caravelle Vinvt,Delhi India,Airlines Indian,80,2,0,2
1994,Qtr 1,March,8,1994-03-08,India,Boeing,Boeing 737 2R4Cvt,New Delhi India,Sahara,4,4,0,4
1964,Qtr 1,March,4,1964-03-04,India,Fairchild,Fairchild C 119,Barrackpore India,Force Air Indian - Military,22,22,0,22
1950,Qtr 2,April,5,1950-04-05,India,Douglas,Douglas C 47Avt,Hatiara India,Airways Deccan,3,3,0,3
1979,Qtr 2,June,7,1979-06-07,India,Hindustan,Hindustan Aeronautics 748 2Mh2178,Near Leh India,Force Air Indian - Military,27,27,0,27
1964,Qtr 1,February,18,1964-02-18,India,Illyushin,Ilyushin Il 14,Banihal Pass India,Force Air Indian - Military,13,13,0,13
1952,Qtr 1,February,19,1952-02-19,India,Douglas,Douglas Dc 3Vt,Nagpur India,Airways Deccan,16,3,0,3
1953,Qtr 1,March,14,1953-03-14,India,Convair,Convair Cv 240,Kalasahar India,Airways Orient,16,16,0,16
1989,Qtr 3,September,23,1989-09-23,India,Dornier,Dornier Do 288,Ujani Dam India,Vayudoot,11,11,0,11
1955,Qtr 1,February,2,1955-02-02,India,Douglas,Douglas Dc 3Vt,Nagpur India,Airlines Indian,10,10,0,10
1999,Qtr 4,December,24,1999-12-24,India,Airbus,Airbus A300B2 101Vt,Amritsar India,Afghanistan         Kandahar / Indian Airlines,189,1,0,1
1971,Qtr 1,March,26,1971-03-26,India,Douglas,Douglas Dc 3Vt,Gauhati India,Jamair,15,15,0,15
2010,Qtr 2,May,22,2010-05-22,India,Boeing,Boeing 737 8Hgvt,Mangalore India,Express India Air,166,159,0,159
1970,Qtr 3,August,29,1970-08-29,India,Fokker,Fokker F 27 Friendship 400Vt,Near Silchar India,Airlines Indian,39,39,0,39
2000,Qtr 3,July,17,2000-07-17,India,Boeing,Boeing B 737,Patna India,Airlines Airlines/Alliance Indian,58,55,5,60
2019,Qtr 3,July,30,2019-07-30,India,Beechcraft,Beechcraft B300 King Air766,Rawalpindi India,Army Pakistan - Military,5,5,14,19
1943,Qtr 3,September,22,1943-09-22,India,Douglas,Douglas C 5342,Near Calcutta India,Forces Air Army U.S. - Military,20,20,0,20
1947,Qtr 4,December,27,1947-12-27,India,Douglas,Douglas Dc 3 (C,Korangi Creek India,India Air,23,23,0,23
1962,Qtr 3,September,21,1962-09-21,India,Douglas,Douglas C 47Avt,Sela Pass India,Airlines Kalinga,8,8,0,8
1997,Qtr 3,July,3,1997-07-03,India,Fokker,Fokker F 27 Friendship 200Vt,Madh Island India,Airlines Elbee,2,2,0,2
1980,Qtr 1,February,22,1980-02-22,India,Fairchild,Fairchild C 119G,Near Agra India,Force Air Indian - Military,47,46,1,47
1950,Qtr 3,July,17,1950-07-17,India,Douglas,Douglas Dc 3Vt,Near Pathankot India,Airlines National Indian,22,22,0,22
1945,Qtr 1,January,6,1945-01-06,India,Douglas,Douglas C 4777,Near Dinjan India,Corporation Aviation National China,4,4,0,4
1973,Qtr 2,May,31,1973-05-31,India,Boeing,Boeing B 737,Near New Delhi India,Airlines Indian,65,48,0,48
1956,Qtr 1,March,31,1956-03-31,India,Douglas,Douglas C 47Avt,Indapur India,Operators Air National,3,3,0,3
1973,Qtr 1,March,15,1973-03-15,India,Hal,Hal  748,Hyderabad India,Airlines Indian,3,3,0,3
1988,Qtr 4,October,19,1988-10-19,India,Boeing,Boeing B 737,Near Ahmedabad India,Airlines Indian,129,124,0,124
1993,Qtr 2,April,26,1993-04-26,India,Boeing,Boeing B 737,Aurangabad India,Airlines Indian,118,55,0,55
1947,Qtr 4,October,31,1947-10-31,India,Douglas,Douglas C 47Bm965,Near Srinagar India,Force Air Indian Royal - Military,25,25,0,25
1988,Qtr 4,October,19,1988-10-19,India,Fokker,Fokker F 27 Friendship 100Vt,Gauhati India,Vayudoot,34,34,0,34
1982,Qtr 1,February,7,1982-02-07,India,Fairchild,Fairchild C 119G,Near Srinagar India,Force Air Indian - Military,23,23,0,23
1992,Qtr 4,November,11,1992-11-11,India,Mil,Mil Mi 8 (Helicopter),Off Bombay India,Force Air Indian - Military,20,20,0,20
1959,Qtr 3,August,3,1959-08-03,India,Douglas,Douglas Dc 3Vt,Sagone India,Airlines Kalinga,6,6,0,6
1946,Qtr 4,October,17,1946-10-17,India,Douglas,Douglas C 47Bkn236,Near Chitral India,Force Air Royal - Military,11,11,0,11
1945,Qtr 4,November,3,1945-11-03,India,Douglas,Douglas C 54G45528A,Near Chuka India,Forces Air Army U.S. - Military,44,44,0,44
1944,Qtr 4,October,7,1944-10-07,India,Douglas,Douglas C 47101,Near Sadiya India,Corporation Aviation National China,3,3,0,3
1953,Qtr 4,December,12,1953-12-12,India,Douglas,Douglas Dc 3Vt,Nagpur India,Airlines Indian,14,13,0,13
1939,Qtr 3,August,28,1939-08-28,India,De Havilland,De Havilland D 84Vt,Lahore India,Airways National Indian,2,2,0,2
1944,Qtr 2,May,27,1944-05-27,India,Douglas,Douglas Dc 3,Off Calcutta India,Corporation Aviation National China,14,14,0,14
1996,Qtr 4,December,24,1996-12-24,India,Hindustan,Hindustan Aeronautics 748 2H1032,Near Nellore India,Force Air Indian - Military,22,22,0,22
1968,Qtr 2,June,12,1968-06-12,India,Boeing,Boeing B 707,Calcutta India,Airways World American Pan,63,6,0,6
1968,Qtr 2,May,28,1968-05-28,India,Convair,Convair Cv 990,Near Bombay India,Airlines Indonesia Garuda,29,29,1,30
1951,Qtr 4,December,31,1951-12-31,India,Douglas,Douglas C 47Avt,Calcutta India,Airlines Kalinga,3,3,0,3
1958,Qtr 2,June,25,1958-06-25,India,Douglas,Douglas C 47Avt,Mohanbari India,Airlines Indian,7,5,0,5
1999,Qtr 1,March,7,1999-03-07,India,Antonov,Antonov An 32 Transportk2673,New Delhi India,Force Air Indian - Military,19,19,3,22
1949,Qtr 3,July,12,1949-07-12,India,Lockheed,Lockheed L 749,Near Bombay India,Airlines Dutch Royal Klm,45,45,0,45
1951,Qtr 3,September,15,1951-09-15,India,Douglas,Douglas C 47A,Bangalore India,India Air,28,22,0,22
1996,Qtr 4,November,12,1996-11-12,India,Boeing,Boeing B 747,Near Charkhi Dadri India,Airlines Kazakhstan / Airlines Arabian Saudi,349,349,0,349
2019,Qtr 2,June,3,2019-06-03,India,Antonov,Antonov An 32K2752,Near Lipo India,Force Air Indian - Military,13,13,0,13
1954,Qtr 1,February,25,1954-02-25,India,Douglas,Douglas Dc 3Vt,New Delhi India,Airlines Indian,3,3,0,3
1962,Qtr 3,July,16,1962-07-16,India,Douglas,Douglas C 47Vt,Near Loheshyphn India,Airlines Kalinga,9,9,0,9
1958,Qtr 2,May,25,1958-05-25,India,Avro,Avro 685 York C 1G,Gurgaon India,Services Dan-Air,5,4,0,4
1954,Qtr 2,April,30,1954-04-30,India,Douglas,Douglas C 47A,Near Calcutta India,Aviation Darbhanga,11,5,0,5
1949,Qtr 4,November,16,1949-11-16,India,Tempest,Tempest,Calcutta India,Force Air Indian Royal,2,1,14,15
1938,Qtr 1,March,7,1938-03-07,India,Potez,Potez 621F Anqr,Datia India,France Air,7,7,0,7
1953,Qtr 2,May,9,1953-05-09,India,Douglas,Douglas Dc 3Vt,New Delhi India,India Air,18,18,0,18
1998,Qtr 3,July,30,1998-07-30,India,Dornier,Dornier 228 201Vt,Kochi India,Airlines Alliance,6,6,2,8
1958,Qtr 2,May,15,1958-05-15,India,Convair,Convair Cv 240,New Delhi India,Airlines International Pakistan,38,21,2,23
1956,Qtr 4,October,19,1956-10-19,India,Douglas,Douglas Dc 3Vt,Agartala India,Airlines Indian,3,3,0,3
1956,Qtr 1,March,21,1956-03-21,India,Douglas,Douglas Dc 3Vt,Tezpur India,Airlines Indian,21,2,0,2
1953,Qtr 2,April,14,1953-04-14,India,Douglas,Douglas C 47Avt,Near Guwahati India,Airways,3,3,0,3
1996,Qtr 3,July,11,1996-07-11,India,Let,Let 410Vt Etc,Near Kanda India,Airlines Archana,9,9,0,9
1951,Qtr 3,July,12,1951-07-12,India,Douglas,Douglas C 47Bvt,Near Tezpur India,Indamer,3,3,0,3
1920,Qtr 4,October,15,1920-10-15,Illinois,De Havilland,De Havilland Dh 476,Batavia Illinois,Service Mail Aerial Us,1,1,0,1
2008,Qtr 4,October,15,2008-10-15,Illinois,Bell,Bell 222N992Aa,Aurora Illinois,Inc. Angles Air,4,4,0,4
1983,Qtr 4,October,11,1983-10-11,Illinois,Hawker,Hawker Siddeley Hs 748,Pinckneyville Illinois,Illinois Air,10,10,0,10
1932,Qtr 1,January,21,1932-01-21,Illinois,Stinson,Stinson Sm 2Anc443H,Colvin Park Ilinois,Airways Northwest,1,1,0,1
1968,Qtr 4,December,27,1968-12-27,Illinois,Convair,Convair Cv 580N2045,Chicago Illinois,Airlines Central North,45,27,1,28
1972,Qtr 4,December,20,1972-12-20,Illinois,Convair,Convair Cv 880 / Mcdonnell Dc,Chicago Illinois,Airlines Central North Lines/ Air Delta,133,10,0,10
2005,Qtr 4,December,8,2005-12-08,Illinois,Boeing,Boeing B 737,Chicago Illinois,Airlines Southwest,103,0,1,1
1996,Qtr 4,November,19,1996-11-19,Illinois,Beechcraft,Beechcraft 1900 C / Beech King Air A90N87Gl / N1127D,Quincy Illinois,Private /  Express United,14,14,0,14
1935,Qtr 2,May,28,1935-05-28,Illinois,Stinson,Stinson Sm6000B Tri Motornc10894,Maywood Illinois,Airlines Southern And Chicago,2,2,0,2
1934,Qtr 1,March,6,1934-03-06,Illinois,Fairchild,Fairchild Pilgrim 100Anc710Y,Petersburg Illinois,Airways American,4,4,0,4
1933,Qtr 4,November,24,1933-11-24,Illinois,Boeing,Boeing 247Nc13324,Wedron Illinois,Transport Air National,2,2,0,2
1932,Qtr 1,March,8,1932-03-08,Illinois,Stinson,Stinson Sm 6000Bnc11122,Saint Louis Illinois,Lines Air Century,5,3,0,3
2002,Qtr 4,December,17,2002-12-17,Illinois,Cessna,Cessna 208B Caravan I Super Cargomastern277Pm,Rockford Illinois,Planemasters,1,1,0,1
1936,Qtr 3,September,29,1936-09-29,Illinois,Lockheed,Lockheed Vega 5Cnc959Y,Napierville Illinois,Service Air Bird Blue,4,4,0,4
1948,Qtr 1,March,10,1948-03-10,Illinois,Douglas,Douglas Dc 4Nc37478,Chicago Illinois,Lines Air Delta,13,12,0,12
1940,Qtr 4,December,4,1940-12-04,Illinois,Douglas,Douglas Dc 3Anc25678,Chicago Illinois,Lines Air United,16,10,0,10
1979,Qtr 2,May,25,1979-05-25,Illinois,Mcdonnell,Mcdonnell Douglas Dc 10,Chicago O'Hare Illinois,Airlines American,271,271,2,273
1946,Qtr 4,December,28,1946-12-28,Illinois,Douglas,Douglas C 47Anc58024,Walshville Illinois,Skyways Southern City Kansas,2,2,0,2
1982,Qtr 1,March,19,1982-03-19,Illinois,Boeing,Boeing Kc 135C58,Near Woodstock Illinois,Force Air U.S. - Military,27,27,0,27
1919,Qtr 3,July,21,1919-07-21,Illinois,Fd,Fd Type Dirigible,Chicago Illinois,Tire Goodyear Express Air Wingfoot,0,3,10,13
1931,Qtr 3,September,14,1931-09-14,Illinois,Lockheed,Lockheed Veganc606,Chicago Illinois,Airways Chicago-Detroit,1,1,0,1
1931,Qtr 3,July,21,1931-07-21,Illinois,Pitcairn,Pitcairn Pa 6 Mailwing,Centralia Illinois,Airways American,1,1,0,1
1971,Qtr 4,October,21,1971-10-21,Illinois,Beech,Beech E18Sn51Cs,Peoria Illinois,Airlines Southern And Chicago,16,16,0,16
1960,Qtr 3,July,27,1960-07-27,Illinois,Sirkorsky,Sikorsky S 58C Helicoptern879,Forest Park Illinois,Airways Helicopter Chicago,13,13,0,13
1931,Qtr 3,July,12,1931-07-12,Illinois,Lockheed,Lockheed Veganc8497,Chicago Illinois,Airlines Braniff,2,2,0,2
1961,Qtr 3,September,17,1961-09-17,Illinois,Lockheed,Lockheed 188C  Electran137Us,Chicago Illinois,Airlines Orient Northwest,37,37,0,37
1933,Qtr 2,June,11,1933-06-11,Illinois,Sirkorsky,Sikorsky S 38B (Flying Boat)Nc,Glenview Illinois,Palwaukee,9,9,0,9
1974,Qtr 2,May,23,1974-05-23,Illinois,Lockheed,Lockheed L 100,Springfield Illinois,Airways Saturn,3,3,0,3
1959,Qtr 4,November,24,1959-11-24,Illinois,Lockheed,Lockheed L 1049H Super Constellationn102R,Chicago Illinois,Airlines World Trans,3,3,8,11
1955,Qtr 3,July,17,1955-07-17,Illinois,Convair,Convair Cv 340,Chicago Illinois,Airlines Braniff,43,22,0,22
1979,Qtr 4,November,15,1979-11-15,Illinois,Boeing,Boeing B 727,Near Chicago Illinois,Airlines American,78,0,0,0
1931,Qtr 4,December,5,1931-12-05,Illinois,Lockheed,Lockheed Vega 5Nc433E,Kewanee Illinois,Airways Braniff,6,2,0,2
1961,Qtr 3,September,1,1961-09-01,Illinois,Lockheed,Lockheed 049 Constellationn86511,Near Hinsdale Illinois,Airlines World Trans,78,78,0,78
1946,Qtr 3,August,21,1946-08-21,Illinois,Douglas,Douglas C 47,Moline Illinois,Airlines Luxury Trans,25,2,0,2
1927,Qtr 2,April,15,1927-04-15,Idaho,Swallow,"Swallow
Swallow",King Hill Idaho,Lines Air Varney,1,1,0,1
1995,Qtr 2,May,13,1995-05-13,Idaho,Lockheed,Lockheed C 130E Hercules62,Near Boise Idaho,Force Air U.S. - Military,6,6,0,6
1936,Qtr 4,December,18,1936-12-18,Idaho,Lockheed,Lockheed 10 Electranc14935,Kellogg Idaho,Airlines Orient Northwest,2,2,0,2
1996,Qtr 4,December,9,1996-12-09,Idaho,Douglas,Douglas C 47An75142,Boise Idaho,Worldwide Emery,2,2,0,2
1958,Qtr 4,October,9,1958-10-09,Idaho,Fairchild,Fairchild C 123 Provider55,Payette Idaho,Force Air U.S. - Military,19,19,0,19
1953,Qtr 1,January,7,1953-01-07,Idaho,Curtiss,Curtiss C 46N1648M,Fish Haven Idaho,Transport Air Associated,40,40,0,40
1928,Qtr 3,September,4,1928-09-04,Idaho,Fokker,Fokker Super Universalnc7242,Pocatello Idaho,Airways Parks National,7,7,0,7
2001,Qtr 3,August,5,2001-08-05,Iceland,Dassault,Dassault Falcon 20Cd Cbna,Reykjavík Iceland,Air Naske,3,3,0,3
1951,Qtr 1,January,31,1951-01-31,Iceland,Douglas,Douglas Dc 3Tf,Off Hafnarfjorour Iceland,Icelandair,20,20,0,20
1947,Qtr 2,May,29,1947-05-29,Iceland,Douglas,Douglas Dc 3Tf,Hjedinsfjordur Iceland,Flugefelag,25,25,0,25
1948,Qtr 1,March,7,1948-03-07,Iceland,Avro,Avro Ansontf Rvl,Near Skalafell Iceland,Airlines Icelandic Loftleidir,4,4,0,4
1941,Qtr 1,January,17,1941-01-17,Hungary,Junkers,Junkers Ju 52/3Mha,Near Nagyvarad Hungary,Airlines Malert,16,12,0,12
1938,Qtr 3,August,10,1938-08-10,Hungary,Ford,Ford Tri Motor F,Debrecen Hungary,Legiforagalmi Magyar,12,12,0,12
1925,Qtr 3,July,24,1925-07-24,Hungary,Potez,Potez Ix,Budapest Hungary,Cidna,1,1,0,1
2006,Qtr 1,January,19,2006-01-19,Hungary,Antonov,Antonov An 24V5605,Near Telkibanya Hungary,Force Air Slovak - Military,43,42,0,42
2005,Qtr 1,January,27,2005-01-27,Hungary,Let,Let 410Uvp E4Ha,Lasi Hungary,Hungary Farnair,2,2,0,2
1963,Qtr 2,June,16,1963-06-16,Hungary,Veb,Veb 14Pyr Ill,Bekkessamson Hungary,Tarom,31,31,0,31
1961,Qtr 3,August,6,1961-08-06,Hungary,Douglas,Douglas Dc 3Ha,Budapest Hungary,Airlines Hungarian Malev,27,27,3,30
1975,Qtr 1,January,15,1975-01-15,Hunary,Illyushin,Ilyushin Il 18Vha,Budapest Hunary,Airlines Hungarian Malev,9,9,0,9
1983,Qtr 4,November,8,1983-11-08,Huila,Boeing,Boeing B 737,Lubango Huila,Angola Taag Angola Airlines,130,130,0,130
1971,Qtr 4,December,24,1971-12-24,Huanuco,Lockheed,Lockheed 188A Electraob R,Near Puerto Inca Huanuco,Peru Lineas Aereas Nacionales Sa (Peru),92,91,0,91
1976,Qtr 3,September,10,1976-09-10,Hrvatska,Mcdonnell,Mcdonnell Douglas Dc 9,Near Gaj Hrvatska,Yugoslavia Inex Adria Aviopromet / British Airways,176,176,0,176
1969,Qtr 1,January,5,1969-01-05,Horley,Boeing,Boeing B 727,Gatwick Airport Horley,Surrey,62,48,2,50
1967,Qtr 2,June,30,1967-06-30,Hong,Sud,Sud Aviation Se 210 Caravelle Iiihs,Kai Tak Hong,International Kongthai,80,24,0,24
1994,Qtr 3,September,23,1994-09-23,Hong,Lockheed,Lockheed L 100,Kowloon Bay Hong,Airlines Cargo Kongheavylift,12,6,0,6
1988,Qtr 3,August,31,1988-08-31,Hong,Hawker,Hawker Siddeley Hs 121 Trident 2Eb,Kowloon Bay Hong,Kongcaac,89,7,0,7
1948,Qtr 4,December,21,1948-12-21,Hong,Douglas,Douglas C 54B,Basalt Island Hong,Corporation Aviation National Kongchina,33,33,0,33
1949,Qtr 1,February,24,1949-02-24,Hong,Douglas,Douglas Dc 3Vr,Braemar Resevoir Hong,Airways Pacific Kongcathay,23,23,0,23
1961,Qtr 2,April,18,1961-04-18,Hong,C,C  47(Dc,Mount Parker Hong,Force Air Us - Kongmilitary,15,14,0,14
1951,Qtr 2,April,9,1951-04-09,Hong,Douglas,Douglas Dc 3Hs,Cape D'Arguilar Hong,Airways Kongsiamese,16,16,0,16
1951,Qtr 1,March,11,1951-03-11,Hong,Douglas,Douglas Dc 4Hs,Mt. Butler Hong,Airways Overseas Kongpacific,24,24,0,24
1935,Qtr 2,May,29,1935-05-29,Honduras,N/A,N/A,San Barbra Honduras?,N/A,9,6,0,6
1957,Qtr 3,August,29,1957-08-29,Honduras,Douglas,Douglas Dc 3Xh,Near Juticalpa Honduras,Airlines Sahsa,12,12,0,12
1977,Qtr 3,July,25,1977-07-25,Honduras,Douglas,Douglas C 47Fah,Near Yoro Honduras,Force Air Honduran - Military,40,25,0,25
1959,Qtr 3,September,12,1959-09-12,Honduras,Douglas,Douglas Dc 4N88900,Near Tegucigalpa Honduras,Airways World American Pan,3,3,0,3
1990,Qtr 1,March,21,1990-03-21,Honduras,Lockheed,Lockheed L 188Cf Electrahr,Las Mesitas Honduras,Honduras Tan,3,3,0,3
1970,Qtr 2,May,26,1970-05-26,Honduras,De Havilland,De Havilland Dh 114 Heron 1Bhr,Near Tegucigalpa Honduras,Aeroservicios,6,6,0,6
1975,Qtr 3,August,3,1975-08-03,Honduras,Douglas,Douglas Dc 47412,Off Amapala Honduras,Force Air Nicaraguan - Military,20,20,0,20
1953,Qtr 3,September,8,1953-09-08,Honduras,Douglas,Douglas C 47Axh,San Andres Honduras,Taca,3,3,0,3
1997,Qtr 2,April,1,1997-04-01,Honduras,Lockheed,Lockheed C 130H Hercules88,Tegucigalpa Honduras,Force Air U.S. - Military,10,3,0,3
1973,Qtr 1,January,27,1973-01-27,Honduras,Douglas,Douglas Dc 6Ahr,Near Tegucigalpa Honduras,Tan,3,3,0,3
1986,Qtr 3,August,14,1986-08-14,Honduras,Lockheed,Lockheed C130D556,Near Wampusirpi Honduras,Force Air Honduran - Military,59,59,0,59
2008,Qtr 2,May,30,2008-05-30,Honduras,Airbus,Airbus A 320,Tegucigalpa Honduras,Airlines International Taca,136,3,2,5
1967,Qtr 1,February,20,1967-02-20,Honduras,Douglas,Douglas Dc 6Hr,Tegucigalpa Honduras,Airlines Sahsa,55,4,0,4
2011,Qtr 1,February,14,2011-02-14,Honduras,Let,Let L 410 Uvpe,Near Santa Ana Francisco Morazan Honduras,Airways American Central,14,14,0,14
1985,Qtr 1,January,22,1985-01-22,Honduras,Lockheed,Lockheed C 130A56,Off Puerto Castilla Honduras,Force Air U.S. - Military,21,21,0,21
1989,Qtr 4,October,21,1989-10-21,Honduras,Boeing,Boeing B 727,Near Tegucigalpa Honduras,Tan,146,127,0,127
1974,Qtr 1,February,2,1974-02-02,Hipan,Boeing,Boeing B 747N732Pa,Near Honolulu Hipan,Airways World American,298,1,0,1
1973,Qtr 3,July,24,1973-07-24,Hiair,Volpar,Volpar C45Gn234Jc,Honolulu Hiair,Hawaii,5,5,0,5
1969,Qtr 3,July,25,1969-07-25,Hawaii,De Havilland,De Havilland Dh 104 Doven88G,Kekaha Hawaii,Air Isle Trans,13,1,0,1
1962,Qtr 3,July,22,1962-07-22,Hawaii,Bristol,Bristol Britannia 314Cf Czb,Honolulu Hawaii,Lines Air Pacific Canadian,40,27,0,27
1981,Qtr 4,December,5,1981-12-05,Hawaii,Beech,Beech C 45Hn8185H,Honolulu Hawaii,Show Air Parajump - Private,12,11,0,11
2000,Qtr 2,May,10,2000-05-10,Hawaii,Rockwell,Rockwell Sabreliner 65N241H,Kaunakakai Hawaii,Company Aircraft Price,6,6,0,6
1992,Qtr 3,September,16,1992-09-16,Hawaii,Aerospatiale,Aerospatiale As 350Bn350Sm,Hana Hawaii,Inc. Helicopters Hawaii - Taxi Air,7,7,0,7
1992,Qtr 2,April,22,1992-04-22,Hawaii,Beechcraft,Beechcraft E18Sn342E,Mt. Haleakala Hawaii,Tours Air Scenic,9,9,0,9
1977,Qtr 3,August,25,1977-08-25,Hawaii,Shorts,Shorts Sc 7 Skyvan 3,Kona Hawaii,Airways Island,2,2,0,2
1983,Qtr 2,June,16,1983-06-16,Hawaii,Lockheed,Lockheed P 3B Orion152720,Kauai Hawaii,Navy U.S. - Military,14,14,0,14
1957,Qtr 4,November,8,1957-11-08,Hawaii,Boeing,Boeing   377,900 Miles E Of Honolulu Hawaii,Pacific Ocean Pan American World Airways,44,44,0,44
1957,Qtr 4,December,23,1957-12-23,Hawaii,Lockheed,Lockheed Wv 2143197,Off Oahu Hawaii,Navy U.S. - Military,23,19,0,19
1994,Qtr 3,July,14,1994-07-14,Hawaii,Aerospatiale,Aerospatiale As350Dn151Bh,Hanalei Hawaii,Ltd. Helicopters Papillion - Taxi Air,7,3,0,3
1989,Qtr 1,February,24,1989-02-24,Hawaii,Boeing,Boeing B 747,Honolulu Hawaii,Lines Air United,356,9,0,9
1955,Qtr 1,March,22,1955-03-22,Hawaii,Douglas,Douglas R6D 1 (C,Oahu Hawaii,Navy U.S. - Military,66,66,0,66
1988,Qtr 2,April,28,1988-04-28,Hawaii,Boeing,Boeing B 737,Maui Hawaii,Airlines Aloha,95,1,0,1
2007,Qtr 1,March,8,2007-03-08,Hawaii,Aerospatiale,Aerospatiale As350Ba Rotocraftn354Nt,Princeville Hawaii,Airways Heli-Usa,7,4,0,4
2003,Qtr 2,June,15,2003-06-15,Hawaii,Mcdonnell,Mcdonnell Douglas 369Dn4493M,Volcano Hawaii,Helicopters Tour Paradise,4,4,0,4
2000,Qtr 3,July,21,2000-07-21,Hawaii,Aerospatiale,Aerospatiale As355 F1N510Tg,Maui Hawaii,Helicopters Hawaiian Blue,7,7,0,7
1998,Qtr 2,June,25,1998-06-25,Hawaii,Eurocopter,Eurocopter As 350,Mt. Waialeale Hawaii,Tours Helicopter Ohana - Taxi Air,6,6,0,6
1957,Qtr 2,May,1,1957-05-01,Hants,Vickers,Vickers Viking 1Bg Ajbo,Blackbushe Hants,England Eagle Aviation,35,34,0,34
1996,Qtr 1,February,12,1996-02-12,Haiti,Gaf,Gaf Nomad N 24An224E,Port-Au-Prince Hati,Express Hati,15,11,0,11
1973,Qtr 3,August,15,1973-08-15,Haiti,Norman,Norman Bn 2A,Don Don Haiti,Private,10,10,0,10
2003,Qtr 3,August,24,2003-08-24,Haiti,Let,Let 420Uvp Ehh,Cap Haitien Haiti,Airways Tropical,21,21,0,21
1966,Qtr 1,January,22,1966-01-22,Haiti,Douglas,Douglas Dc 3N4662,Port-Au-Prince Haiti,Cohata,35,30,0,30
2018,Qtr 4,November,6,2018-11-06,Guyana,Boeing,Boeing 757 N23N524At,Georgetown Guyana,Airways Jamaica Fly,128,1,0,1
2007,Qtr 2,April,25,2007-04-25,Guyana,Pilatus,Pilatus Britten Norman Bn 2A,Near Kopinang Guyana,Services Air,5,3,0,3
2000,Qtr 2,May,3,2000-05-03,Guyana,Britten,Britten  Norman Bn,Kurupung Guyana,Airways Guyana Trans,1,1,0,1
2003,Qtr 4,November,8,2003-11-08,Guyana,Shorts,Shorts Sc 7 Skyvan 3M Variant 1008R,Near Ogle Guyana,Airways Guyana Trans,7,2,0,2
1940,Qtr 2,June,14,1940-06-14,Gulf,Junkers,Junkers Ju 52/3Mgeoh,Off Prangli Island Gulf,Estonia         Finland Of Aero O-Y,9,9,0,9
1947,Qtr 2,June,21,1947-06-21,Gulf,Illyushin,Li  2Cccp,Black Sea Gulf,Karkinitskyaeroflot Of,29,8,0,8
1949,Qtr 3,July,13,1949-07-13,Gujarat,Hawker,Hawker Hunter,Jamnagar Gujarat,India          State Indian Air Force,0,0,14,14
1978,Qtr 3,September,3,1978-09-03,Guinea,Illyushin,Ilyushin Il 183X,Conakry Guinea,Guinee Air,17,15,0,15
1983,Qtr 3,July,1,1983-07-01,Guinea,Illyushin,Ilyushin Il 62Mb,Labe Guinea,Caak,23,23,0,23
1961,Qtr 4,November,1,1961-11-01,Guernsey,Bristol,Bristol 170 Freighter 31Mg Anwl,Les Prevosts Guernsey,Airways City Silver,10,2,0,2
1959,Qtr 1,January,6,1959-01-06,Guatemala,Douglas,Douglas Dc 3Xh,Mt. Pena Blanca Guatemala,Airlines Sahsa,5,5,0,5
1977,Qtr 2,April,27,1977-04-27,Guatemala,Convair,Convair Cv 440Tg,Guatemala City Guatemala,Aviateca,28,28,0,28
2001,Qtr 3,September,18,2001-09-18,Guatemala,Let,Let 410Uvp Etg,Guatemala City Guatemala,Airlines Atlantic,13,9,0,9
1990,Qtr 2,May,5,1990-05-05,Guatemala,Douglas,Douglas Dc 6Bfn84Bl,Guatamala City  Guatemala,Company Transit Aerial,3,3,24,27
1986,Qtr 1,January,18,1986-01-18,Guatemala,Sud,Sud  Aviation  Caravelle Vi,Near Peten Guatemala,Sa Guatemala De Aerovias,94,94,0,94
1975,Qtr 4,November,18,1975-11-18,Guatemala,Douglas,Douglas Dc 3Tg,Caoba Guatemala,Aviateca,22,15,0,15
1999,Qtr 4,December,21,1999-12-21,Guatemala,Mcdonnell,Mcdonnell Douglas Dc 10,Guatemala City Guatemala,Aviacon De Cubana,314,16,2,18
1971,Qtr 2,May,11,1971-05-11,Guatemala,Curtiss,Curtiss C 46A,Guatemala City Guatemala,Aviateca,35,5,0,5
1997,Qtr 1,February,19,1997-02-19,Guatemala,Iai,Iai 1124 Westwindyv 160Cp,Guatemala City Guatemala,Transpolar,5,5,0,5
1953,Qtr 4,December,15,1953-12-15,Guatemala,Curtiss,Curtiss C 46Dtg,Tecpan Mt. Guatemala,Aviateca,2,2,0,2
1998,Qtr 4,November,1,1998-11-01,Guatemala,Douglas,Douglas Dc 3Cn3Fy,Near Quetzaltenango Guatemala,Charter Ministries Teaching Water Living,18,11,0,11
1956,Qtr 2,May,24,1956-05-24,Guatemala,Douglas,Douglas C 47,Guatemala City Guatemala,Aviateca,31,30,0,30
1974,Qtr 4,December,29,1974-12-29,Guatemala,Lockheed,Lockheed 18 Lodestartg Htm,Tikal Guatemala,Ortiz Edwin,24,24,0,24
1996,Qtr 4,November,1,1996-11-01,Guatemala,Embraer,Embraer 110P1 Bandeirantetg Tpa,Near Tikal Guatemala,Tapsa - Profesionales Areos Transported,16,16,0,16
1951,Qtr 4,October,27,1951-10-27,Guatemala,Douglas,Douglas C 47Fago961,Near Flores Guatemala,Force Air Guatemalan - Military,29,27,0,27
1993,Qtr 3,August,18,1993-08-18,Guantanamo,Mcdonnell,Mcdonnell Douglas Dc 8,Leeward Point Airfield Guantanamo,Cuba          Bay American International Airways,3,0,0,0
2022,Qtr 1,March,22,2022-03-22,Guangxi,Boeing,Boeing 737 89P Wlb,Wuzhou Guangxi,China China Eastern Airlines,132,132,0,132
1982,Qtr 2,April,26,1982-04-26,Guangxi,Hawker,Hawker Siddeley Trident 2Eb 266,Near Yangshuo Guangxi,China Caac,112,112,0,112
1947,Qtr 2,May,4,1947-05-04,Guanacaste,Lockheed,Lockheed 18 Loadstarti 84,Near Nicoya Guanacaste,Costa Rica Taca,11,11,0,11
1960,Qtr 3,September,19,1960-09-19,Guam,Douglas,Douglas Dc 6Abn90779,Agana Guam,Mariana Islands World Airways,94,80,0,80
1976,Qtr 2,June,4,1976-06-04,Guam,Lockheed,Lockheed 188A Electrarp C1061,Agana Guam,Manila Air,45,45,1,46
1997,Qtr 3,August,6,1997-08-06,Guam,Boeing,Boeing B 747,Agana Guam,Airlines Korean,254,228,0,228
1970,Qtr 4,October,28,1970-10-28,Guadaloupe,Curtiss,Curtiss C 46Dhk,Pointe-À-Pitre Guadeloupe,Colombia Aerocosta,4,2,0,2
1968,Qtr 1,March,6,1968-03-06,Guadaloupe,Boeing,Boeing B 707,Basse-Terre Guadeloupe,West Indies Air France,63,63,0,63
1962,Qtr 2,June,22,1962-06-22,Guadaloupe,Boeing,Boeing B 707,Basse-Terre Guadaloupe,West Indies Air France,112,112,0,112
1962,Qtr 2,May,12,1962-05-12,Greenland,Consolidated,Consolidated Catalinacf Iha,Godthaab Greenland,Airways Provincial East,21,15,0,15
1962,Qtr 1,January,12,1962-01-12,Greenland,Lockheed,Lockheed P2V Neptune131521,Kronborg Glacier Greenland,Navy Us - Military,12,12,0,12
1961,Qtr 3,August,29,1961-08-29,Greenland,De Havilland,De Havilland Canada Dhc 3 Ottercf,Sondreströmfjord Greenland,Airways Provincial Eastern,6,1,0,1
1990,Qtr 3,September,12,1990-09-12,Greenland,Cessna,Cessna 441 Conquest Iioy Cgm,Off Sondre Stromfjord Greenland,Air Nuna,8,8,0,8
1985,Qtr 2,April,20,1985-04-20,Greenland,Fokker,Fokker F 27 Friendship 100Yn,Kulusuk Greenland,Aeronica,5,2,0,2
1957,Qtr 2,May,13,1957-05-13,Greenland,Douglas,Douglas Dc 4N68736,Narsarressuak Greenland,Airways Overseas U.S.,3,2,0,2
1963,Qtr 3,August,10,1963-08-10,Greenland,Catalina,Catalina Flying Boatl 865,Cape Desolation Greenland,Force Air Danish,13,13,0,13
1960,Qtr 3,August,24,1960-08-24,Greece,Vickers,Vickers 634 Viking 1Bg Amnk,Off Heraklion Greece,Aviation Everall Don,3,3,0,3
1985,Qtr 2,June,14,1985-06-14,Greece,Boeing,Boeing B 727,Athens Greece,Airlines World Trans,153,1,0,1
1966,Qtr 1,March,10,1966-03-10,Greece,Douglas,Douglas Dc 6Aod,Athens Greece,Airways Mediterranean Trans,5,5,0,5
1947,Qtr 4,October,26,1947-10-26,Greece,Douglas,Douglas Dc 4,Near Mt. Hymettus Greece,Aerotransport Ab,44,44,0,44
1937,Qtr 4,October,1,1937-10-01,Greece,Shorts,Short Empire Flying Boatg Advc,Phaleron Bay Greece,Airways Imperial,14,2,0,2
1991,Qtr 1,February,5,1991-02-05,Greece,Lockheed,Lockheed C 130H748,Near Nea Ankhialos Greece,Force Air Hellenic - Military,63,63,0,63
1992,Qtr 1,March,24,1992-03-24,Greece,Boeing,Boeing 707 321Cst,Athens Greece,Cargo Air Star Golden,7,7,0,7
1943,Qtr 3,August,14,1943-08-14,Greece,Savoia,Savoia  Marchetti Sm.75 I,Rhodes Greece,Lati,17,17,0,17
1936,Qtr 3,August,22,1936-08-22,Greece,Shorts,Short S 17 Kentg,Mirabella Greece,Airways Imperial,11,2,0,2
1967,Qtr 4,October,12,1967-10-12,Greece,De Havilland,De Havilland Comet 4Bg Arco,Off Rhodes Greece,Airways European British,66,66,0,66
1969,Qtr 4,December,8,1969-12-08,Greece,Douglas,Douglas Dc 6Bsx,Near Keratea Greece,Airways Olympic,90,90,0,90
1976,Qtr 4,November,23,1976-11-23,Greece,Namc,Namc Ys 11A,Kozani Greece,Airways Olympic,50,50,0,50
1944,Qtr 1,February,21,1944-02-21,Greece,Junkers,Junkers Ju 52/3Md,Eubeoa Greece,Lufthansa Deutsche,16,16,0,16
1972,Qtr 4,October,21,1972-10-21,Greece,Namc,Namc Ys 11A,Off Athens Greece,Airways Olympic,53,37,0,37
1986,Qtr 2,April,2,1986-04-02,Greece,Boeing,Boeing B 727N54340,Near Athens Greece,Airlines World Trans,121,4,0,4
1972,Qtr 3,July,20,1972-07-20,Greece,Sud,Sud  Aviation Se210 Caravelle,Corfu Island Greece,Charter,84,1,0,1
1959,Qtr 4,October,30,1959-10-30,Greece,Douglas,Douglas Dc 3Sx,Athens Greece,Airways Olympic,18,18,0,18
1979,Qtr 4,October,7,1979-10-07,Greece,Mcdonnell,Mcdonnell Douglas Dc 8,Athens Greece,Swissair,156,14,0,14
2022,Qtr 3,July,16,2022-07-16,Greece,Antonov,Antonov An 12Ur,Eleftheroupolis Greece,Meridian,8,8,0,8
1949,Qtr 2,June,6,1949-06-06,Greece,Douglas,Douglas Dc 3Sx,Malahasa Attica Greece,Explotiation Aeronautical - Tech,22,22,0,22
2004,Qtr 3,September,11,2004-09-11,Greece,Ch,Ch  47D Chinook,Off Mount Athos Greece,Army Greek - Military,17,17,0,17
1989,Qtr 3,August,3,1989-08-03,Greece,Shorts,Shorts 330 200Sx,Samos Greece,Aviation Olympic,34,34,0,34
1997,Qtr 4,December,20,1997-12-20,Greece,Lockheed,Lockheed C 130H Hercules750,Tanagra Greece,Force Air Greek - Military,5,5,0,5
2005,Qtr 3,August,14,2005-08-14,Greece,Boeing,Boeing 737 31S5B,Near Grammatikos Greece,Airways Helios,121,121,0,121
1929,Qtr 1,January,25,1929-01-25,Greece,Cmasa,Cmasa Wali Azda,Near Corfu Greece,Aeroespresso,9,2,0,2
1948,Qtr 4,December,21,1948-12-21,Greece,Douglas,Douglas Dc 3Ok,Near Pilos Greece,Aerolinie Ceskoslovenske,24,24,0,24
1997,Qtr 4,December,17,1997-12-17,Greece,Yakovlev,Yakovlev Yak 42Ur,Fotina Greece,(Lvov) Airlines Aerosweet,70,70,0,70
1991,Qtr 2,June,1,1991-06-01,Great,Gaf,Gaf Nomad N24An8071L,Off Matthewtown Great,Inc. Flight Inaguaagape,3,2,0,2
1964,Qtr 4,October,2,1964-10-02,Granada,Douglas,Douglas Dc 6Bf,Near Trevelez Granada,Spain Union Des Transportes Aeriens,80,80,0,80
1969,Qtr 4,November,19,1969-11-19,Glens,Fairchild,Fairchild  Hiller Fh,Mt. Pilot Knob Glens,New York          Falls Mohawk Airlines,14,14,0,14
1944,Qtr 3,July,31,1944-07-31,Gilbert,Consolidated,Consolidated Catalina Pb2Y 3R7233,Funafuti Gilbert,Pacific Ocean          Islands Pan American Airways,24,22,0,22
1969,Qtr 2,April,24,1969-04-24,Ghana,Douglas,Douglas Dc 39G,Near Takoradi Ghana,Airways Ghana,33,1,0,1
2012,Qtr 2,June,2,2012-06-02,Ghana,Boeing,Boeing B 727,Accra Ghana,Air Allied,4,0,12,12
2000,Qtr 2,June,5,2000-06-05,Ghana,Fokker,Fokker F 27 Friendship 600G,Accra Ghana,Airlink Ghana,52,7,0,7
1970,Qtr 3,July,3,1970-07-03,Gerona,De Havilland,De Havilland Comet 4G Apdn,Near Arbucias Gerona,Spain Dan Air Services,112,112,0,112
1933,Qtr 4,December,11,1933-12-11,Germany,Focke,Focke  Wulf A,Hamburg Germany,Lufthansa Deutsche,10,6,0,6
1966,Qtr 1,January,28,1966-01-28,Germany,Convair,Convair Cv 440,Bremen Germany,Lufthansa,46,46,0,46
1972,Qtr 2,May,27,1972-05-27,Germany,De Havilland,De Havilland Canada Dhc 6 Twin Otterd,Near Helgoland Germany,Air General,13,8,0,8
1913,Qtr 4,October,17,1913-10-17,Germany,Zeppelin,Zeppelin L 2 (Airship),Near Johannisthal Germany,Navy German - Military,28,28,0,28
1988,Qtr 1,February,8,1988-02-08,Germany,Swearingen,Swearingen Sa.227Ac Metro Iiid Cabb,Near Mulheim Germany,Flugdienst Nurnberger - Nfd,21,21,0,21
1961,Qtr 1,March,28,1961-03-28,Germany,Illyushin,Ilyushin Il 18Ok,Forcheim Germany,Aerolinie Ceskoslovenske,52,52,0,52
1966,Qtr 4,November,15,1966-11-15,Germany,Boeing,Boeing 727 21N317Pa,Near Dallgow Germany,Airways American Pan,3,3,0,3
1932,Qtr 3,August,31,1932-08-31,Germany,Junkers,Junkers G 23Se,Tubergen Germany,Aerotransport B A,2,2,0,2
1936,Qtr 3,August,12,1936-08-12,Germany,De Havilland,De Havilland Dh 86G,Altenkirchen Germany,Airways British,2,2,0,2
1915,Qtr 3,September,3,1915-09-03,Germany,Zeppelin,Zeppelin L 10 (Airship),Off Cuxhaven Germany,Navy German - Military,19,19,0,19
1930,Qtr 4,October,6,1930-10-06,Germany,Messerschmitt,Messerschmitt M 20Bd,Dresden Germany,Lufthansa Deutsche,8,8,0,8
1936,Qtr 4,November,1,1936-11-01,Germany,Junkers,Junkers Ju 52D,Near Tabarz Germany,Lufthansa Deutsche,15,11,0,11
1988,Qtr 2,May,26,1988-05-26,Germany,Fokker,Fokker F 27 Friendship 600Oy,Hannover Germany,Starair,2,2,0,2
1989,Qtr 2,June,17,1989-06-17,Germany,Illyushin,Ilyushin Il 62Mkddr,Berlin Germany,Interflug,113,20,1,21
1922,Qtr 3,July,4,1922-07-04,Germany,Lvg,Lvg C Vi,Fuhlsbuttel Germany?,N/A,3,2,0,2
1936,Qtr 4,November,17,1936-11-17,Germany,Junkers,Junkers Ju 52/3Md,Nurnberg Germany,Lufthansa Deutsche,16,4,0,4
1999,Qtr 1,January,13,1999-01-13,Germany,Boeing,Boeing Kc 135E59,Geilenkirchen Germany,Guard National Air German - Military,4,4,0,4
1928,Qtr 2,May,26,1928-05-26,Germany,Junkers,Junkers F 13D,Radevormwald Germany,Lufthansa Deutsche,5,3,0,3
1935,Qtr 1,March,7,1935-03-07,Germany,Rochrbach,Rochrbach Rolandd Ajyp,Schievelbein Germany,Deruluft,3,0,0,0
1934,Qtr 2,June,22,1934-06-22,Germany,Dornier,Dornier Merkurd 1445,Chausseehausen Germany,Lufthansa Deutsche,7,1,0,1
1931,Qtr 2,June,13,1931-06-13,Germany,Dornier,Dornier Merkurd 1455,Saarbrucken Germany,Lufthansa Deutsche,4,4,0,4
2002,Qtr 3,July,1,2002-07-01,Germany,Tupolev,Tupolev Tu 154M / Boeing B,Uberlingen Germany,Express Worldwide Dhl / Airlines Bashkirian,71,71,0,71
1990,Qtr 2,May,11,1990-05-11,Germany,Transall,Transall C 160D50,Near Wurzburg  Germany,Luftwaffe - Military,10,10,0,10
1933,Qtr 2,April,29,1933-04-29,Germany,Junkers,Junkers W 34D,Traunstein Germany,Eurasia,4,4,0,4
1991,Qtr 4,December,22,1991-12-22,Germany,Douglas,Douglas Dc 3Ad,Heidelberg Germany,Wings Classic,30,27,0,27
1964,Qtr 3,July,15,1964-07-15,Germany,Boeing,Boeing 720D Abdop,Ansbach Germany,Lufthansa,3,3,0,3
1918,Qtr 3,August,5,1918-08-05,Germany,Zeppelin,Zeppelin L 70 (Airship),Off Helgoland Island Germany,Navy German - Military,22,22,0,22
1934,Qtr 3,July,27,1934-07-27,Germany,Curtiss,Curtiss At 32C Condorch,Near Tuttlingen Germany,Swissair,12,12,0,12
1929,Qtr 4,December,19,1929-12-19,Germany,Arado,Arado V1D 1594,Near Berlin Germany,Lufthansa Deutsche,3,2,0,2
1935,Qtr 1,January,31,1935-01-31,Germany,Junkers,Junkers Ju 52/3Md,Stettin Germany,Deruluft,11,11,0,11
1926,Qtr 1,March,8,1926-03-08,Germany,Junkers,Junkers F 13D,Staaken Germany,Lufthansa Deutche,1,1,0,1
1990,Qtr 3,August,29,1990-08-29,Germany,Lockheed,Lockheed C 5A68,Near Kaiserslautern Germany,Force Air U.S. - Military,17,13,0,13
1928,Qtr 3,September,6,1928-09-06,Germany,Fokker,Fokker Fg Iiid 180,Heroldbach Germany,Lufthansa Deutsche,3,3,0,3
1926,Qtr 4,October,8,1926-10-08,Germany,Fokker,Fokker Fg Iiid 468,Bueren Germany,Lufthansa Deutsche,4,4,0,4
1926,Qtr 3,July,24,1926-07-24,Germany,Junkers,Junkers F 13D,Juist Germany,Lufthansa Deutsche,5,5,0,5
1933,Qtr 2,April,3,1933-04-03,Germany,Junkers,Junkers F 13D,Hemkenrode Germany,Lufthansa Deutsche,2,1,0,1
1928,Qtr 2,June,14,1928-06-14,Germany,Aegkd,Aegkd  74,Frankfurt Germany,Lufthansa Deutsche,5,5,0,5
1961,Qtr 4,December,4,1961-12-04,Germany,Boeing,Boeing 720 030Bd,Mainz Germany,Lufthansa,3,3,0,3
1927,Qtr 3,September,23,1927-09-23,Germany,Dornier,Dornier Merkurd 585,Schleiz Germany,Lufthansa Deutsche,6,6,0,6
1932,Qtr 4,November,2,1932-11-02,Germany,Junkers,Junkers F 13D,Echterpfuhl Germany,Lufthansa Deutsche,5,5,0,5
1971,Qtr 3,September,6,1971-09-06,Germany,Bac,Bac One Eleven 515Fbd,Near Hasloh Germany,International Pan,121,22,0,22
2001,Qtr 1,February,8,2001-02-08,Germany,Learjet,Learjet 35Ai Moco,Nurnberg Germany,Aeroservizi E.A.S.,3,3,0,3
1935,Qtr 2,April,6,1935-04-06,Germany,Fokker,Fokker F 12Ph,Brilon Germany,Airlines Dutch Royal Klm,7,7,0,7
1936,Qtr 2,June,13,1936-06-13,Germany,Junkers,Junkers Ju 160D,Hannover Germany,Lufthansa Deutsche,6,1,0,1
1935,Qtr 1,March,29,1935-03-29,Germany,Junkers,Junkers F 13D,Off Samland Germany,Lufthansa Deutsche,5,5,0,5
1916,Qtr 4,November,21,1916-11-21,Germany,Super,Super Zeppelin (Airship),Mainz Germany,Army German - Military,28,27,0,27
2001,Qtr 4,December,26,2001-12-26,Germany,Britten,Britten Norman Bn 2B Trislanderd,Bremerhaven Germany,Airline Bremerhaven Bal,9,8,0,8
1927,Qtr 2,April,22,1927-04-22,Germany,Fokker,Fokker Fg Iiid 729,Floh Germany,Lufthansa Deutsche,2,2,0,2
1929,Qtr 3,August,24,1929-08-24,Germany,Fokker,Fokker Fg Iid 757,Elm Germany,Lufthansa Deutsche,5,4,0,4
1928,Qtr 4,December,11,1928-12-11,Germany,Junkers,Junkers G 31D,Letzlingen Germany,Lufthansa Deutsche,4,3,0,3
1927,Qtr 3,July,27,1927-07-27,Germany,Junkers,Junkers F 13D,Amoneburg Germany,Lufthansa Deutsche,5,5,0,5
1931,Qtr 2,April,14,1931-04-14,Germany,Messerschmitt,Messerschmitt M 20D,Near Letschen Germany,Lufthansa Deutsche,10,2,0,2
1934,Qtr 4,December,7,1934-12-07,Germany,Junkers,Junkers F 13D,Salchau Germany,Lufthansa Deutsche,3,3,0,3
1974,Qtr 2,May,6,1974-05-06,Germany,Douglas,Douglas Dc 6Atf,Nurnberg Germany,Fragtflug,3,3,0,3
1968,Qtr 3,August,9,1968-08-09,Germany,Vickers,Vickers Viscount 739Ag Atfn,Pfaffenhofen Germany,Airlines International Eagle British,48,48,0,48
1937,Qtr 4,December,4,1937-12-04,Germany,Junkers,Junkers Ju 52I,Munich Germany,Littoria Ala,17,4,0,4
1937,Qtr 1,March,26,1937-03-26,Germany,Junkers,Junkers Ju 52/3Md,Wetnum Germany,Lufthansa Deutsche,6,0,0,0
1958,Qtr 1,February,6,1958-02-06,Germany,Airspeed,Airspeed Ambassador As 57G,Munich Germany,Airways European British,44,23,0,23
1939,Qtr 3,August,30,1939-08-30,Germany,Junkers,Junkers Ju 52/3Md,Hannover Germany,Lufthansa Deutsche,7,7,0,7
1940,Qtr 3,August,9,1940-08-09,Germany,Douglas,Douglas Dc 2,Hannover Germany,Lufthansa Deutsche,13,2,0,2
1948,Qtr 2,April,5,1948-04-05,Germany,Vickers,Vickers Viking 1B & Soviet Yak 3 Fighterg,Near Berlin Germany,Force Air Soviet - Military / Airways European British,14,14,0,14
1945,Qtr 2,April,20,1945-04-20,Germany,Junkers,Junkers Ju 53/3Md,Near Steinreich Germany,Lufthansa,20,18,0,18
1938,Qtr 2,May,27,1938-05-27,Germany,Heinkel,Heinkel 116D Atio,Langeoog Germany,Lufthansa Deutsche,3,3,0,3
1949,Qtr 1,March,15,1949-03-15,Germany,Avro,Avro 685 York Ig Ahfi,Berlin Germany,Skyways,3,3,0,3
1940,Qtr 4,October,29,1940-10-29,Germany,Douglas,Douglas Dc 3D,Berlin Germany,Lufthansa Deutsche,15,2,0,2
1937,Qtr 2,May,20,1937-05-20,Germany,Heinkel,Heinkel He 70D,Stuttgart Germany,Lufthansa Deutsche,4,4,0,4
1937,Qtr 4,November,12,1937-11-12,Germany,Heinkel,Heinkel He 111D,Mannheim Germany,Lufthansa Deutsche,12,10,0,10
1940,Qtr 4,November,8,1940-11-08,Germany,Junkers,Junkers Ju 90A,Brandenburg Germany,Lufthansa Deutsche,29,29,0,29
1953,Qtr 4,October,14,1953-10-14,Germany,Convair,Convair Cv 240,Frankfurt Germany,Sabena,44,44,0,44
1948,Qtr 1,February,12,1948-02-12,Germany,Douglas,Douglas Dc 3Oy,Ubrichstein Germany,Luftfartselskab Danske Det,21,12,0,12
1938,Qtr 4,October,10,1938-10-10,Germany,Savoia,Savbia  Marchetti  S,Soest Germany,Sabena,20,20,0,20
1938,Qtr 1,January,4,1938-01-04,Germany,Junkers,Junkers Ju 38D,Frankfurt Germany,Lufthansa,6,6,0,6
1945,Qtr 2,April,21,1945-04-21,Germany,Focke,Focke  Wulf Fw 200D,Near Piesenkofen Germany,Lufthansa Deutsche,21,21,0,21
1945,Qtr 4,November,1,1945-11-01,Germany,Douglas,Douglas C 47A,Herrenalb Germany,Forces Air Army U.S. - Military,30,26,0,26
1952,Qtr 1,March,22,1952-03-22,Germany,Douglas,Douglas Dc 6Ph,Frankfurt Germany,Airlines Dutch Royal Klm,47,45,0,45
1938,Qtr 3,August,13,1938-08-13,Germany,Savoia,Savoia  Marchetti Sm73Ok,Kiel Germany,Airlines Czech Csa,17,16,0,16
1956,Qtr 4,December,22,1956-12-22,Germany,Convair,Convair Cv 340,Grub Germany,Airlines Yugoslav Jat,30,3,0,3
1941,Qtr 1,February,26,1941-02-26,Georgia,Douglas,Douglas Dc 3Nc28394,Atlanta Georgia,Lines Air Eastern,16,9,0,9
1943,Qtr 4,October,22,1943-10-22,Georgia,Douglas,Douglas C 47,Columbus Georgia,Forces Air Army U.S. - Military,20,20,0,20
1933,Qtr 1,January,20,1933-01-20,Georgia,Stearman,Stearman 4N490W,Marietta Georgia,Airways American,1,1,0,1
1997,Qtr 2,April,4,1997-04-04,Georgia,Aviation,Aviation Traders Atl 98 Carvairn83Fa,Griffin Georgia,Service Air Custom,2,2,0,2
1960,Qtr 2,May,23,1960-05-23,Georgia,Convair,Convair Cv 880N8804E,Atlanta Georgia,Lines Air Delta,4,4,0,4
1948,Qtr 1,January,7,1948-01-07,Georgia,Douglas,Douglas Dc 3N60331,Near Savannah Georgia,Lines Air Coastal,27,18,0,18
1965,Qtr 2,June,15,1965-06-15,Georgia,Bell,Bell Uh 1D / Bell Uh1D (Helicopters)63,Near Colombus Georgia,Army U.S. - Military / Army U.S. - Military,18,18,0,18
1960,Qtr 2,June,10,1960-06-10,Georgia,Illyushin,Ilyushin Il 14Pcccp,Nea Tkvarcheli Georgia,Aeroflot,31,31,0,31
1993,Qtr 3,July,6,1993-07-06,Georgia,Mil,Mil Mi 8,Near Ochamchire Georgia,Force Air Georgian - Military,23,23,0,23
1993,Qtr 2,June,17,1993-06-17,Georgia,Antonov,Antonov An 26Ra,Near Tbilisi Georgia,Airlines Tajikistan,41,41,0,41
2001,Qtr 1,March,3,2001-03-03,Georgia,Shorts,Short 36093 1336,Unadilla Georgia,Guard National Army Florida - Military,21,21,0,21
1993,Qtr 3,September,22,1993-09-22,Georgia,Tupolev,Tupolev Tu 154Bcccp,Sukhumi Georgia,Airlines Georgia Transair,132,108,0,108
1993,Qtr 3,September,21,1993-09-21,Georgia,Tupolev,Tupolev Tu 134Acccp,Sukhumi Georgia,Airlines Georgia Transair,27,27,0,27
2018,Qtr 2,May,2,2018-05-02,Georgia,Lockheed,Lockheed Hc 130H Hercules65,Port Wentworth Georgia,Force Air Us - Military,9,9,0,9
1947,Qtr 2,April,22,1947-04-22,Georgia,Douglas,Douglas Dc 3 (C,Columbus Georgia,Lines Air Delta,10,10,0,10
1992,Qtr 3,July,20,1992-07-20,Georgia,Tupolev,Tupolev Tu 154Bcccp,Tbilisi Georgia,Air Georgian,24,24,4,28
1993,Qtr 4,October,4,1993-10-04,Georgia,Mil,Mil Mi 8 (Helicopter),Near Svanetia Georgia,Force Air Georgian - Military,60,60,0,60
1989,Qtr 2,June,29,1989-06-29,Georgia,Dassault,Dassault Falcon 20N125Ca,Cartersville Georgia,Calair,2,2,0,2
1975,Qtr 3,July,15,1975-07-15,Georgia,Yakovlev,Yakovlev Yak 40Cccp,Near Batumi Georgia,Ussraeroflot,40,40,0,40
1925,Qtr 1,March,22,1925-03-22,Georgia,Junkers,Junkers F 13R,Near Tiflis Georgia,Ussrzakavia,5,5,0,5
1985,Qtr 3,September,29,1985-09-29,Georgia,Cessna,Cessna 208 Caravan In551Cc,Jenkinsburg Georgia,Inc Services Express Carriers Air,17,17,0,17
1982,Qtr 3,August,14,1982-08-14,Georgia,Let,Let 410Uvp Turbojet / Tupolev Tu 134V67191 / 65836,Sukhumi Georgia,Ussraeroflot / Aeroflot,11,11,0,11
1991,Qtr 2,April,5,1991-04-05,Georgia,Embraer,Embraer 120Rt  Brasilian270As,Brunswick Georgia,Airlines Southeast Atlantic,23,23,0,23
1977,Qtr 2,April,4,1977-04-04,Georgia,Mcdonnell,Mcdonnell Douglas Dc 9,New Hope Georgia,Airways Southern,85,62,8,70
1975,Qtr 4,November,17,1975-11-17,Georgia,Antonov,Antonov An 24Cccp,Near Sukhumi Georgia,Ussraeroflot,38,38,0,38
1953,Qtr 2,June,14,1953-06-14,Georgia,Illyushin,Ilyushin Il 2Cccp,Near  Zugdidi Georgia,Aeroflot,18,18,0,18
1959,Qtr 1,March,30,1959-03-30,Georgia,Curtiss,Curtiss C 46An7840B,Alma Georgia,Airlines Riddle,2,2,0,2
1969,Qtr 3,July,6,1969-07-06,Georgia,Beechcraft,Beechcraft B 99N844Ns,Near Monroe Georgia,South Air,14,14,0,14
1992,Qtr 4,December,14,1992-12-14,Georgia,Mil,Mil Mi 8T (Helicopter),Lata Georgia,Force Air Russian - Military,61,61,0,61
1970,Qtr 2,May,30,1970-05-30,Georgia,Martin,Martin 404N40412,Chamblee Georgia,Inc. Development Acres Lehigh,33,1,5,6
1995,Qtr 3,August,21,1995-08-21,Georgia,Embraer,Embraer 120 Rt Brasilian256As,Near Carrollton Georgia,Airlines Southeast Atlantic,29,10,0,10
1938,Qtr 4,November,26,1938-11-26,Gambia,Junkers,Junkers Ju90V2D Aivi,Bathurst Gambia,Lufthansa Deutsche,15,12,0,12
1993,Qtr 2,April,27,1993-04-27,Gambia,De Havilland,De Havilland  Canada  Dhc 5D Buffaloaf,Off  Libreville Gambia,Force Air Zambian - Military,30,30,0,30
1938,Qtr 4,October,1,1938-10-01,Gambia,Dornier,Dornier Do.18 (Float Plane)D Aroz,Off Bathurst Gambia,Lufthansa Deutsche,4,4,0,4
1946,Qtr 3,September,7,1946-09-07,Gambia,Avro,Avro 685 York Ig Ahew,Bathurst Gambia,Airways American South British,24,24,0,24
1937,Qtr 1,March,12,1937-03-12,Gambia,Heinkel,Heinkel He 111V2D,Bathurst Gambia,Lufthansa Deutsche,4,4,0,4
2003,Qtr 1,January,17,2003-01-17,Gabon,Antonov,Antonov 24Ber Aft,Near Ndjolé Gabon,Aerocom,7,7,0,7
2000,Qtr 2,May,17,2000-05-17,Gabon,Beechcraft,Beechcraft 1900C 1Tr,Moanda Gabon,Avirex,10,3,0,3
2004,Qtr 2,June,8,2004-06-08,Gabon,Bae,Bae Hs 748,Off Libreville Gabon,Express Gabon,30,19,0,19
1982,Qtr 3,July,3,1982-07-03,Gabon,Cessna,Cessna 404 Titantr Lyq,Oganda Gabon,Gabon Affaires Air,12,12,0,12
1936,Qtr 4,December,7,1936-12-07,French,Latecoere,Latécoère 300 (Float Plane.F Akgf,Off Dakar French,France Africaair West,5,5,0,5
1958,Qtr 1,February,19,1958-02-19,French,Consolidated,Consolidated Pby 5A  Catalinaf,Raiatea French,Interinsulaire Aérien Polynesiaréseau,15,15,0,15
1950,Qtr 4,December,8,1950-12-08,French,Douglas,Douglas C 54Af,Bangui French,Intercontinentaux Africat.A. Equatorial,56,46,0,46
2007,Qtr 3,August,9,2007-08-09,French,De Havilland,De Havilland Canada Dhc 6 Twin Otter 300F,Off Moorea French,Moorea Polynesiaair,20,20,0,20
1947,Qtr 3,July,1,1947-07-01,French,Junkers,Junkers Ju 52/3Mf,Near Eaeka French,France Cameroonsair,13,13,0,13
1948,Qtr 3,July,7,1948-07-07,French,Douglas,Douglas Dc 3F,Djiring French,Azur Indo-Chinaaigle,16,16,0,16
1991,Qtr 2,April,19,1991-04-19,French,Dornier,Dornier Do 228,Off Nuka Hiva French,Tahiti Polynesiaair,22,11,0,11
1966,Qtr 1,January,24,1966-01-24,French,Boeing,Boeing B 707,Mont Blanc French,Switzerland          Alps Air India,117,117,0,117
1952,Qtr 1,March,24,1952-03-24,French,Lockheed,Lockheed 18 Lodestarf Arte,Near Gao French,Tropicaux Tr. De Aérienne Africasociété West,21,17,0,17
1965,Qtr 4,November,2,1965-11-02,French,Douglas,Douglas C 47A316410,Obock French,Force Air French - Somalilandmilitary,30,30,0,30
1945,Qtr 4,December,25,1945-12-25,French,Lockheed,Lockheed 18 Lodestarf Balv,Bangui French,France Africaair Equatorial,8,8,0,8
1953,Qtr 2,June,16,1953-06-16,French,Douglas,Douglas Dc 3F,Mount Phou-Lassy French,Azur Indo-Chinaaigle,34,34,0,34
1939,Qtr 1,January,7,1939-01-07,France,Douglas,Douglas Dc 2,Paris France,Swissair,17,5,0,5
1921,Qtr 3,August,14,1921-08-14,France,Breguet,Breguet 14F Albi,Toulouse France,Aeropostale,2,2,0,2
1977,Qtr 4,November,26,1977-11-26,France,Nord,Nord 2501 Noratlas182,Near Beziers France,Force Air French - Military,32,32,0,32
1936,Qtr 2,April,21,1936-04-21,France,Fokker,Fokker F Viioo,Senlis France,Sabena,2,2,0,2
1988,Qtr 1,March,4,1988-03-04,France,Fairchild,Fairchild Fh 227Bf,Near Fontainebleau France,Transregional Arien Transport,23,23,0,23
1961,Qtr 4,October,7,1961-10-07,France,Douglas,Douglas Dc 3G,Mt. Canigou France,Aviation Derby,34,34,0,34
1951,Qtr 3,August,11,1951-08-11,France,Douglas,Douglas Dc 3Df,Moisville France,France Air,5,5,0,5
1945,Qtr 2,May,9,1945-05-09,France,Avro,Avro Lancasterrf230,Roye France,Force Air -Royal Military,31,31,0,31
1921,Qtr 3,September,6,1921-09-06,France,Potez,Potez Ixf Adcd,Paris France,Franco-Roumaine,5,5,0,5
1950,Qtr 4,December,9,1950-12-09,France,Douglas,Douglas Dc 3F,Ruig Piner France,Atlas Air,7,5,0,5
1930,Qtr 4,October,30,1930-10-30,France,Handley,Handley Page W 8G,Near Neufchatel France,Airways Imperial,6,3,0,3
2000,Qtr 2,May,2,2000-05-02,France,Learjet,Learjet 35Ag Muri,Lyon Satolas France,Aviation Executive Northern,5,2,0,2
1988,Qtr 4,November,18,1988-11-18,France,Swearingen,Swearingen Sa 226Tc Metro Iif,Montluçon France,Littoral Air,4,4,0,4
1909,Qtr 3,September,7,1909-09-07,France,Wright,Wright Byplanesc1,Juvisy-Sur-Orge France?,N/A,1,1,0,1
1959,Qtr 3,September,24,1959-09-24,France,Douglas,Douglas Dc 7Cf,Bordeaux France,(France) Intercontinentaux T.A.,65,54,0,54
1938,Qtr 1,March,23,1938-03-23,France,De Havilland,Dewoitine D 338F,Corsavy France,France Air,8,8,0,8
1936,Qtr 4,December,4,1936-12-04,France,Junkers,Junkers Ju 52/3Md,Near Grenoble France,Lufthansa Deutsche,6,6,0,6
2008,Qtr 4,November,27,2008-11-27,France,Airbus,Airbus A320 232D,Off Perpignan France,Zealand New Air From Leased Airways Xl,7,7,0,7
1988,Qtr 2,June,26,1988-06-26,France,Airbus,Airbus A320 111F,Habsheim France,France Air,136,3,0,3
1922,Qtr 2,April,7,1922-04-07,France,De Havilland,De Havilland Dh 18 / Farman F,Grandvilliers France,Aeriens Express Grands / Airways Daimler,7,7,0,7
1922,Qtr 1,January,14,1922-01-14,France,Handley,Handley Page O/10G Eatn,Paris France,Transport Page Handley,5,5,5,10
1936,Qtr 3,August,2,1936-08-02,France,Wibault,"Wibault 280F Anbl
F",Mazamet France,France Air,3,3,0,3
1951,Qtr 2,May,8,1951-05-08,France,Vickers,Vickers 639 Viking 1G Ahpd,Bordeaux France,Travel Air Hunting,32,2,0,2
2000,Qtr 3,July,25,2000-07-25,France,Aerospatiale,Aerospatiale Bae Concorde 101F Btsc,Gonesse France,France Air,109,109,4,113
1930,Qtr 4,October,5,1930-10-05,France,Royal,Royal Airship Works R 101G,Near Beauvais France,Ministry Air British - Military,54,48,0,48
1941,Qtr 3,September,1,1941-09-01,France,Bloch,Bloch 220F Aqnl,Bollemont France,France Air,17,15,0,15
1979,Qtr 1,January,27,1979-01-27,France,Fokker,Fokker F 27 Friendship 500F,Rodez France,Rouergue Air,6,5,0,5
1935,Qtr 4,December,4,1935-12-04,France,Caudron,Caudron C 630 Simounf,Tours France,Bleu Air,2,1,0,1
1963,Qtr 4,October,9,1963-10-09,France,Douglas,Douglas C 74Hp,Near Marseilles France,Panama De Aeronaves,6,6,0,6
1980,Qtr 3,September,5,1980-09-05,France,Lockheed,Lockheed L 100,Near Montelimar France,Force Air Kuwait - Military,8,8,0,8
1939,Qtr 1,February,24,1939-02-24,France,Junkers,Junkers Ju 52/3Md,Near Roubien France,Lufthansa Deutsche,10,10,0,10
1949,Qtr 4,December,18,1949-12-18,France,Douglas,Douglas C 47A,Aulnay-Sous-Bois France,Sabena,8,8,0,8
1929,Qtr 4,November,16,1929-11-16,France,Liore,Liore Et Olivier 190F Aigb,Off Corsica France,Union Air,3,3,0,3
1950,Qtr 1,March,28,1950-03-28,France,Latecoere,Latecoere 631 (Sea Plane)F Wanu,Off Cap-Ferret France,Semaf,12,12,0,12
1935,Qtr 4,November,11,1935-11-11,France,Latecoere,Latecoere 28F Ajpb,Istres France,France Air,3,3,0,3
1944,Qtr 3,September,27,1944-09-27,France,Focke,Focke  Wulf Fw 200D,Near Dijon France,Lufthansa Deutsche,9,9,0,9
1937,Qtr 1,March,24,1937-03-24,France,Shorts,Short  S 23 (Flying Boat)G,Near Ouroux France,Airways Imperial,6,5,0,5
1952,Qtr 1,March,3,1952-03-03,France,Sncase,Sncase Languedocf Bcum,Nice France,France Air,38,38,0,38
1963,Qtr 3,September,12,1963-09-12,France,Vickers,Vickers Viking 1Bf Bjer,Perpignan France,Nautic Air,40,40,0,40
1963,Qtr 3,August,12,1963-08-12,France,Vickers,Vickers Viscount 708F Bgnv,Lyon France,Inter Air,20,20,1,21
2003,Qtr 2,June,22,2003-06-22,France,Canadair,Canadair Crj 100Erf,Near Brest France,Air Brit,24,1,0,1
1958,Qtr 2,May,16,1958-05-16,France,Douglas,Douglas C 47Ag,Chatenoy France,Airways European British,3,3,0,3
1950,Qtr 4,November,3,1950-11-03,France,Lockheed,Lockheed 749 Constellationvt Cqp,Mont Blanc France,India Air,48,48,0,48
1950,Qtr 4,November,13,1950-11-13,France,Douglas,Douglas C 54B,Mt.  Tete De L'Obiou France,(Canada) Ltd. Services Flying Curtiss-Reid,58,58,0,58
1962,Qtr 3,July,30,1962-07-30,France,Douglas,Douglas Dc 3F,Coulommiers France,France Air,8,4,0,4
1917,Qtr 4,October,20,1917-10-20,France,Zeppelin,Zeppelin L 44 (Airship),Near Luneville France,Navy German - Military,18,18,0,18
1958,Qtr 3,September,19,1958-09-19,France,Lockheed,Lockheed C 130A Hercules56,Triel France,Force Air U.S. - Military,15,15,0,15
2015,Qtr 1,March,24,2015-03-24,France,Airbus,Airbus A320 211D,Near Digne-Les-Bains France,Germanwings,150,150,0,150
2007,Qtr 1,January,25,2007-01-25,France,Fokker,Fokker 100F Gmpg,Pau France,Europeenne Aerienne Compagnie Regional,54,0,1,1
1962,Qtr 1,March,8,1962-03-08,France,Lockheed,Lockheed C 130A Hercules55,Near Alencon France,Force Air U.S. - Military,15,15,0,15
1920,Qtr 4,October,2,1920-10-02,France,Salmson,Salmson 2 A,Off Port Vendres France,Airlines Latecoere,2,2,0,2
1944,Qtr 2,June,6,1944-06-06,France,Douglas,Douglas C 47A,Carentan France,Forces Air Army U.S. - Military,22,22,0,22
1944,Qtr 2,June,6,1944-06-06,France,Douglas,Douglas C 47A42,Barneville France,Forces Air Army U.S. - Military,22,22,0,22
1949,Qtr 4,November,29,1949-11-29,France,Douglas,Douglas Dc 4F,Chaleyssin France,France Air,38,5,0,5
1987,Qtr 4,December,21,1987-12-21,France,Embraer,Embraer 120 Brasiliaf Gegh,Bordeaux France,Littoral Air,16,16,0,16
1951,Qtr 4,November,13,1951-11-13,France,Fairchild,Fairchild C 82 Packet45,Puy-De-Dôme France,Force Air S. U. - Military,36,36,0,36
1962,Qtr 4,November,23,1962-11-23,France,Illyushin,Ilyushin Il 18Dha,Le Bourget France,Airlines Hungarian Malev,21,21,0,21
1944,Qtr 2,June,6,1944-06-06,France,Douglas,Douglas C 47A42,Flamanville France,Forces Air Army U.S. - Military,22,22,0,22
1947,Qtr 1,March,14,1947-03-14,France,Douglas,Douglas Dc 3 (C,Mt. Moucherolles France,France Air,23,23,0,23
1971,Qtr 3,July,30,1971-07-30,France,Nord,Nord 2501 Noratlas49,Near Pau France,Force Air French - Military,39,37,0,37
1974,Qtr 1,March,3,1974-03-03,France,Mcdonnell,Mcdonnell Douglas Dc 10,Near Ermenonville France,(Thy) Airlines Turkish,346,346,0,346
1968,Qtr 3,September,11,1968-09-11,France,Sud,Sud  Aviation Caravelle 3F,Off Cap D'Antibes France,France Air,95,95,0,95
1948,Qtr 1,March,2,1948-03-02,France,Junkers,Junkers Ju 52/3Mf,Off Perpignan France,Aériens Transports De Société,4,4,0,4
1924,Qtr 4,November,6,1924-11-06,France,Breguet,Breguet 14F Afbd,Cabrerolles France,Aeriens Express Grands,1,1,0,1
1928,Qtr 4,December,31,1928-12-31,France,Bleriot,Blériot Spad 66F Aehx,Reims France,Cidna,3,2,0,2
1996,Qtr 4,November,7,1996-11-07,France,Cessna,Cessna 421C Golden Eaglehb Lrx,Aubusson France,S.A. Jetcom,8,8,0,8
1927,Qtr 4,November,8,1927-11-08,France,Farman,Farman F 121 Jabiruf,Strasburg France,Cidna,1,1,0,1
1998,Qtr 3,July,30,1998-07-30,France,Beechcraft,Beechcraft 1900D / Cessna 177F Gsjm/F,Near Quiberon France,Private / Air Proteus,15,15,0,15
1946,Qtr 2,June,29,1946-06-29,France,Junkers,Junkers Ju 52/3Mf,Pau France,France Air,3,2,0,2
1994,Qtr 2,June,30,1994-06-30,France,Airbus,Airbus A330 321F,Toulouse-Blagnac France,Industrie Airbus,7,7,0,7
1947,Qtr 2,June,4,1947-06-04,France,Junkers,Junkers Ju 52F,Near Gemenos France,France Air,2,2,0,2
1995,Qtr 1,January,20,1995-01-20,France,Dassault,Dassault Falcon 20Ef Ghln,Le Bourget France,Charter - Leadair,10,10,0,10
1937,Qtr 4,December,8,1937-12-08,France,Potez,Potez 621F Aotz,Saint Sauveur France,France Air,7,2,0,2
1925,Qtr 4,November,14,1925-11-14,France,Farman,Farman F 60 Goliathf,Off Boulogne-Sur-Mer France,Union Air,2,2,0,2
1946,Qtr 3,August,20,1946-08-20,France,Avro,Avro 691 Lancastrian 1G Agmf,Rouen France,Airways Overseas British,9,8,0,8
1946,Qtr 3,September,4,1946-09-04,France,Douglas,Douglas Dc 3F,Le Bourget France,France Air,26,20,1,21
1946,Qtr 4,November,1,1946-11-01,France,Aac,Aac  1 Toucanf,St Leger-La-Montagne France,Roussillon Languedoc Cta,27,23,0,23
1940,Qtr 2,June,20,1940-06-20,France,De Havilland,Dewoitine D 338F,Near Ouistreham France,France Air,1,1,0,1
1953,Qtr 3,September,1,1953-09-01,France,Lockheed,Lockheed 749A Constellationf Bazz,Near Barcelonnette France,France Air,42,42,0,42
1948,Qtr 2,May,13,1948-05-13,France,De Havilland,De Havilland Dove 1G Ajou,Mount Coron France,London Of Skyways,4,4,0,4
1928,Qtr 3,September,2,1928-09-02,France,Bleriot,Bleriot Spad 33F Aiep,Toul France,Cidna,5,5,0,5
1971,Qtr 1,January,21,1971-01-21,France,Nord,Nord 262A 34F,Near Privas France,L'Air De L'Armée,21,21,0,21
1925,Qtr 3,September,7,1925-09-07,France,Spad,Spad 33,Toul France,Cidna,0,0,0,0
1956,Qtr 1,January,28,1956-01-28,France,Douglas,Douglas C 47F,Lyon France,France Air,3,3,0,3
1927,Qtr 1,January,12,1927-01-12,France,Fokker,Fokker F Viig,Estaires France,Fokker,0,0,0,0
1935,Qtr 2,April,1,1935-04-01,France,Farman,Farman F 300F,Beauvais France,France Air,3,1,0,1
1923,Qtr 1,January,10,1923-01-10,France,Liore,Lioré  Et,Ajaccio France,L'Air De Amee,4,3,0,3
1956,Qtr 4,December,12,1956-12-12,France,Vickers,Vickers 708 Viscountf Bgnk,Dannemois France,France Air,5,5,0,5
1934,Qtr 1,January,15,1934-01-15,France,De Havilland,Dewoitine D 332F,Corbigny France,France Air,14,14,0,14
1956,Qtr 4,November,24,1956-11-24,France,Douglas,Douglas Dc 6Bi,Paris France,Italiane Aeree Linee,35,34,8,42
1993,Qtr 1,January,6,1993-01-06,France,De Havilland,De Havilland Canada Dhc 8,Paris France,Cityline Lufthansa,23,4,0,4
1948,Qtr 1,January,6,1948-01-06,France,Douglas,Douglas Dc 3Df,Paris France,France Air,16,16,0,16
1989,Qtr 1,February,6,1989-02-06,France,Vickers,Vickers 952F Vanguardf Geje,Marseille France,Ram,3,3,0,3
1973,Qtr 1,March,5,1973-03-05,France,Md,Md Douglas Dc 9,Near Nantes France,Transportes Sa Espana/Spantax De Aereas Lineas,182,68,0,68
1957,Qtr 1,January,29,1957-01-29,France,Sncase,Sncase Se.2010 Armagnacf Bavg,Paris France,France Air,70,2,0,2
1928,Qtr 4,October,31,1928-10-31,France,Bleriot,Bleriot Spad 56F Aimn,Valence France,Union Air,2,1,0,1
1954,Qtr 1,March,4,1954-03-04,France,Douglas,Douglas C 47A,Near St. Etienne De Tinee France,Force Air U.S. - Military,20,20,0,20
1945,Qtr 4,October,7,1945-10-07,France,Shorts,Short Stirling Ivlj668,Rennes France,Force Air Royal - Military,26,26,0,26
1973,Qtr 2,June,3,1973-06-03,France,Tupolev,Tupolev Tu 144Cccp,Goussainville France,Aeroflot,6,6,8,14
1945,Qtr 4,December,3,1945-12-03,France,Consolidated,Consolidated Lb 30A Liberatorkh125,Near Rochefort  France,Force Air -Royal Military,28,28,0,28
1953,Qtr 1,February,7,1953-02-07,France,Douglas,Douglas C 54A,Bordeaux France,Uta,19,9,0,9
1934,Qtr 1,January,20,1934-01-20,France,Breguet,Breguet 280Tf Ajkx,Carombe France,France Air,2,2,0,2
1938,Qtr 1,February,9,1938-02-09,France,Liore,Lioré  Et,Marseille France,France Air,12,8,0,8
1948,Qtr 1,February,21,1948-02-21,France,Latecoere,Latecoere 631 (Flying Boat)F Bdrd,Off St. Marcouf France,Airlines Latecoere,14,14,0,14
1925,Qtr 2,June,25,1925-06-25,France,Fokker,Fokker (Klm)  F.Iiih Nabm,Landrécies France,Airlines Dutch Royal Klm,4,4,0,4
1946,Qtr 1,January,30,1946-01-30,France,Douglas,Douglas C 47Bkn500,Near Le Mans France,Force Air Royal - Military,11,11,0,11
1933,Qtr 4,October,31,1933-10-31,France,Farman,Farman F 301F,Etobon France,France Air,5,2,0,2
1938,Qtr 1,February,22,1938-02-22,France,Junkers,Junkers Ju.52D Apar,Pontoise France,Lufthansa Deutsche,3,3,0,3
1989,Qtr 2,April,10,1989-04-10,France,Fairchild,Fairchild Fh 227Bf,Col De Tourniol France,Eas Service Aero Europe,22,22,0,22
1946,Qtr 1,January,15,1946-01-15,France,Douglas,Douglas C 47 Dakotakn557,Marseilles France,Force Air -Royal Military,25,23,0,23
1928,Qtr 1,March,11,1928-03-11,France,Farman,Farman F 60 Goliathf,Off Cape Griz Nez France,Union Air,2,2,0,2
1947,Qtr 4,November,13,1947-11-13,France,Junkers,Junkers Ju 52/3Mf,Near Bouchox France,Aérienne Navigation De Auxiliare Société,2,2,0,2
1965,Qtr 1,February,13,1965-02-13,Florida,Curtiss,Curtiss C 46Ays,Miami Florida,Salvador El Aerolineas,2,2,0,2
1945,Qtr 4,October,5,1945-10-05,Florida,Lockheed,Lockheed 18 Lodestarnc18199,Lakeland Florida,Airlines National,15,2,0,2
1990,Qtr 4,October,3,1990-10-03,Florida,Mcdonnell,Mcdonnell Douglas Dc 9,Cape Canaveral Florida,Lines Air Eastern,97,1,0,1
2011,Qtr 4,December,26,2011-12-26,Florida,Bell,Bell 206Bn5016M,Green Grove Florida?,N/A,3,3,0,3
1937,Qtr 3,August,10,1937-08-10,Florida,Douglas,Douglas Dc 2Nc,Daytona Beach Florida,Lines Air Eastern,9,4,0,4
1978,Qtr 2,May,8,1978-05-08,Florida,Boeing,Boeing B 727,Pensacola Florida,Airlines National,58,3,0,3
1963,Qtr 3,August,28,1963-08-28,Florida,Boeing,Boeing Kc 135A / Boeing Kc,Off Miami Florida,Air U.S.  - Military / Force Air U.S. - Military,11,11,0,11
1953,Qtr 3,July,17,1953-07-17,Florida,Fairchild,Fairchild R4Q 2131663,Near Milton Florida,Navy U.S. - Military,46,44,0,44
1946,Qtr 2,May,10,1946-05-10,Florida,Pby,Pby4  2 Privateer / Pb4Y,Munson Florida,Navy U.S. - Military / Navy U.S. Military,28,28,0,28
1952,Qtr 4,December,21,1952-12-21,Florida,Curtiss,Curtiss C 46Dyv,Off Miami Florida,Sa Nacionales Aéreas Rutas,3,3,0,3
1997,Qtr 3,August,7,1997-08-07,Florida,Mcdonnell,Mcdonnell Douglas Dc 8,Miami Florida,Air Fine,4,4,1,5
1932,Qtr 1,February,1,1932-02-01,Florida,Fairchild,Fairchild,Off Miami Florida,Airways Bimini,5,5,0,5
1964,Qtr 1,February,3,1964-02-03,Florida,Beech,Beech D18Sn2999,Gainsville Florida,Airlines Central South,10,10,0,10
2000,Qtr 4,November,20,2000-11-20,Florida,Airbus,Airbus A300 600Rn14056,Miami Florida,Airlines American,114,1,0,1
1955,Qtr 4,December,21,1955-12-21,Florida,Lockheed,Lockheed 749C 79,Jacksonville Florida,Lines Air Eastern,17,17,0,17
1944,Qtr 4,November,6,1944-11-06,Florida,Douglas,Douglas C 47 Skytrain (Dc,Jacksonville Florida,Navy Us - Military,17,17,0,17
2000,Qtr 2,June,23,2000-06-23,Florida,Learjet,Learjet 55N220Jc,Boca Raton Florida,Aviation Jet Universal,3,3,0,3
1983,Qtr 2,April,30,1983-04-30,Florida,Convair,Convair Cv 340141010,Jacksonville Florida,Navy States United - Military,15,15,0,15
1963,Qtr 1,February,12,1963-02-12,Florida,Boeing,Boeing B 720,Near Miami Florida,Airlines Orient Northwest,43,43,0,43
1955,Qtr 2,April,2,1955-04-02,Florida,Curtiss,Curtiss C 46An51424,Off Pensacola Florida,Airlines Aaxico,2,2,0,2
1996,Qtr 3,July,6,1996-07-06,Florida,Mcdonnell,Mcdonnell Douglas Md 88N927Da,Pensacola Florida,Lines Air Delta,142,2,0,2
2005,Qtr 4,December,19,2005-12-19,Florida,Grumman,Grumman G73T Turbo Mallardn2969,Off Miami Beach Florida,Airways Ocean Chalk'S,20,20,0,20
1982,Qtr 1,March,19,1982-03-19,Florida,Beechcraft,Beechcraft Bonanza F35N567Lt,Leesburg Florida,Private,3,3,0,3
1948,Qtr 1,February,7,1948-02-07,Florida,Lockheed,Lockheed L 649 Constellationnc112A,Off Jacksonville Florida,Lines Air Eastern,69,1,0,1
1984,Qtr 3,September,7,1984-09-07,Florida,Cessna,Cessna 402Cn89Pb,Near Naples Florida,Airlines Boston - Provincetown,6,1,0,1
1960,Qtr 4,October,29,1960-10-29,Florida,Douglas,Douglas Dc 3,Key West Florida,Aviacion De Cubana,37,1,0,1
1984,Qtr 4,December,6,1984-12-06,Florida,Embraer,Embraer 110P1 Bandeiranten96Pb,Jacksonville Florida,Airlines Boston - Provincetown,13,13,0,13
1994,Qtr 1,March,18,1994-03-18,Florida,Grumman,Grumman G 73T Turbo Mallardn150Fb,Key West Florida,Airlines International Chalk'S,2,2,0,2
1941,Qtr 4,December,11,1941-12-11,Florida,Nc,Nc21V,Miami Florida,Airways American Pan,3,3,0,3
2000,Qtr 2,April,5,2000-04-05,Florida,Learjet,Learjet 35An86Be,Marianna Florida,Bankair,3,3,0,3
1958,Qtr 1,March,25,1958-03-25,Florida,Douglas,Douglas Dc 7,Miami Florida,Airlines Braniff,24,9,0,9
1947,Qtr 3,July,13,1947-07-13,Florida,Douglas,Douglas Dc 3Nc79024,Melbourne Florida,Transport Air Burke,36,14,0,14
1951,Qtr 2,April,25,1951-04-25,Florida,Douglas,Douglas Dc 4 /Beechcraft Smb,Key West Florida,Navy Us  - Military / Aviacion De Cubana,43,43,0,43
1972,Qtr 4,December,29,1972-12-29,Florida,Lockheed,Lockheed L 1011 Tristar 1N310Ea,Everglades National Park Florida,Lines Air Eastern,176,103,0,103
1983,Qtr 2,May,5,1983-05-05,Fl,Lockheed,Lockheed L 1011N334Ea,En Route Miami Fl,Bahamas         Nassau - Eastern Air Lines,172,0,0,0
1978,Qtr 4,October,3,1978-10-03,Finland,Douglas,Douglas C 47A,Near Kuopio Finland,Force Air Finish - Military,15,15,0,15
1961,Qtr 1,January,3,1961-01-03,Finland,Douglas,Douglas Dc 3Oh,Koivulahti Finland,Finnair,25,25,0,25
1988,Qtr 4,November,14,1988-11-14,Finland,Embraer,Embraer 110P1 Bandeiranteoh Eba,Ilmajoki Finland,Wings Wasa,12,6,0,6
2014,Qtr 2,April,20,2014-04-20,Finland,Aerocomp,Aerocomp Comp Air 8Oh Xdz,Jamijarvi Finland,Urheiluilmailijat Suomen,8,8,0,8
1979,Qtr 3,July,12,1979-07-12,Fiji,Britten,Britten Norman Bn 2A Trislanderdq,Bua Fiji,Services Air Fiji,9,9,0,9
1999,Qtr 3,July,24,1999-07-24,Fiji,Embraer,Embraer 110P1 Bandeirantedq Afn,Nasevou Village Fiji,Fiji Air,17,17,0,17
1993,Qtr 2,May,11,1993-05-11,Fiji,Britten,Britten  Norman Bn,Suva Fiji,Air Fiji,2,2,0,2
1986,Qtr 4,December,27,1986-12-27,Fiji,De Havilland,De Havilland Dh 114 Heron 2Bdq,Near Nasaso Fiji,Airlines Sunflower,14,11,0,11
1970,Qtr 3,September,26,1970-09-26,Faeroe,Fokker,Fokker F 27 Friendship 300Tf,Near Vagar Faeroe,Denmark          Islands Icelandair,34,8,0,8
1960,Qtr 3,July,15,1960-07-15,Ethiopia,Douglas,Douglas Dc 3Et,Near Jima Ethiopia,Airlines Ethiopian,11,1,0,1
1974,Qtr 4,November,20,1974-11-20,Ethiopia,Douglas,Douglas Dc 3Et,Soddu Ethiopia,Airlines Ethiopian,24,2,0,2
1965,Qtr 3,September,14,1965-09-14,Ethiopia,Douglas,Douglas Dc 3Et,Gore Ethiopia,Airlines Ethiopian,17,17,0,17
1972,Qtr 3,September,10,1972-09-10,Ethiopia,Douglas,Douglas Dc 3Et,Gondar Ethiopia,Airlines Ethiopian,11,11,0,11
1988,Qtr 3,September,15,1988-09-15,Ethiopia,Boeing,Boeing B 737,Bahar Dar Ethiopia,Airlines Ethiopian,104,35,0,35
1964,Qtr 4,October,2,1964-10-02,Ethiopia,Lockheed,Lockheed L 749A,Addis Ababa Ethiopia,Interocean,7,1,0,1
1975,Qtr 3,September,11,1975-09-11,Ethiopia,Douglas,Douglas C 47,Near Bahar Dar Ethiopia,Airlines Ethiopian,9,1,0,1
1984,Qtr 1,February,16,1984-02-16,Ethiopia,Antonov,Antonov An 121506,Near Debre Zelt Ethiopia,Force Air Ethiopian - Military,38,26,0,26
1979,Qtr 1,February,19,1979-02-19,Ethiopia,Douglas,Douglas Dc 3Et,Barentu Ethiopia,Airlines Ethiopian,5,5,0,5
1977,Qtr 3,July,20,1977-07-20,Ethiopia,Douglas,Douglas Dc 3Et,Jima Ethiopia,Airlines Ethiopian,5,5,0,5
1987,Qtr 1,January,13,1987-01-13,Ethiopia,Antonov,Antonov An 12,Near Asmara Ethiopia,Force Air Ethiopian - Military,54,54,0,54
1962,Qtr 1,January,13,1962-01-13,Ethiopia,Douglas,Douglas Dc 3Et,Near Tippi Ethiopia,Airlines Ethiopian,18,5,1,6
1972,Qtr 2,April,18,1972-04-18,Ethiopia,Bac,Bac Super Vc 10 11545X,Addis Ababa Ethiopia,Airways African East,107,43,0,43
1989,Qtr 3,August,7,1989-08-07,Ethiopia,De Havilland,De Havilland Dhc 6 Twin Otter 300Et,Near Gambela Ethiopia,Service Air Rrc,16,16,0,16
1982,Qtr 1,January,14,1982-01-14,Ethiopia,Antonov,Antonov An 2671383,Near Addis Ababa Ethiopia,Force Air Ethiopian - Military,73,73,0,73
2019,Qtr 1,March,10,2019-03-10,Ethiopia,Boeing,Boeing 737 Max 8Et Avj,Bishoftu Ethiopia,Airlines Ethiopian,157,157,0,157
2007,Qtr 3,July,23,2007-07-23,Ethiopia,Antonov,Antonov An 26Vex,Near Shinile Ethiopia,Airlines Djibouti,9,1,0,1
1961,Qtr 3,September,5,1961-09-05,Ethiopia,Douglas,Douglas Dc 3Et,Near Sendafar Ethiopia,Airlines Ethiopian,19,5,0,5
2005,Qtr 3,August,10,2005-08-10,Estonia,Sirkorsky,Sikorsky S 76Coh,Off Talinn Estonia,Copterline,14,14,0,14
2003,Qtr 1,February,10,2003-02-10,Estonia,Antonov,Antonov An 28Es,Tallinn Estonia,Enimex,3,2,0,2
2001,Qtr 4,November,23,2001-11-23,Estonia,Antonov,Antonov An 28Es,Palade Estonia,Eminex) From (Leased Co. Aviation Elk,17,2,0,2
1977,Qtr 2,April,19,1977-04-19,Estonia,Antonov,Antonov An 24,Tapa Afb Estonia,Force Air Soviet - Military,21,21,0,21
1998,Qtr 3,July,17,1998-07-17,Eritrea,Illyushin,Ilyushin Ii 76Ur,Asmara Eritrea,Company Transport Aviation Ukraine,10,10,0,10
1987,Qtr 1,January,2,1987-01-02,Equatorial,Casa,Casa 212 100T,Off Bata Equatorial,Force. Air Spanish - Guineamilitary,22,22,0,22
1976,Qtr 2,June,1,1976-06-01,Equatorial,Tupolev,Tupolev Tu 154Acccp,Nacias Nguema Equatorial,Guineaaeroflot,45,45,0,45
2008,Qtr 2,April,16,2008-04-16,Equatorial,Antonov,Antonov An 32B3C,Off Annobon Island Equatorial,Guinea Equatorial Of Government - Guineamilitary,13,13,0,13
2005,Qtr 3,July,16,2005-07-16,Equatorial,Antonov,Antonov An 24B3C,Baney Equatorial,Guineaecuatair,60,60,0,60
1994,Qtr 4,December,21,1994-12-21,England,Boeing,Boeing 737 2D6C7T,Coventry England,Aviation Phoenix,5,5,0,5
1995,Qtr 2,May,24,1995-05-24,England,Embraer,Embraer 110 P1 Bandeiranteg Oeaa,Near Leeds England,Air Knight,12,12,0,12
1934,Qtr 2,May,31,1934-05-31,England,Liore,Liore  Et,Croydon England,France Air,2,2,0,2
1947,Qtr 1,January,11,1947-01-11,England,Douglas,Douglas C 47A,Near Lympne England,Airways Overseas British,16,8,0,8
1936,Qtr 4,December,9,1936-12-09,England,Douglas,Douglas Dc 2,Croydon England,Airlines Dutch Royal Klm,17,15,0,15
1958,Qtr 4,December,24,1958-12-24,England,Bristol,Bristol 175 Britannia 312G Aovd,Winkton England,Boac,12,9,0,9
1916,Qtr 4,October,1,1916-10-01,England,Zeppelin,Zeppelin L 31 (Airship),Potters Bar England,Navy German - Military,19,19,0,19
1927,Qtr 3,August,22,1927-08-22,England,Fokker,Fokker F Viiih,Sevenoaks England,Airlines Dutch Royal Klm,11,1,0,1
1994,Qtr 1,February,25,1994-02-25,England,Vickers,Vickers 813 Viscountg Ohot,East Midlands England,Airways World British,2,1,0,1
1954,Qtr 2,June,19,1954-06-19,England,Convair,Convair Cv 240,Off Folkestone England,Swissair,9,3,0,3
1916,Qtr 3,September,24,1916-09-24,England,Zeppelin,Zeppelin L 32 (Airship),Billericay England,Navy German - Military,22,22,0,22
1942,Qtr 3,July,20,1942-07-20,England,Lockheed,Lockheed Hudsonn7253,Llanfair England,Force Air Royal - Military,13,13,0,13
2008,Qtr 1,January,17,2008-01-17,England,Boeing,Boeing 777 236Erg,London England,Airways British,152,0,0,0
1993,Qtr 1,January,13,1993-01-13,England,Embraer,Embraer 110P1 Bandeiranteg Zape,Sellafield England,Airways Titan,2,2,0,2
1936,Qtr 4,November,19,1936-11-19,England,Fokker,Fokker F Xiig,London England,Airways British,4,2,0,2
1916,Qtr 4,November,28,1916-11-28,England,Zeppelin,Zeppelin L 34 (Airship),Off West Hartlepool England,Navy German - Military,20,20,0,20
1945,Qtr 2,May,6,1945-05-06,England,Curtiss,Curtiss  Wright C,Hindhead England,Forces Air Army U.S. - Military,30,30,1,31
1965,Qtr 3,July,6,1965-07-06,England,Handley,Handley Page Hastings C Mark 1Tg577,Near Oxford England,Force Air -Royal Military,41,41,0,41
1945,Qtr 1,February,6,1945-02-06,England,Douglas,Douglas C 47 Dakotakg630,Nunters Burgh England,Force Air -Royal Military,23,23,0,23
1921,Qtr 3,August,24,1921-08-24,England,Royal,Royal Airship Works Zr 2 (Airship)R,River Humber England,Works Airship Royal - Military,49,43,1,44
1965,Qtr 4,October,27,1965-10-27,England,Vickers,Vickers Vanguard 951G Apee,London England,Airways European British,36,36,0,36
1957,Qtr 1,March,14,1957-03-14,England,Vickers,Vickers Viscount 701G Alwe,Manchester England,Airways European British,20,20,2,22
1957,Qtr 4,December,23,1957-12-23,England,Avro,Avro 685 York C 1G,Stansted England,Airlines Scottish,4,4,0,4
1945,Qtr 2,June,25,1945-06-25,England,Consolidated,Consolidated Lb 30A Liberatorjt985,Swanage England,Force Air -Royal Military,27,27,0,27
1944,Qtr 4,November,19,1944-11-19,England,Douglas,Douglas C 47A,Lewes England,Forces Air Army U.S. - Military,30,25,0,25
1920,Qtr 3,August,16,1920-08-16,England,Armstrong,Armstrong  Whitworth F,Bedford England,Air By,1,1,0,1
1957,Qtr 4,November,6,1957-11-06,England,Bristol,Bristol Britannia 175G Anca,Bristol England,Co. Aeroplane Bristol,15,15,0,15
1944,Qtr 4,October,18,1944-10-18,England,Consolidated,Consolidated B24H42 50347,Birkenhead England,Forces Air Army U.S. - Military,24,24,0,24
1920,Qtr 4,December,14,1920-12-14,England,Handley,Handley Page Hp 16G,London England,Transport Page Handley,8,4,0,4
1963,Qtr 4,October,22,1963-10-22,England,Bac,Bac One Eleven 200Abg,Near Tisbury England,Corporation Aircraft British,7,7,0,7
1957,Qtr 4,November,15,1957-11-15,England,Shorts,Short Solent 3 (Flying Boat)G Aknu,Chessell Down England,Airways Aquilla,58,43,0,43
2002,Qtr 1,January,4,2002-01-04,England,Canadair,Canadair Cl 604 N90Ag,Birmingham England,Corp Agco,5,5,0,5
1957,Qtr 1,March,5,1957-03-05,England,Blackburn,Blackburn Beverley C Mark 1Xh117,Drayton England,Force Air -Royal Military,22,18,2,20
1956,Qtr 1,March,28,1956-03-28,England,Douglas,Douglas C 47Bg,Largs England,Starways,3,1,0,1
1924,Qtr 4,December,24,1924-12-24,England,De Havilland,De Havilland Dh 34Bg,Purley England,Airways Imperial,8,8,0,8
1968,Qtr 3,July,3,1968-07-03,England,Airspeed,Airspeed As.57 Ambassador 2G Amad,London England,Transport Air Bks,8,6,0,6
1944,Qtr 3,August,12,1944-08-12,England,Consolidated,Consolidated Pb4Y 132271,Blythburgh England,Navy U.S. - Military,2,2,0,2
1917,Qtr 2,June,17,1917-06-17,England,Zeppelin,Zeppelin L 48 (Air Ship)L,Near Yarmouth England?,N/A,16,14,0,14
1958,Qtr 3,September,2,1958-09-02,England,Vickers,Vickers 621 Viking 1G Aije,London England,Travel Air Independent,3,3,4,7
1919,Qtr 4,October,2,1919-10-02,England,De Havilland,De Havilland Dh 4,Newcastle England,Travel And Transport Aircraft,1,1,0,1
1962,Qtr 2,May,6,1962-05-06,England,Douglas,Douglas C 47Ag,St. Boniface Down England,Airways Channel,18,12,0,12
1956,Qtr 4,November,5,1956-11-05,England,Handley,Handley Page Hp 1 Hermesg,Blackbushe England,Britavia,80,7,0,7
1956,Qtr 4,October,10,1956-10-10,England,Douglas,Douglas C188 B1311588,Off Land'S End England,Navy U.S. - Military,59,59,0,59
1945,Qtr 4,October,5,1945-10-05,England,Consolidated,Consolidated Lb 40,Elvetham England,Force Air -Royal Military,23,23,0,23
1945,Qtr 4,November,22,1945-11-22,England,Consolidated,Consolidated Lb 30A Liberatorkh126,White'S Farm England,Force Air -Royal Military,27,27,0,27
1944,Qtr 3,August,23,1944-08-23,England,Consolidated,Consolidated B 24H42,Freckelton England,Force Air U.S. - Military,3,3,58,61
1956,Qtr 2,April,30,1956-04-30,England,Avro,Avro 685 York C 1G,London England,Airlines Scottish,54,2,0,2
1935,Qtr 4,December,10,1935-12-10,England,Savoia,Savoia  Marchetti Sm73Oo,Croydon England,Sabena,11,11,0,11
1998,Qtr 3,July,27,1998-07-27,England,Consolidated,Consolidated Pby 5A Catalinavp,Southhampton England,Sailing Plane,18,4,0,4
1948,Qtr 1,January,6,1948-01-06,England,Vickers,Vickers 610 Viking 1Bg Ahpk,Ruislip England,Airways European British,18,1,0,1
1948,Qtr 4,November,11,1948-11-11,England,De Havilland,De Havilland Dh 89A Dragon Rapideg,Liverpool England,Airways Mannin,8,7,0,7
1930,Qtr 3,September,11,1930-09-11,England,Sabca,Sabca F Viioo,Croydon England,Sabena,2,2,0,2
1976,Qtr 3,August,28,1976-08-28,England,Lockheed,Lockheed C 141A (L.300)67,Near Thorney England,Force Air U.S. - Military,18,18,0,18
1932,Qtr 3,September,17,1932-09-17,England,Liore,Liore  Et,Selsdon Park England,Union Air,2,1,0,1
1948,Qtr 4,November,3,1948-11-03,England,Boeing,Boeing B 29A Superfortress44,Near Glossop England,Force Air U.S. - Military,13,13,0,13
1981,Qtr 2,June,26,1981-06-26,England,Hawker,Hawker Siddeley Hs 748G,Nailstone England,Services Air Dan,3,3,0,3
1951,Qtr 3,July,12,1951-07-12,England,Vickers,Vickers Valetta C 1Vw194,Lyneham Afb England,Force Air Royal - Military,10,10,0,10
1952,Qtr 2,June,24,1952-06-24,England,Boeing,Boeing B 50 Superfortress,Lakenheath Afb England,Force Air U.S. - Military,11,11,0,11
1930,Qtr 1,February,10,1930-02-10,England,Farman,Farman F 63F,Marden England,Union Air,6,2,0,2
1932,Qtr 4,October,29,1932-10-29,England,Junkers,Junkers W 33 D,Ramsgate England,Lufthansa Deutsche,2,2,0,2
1954,Qtr 1,January,6,1954-01-06,England,Vickers,Vickers Valettawj474,Near Aldbury England,Force Air -Royal Military,17,16,0,16
1929,Qtr 2,June,17,1929-06-17,England,Handley,Handley Page W 10G,Off Dungeness England,Airways Imperial,13,7,0,7
1938,Qtr 4,November,2,1938-11-02,England,Lockheed,Lockheed 14 Electracf Tcl,Somerset England,Airways British,2,2,0,2
1952,Qtr 3,September,6,1952-09-06,England,De Havilland,De Havilland 110Wg235,Near Farnsborough England,Aircraft Havilland De - Private,1,1,29,30
1949,Qtr 3,August,19,1949-08-19,England,Douglas,Douglas Dc 3G,Near Oldham England,Airways European British,32,24,0,24
1950,Qtr 4,October,31,1950-10-31,England,Vickers,Vickers 610 Viking 1Bg,London Heathrow England,Airways European British,30,28,0,28
1985,Qtr 3,August,22,1985-08-22,England,Boeing,Boeing B 737,Manchester England,Airtours British,137,55,0,55
1948,Qtr 2,May,20,1948-05-20,England,Douglas,Douglas C 47Ag,Near Bovingdon England,Charter Transport Air,4,3,0,3
1953,Qtr 2,May,7,1953-05-07,England,Vickers,Vickers Valetta T 3Wg258,Off Hartland Point England,Force Air Royal - Military,10,10,0,10
1975,Qtr 4,November,29,1975-11-29,England,Piper,Piper Pa 23,Hertfordshire England,Private,6,6,0,6
1989,Qtr 1,January,8,1989-01-08,England,Boeing,Boeing B 737,Leicestershire England,Airways Midland British,126,47,0,47
1990,Qtr 2,June,10,1990-06-10,England,Bac,Bac One Eleven 528Flg,Oxfordshire England,Airways British,87,0,0,0
1951,Qtr 1,March,27,1951-03-27,England,Douglas,Douglas C 47A,Manchester England,Charter Transport Air,3,2,0,2
1928,Qtr 3,July,13,1928-07-13,England,Vickers,Vickers 74 Vulcang Eblb,Purley England,Airways Imperial,6,4,0,4
1950,Qtr 4,October,17,1950-10-17,England,Douglas,Douglas C 47Ag,London England,Airways European British,29,28,0,28
1939,Qtr 4,November,20,1939-11-20,England,Airspeed,Airspeed Oxfordg Affm,Gosport England,Airways British,2,2,0,2
1990,Qtr 2,April,30,1990-04-30,England,Avro,Avro Shackleton Aew 2Wr965,Tarbert England,Force Air Royal - Military,10,10,0,10
1950,Qtr 2,April,13,1950-04-13,England,Vickers,Vickers 610 Viking 1Bg Aivl,Near Hastings England,Airways European British,32,0,0,0
1991,Qtr 4,October,30,1991-10-30,Ellesmere,Lockheed,Lockheed Cc 130E130322,Near Point Alert Ellesmere,Nwt          Island,18,5,0,5
1984,Qtr 1,February,19,1984-02-19,El,Bell,Bell Uh 1H / Bell Uh,Near San Gerardo El,Force Air Salvadoran - Salvadormilitary,28,28,0,28
1986,Qtr 2,May,1,1986-05-01,El,Douglas,Douglas Dc 6Fas,San Salvador El,Force Air Salvador El - Salvadormilitary,37,37,0,37
1980,Qtr 4,November,12,1980-11-12,Egypt,Lockheed,Lockheed C 141A67,Near Cairo Egypt,Force Air U.S. - Military,13,13,0,13
1946,Qtr 4,October,23,1946-10-23,Egypt,Junkers,Junkers Ju 52/3Mf,Gebel Kalamoun Egypt,Socotra,24,1,0,1
1935,Qtr 4,December,31,1935-12-31,Egypt,Shorts,Short S 8 Calcutta Flying Boatg,Off Alexandria Egypt,Airways Imperial,13,12,0,12
1961,Qtr 2,June,12,1961-06-12,Egypt,Lockheed,Lockheed L 188C Electraph,Cairo Egypt,Airlines Dutch Royal Klm,36,20,0,20
2007,Qtr 2,May,6,2007-05-06,Egypt,De Havilland,De Havilland Canada Dhc 6 Twin Otter742/Cb,Near El-Thamad Egypt,Force Air French - Military,9,9,0,9
1962,Qtr 2,May,15,1962-05-15,Egypt,Douglas,Douglas Dc 3Su,Near Cairo Egypt,Airlines Arab United,3,3,0,3
1984,Qtr 2,May,8,1984-05-08,Egypt,Mcdonnell,Mcdonnel F 4E Phantom Ii,Elbet Beni Salama Egypt,Force Air Egyptian - Military,2,2,19,21
1951,Qtr 4,November,19,1951-11-19,Egypt,Douglas,Douglas Dc 3Tc,Cairo Egypt,Yollari Hava Devlet,5,5,0,5
1968,Qtr 3,August,18,1968-08-18,Egypt,Antonov,Antonov An 24Vsu,Off Port Said Egypt,Airlines Arab United,40,40,0,40
1981,Qtr 2,May,29,1981-05-29,Egypt,Lockheed,Lockheed C 130H Herculessu,Cairo Egypt,Force Air Egyptian - Military,17,17,0,17
1956,Qtr 1,February,20,1956-02-20,Egypt,Douglas,Douglas Dc 6Bf,Near Cairo Egypt,(France) Intercontinentaux Aerien Transport,64,52,0,52
1950,Qtr 3,August,31,1950-08-31,Egypt,Lockheed,Lockheed 749A Constellationn6004C,Near Wadi Natrun Egypt,Airlines World Trans,55,55,0,55
2004,Qtr 1,January,3,2004-01-03,Egypt,Boeing,Boeing B 737,Off Sharm El Sheikh Egypt,Air Flash,148,148,0,148
1969,Qtr 1,March,20,1969-03-20,Egypt,Illyushin,Ilyushin Il 18Dsu,Near Aswan Egypt,Airlines Arab United,105,100,0,100
1975,Qtr 4,November,25,1975-11-25,Egypt,Lockheed,Lockheed C 130 Hercules011,Near Bir Lahfan Egypt,Force Air  Israel - Military,20,20,0,20
1946,Qtr 3,August,24,1946-08-24,Egypt,Avro,Avro Ansonsu Adj,Cairo Egypt,Misrair,9,6,0,6
1935,Qtr 1,March,15,1935-03-15,Egypt,De Havilland,De Havilland Dragon 1Su Abi,El Arish Egypt,Misrair,6,3,0,3
1968,Qtr 1,January,15,1968-01-15,Egypt,Douglas,Douglas Dc 3Su,Zifta Egypt,Airlines Arab United,4,4,0,4
2009,Qtr 1,February,20,2009-02-20,Egypt,Antonov,Antonov 12Vs9 Svn,Luxor Egypt,Aerolift,5,5,0,5
1935,Qtr 3,August,7,1935-08-07,Egypt,Savoia,Savoia  Marchetti S,Cairo Egypt,Littoria Ala,7,7,0,7
1987,Qtr 3,September,21,1987-09-21,Egypt,Airbus,Airbus A.300B4 203Su,Luxor Egypt,Egypt,5,5,0,5
1966,Qtr 1,March,18,1966-03-18,Egypt,Antonov,Antonov An 24Bsu,Cairo Egypt,Airlines Arab United,30,30,0,30
1988,Qtr 4,December,14,1988-12-14,Egypt,Boeing,Boeing B 707,Near Luxor Egypt,Air Gas,8,8,5,13
1988,Qtr 1,March,31,1988-03-31,Egypt,Douglas,Douglas Dc 8,Cairo Egypt,Airlines Arax,4,4,0,4
1965,Qtr 2,May,20,1965-05-20,Egypt,Boeing,Boeing B 720,Cairo Egypt,Airlines International Pakistan,127,121,0,121
1986,Qtr 2,June,10,1986-06-10,Egypt,Fokker,Fokker F 27 Friendship 500Su,Near Cairo Egypt,Egypt,26,23,0,23
1963,Qtr 4,October,18,1963-10-18,Egypt,Antonov,Antonov An 12,Near Aswan Egypt,Force Air Soviet - Military,31,31,0,31
1965,Qtr 3,July,7,1965-07-07,Egypt,Antonov,Antonov An 12,Cairo Egypt,Force Air Soviet - Military,31,30,0,30
1958,Qtr 1,February,19,1958-02-19,Egypt,Douglas,Douglas Dc 6Bph,Cairo Egypt,Airlines Dutch Royal Klm,21,1,0,1
1953,Qtr 4,December,15,1953-12-15,Egypt,Vc,Vc  Vikingsu,Near Cairo Egypt,Misair,6,6,0,6
1953,Qtr 1,February,9,1953-02-09,Egypt,Curtiss,Curtiss  Wright C,Cairo Egypt,Force Air Egyptian - Military,40,29,0,29
1949,Qtr 1,January,15,1949-01-15,Egypt,Douglas,Douglas C 54 Skymasterzs,Ras-El-Tin Egypt,Charter Air African Pan,30,30,0,30
1954,Qtr 3,September,15,1954-09-15,Egypt,Vickers,Vickers 634 Vikingsu Afo,Cairo Egypt,Misrair,4,3,0,3
1963,Qtr 4,December,15,1963-12-15,Egypt,Vickers,Vickers 634 Viking 1Bsu Afk,Cairo Egypt,Misrair,6,6,0,6
1963,Qtr 2,May,12,1963-05-12,Egypt,Douglas,Douglas Dc 3Su,Near Ayayda Egypt,Airlines Arab United,34,34,0,34
2015,Qtr 4,October,31,2015-10-31,Egypt,Airbus,Airbus A321 231Ei,Near Hasna Egypt,Metrojet,224,224,0,224
1958,Qtr 1,March,7,1958-03-07,Egypt,Vickers,Vickers 628 Viking 1Bsu Agn,Menzalah Lake Egypt,Misrair,26,8,0,8
1978,Qtr 4,November,5,1978-11-05,Egypt,Douglas,Douglas Dc 3Su,Off Alexandria Egypt,Services Air Delta Nile,18,18,0,18
1973,Qtr 1,February,21,1973-02-21,Egypt,Boeing,Boeing B 727,Near Isma'Iliya Egypt,Airlines Arab Libya,113,108,0,108
1946,Qtr 3,July,17,1946-07-17,Ecuador,Curtiss,Curtiss C 46D,Cuenca Ecuador,Andesa,30,30,0,30
1965,Qtr 3,September,16,1965-09-16,Ecuador,Transportes,Transportes Aéreos Orientaleshc Afq,Near Pastaza Ecuador,Tao,11,9,0,9
1977,Qtr 3,September,4,1977-09-04,Ecuador,Vickers,Vickers Viscount 764Dhc Bcl,Near Cuenca Ecuador,Airways Nacionales Aereos Servicios,33,33,0,33
1988,Qtr 3,September,12,1988-09-12,Ecuador,Lockheed,Lockheed L 188A Electrahc,Lago Agrio Ecuador,Ecuador Tame,7,7,0,7
1994,Qtr 2,April,6,1994-04-06,Ecuador,De Havilland,De Havilland Canada Dhc 6 Twin Otter 300Fae450,Ambato Ecuador,Tame,17,17,0,17
1983,Qtr 2,April,29,1983-04-29,Ecuador,Sud,Sud Aviation Se 210 Caravelle Virhc,Guayaquil Ecuador,Ecuador San,100,8,0,8
1939,Qtr 2,May,8,1939-05-08,Ecuador,Curtiss,Curtiss  Wright C,Guayaquil Ecuador,Force Air Ecuadorian - Military,1,1,22,23
1976,Qtr 3,August,15,1976-08-15,Ecuador,Vickers,Vickers Viscount 785Dhc Ars,Andes Mountains Ecuador,Saeta,59,59,0,59
1995,Qtr 2,May,3,1995-05-03,Ecuador,Grumman,Grumman Gulfstream Iin409Ma,Quito Ecuador,Jet American,7,7,0,7
1958,Qtr 2,April,7,1958-04-07,Ecuador,Douglas,Douglas Dc 3Hc,Mt. Illiniza Ecuador,Area,32,32,0,32
1958,Qtr 2,April,2,1958-04-02,Ecuador,Junkers,Junkers Ju 52/3Mhc,Quito Ecuador,Orientales Aereos Transportes,14,3,0,3
1998,Qtr 3,August,29,1998-08-29,Ecuador,Tupolev,Tupolev Tu 154Mcu,Quito Ecuador,Aviacion De Cubana,91,70,10,80
1976,Qtr 1,January,20,1976-01-20,Ecuador,Hawker,Hawker Siddeley Hs 748,Near Loja Ecuador,Tame,42,34,0,34
1960,Qtr 4,November,7,1960-11-07,Ecuador,Fairchild,Fairchild F 27Ahc,Near Quito Ecuador,Area,37,37,0,37
2016,Qtr 1,March,15,2016-03-15,Ecuador,Iai,Iai Attava 201 E 206,Fatima Pastaza Ecuador,Army Ecuador - Military,22,22,0,22
1971,Qtr 1,February,17,1971-02-17,Ecuador,Curtiss,Curtiss C 46Tam,Mt. Cunatineuta Ecuador,Militares) Aereos (Transportes Tam,12,12,0,12
1974,Qtr 2,May,2,1974-05-02,Ecuador,Douglas,Douglas C 47Hc,Banos Ecuador,Equatorianos Taxis Aero,24,22,0,22
1960,Qtr 3,July,11,1960-07-11,Ecuador,Douglas,Douglas C 47B,Near Quito Ecuador,Misson U.S. - Military,18,18,0,18
1950,Qtr 2,May,2,1950-05-02,Ecuador,Douglas,Douglas C 47Dlhk,Chimborazo Ecuador,Avianca,15,15,0,15
2008,Qtr 3,August,30,2008-08-30,Ecuador,Boeing,Boeing B 737,Near Toacaso Ecuador,Conviasa,3,3,0,3
1949,Qtr 3,August,6,1949-08-06,Ecuador,Bristol,Bristol 170 Freighter 21Hc Sbu,Salasaca Ecuador,Ecuador Of Co Shell,34,34,0,34
1991,Qtr 1,February,14,1991-02-14,Ecuador,De Havilland,De Havilland Canada Dhc 6 Twin Otter 300Fae447,Near Taisha Ecuador,Force Air Ecuadorean - Military,22,22,0,22
1969,Qtr 3,August,25,1969-08-25,Ecuador,Douglas,Douglas C 47Bhc,Sucre Ecuador,Tao,1,1,0,1
1982,Qtr 3,September,1,1982-09-01,Ecuador,De Havilland,De Havilland Canada Dhc 4A Caribouhc,Near Valladolid Ecuador,Condor Aerolineas,44,44,0,44
1969,Qtr 3,September,6,1969-09-06,Ecuador,Douglas,Douglas Dc 3,Quito Ecuador,Ecuador Tame,16,1,0,1
1996,Qtr 4,October,22,1996-10-22,Ecuador,Boeing,Boeing B 707,Manta Ecuador,Air Million,4,4,30,34
2002,Qtr 1,January,17,2002-01-17,Ecuador,Fairchild,Fairchild Fh 227Ehc,Near La Bonita Ecuador,Petroproducción,26,26,0,26
1984,Qtr 3,September,18,1984-09-18,Ecuador,Mcdonnell,Mcdonnell Douglas Dc 8F,Quito Ecuador,Cargo Aeca,4,4,49,53
1979,Qtr 2,April,23,1979-04-23,Ecuador,Vickers,Vickers Viscount 785Dhc Avp,Near Cuenca Ecuador,Saeta,57,57,0,57
1981,Qtr 2,May,22,1981-05-22,Ecuador,De Havilland,De Havilland Canada Dhc 6 Twin Otter 300Hc,Near Zumba Ecuador,Tame,18,18,0,18
1977,Qtr 4,December,29,1977-12-29,Ecuador,Vickers,Vickers Viscount 764 Dhc Bem,Cuenca Ecuador,Nacionales Aereos Servicios,24,24,0,24
1952,Qtr 2,June,14,1952-06-14,East,Airspeed,Airspeed As 65 Consulg,Near Brighton East,England          Sussex Morton Air Services,8,6,0,6
1975,Qtr 3,September,1,1975-09-01,East,Tupolev,Tupolev Tu 134Dm,Leipzig-Halle East,Germanyinterflug,34,27,0,27
1969,Qtr 2,April,21,1969-04-21,East,Fokker,Fokker F 27 Friendship 100Vt,Khulna East,Airlines Pakistanindian,44,44,0,44
1986,Qtr 4,December,12,1986-12-12,East,Tupolev,Tupolev Tu 134Acccp,Berlin East,Germanyaeroflot,82,72,0,72
1972,Qtr 3,August,14,1972-08-14,East,Illyushin,Ilyushin Il 62Dm,Near Konigs Wusterausen East,Germanyinterflug,156,156,0,156
1929,Qtr 4,November,20,1929-11-20,East,Savoia,Savoia Marchetti S55I Taco,Terranova Pausania East,Mediterranea Aerea Società Sardinias.A.M.,12,1,0,1
2003,Qtr 1,January,31,2003-01-31,East,Illyushin,Ilyushin Ii 76Tdrdpl,Baucau East,Aviation Asia Timoreuro,6,6,0,6
1966,Qtr 1,February,2,1966-02-02,East,Sirkorsky,Sikorsky S 61Nap,Near Faridpur East,Airlines International (Bangladesh)Pakistan Pakistan,24,23,0,23
1943,Qtr 1,January,15,1943-01-15,Dutch,Douglas,Douglas C 54A42,Near Paramarino Dutch,Forces Air Army U.S. - Guyanamilitary,35,35,0,35
2007,Qtr 3,September,24,2007-09-24,Dr,Let,Let 4109Q Cvl,Malemba Nkulu Dr,Airways Congokaribu,6,1,0,1
2007,Qtr 4,October,4,2007-10-04,Dr,Antonov,Antonov An 269Q,Kinshasa Dr,Congo One Congoafrica,22,21,30,51
1949,Qtr 2,May,4,1949-05-04,Dorset,Bristol,Bristol 170 Freighter 31 Mark Iig Aiff,Near Portland Dorset,England Bristop Aeroplane Company,7,7,0,7
1995,Qtr 2,June,27,1995-06-27,Dominican,Convair,Convair Cv 440N356Sa,La Romana Dominican,Republicsalair,2,2,0,2
1975,Qtr 1,January,30,1975-01-30,Dominican,Douglas,Douglas Dc 3,Santo Domingo Dominican,Nacional Aérea Republiclinea,30,2,0,2
1996,Qtr 1,February,6,1996-02-06,Dominican,Boeing,Boeing B 757,Off Puerto Plata Domincan,Leased From Birgen Air         Nacionales Republicalas,189,189,0,189
1992,Qtr 4,November,15,1992-11-15,Dominican,Illyushin,Ilyushin Il 18Dcu,Near Porto Plata Dominican,Charter - Republicaerocaribbean,34,34,0,34
1970,Qtr 1,February,15,1970-02-15,Dominican,Mcdonnell,Mcdonnell Douglas Dc 9,Off Santo Domingo Dominican,Aviacion De Dominicana Republiccompania,102,102,0,102
1948,Qtr 1,January,11,1948-01-11,Dominican,Douglas,Douglas Dc 3Hi,Ciudad Havajillo Dominican,Republicdominicana,32,32,0,32
1991,Qtr 3,September,17,1991-09-17,Djbouti,Lockheed,Lockheed L 100,"Djibouti City Djibouti
	Djibouti",Djiboutidjibouti City          City,4,4,0,4
1982,Qtr 1,February,3,1982-02-03,Djbouti,Nord,Nord 2501 Noratlas140/88Ja,Djibouti Djbouti,Force Air French - Military,35,35,0,35
1986,Qtr 2,May,18,1986-05-18,Djbouti,Dassault,Dassault Breguet Atlantique19,Djibouti Djibouti,Aviation Naval French - Military,19,19,0,19
1957,Qtr 3,August,15,1957-08-15,Denmark,Illyushin,Ilyushin Il 14Pcccp,Copenhagen Denmark,Aeroflot,23,23,0,23
1939,Qtr 3,August,15,1939-08-15,Denmark,Lockheed,Lockheed 10 Electrag Asey,Off Copenhagen Denmark,Airways British,6,5,0,5
1946,Qtr 3,September,3,1946-09-03,Denmark,Douglas,Douglas Dc 3 (C,Holtug Denmark,France Air,22,22,0,22
1971,Qtr 3,August,28,1971-08-28,Denmark,Illyushin,Ilyushin Il 18Dha,Off Copenhagen Denmark,Airlines Hungarian Malev,34,32,0,32
1930,Qtr 3,July,7,1930-07-07,Denmark,Dornier,Dornier Wald 864,Bornholm Denmark,Lufthansa Deutsche,8,5,0,5
1947,Qtr 1,January,26,1947-01-26,Denmark,Douglas,Douglas C  C47A,Copenhagen Denmark,Airlines Dutch Royal Klm,22,22,0,22
1949,Qtr 1,February,8,1949-02-08,Denmark,Vickers,Vickers 628 Viking 1Boy Dlu,Off Copenhagen Denmark,(Sas) Airlines Scandinavian,27,27,0,27
1989,Qtr 3,September,8,1989-09-08,Denmark,Convair,Convair Cv 580Ln,Skagerrak Denmark,Partnair,55,55,0,55
1960,Qtr 3,July,16,1960-07-16,Denmark,De Havilland,De Havilland Dh 89 Dragon Rapideoy,Copenhagen Denmark,Tjenesten Flyve,9,8,0,8
1947,Qtr 1,February,5,1947-02-05,Delaware,Douglas,Douglas Dc 3Nc54451,Harrington Delaware,Freight Air International,3,1,0,1
1963,Qtr 3,September,22,1963-09-22,Delaware,Douglas,Douglas C 133A56,Off Dover Deleware,Force Air U.S. - Military,10,10,0,10
1947,Qtr 4,November,18,1947-11-18,Delaware,Lockheed,Lockheed L 049,Newcastle Delaware,Air Western And Continental Trans,5,5,0,5
1954,Qtr 4,November,16,1954-11-16,De,Douglas,Douglas Dc 3Fap,Jirishanga De,Peru          Pasco Tam (Brazil),24,24,0,24
1949,Qtr 4,December,12,1949-12-12,Washington,Douglas,Douglas Dc 3,Washington D.C.Capital,Airlines,23,6,0,6
1982,Qtr 1,January,13,1982-01-13,Dcair,Boeing,Boeing B 737,Washington D.C.Air,Florida,79,74,4,78
1966,Qtr 4,December,24,1966-12-24,Da,Canadair,Canadair Cl 44D4,Binh Tahi Da,Vietnam          Nang Flying Tiger Line,4,4,125,129
1961,Qtr 1,January,2,1961-01-02,Czechoslovakia,Avia,Avia 14Ok Mcz,Ruzyne Czechoslovakia,Aerolinie Ceskoslovenske,10,10,0,10
1966,Qtr 4,November,24,1966-11-24,Czechoslovakia,Illyushin,Ilyushin Il 18Blz,Near Bratislava Czechoslovakia,Obshchestvo Bulgaro-Soviet Aviatsionno Transportno,82,82,0,82
1956,Qtr 1,January,18,1956-01-18,Czechoslovakia,Douglas,Douglas Dc 3Ok,Torysa Czechoslovakia,Aerolinie Ceskoslovenske,26,22,0,22
1976,Qtr 3,July,28,1976-07-28,Czechoslovakia,Illyushin,Ilyushin Il 18Lok,Bratislava Czechoslovakia,Aerolinie Ceskoslovenske,79,76,0,76
1946,Qtr 1,March,5,1946-03-05,Czechoslovakia,Junkers,Junkers Ju 52/3Mok,Near Prague Czechoslovakia,Aerolinie Ceskoslovenske,15,12,0,12
1950,Qtr 1,February,27,1950-02-27,Czechoslovakia,Douglas,Douglas C 47A,Near Prague Czechoslovakia,Aerolinie Ceskoslovenske,30,5,0,5
1962,Qtr 3,September,10,1962-09-10,Czechoslovakia,Avia,Avia 14Ok Mct,Brno Czechoslovakia,Aerolinie Ceskoslovenske,34,11,0,11
1937,Qtr 4,December,24,1937-12-24,Czechoslovakia,Wibault,Wibault 283 T12F,Kasperske Hory Czechoslovakia,France Air,3,3,0,3
1975,Qtr 4,October,30,1975-10-30,Czechoslovakia,Mcdonnell,Mcdonnell Douglas Dc 9,Near Prague Czechoslovakia,Aviopromet Adria Inex,120,75,0,75
1926,Qtr 3,July,3,1926-07-03,Czechoslovakia,Caudron,Caudron C 61F,Rossaugpt Czechoslovakia,Aérienne Navigation De Internationale Compagnie,6,6,0,6
1930,Qtr 3,August,22,1930-08-22,Czechoslovakia,Ford,Ford 5 At,Iglau Czechoslovakia,Aerolinie Ceskoslovenske,11,10,0,10
1973,Qtr 1,February,19,1973-02-19,Czechoslovakia,Tupolev,Tupolev Tu 154Cccp,Prague Czechoslovakia,Aeroflot,100,66,0,66
1962,Qtr 4,October,10,1962-10-10,Czechoslovakia,Avia,Avia 14Ok Mct,Brno Czechoslovakia,Airlinex Czechoslovak,42,13,0,13
1968,Qtr 4,October,11,1968-10-11,Czechoslovakia,Avia,Avia 14 40Ok,Near Prague Czechoslovakia,Aerolinie Ceskoslovenske,40,11,0,11
1972,Qtr 1,January,26,1972-01-26,Czech,Mcdonnell,Mcdonnell Douglas Dc 9,Near Srbská Kamenice Czech,Airlines Yugoslav Republicjat,28,27,0,27
1998,Qtr 1,January,13,1998-01-13,Czech,Let,Let 410Uvpyv 928Cp,Brno Czech,International Republicaeroservice,2,2,0,2
1954,Qtr 1,January,12,1954-01-12,Czech,Douglas,Douglas C 47 Skytrain (Dc,Prague Czech,Airlines Republicczech,18,13,0,13
1988,Qtr 2,April,5,1988-04-05,Cyprus,Boeing,Boeing B 747,Combi Cyprus,Airways Kuwait,112,2,0,2
1973,Qtr 1,January,29,1973-01-29,Cyprus,Illyushin,Ilyushin Il 18Dsu,Near Kyrenia Cyprus,Egyptair,37,37,0,37
1967,Qtr 2,April,20,1967-04-20,Cyprus,Bristol,Bristol Britannia 175Hb Itb,Near Nicosia Cyprus,Air Globe,130,126,0,126
1988,Qtr 1,February,27,1988-02-27,Cyprus,Boeing,Boeing B 727,Near Ercan Cyprus,Airways Talia,15,15,0,15
1977,Qtr 4,December,24,1977-12-24,Curacao,Piper,Piper Pa 31,Willemstad Curacao,Netherlands Antilles Valley Air Service,10,10,0,10
1966,Qtr 1,January,9,1966-01-09,Cundinamarca,Dc,Dc3(C47)Fac  675,Chipaque Cundinamarca,Colombia Satena,11,11,0,11
1958,Qtr 4,November,1,1958-11-01,Cuba,Vickers,Vickers Viscount 755Dcu T603,Nipe Bay Cuba,Aviacion De Cubana,20,17,0,17
1962,Qtr 1,March,27,1962-03-27,Cuba,Illyushin,Ilyushin Il 14Cu,Santiago De Cuba Cuba,Aviacion De Cubana,22,22,0,22
1934,Qtr 4,December,10,1934-12-10,Cuba,Ford,Ford 4 At,Palma Soriano Cuba,Aviacion De Cubana,8,4,0,4
1990,Qtr 4,October,24,1990-10-24,Cuba,Yakovlev,Yakovlev Yak 40Cu,Santiago De Cuba Cuba,Aviacion De Cubana,31,11,0,11
1989,Qtr 3,September,3,1989-09-03,Cuba,Illyushin,Ilyushin Il 62Mcu,Near Havana Cuba,Aviacion De Cubana,126,126,45,171
1985,Qtr 1,January,19,1985-01-19,Cuba,Illyushin,Ilyushin Il 18Dcu,Havana Cuba,Aviacion De Cubana,38,38,0,38
1977,Qtr 2,May,27,1977-05-27,Cuba,Illyushin,Ilyushin Il 62Mcccp,Havana Cuba,Aeroflot,69,67,0,67
1980,Qtr 1,February,3,1980-02-03,Cuba,Yakovlev,Yakovlev Yak 40Cu,Baracoa Cuba,Aviacon De Cubana,37,1,0,1
1997,Qtr 3,July,11,1997-07-11,Cuba,Antonov,Antonov An 24Cu,Off Santiago De Cuba Cuba,Aviacion De Cubana,44,44,0,44
1944,Qtr 3,August,8,1944-08-08,Cuba,Sirkorsky,Sikorsky S 42 (Flying Boat)Nc823M,Off Antilla Cuba,Airways World American Pan,31,17,0,17
2010,Qtr 4,November,4,2010-11-04,Cuba,Atr,Atr  72,Near Guasimal Cuba,Aerocaribbean,68,68,0,68
2002,Qtr 1,March,14,2002-03-14,Cuba,Antonov,Antonov An 2Cu,Near Placetas Cuba,Aerotaxi - Charter,17,17,0,17
1929,Qtr 2,June,13,1929-06-13,Cuba,Fokker,Fokker F Xnc9700,Santiago De Cuba Cuba,Airways American Pan,5,2,0,2
2018,Qtr 2,May,18,2018-05-18,Cuba,Boeing,Boeing 737 201Xa,Havana Cuba,Air) Global From (Leased Cubana,113,112,0,112
1940,Qtr 4,October,22,1940-10-22,Croatia,Lockheed,Lockheed 10 Electrayu Sbe,Osijek Croatia,Aeroput,12,7,0,7
1996,Qtr 2,April,3,1996-04-03,Croatia,Boeing,Boeing B 737,Near Dubrovnik Croatia,Force Air U.S. - Military,35,35,0,35
1936,Qtr 3,July,15,1936-07-15,Croatia,Spartan,Spartan Cruiseryu Sap,Zagreb Croatia,Aeroput,7,7,0,7
1975,Qtr 1,February,9,1975-02-09,Crete,Transall,Transall C 1605063,Souda Crete,Luftwaffe Deutsche - Military,40,40,0,40
1974,Qtr 1,February,9,1974-02-09,Crete,Transall,Transall C 160D50,Near Souda Crete,Force Air German West - Military,40,35,0,35
1983,Qtr 2,June,2,1983-06-02,Covington,Mcdonnell,Mcdonnell Douglas Dc 9,Cincinnati International Airport Covington/Hebron,Kentucky Air Canada,46,23,0,23
1967,Qtr 4,November,20,1967-11-20,Covington,Convair,Convair Cv 880,Cincinnati International Airport Covington/Hebron,Kentucky Trans World Airlines,82,70,0,70
1955,Qtr 1,January,12,1955-01-12,Covington,Martin,Martin 202A / Dc 3N93211/N999B,Greater Cincinnati Airport Covington,Kentucky Trans World Airlines / Castleton Inc.,15,15,0,15
1961,Qtr 3,September,6,1961-09-06,Costa,Douglas,Douglas Dc 3Ti,Cerro Del Aernal Costa,Costarricenses Aéreas Ricalineas,2,2,0,2
1964,Qtr 4,December,29,1964-12-29,Costa,Curtiss,Curtiss C 46Cc,Near Turrialba Costa,Americana Sud Aéreas Ricalineas,5,5,0,5
1953,Qtr 2,June,15,1953-06-15,Costa,Douglas,Douglas Dc 3Ti,San Ramon Mtns. Costa,Ricalacsa,17,9,0,9
1977,Qtr 3,August,20,1977-08-20,Costa,Convair,Convair Cv 880N8817E,San Jose Costa,Aviation Ricamonarch,3,3,0,3
1965,Qtr 4,November,3,1965-11-03,Costa,Douglas,Douglas C 54Tc,Off Puerto Lemon Costa,Force Air Argentine - Ricamilitary,68,68,0,68
1968,Qtr 4,October,8,1968-10-08,Costa,Britten,Britten  Norman Bn,Puerto Cortes Costa,Valle Del Ricaaerovias,10,10,0,10
1990,Qtr 1,January,15,1990-01-15,Costa,Casa,Casa 212 Aviocar 200Ti Sab,Pico Blanco Costa,Ricasansa,23,23,0,23
1946,Qtr 4,November,26,1946-11-26,Costa,Douglas,Douglas Dc 3 (C,San Jose Costa,Lacsa  Costarricenses Aéreas Ricalineas,22,22,0,22
2017,Qtr 4,December,31,2017-12-31,Costa,Cessna,Cessna 208B Grand Caravanti Bei,Punta Islita Costa,Air Ricanaure,12,12,0,12
2000,Qtr 1,January,15,2000-01-15,Costa,Let,Let 410Uvp Eys,San Jose Costa,Ricataca,20,5,0,5
1988,Qtr 2,May,26,1988-05-26,Costa,Douglas,Douglas Dc 6Yn,Puerto Limon Costa,Ricaaeronica,6,6,0,6
1962,Qtr 4,December,29,1962-12-29,Corsica,Boeing,Boeing B307 1 Stratolinerf,Monte Renoso Corsica,France Air Nautic,25,25,0,25
1936,Qtr 1,January,21,1936-01-21,Corsica,Cams,Cams 53F Ajir,Off Ajaccio Corsica,France Air France,6,6,0,6
1948,Qtr 1,March,27,1948-03-27,Corsica,Vickers,Vickers 604 Viking 1Bvt Cel,Monte Cardo Corsica,France Indian National Airlines,19,19,0,19
1991,Qtr 3,August,6,1991-08-06,Cook,Britten,Britten  Norman Bn,Rarotonga Cook,Air Islandsavalki,10,6,0,6
1970,Qtr 1,February,10,1970-02-10,Connecticut,De Havilland,De Havilland Canada Dhc 6 Twin Otter 100N124Pm,Long Island Sound Connecticut,Airlines Pilgrim,5,5,0,5
1995,Qtr 4,November,12,1995-11-12,Connecticut,Mcdonnell,Mcdonnell Douglas Md 83N566Aa,East Granby Connecticut,Airlines American,78,0,0,0
2003,Qtr 3,August,4,2003-08-04,Connecticut,Gates,Gates Learjet 35An135Pt,Groton Connecticut,Pro Jet,2,2,0,2
1971,Qtr 2,June,7,1971-06-07,Connecticut,Convair,Convair Cv 580N5832,New Haven Connecticut,Airlines Allegheny,31,28,0,28
1984,Qtr 2,June,4,1984-06-04,Connecticut,Learjet,Learjet 23An101Pp,Windsor Locks Connecticut,Continental Air,3,3,0,3
1930,Qtr 1,February,3,1930-02-03,Connecticut,Pitcairn,Pitcairn Pa 6 Mailwingnc801H,Hartford Connecticut,Transport Air Colonial,1,1,0,1
1929,Qtr 3,September,17,1929-09-17,Connecticut,Pitcairn,Pitcairn Pa 6 Mailwing,Mt Lamentation Connecticut,Transport Air Colonial,1,1,0,1
1927,Qtr 3,September,3,1927-09-03,Connecticut,Fokker,"Fokker Universalnc52  	
Nc52",Willington Connecticut,Transport Air Colonial,1,1,0,1
1929,Qtr 1,January,5,1929-01-05,Connecticut,Fairchild,Fairchild Fc 2Nc5650,Stafford Springs Connecticut,Transport Air Colonial,1,1,0,1
1953,Qtr 1,March,4,1953-03-04,Connecticut,Curtiss,Curtiss C 46Fn4717N,Windsor Locks Connecticut,Airways Slick,2,2,0,2
1962,Qtr 4,October,19,1962-10-19,Connecticut,Convair,Convair Cv 340/440N8415N,Windsor Locks Connecticut,Airlines Allegheny,52,1,0,1
1946,Qtr 1,January,18,1946-01-18,Connecticut,Douglas,Douglas Dc 3,Cheshire Connecticut,Lines Air Eastern,17,17,0,17
2005,Qtr 3,September,9,2005-09-09,Congo,Antonov,Antonov An 26A9Q,Near Brazzaville Congo,Kasai Air,14,14,0,14
2005,Qtr 4,October,4,2005-10-04,Congo,Antonov,Antonov 12V9Q Cwc,Aru Democratic,Airways Dira Cogowimbi Republic,100,2,0,2
2017,Qtr 3,September,30,2017-09-30,Congo,Antonov,Antonov An 12Bex,Near Kinshasa Congo,Congo The Of Republic Democratic The Of Force Air,12,12,0,12
2006,Qtr 3,August,3,2006-08-03,Congo,Antonov,Antonov An 289Q,Bukavu Democratic,Congotracep Republic,17,17,0,17
2006,Qtr 3,July,7,2006-07-07,Congo,Antonov,Antonov An 12B9Q,Sake Democratic,Airlines Congomango Republic,5,5,0,5
2009,Qtr 2,April,29,2009-04-29,Congo,Boeing,Boeing B 737,Massamba Democratic,Air Congobako Of Republic,7,7,0,7
2005,Qtr 2,May,5,2005-05-05,Congo,Antonov,Antonov An 26Ek,Near Kisangani Democratic,Airlift Congokisangani Republic,11,10,0,10
2009,Qtr 3,August,26,2009-08-26,Congo,Antonov,Antonov An 12Bktn,Nganga Lingolo Congo,Business Fret Aero,7,7,0,7
2007,Qtr 3,August,26,2007-08-26,Congo,Antonov,Antonov An 329Q,Kongolo Democratic,Complany Business Lakes Congogreat Republic,15,14,0,14
2005,Qtr 3,September,5,2005-09-05,Congo,Antonov,Antonov 26Ber Azt,Isiro Democtratic,Airlines Congokavatshi Republic,11,11,0,11
2005,Qtr 2,May,25,2005-05-25,Congo,Antonov,Antonov An 12Bp9Q,Walungu Congo,Air) Victoria (Owner Union Maniema - Charter,27,27,0,27
2009,Qtr 2,May,26,2009-05-26,Congo,Antonov,Antonov An 269Q,Near Isiro Democratic,Air Congoservice Republic,4,4,0,4
2007,Qtr 3,September,7,2007-09-07,Congo,Antonov,Antonov An 12Bp4L,Goma Democratic,Airlines Kavatsi Congogalaxy Republic,8,8,0,8
2008,Qtr 2,April,15,2008-04-15,Congo,Mcdonnell,Mcdonnell Douglas Dc 9,Goma Congo,Airways Bora Hewa,94,3,37,40
1996,Qtr 2,June,6,1996-06-06,Congo,Illyushin,Ilyushin 76Mdur 76539,Kinshasa Democratic,Congohoseba Republic,10,10,0,10
1996,Qtr 4,October,3,1996-10-03,Congo,De Havilland,De Havilland Canada Dhc 6 Twin Otter 2009Q,Kahemba Congo,Aviation Malu,21,6,0,6
1991,Qtr 4,November,1,1991-11-01,Congo,Mil,Mil Mi 8 (Helicopter),Near Karakent Ussrmilitary,Force Air Azerbaijan -,40,40,0,40
2011,Qtr 3,July,8,2011-07-08,Congo,Boeing,Boeing B 727,Kisangani Congo,Airways Bora Hewa,115,77,0,77
2013,Qtr 1,March,4,2013-03-04,Congo,Fokker,Fokker 509Q Cbd,Goma Congo,(Caa) Aviation D' Africaine Compagnie,10,7,0,7
2007,Qtr 2,May,17,2007-05-17,Congo,Let,Let 410Uvptn Ahe,Walikale Airstrip Congo,Complany Air Safe,3,3,0,3
1991,Qtr 4,November,20,1991-11-20,Congo,Mil,Mil Mi 8 (Helicopter),Nagoro-Karabak Ussrmilitary,Force Air Soviet -,23,23,0,23
2012,Qtr 4,November,30,2012-11-30,Congo,Illyushin,Ilysushin Il 76Tek,Near Brazzaville Congo,Service Aero,7,7,25,32
1997,Qtr 2,April,14,1997-04-14,Congo,Fokker,Fokker F 27 Friendship 600D2,Brazzaville Democratic,Airlines Angola Congotaag Republic,7,3,0,3
1997,Qtr 2,June,6,1997-06-06,Congo,Vickers,Vickers Viscount 781D9Q Cwl,Near Irumu Congo,Bazair,27,27,0,27
2007,Qtr 2,June,21,2007-06-21,Congo,Let,Let 410Uvp9Q Ceu,Near Kamina Congo,Airways Karibu,25,1,0,1
2000,Qtr 3,August,12,2000-08-12,Congo,Antonov,Antonov An 26B9Q,Near Tshikapa Congo,Air Staer,27,27,0,27
2012,Qtr 1,January,30,2012-01-30,Congo,Antonov,Antonov An 289Q,Namoya Congo,Aviation Congo Tracep,5,3,0,3
2011,Qtr 1,March,21,2011-03-21,Congo,Antonov,Antonov 12Bptn Agk,Pointe-Noire Congo,Cargo Air Trans,9,9,14,23
1990,Qtr 1,January,27,1990-01-27,Congo,Nord,Nord 262C 66Tn,Near Kinkala Congo,Force Air Congolese - Military,28,28,0,28
1989,Qtr 4,October,26,1989-10-26,Congo,Antonov,Antonov An 2609,Petropavlovsk Ussrmilitary,Force Air Soviet -,36,36,0,36
1998,Qtr 4,October,10,1998-10-10,Congo,Boeing,Boeing B 727,Near Kindu Congo,Airline Congo,41,41,0,41
2003,Qtr 2,May,8,2003-05-08,Congo,Illyushin,Illyushin 76Ur Ucb,Near Kinshasa Congo,Charter Army Congolese  - Airlines Cargo Ukrainian,200,129,0,129
2011,Qtr 2,April,4,2011-04-04,Congo,Canadair,Canadair Cl 600 Crj,Kinshasa Congo,Nations United,33,32,0,32
2001,Qtr 4,December,14,2001-12-14,Congo,Let,Let 410A5X Cnf,Geti Democratic,Air Congoeagle Republic,6,6,0,6
2000,Qtr 4,November,7,2000-11-07,Congo,Antonov,Antonov 32Ber Afa,Luabo Democratic,Aviation Congomalu Republic,11,2,0,2
2010,Qtr 4,October,21,2010-10-21,Congo,Let,Let 410Uvp9Q Cua,Near Bugulumisa Congo,Tracep,2,2,0,2
1993,Qtr 1,January,27,1993-01-27,Congo,Nord,Nord 262A 449Q,Kinshasa Democratic,Airlift Service Congotrans Republic,21,3,0,3
1992,Qtr 4,December,13,1992-12-13,Congo,Fokker,Fokker F 27 Friendship 400M9Q,Goma Congo,Zaire Cargo Airlift Scibe,37,37,0,37
1964,Qtr 4,November,29,1964-11-29,Congo,Douglas,Douglas Dc 4Oo,Leopoldville Democratic,(Bias)? Congo Congoair The Of Republic,14,6,0,6
2001,Qtr 3,August,23,2001-08-23,Congo,Antonov,Antonov 283C Lla,Mugogo Democratic,Airlines Congovictoria Republic,11,4,0,4
2010,Qtr 3,August,25,2010-08-25,Congo,Let,Let 410Uvp E9Q,Bandundu Congo,Republicfilair Democratic,20,19,0,19
2003,Qtr 4,November,29,2003-11-29,Congo,Antonov,Antonov An 269T,Boende Congo,Force Air Congolese - Military,24,20,13,33
1994,Qtr 3,July,17,1994-07-17,Congo,Yakovlev,Yakovlev 40Dra 87256,Boma Democratic,Service Air Congosankuru Republic,9,5,0,5
2019,Qtr 4,November,24,2019-11-24,Congo,Dornier,Dornier 228 2019S,Goma Democratic,Congo Bee Congobusy Of Republic,19,19,7,26
2014,Qtr 4,December,28,2014-12-28,Congo,Antonov,Antonov An 264L,Near Uvira Congo,Sirin Air,6,6,0,6
1992,Qtr 1,March,12,1992-03-12,Congo,De Havilland,De Havilland Canada Dhc 6 Twin Otter 300Tn,Etsouali Congo,Congo Lina,8,3,0,3
1928,Qtr 4,December,3,1928-12-03,Condor,Dornier,Dornier Walp Baca,Near Rio De Janeiro Condor,N/A,14,14,0,14
2002,Qtr 4,December,27,2002-12-27,Comoro,Let,Let 410Uvp9Xr Rb,Anjouan Comoros,Airlines Islandsocean,16,1,0,1
1996,Qtr 4,November,23,1996-11-23,Comoro,Boeing,Boeing B 767,Off Mitsamiouli Comoros,Airlines Ethiopian,175,127,0,127
1968,Qtr 1,January,27,1968-01-27,Comoro,De Havilland,De Havilland Dh 114 Heron 1Bf,Moroni Comoro,Comores Islandsair,16,15,0,15
1981,Qtr 1,March,10,1981-03-10,Comoro,Dassault,Dassault  Breguet Atlantique29,Moroni Comoro,Aviation Naval French - Islandsmilitary,18,18,0,18
2009,Qtr 2,June,30,2009-06-30,Comoro,Airbus,Airbus A310 3247O,Off Mitsamiouli Comoros,Airway Yemenia,153,152,0,152
1951,Qtr 4,December,4,1951-12-04,Colorado,Douglas,Douglas Dc 3An17109,Denver Colorado,Lines Air United,3,3,0,3
1975,Qtr 4,December,26,1975-12-26,Colorado,Mitsubishi,Mitsubishi Mu 2Bn133Ma,Rollinsville Colorado,Aviation Star,9,9,0,9
1964,Qtr 4,November,3,1964-11-03,Colorado,Beechcraft,Beechcraft C45Gn2849G,Branson Colorado,Aviati Mustang,5,5,0,5
1982,Qtr 4,December,7,1982-12-07,Colorado,Swearingen,Swearingen Sa.227Ac Metro Iiin30093,Near Pueblo Colorado,Airlines Pioneer,2,2,0,2
1932,Qtr 4,December,14,1932-12-14,Colorado,Boeing,Boeing 40Nc281,Rocky Ridge Colorado,Transport Air Boeing,1,1,0,1
2001,Qtr 1,January,27,2001-01-27,Colorado,Beech,Beech King Air 200 Catpassn81Pf,Byers Colorado,Charter Bay North,10,10,0,10
2001,Qtr 1,March,29,2001-03-29,Colorado,Grumman,Grummand Gulfstream Iiin303Ga,Near Aspen Colorado,Charter Private - Inc. Jetwingsco,18,18,0,18
2004,Qtr 4,November,28,2004-11-28,Colorado,Canadair,Canadair Cl 601,Montrose Colorado,Charter - Castle Air/Air Glow,6,3,0,3
1991,Qtr 1,March,3,1991-03-03,Colorado,Boeing,Boeing B 737,Near Colorado Springs Colorado,Lines Air United,25,25,0,25
1950,Qtr 3,August,22,1950-08-22,Colorado,Douglas,Douglas Dc 6N90705,Near Eagle Colorado,Airlines American,59,1,0,1
2005,Qtr 1,February,16,2005-02-16,Colorado,Cessna,Cessna 560 Citation Vn500At,Near Pueblo Colorado,Charter - Stores City Circuit,8,8,0,8
1981,Qtr 2,April,17,1981-04-17,Colorado,Hadley,Hadley Page 137Jetstream I / Cessna 206N11360 / N4862F,Loveland Colorado,Private / Us Air,19,15,0,15
1974,Qtr 4,October,28,1974-10-28,Colorado,Beechcraft,Beechcraft 95 B55N414K,Pagosa Springs Colorado,Taxi Air - Aviation Hlavka,2,2,0,2
1936,Qtr 3,September,28,1936-09-28,Colorado,Lockheed,Lockheed  5 Veganc176W,Walsenberg Colorado,Lines Air Varney,3,3,0,3
1963,Qtr 4,December,7,1963-12-07,Colorado,Curtiss,Curtis C 46A,Near Nederland Colorado,Transport Air Zantop,3,3,0,3
2008,Qtr 4,December,20,2008-12-20,Colorado,Boeing,Boeing 737 500N18611,Denver Colorado,Airlines Continental,115,0,0,0
1961,Qtr 3,July,11,1961-07-11,Colorado,Mcdonnell,Mcdonnell Douglas Dc 8,Denver Colorado,Lines Air United,122,17,1,18
1958,Qtr 4,November,16,1958-11-16,Colorado,Curtiss,Curtiss C 46Fn1301N,Fort Collins Colorado,Airways Capitol,2,2,0,2
1975,Qtr 3,August,7,1975-08-07,Colorado,Boeing,Boeing B 727,Denver Colorado,Airlines Continental,131,0,0,0
1990,Qtr 1,February,27,1990-02-27,Colorado,Cessna,Cessna 208A Caravan I Cargomastern820Fe,Denver Colorado,Express Federal,1,1,0,1
1966,Qtr 3,July,11,1966-07-11,Colorado,De Havilland,De Havilland 104 6An1563V,Hideaway Park Colorado,Airways Alamo,3,3,0,3
1947,Qtr 1,February,14,1947-02-14,Colorado,Curtiss,Curtiss C 46Enc59486,Denver Colorado,Airways Slick,2,2,0,2
1990,Qtr 1,January,17,1990-01-17,Colorado,Cessna,Cessna 208A Caravan I Cargomastern835Fe,Near Leadville Colorado,Express Federal,1,1,0,1
1955,Qtr 4,November,1,1955-11-01,Colorado,Douglas,Douglas Dc 6Bn37559,Longmont Colorado,Lines Air United,44,44,0,44
1978,Qtr 4,December,4,1978-12-04,Colorado,De Havilland,De Havilland Canada Dhc 6 Twin Otter 300N25Rm,Near Steamboat Springs Coloado,Airways Mountain Rocky,22,2,0,2
1997,Qtr 4,October,8,1997-10-08,Colorado,Cessna,Cessna 208B Caravan In12022,Near Montrose Colorado,Airlines Scenic,9,9,0,9
1988,Qtr 1,January,19,1988-01-19,Colorado,Swearingen,Swearingen Sa.227Ac Metron68Tc,Bayfield Colorado,Express Continental / Al Colorado Trans,17,9,0,9
1967,Qtr 4,December,21,1967-12-21,Colorado,Douglas,Douglas C 47An65276,Denver Colorado,Airlines Frontier,2,2,0,2
1935,Qtr 2,May,1,1935-05-01,Colorado,Lockheed,Lockheed Veganc891E,Near Walsenberg Colorado,Lines Air Varney,1,1,0,1
1987,Qtr 4,November,15,1987-11-15,Colorado,Mcdonnell,Mcdonnell Douglas Dc 9,Denver Colorado,Airlines Continental,82,28,0,28
1977,Qtr 2,April,10,1977-04-10,Colombia,Douglas,Douglas Dc 3,Sw Of Bogota Colombia,Venado El,35,35,0,35
1985,Qtr 1,March,28,1985-03-28,Colombia,Fokker,Fokker F 28 Fellowship 3000Fac,Near Florencia Colombia,Satena,46,46,0,46
1990,Qtr 4,November,18,1990-11-18,Colombia,Casa,Casa 212 Aviocar 200Fac 1150,Near Medellin Colombia,Satena,16,16,0,16
1975,Qtr 3,September,30,1975-09-30,Colombia,Boeing,Boeing 727 24Chk,Barranquilla Colombia,Avianca,4,4,0,4
1949,Qtr 3,August,13,1949-08-13,Colombia,Douglas,Douglas C 47Hk,Near Bogota Colombia,Saeta,32,32,0,32
1985,Qtr 1,January,23,1985-01-23,Colombia,Embraer,Embraer 110P1 Bandeirantehk 2638,Near Buga Colombia,Colombia Aires,17,17,0,17
1980,Qtr 3,September,10,1980-09-10,Colombia,Douglas,Douglas C 47Hk,Puerto Olaya Colombia,Colombia Aeronorte,3,3,0,3
1983,Qtr 4,December,14,1983-12-14,Colombia,Boeing,Boeing 707 373Chk,Near Medellin Colombia,Colombia Tampa,3,3,22,25
1939,Qtr 1,March,16,1939-03-16,Colombia,Junkers,Junkers Ju 86,Manzanares Colombia,Lufthansa Deutsche,8,8,0,8
2016,Qtr 4,December,20,2016-12-20,Colombia,Boeing,Boeing 727 2Jofhk,Puerto Carreno Colombia,Colombia Aerosucre,6,5,0,5
1951,Qtr 1,February,14,1951-02-14,Colombia,Curtiss,Curtiss C 46Ahk,Yali Colombia,Nacionales Aéreas Lineas,2,2,0,2
1987,Qtr 4,October,11,1987-10-11,Colombia,De Havilland,De Havilland Canada Dhc 6 Twin Otter 310Hk,El Poleo Colombia,Colombia Aeroejecutivos,9,2,0,2
1985,Qtr 1,January,23,1985-01-23,Colombia,De Havilland,De Havilland Canada Dhc 6 Twin Otter 300Hk,Cerro El Plateado Colombia,Colombia De Centrales Aerolineas,23,23,0,23
1989,Qtr 2,April,19,1989-04-19,Colombia,Pilatus,Pilatus Pc 6 Turbo Porterfac,Near Cucuta Colombia,Satena,11,11,0,11
1975,Qtr 3,July,10,1975-07-10,Colombia,Lockheed,Lockheed L 188Af Electrahk,Bogota Colombia,Condor Aerovias,4,2,0,2
1989,Qtr 2,April,26,1989-04-26,Colombia,Aerospatiale,Aérospatiale Se 210 Caravellehk,Baranquilla Colombia,Colombia Aerosucre,5,5,0,5
1981,Qtr 4,December,18,1981-12-18,Colombia,De Havilland,De Havilland Canada Dhc 6 Twin Otter 300Hk,Near Covenas Colombia,Colombia Aces,13,13,0,13
1991,Qtr 2,May,15,1991-05-15,Colombia,Douglas,Douglas C 47Bhk,La Poyatta Colombia,Colombia Ades,14,13,0,13
1951,Qtr 2,April,2,1951-04-02,Colombia,Douglas,Douglas Dc 3Hk,Bogota Colombia,Avianca,26,26,0,26
1989,Qtr 2,June,11,1989-06-11,Colombia,De Havilland,De Havilland Canada Dhc 6 Twin Otter 300Hk,Vereda El Salitre Colombia,Aerotaca,22,6,0,6
1982,Qtr 4,November,29,1982-11-29,Colombia,De Havilland,De Havilland Canada Dhc 6 Twin Otter 310Hk,Quetame Colombia,Colombia De Centrales Aerolineas,22,22,0,22
1951,Qtr 1,March,21,1951-03-21,Colombia,Douglas,Douglas C 47Hk,Corozal Colombia,Lansa,29,29,0,29
1949,Qtr 1,February,5,1949-02-05,Colombia,Consolidated,Consolidated Pby 5A Catalinahk,Buenaventura Bay Colombia,Avianca,14,3,0,3
1978,Qtr 2,April,29,1978-04-29,Colombia,Douglas,Douglas C 118Ahk,Bogota Colombia,Colombia Lac,12,8,0,8
1950,Qtr 2,May,24,1950-05-24,Colombia,Douglas,Douglas C 47Hk,Near Pasto Colombia,Lansa,27,26,0,26
1976,Qtr 2,April,2,1976-04-02,Colombia,Douglas,Douglas Dc 3Fac,Near Puerto Asis Colombia,Satena,16,5,0,5
1940,Qtr 1,February,27,1940-02-27,Colombia,Boeing,Boeing 247Dc 79,Near Bucaramanga Columbia,Scadta,11,11,0,11
1950,Qtr 2,June,9,1950-06-09,Colombia,Douglas,Douglas Dc 3,Near Fonseca Colombia,Mission Tribes New,15,15,0,15
1985,Qtr 3,July,24,1985-07-24,Colombia,Douglas,Douglas Dc 6Bfac,Leticia Colombia,Colombiana Aérea Fuerza,80,80,0,80
1939,Qtr 4,October,10,1939-10-10,Colombia,Junkers,Junkers W 34C,Calarmar Colombia,Scarta,5,5,0,5
1980,Qtr 4,December,21,1980-12-21,Colombia,Aerospatiale,Aerospatiale Caravelle 6Rhk 1810,Near Rio Hacha Colombia,Caribe Del Aereos Transportes,70,70,0,70
1981,Qtr 3,August,27,1981-08-27,Colombia,Vickers,Vickers Viscount 745Dhk 1320,Mt. Elena Colombia,Colombia Aeropesca,50,50,0,50
1981,Qtr 3,July,25,1981-07-25,Colombia,Douglas,Douglas C 53D,Caruru Colombia,Transamazonica,9,5,0,5
1982,Qtr 1,February,19,1982-02-19,Colombia,Douglas,Douglas Dc 6Bfhk,Cerro El Tablazo Colombia,Columbia Lac,4,4,0,4
1976,Qtr 1,February,4,1976-02-04,Colombia,Douglas,Douglas Dc 6Ahk,Off Santa Maria Colombia,Colombia Lac,3,3,0,3
1982,Qtr 1,March,26,1982-03-26,Colombia,Vickers,Vickers Viscount 745Dhk 2382,Queate Colombia,Colombia Aeropesca,21,21,0,21
1988,Qtr 3,July,6,1988-07-06,Colombia,Canadair,Canadair Cl 44Jhk,Barranquilla Colombia,Suramericanas Aéreas Lineas,8,8,0,8
1990,Qtr 1,February,5,1990-02-05,Colombia,Grumman,Grumman G 159 Gulfstream Ihk,Near Ibague Colombia,Colombia De Nacionales Helicopteros,15,15,0,15
2016,Qtr 4,November,28,2016-11-28,Colombia,Avro,Avro Rj 85Cp,Near La Union Colombia,Bolivia Lamia,77,71,0,71
1979,Qtr 4,December,18,1979-12-18,Colombia,Douglas,Douglas Dc 4 (C,Cerro Toledo Mountain Colombia,Satena,21,21,0,21
1986,Qtr 2,April,27,1986-04-27,Colombia,De Havilland,De Havilland Canada Dhc 6 Twin Otter 300Hk,Near Saravena Colombia,Colombia Aces,13,13,0,13
1989,Qtr 4,November,27,1989-11-27,Colombia,Boeing,Boeing B 727,Bogota Colombia,Avianca,107,107,3,110
1984,Qtr 1,March,13,1984-03-13,Colombia,Curtiss,Curtiss C 46Ahk,Barranquilla Colombia,Colombia Aerosucre,6,4,0,4
1980,Qtr 4,November,24,1980-11-24,Colombia,Douglas,Douglas C 47A,Near Medellin Colombia,Ados De General Direccion La De F.R.,20,20,0,20
1981,Qtr 3,September,2,1981-09-02,Colombia,Embraer,Embraer 110P1 Bandeirantehk 2651,Paipa Colombia,Venado El Aereo,22,21,0,21
1951,Qtr 2,June,13,1951-06-13,Colombia,Douglas,Douglas C 47Ahk,Medellin Colombia,Medellin Aeronautica Sociedad,3,3,0,3
1949,Qtr 4,November,26,1949-11-26,Colombia,Douglas,Douglas Dc 3Hk,Near Bucaramanga Colombia,Lansa,12,12,0,12
1978,Qtr 1,January,27,1978-01-27,Colombia,Douglas,Douglas Dc 3Hk,Near San Vincente Colombia,Sadelca,14,14,0,14
1950,Qtr 2,April,15,1950-04-15,Colombia,Douglas,Douglas C 47 (Dc,Santa Ana Colombia,Nacionales Aéreas Lineas,4,2,0,2
1948,Qtr 4,December,15,1948-12-15,Colombia,Douglas,Douglas C 47C,Near Bogata Colombia,Lansa,30,30,0,30
1979,Qtr 4,November,30,1979-11-30,Colombia,Grumman,Grumman G 21 Goosehk,San Andres Island Colombia,Gaviola La Aerolineas,9,9,0,9
1975,Qtr 1,February,22,1975-02-22,Colombia,Canadair,Canadair Cl 44Hk,Medellin Colombia,Aerocondor,5,5,0,5
1999,Qtr 1,March,18,1999-03-18,Colombia,Douglas,Douglas Dc 3C (C,Near Tame Colombia,Colombia Aliansa,8,8,8,16
1999,Qtr 2,April,8,1999-04-08,Colombia,De Havilland,De Havilland Canada Dhc 6 Twin Otter 300Hk,Near Malaga Colombia,Aerotaca,5,5,0,5
1956,Qtr 4,December,8,1956-12-08,Colombia,Consolidated,Consolidated Pby 5A Catalinahk,Caqueta Colombia,Aida,16,14,0,14
1966,Qtr 3,September,22,1966-09-22,Colombia,Douglas,Douglas Dc 4Hk,Bogota Colombia,Avianca,2,2,0,2
1998,Qtr 4,December,22,1998-12-22,Colombia,Antonov,Antonov 32Bhk 3930X,Medellín Colombia,Selva,5,5,0,5
1966,Qtr 4,November,26,1966-11-26,Colombia,Consolidated,Consolidated  Pby 5A Catalinafac,Near La Pedrera Colombia,Satena,13,12,0,12
1956,Qtr 4,November,17,1956-11-17,Colombia,Douglas,Douglas Dc 3Hk,El Rucio Mountain Colombia,Pacifico Del Aviacion Empresa,36,36,0,36
1999,Qtr 3,July,4,1999-07-04,Colombia,Douglas,Douglas Dc 6Ahk,Villavicencio Colombia,Colombia Lanc,18,5,0,5
1965,Qtr 4,November,8,1965-11-08,Colombia,Douglas,Douglas C 47Dlhk,Near Boqueron Colombia,Tao Aerolineas,30,30,0,30
2000,Qtr 3,July,9,2000-07-09,Colombia,Curtiss,Curtiss C 46A,Villavicencio Colombia,Colombia Coral,19,13,0,13
1965,Qtr 4,October,17,1965-10-17,Colombia,Douglas,Douglas Dc 3 / Piper Pa,Bucaramanga Colombia,Avianca,19,19,0,19
1957,Qtr 1,March,9,1957-03-09,Colombia,Douglas,Douglas Dc 3Hk,El Soldado Colombia,Avianca,15,15,0,15
1999,Qtr 3,July,23,1999-07-23,Colombia,De Havilland,De Havilland Canada Dhc 7,Near Orito Colombia,Army U.S. - Military,7,7,0,7
1935,Qtr 2,June,24,1935-06-24,Colombia,Ford,Ford Tri Motor / Ford Tri,Medellin Colombia,Scadta / Columbiano Aereo Servicio,20,17,0,17
1966,Qtr 1,January,15,1966-01-15,Colombia,Douglas,Douglas Dc 6,Off Cartagena Colombia,Avianca,64,56,0,56
1966,Qtr 4,December,18,1966-12-18,Colombia,Lockheed,Lockheed L 1649A Starlinern7301C,Bogota Colombia,Colombia De Aerocondor,59,17,0,17
1995,Qtr 3,September,9,1995-09-09,Colombia,Casa,Casa 212 Aviocar 200Fac1152,Near La Macarena Colombia,Saeta,22,21,0,21
1970,Qtr 1,February,12,1970-02-12,Colombia,Douglas,Douglas Dc 3 (C,Puerto Infrida Colombia,Urraca La Aéreas Lineas,12,12,2,14
1969,Qtr 3,September,8,1969-09-08,Colombia,Douglas,Douglas Dc 3Fac,Near Medina Colombia,Satena,32,32,0,32
1995,Qtr 3,August,14,1995-08-14,Colombia,Embraer,Embraer 110P1 Bandeirantehk 2594,Nevada Del Huila Colombia,Colombia Aires,10,10,0,10
1955,Qtr 1,March,9,1955-03-09,Colombia,Douglas,Douglas C 47Ahk,Trujillo Colombia,Avianca,8,8,0,8
1947,Qtr 1,January,22,1947-01-22,Colombia,Douglas,Douglas Dc 3 ( C,Puesto Araujo Colombia,Avianca,17,17,0,17
1995,Qtr 2,May,25,1995-05-25,Colombia,Douglas,Douglas Dc 3Chk,Miraflores Colombia,Lacol,11,2,0,2
1996,Qtr 4,November,30,1996-11-30,Colombia,De Havilland,De Havilland Canada Dhc 6 Twin Otter 300Hk,Medellin Colombia,Colombia Aces,15,14,0,14
2019,Qtr 1,March,9,2019-03-09,Colombia,Douglas,Douglas Dc 3Hk,Vereda La Bendicion Colombia,Colombia Aereo Laser,14,14,0,14
1967,Qtr 2,April,26,1967-04-26,Colombia,Douglas,Douglas Dc 3Hk,Near Sogamosa Colombia,Avianca,18,17,0,17
1966,Qtr 4,December,24,1966-12-24,Colombia,Douglas,Douglas C 47A,Cascubel River Colombia,Avianca,29,29,0,29
1998,Qtr 2,April,20,1998-04-20,Colombia,Boeing,Boeing B 727,Near Bogota Colombia,France Air,53,53,0,53
1996,Qtr 4,December,21,1996-12-21,Colombia,Antonov,Antonov An 32Bhk,Rio Negro Colombia,Selva,4,4,0,4
1997,Qtr 3,July,6,1997-07-06,Colombia,Mil,Mil Mi 17 (Helicopter),Near Saravena Colombia,Army Colombian - Military,29,25,0,25
1924,Qtr 2,June,8,1924-06-08,Colombia,Junkers,Junkers F 13A16,Barranquilla Colombia,Scadta,5,5,0,5
1962,Qtr 2,April,6,1962-04-06,Colombia,Douglas,Douglas C 47Fac,Near Villavicencio Colombia,Force Air Colombian - Military,31,31,0,31
1962,Qtr 1,February,25,1962-02-25,Colombia,Douglas,Douglas C 47Ahk,Municipio De Marulanda Colombia,Avianca,2,2,0,2
2015,Qtr 3,July,31,2015-07-31,Colombia,Casa,Casa Cn 235,Near Agustin Codazzi Colombia,Force Air Colombia - Military,11,11,0,11
2006,Qtr 4,November,18,2006-11-18,Colombia,Boeing,Boeing 727 23Fhk,Near Leticia Colombia,Colombia Aerosucre,5,5,0,5
2004,Qtr 4,October,15,2004-10-15,Colombia,Douglas,Douglas Dc 3Chk,Near Medellin Colombia,Aerovanguardia,3,3,0,3
2005,Qtr 1,January,13,2005-01-13,Colombia,Black,Black Hawk Helicopter,Manguipayan Colombia,Government Colombian - Military,20,20,0,20
1962,Qtr 2,April,22,1962-04-22,Colombia,Douglas,Douglas C 47A,Serrania Del Baudo Colombia,Avispa,40,40,0,40
2007,Qtr 4,October,8,2007-10-08,Colombia,Let,Let 410 Uvp E10Ahk,Near Cubarral Colombia,Aviacion De Nacional,17,17,0,17
1960,Qtr 1,March,19,1960-03-19,Colombia,Curtiss,Curtiss C 46Hk,Cordoba Colombia,Samsa,46,25,0,25
1960,Qtr 1,March,15,1960-03-15,Colombia,Consolidated,Consolidated Pby 5A Catalinahk,El Refugio Colombia,Aviada De Interamericana Agencia,13,6,0,6
1959,Qtr 4,December,8,1959-12-08,Colombia,Curtiss,Curtiss C 46Ahk,Off Cartagena Colombia,Medellin Aeronautica Sociedad,45,45,0,45
2008,Qtr 3,July,7,2008-07-07,Colombia,Boeing,Boeing B 747,Near Bogota Colombia,Cargo Air Centurian,8,0,3,3
1936,Qtr 3,August,6,1936-08-06,Colombia,Junkers,Junkers F 13C,Choco Colombia,Scadta,3,2,0,2
1942,Qtr 4,October,24,1942-10-24,Colombia,Boeing,Boeing 247C 144,La Esperanza Colombia,Avianca,6,6,0,6
1960,Qtr 2,April,19,1960-04-19,Colombia,Curtiss,Curtiss C 46Hk,Bogota Colombia,Colombiano Aereo Lloyd,51,37,0,37
1962,Qtr 3,August,23,1962-08-23,Colombia,Douglas,Douglas Dc 3Hk,Barrancabermeja Colombia,Airlines Taxader,32,20,0,20
2001,Qtr 1,January,31,2001-01-31,Colombia,Sud,Sud Aviation Se 210 Caravelle 10Rhk,El Yopal Colombia,Suramericanas Aereas Lineas,6,3,0,3
2001,Qtr 4,December,16,2001-12-16,Colombia,Let,Let 410Uvp Ehk,Near Medellin Colombia,Heliandes,16,16,0,16
1964,Qtr 3,September,15,1964-09-15,Colombia,Douglas,Douglas C 47Ahk,Near Condoto Colombia,Avianca,2,2,0,2
1935,Qtr 3,July,28,1935-07-28,Colombia,Junkers,Junkers W 34406,El Retiro Colombia,Colombiana Aerea Fuerza,5,5,0,5
2014,Qtr 2,May,8,2014-05-08,Colombia,Douglas,Douglas Dc 3Chk,Near San Vicente Del Caguan Colombia,Colombia Alisansa,6,6,0,6
2000,Qtr 3,September,2,2000-09-02,Colombia,Douglas,Douglas C 47Fac1659,Mount Montezuma Colombia,Colombiana Aérea Fuerza - Military,7,7,0,7
1965,Qtr 1,March,22,1965-03-22,Colombia,Douglas,Douglas C 47Hk,Sugar Loaf Mountain Colombia,Avianca,28,28,0,28
2002,Qtr 1,January,28,2002-01-28,Colombia,Boeing,Boeing B 727,Near Ipiales Colombia,Tame,92,92,0,92
2003,Qtr 4,December,18,2003-12-18,Colombia,Douglas,Douglas Dc 9,Mitu Colombia,Suramericanas Aéreas Líneas,3,3,0,3
2004,Qtr 2,May,5,2004-05-05,Colombia,Swearingen,Swearingen Sa227Ac Metro Iiihk 4275,Carepa Colombia,Petroleros Aerotransportes,7,3,0,3
1962,Qtr 4,December,6,1962-12-06,Colombia,Douglas,Douglas C 47Hk,Barrancabermeja Colombia,Airlines Taxader,26,24,0,24
1936,Qtr 1,January,14,1936-01-14,Colombia,Junkers,Junkers Ju 52624,Tres Esquinas Colombia,Colombiana Aerea Fuerza - Military,16,13,0,13
2002,Qtr 2,April,19,2002-04-19,Colombia,Antonov,Antonov An 32Ahk,Popayán Colombia,Colombia Selva,8,3,0,3
1964,Qtr 1,March,8,1964-03-08,Colombia,Douglas,Douglas Dc 3Hk,Bogota Colombia,Santander De Aereo Taxi,28,28,0,28
1920,Qtr 3,July,20,1920-07-20,Colombia,Farman,Farman F 40,Cartagena Columbia,Aérea Navegación De Colombiana Compañia,1,1,0,1
2022,Qtr 4,November,21,2022-11-21,Colombia,Piper,Piper Pa 31,Medellín Colombia,Sas Aero,8,8,0,8
1974,Qtr 1,January,9,1974-01-09,Colombia,Hawker,Hawker Siddeley Hs 748 260Fac,Near Nevia Colombia,Satena,31,31,0,31
1934,Qtr 1,March,10,1934-03-10,Colombia,Sirkorsky,Sikorsky S 38 Flying Boatnc,Pereira Colombia,(Scadta) Airways American Pan,6,5,0,5
1994,Qtr 2,May,28,1994-05-28,Colombia,Douglas,Douglas Dc 3 (C,Near Villavicencio Colombia,Colombia Transoriente,29,7,0,7
1973,Qtr 4,November,2,1973-11-02,Colombia,Handley,Handley Page Hpr 7 Herald 101Hk,Villavicencio Colombia,Urraca La Aéreas Lineas,16,6,0,6
1974,Qtr 3,July,24,1974-07-24,Colombia,Douglas,Douglas Dc 4Hk,Bogota Colombia,Colombia Aeronorte,3,3,0,3
1994,Qtr 4,October,8,1994-10-08,Colombia,Antonov,Antonov An 32Bhk3929X,Mitu Colombia,Selva,10,10,0,10
1993,Qtr 1,February,20,1993-02-20,Colombia,Convair,Convair Cv 440Hp,Bogota Colombia,Panama Three Cargo,2,2,0,2
1954,Qtr 1,January,11,1954-01-11,Colombia,Douglas,Douglas Dc 3Hk,Manizales Colombia,Avianca,21,21,0,21
1974,Qtr 1,January,17,1974-01-17,Colombia,Douglas,Douglas Dc 3Ahk,Cigorodo Colombia,Cessnyca,14,14,0,14
1994,Qtr 2,May,23,1994-05-23,Colombia,Pilatus,Pilatus Britten Norman Bn,Loma Linda Colombia,Arall,11,4,0,4
1972,Qtr 3,July,29,1972-07-29,Colombia,Douglas,Douglas Dc 3 / Douglas Dc,Villavicencio Colombia,Avianca / Avianca,38,38,0,38
1972,Qtr 1,February,5,1972-02-05,Colombia,Fairchild,Fairchild F 27Hk,Near Valledupar Colombia,Colombia Tac,19,19,0,19
1993,Qtr 2,June,6,1993-06-06,Colombia,De Havilland,De Havilland Canada Dhc 6 Twin Otter 300Hk,El Yopal Colombia,Aerotaca,2,2,0,2
1992,Qtr 3,September,19,1992-09-19,Colombia,Curtiss,Curtiss C 46F,Bogota Colombia,Colombia Avesca,11,11,0,11
1993,Qtr 2,May,19,1993-05-19,Colombia,Boeing,Boeing B 727,Near Medellin Colombia,Colombia Sam,132,132,0,132
1972,Qtr 1,January,21,1972-01-21,Colombia,Vickers,Vickers Viscount 837Hk 1347,Near Funza Colombia,Urraca La Aéreas Lineas,20,20,0,20
1971,Qtr 4,October,17,1971-10-17,Colombia,Douglas,Douglas C 47Ahk,San Vicente Del Caguan Colombia,Tao Aerolineas,21,19,0,19
1972,Qtr 1,January,21,1972-01-21,Colombia,Douglas,Douglas C 47Fac,Near Betania Colombia,Satena - Miliitary,39,39,0,39
1973,Qtr 3,August,22,1973-08-22,Colombia,Douglas,Douglas Dc 3Hk,El Yopal Colombia,Avianca,17,16,0,16
1973,Qtr 3,August,27,1973-08-27,Colombia,Lockheed,Lockheed L 188A Electrahk,Bogota Colombia,Colombia Aerocondor,42,42,0,42
1948,Qtr 1,March,15,1948-03-15,Colombia,Douglas,Douglas Dc 3 (C47,Villa Pinzon Colombia,Aviada De Interamericana Agencia,14,14,0,14
1947,Qtr 1,March,17,1947-03-17,Colombia,Lockheed,Lockheed 18 Lodestarys 28,Near Medellin Colombia,Taca,8,8,0,8
1991,Qtr 3,July,4,1991-07-04,Colombia,De Havilland,De Havilland Canada Dhc 6 Twin Otter 300Hk,El Yopal Colombia,Colombia Helicol,3,3,0,3
1955,Qtr 1,January,31,1955-01-31,Colombia,Consolidated,Consolidated Pby 5 Catalinahk,Lapadrera Colombia,Aviacion De Interamericana,5,5,0,5
1975,Qtr 1,January,8,1975-01-08,Colombia,Douglas,Douglas Dc 3Fac,Near Doncello Colombia,Satena,21,21,0,21
1947,Qtr 1,March,8,1947-03-08,Colombia,Douglas,Douglas C 47,Cordillera Colombia,Viarco,9,9,0,9
2012,Qtr 2,April,30,2012-04-30,Colombia,Bell,Bell 212Fac 4020,Sabanagrande Colombia,Colombiana Aerea -Fuerza Military,13,13,0,13
1995,Qtr 1,January,11,1995-01-11,Colombia,Mcdonnell,Mcdonnell Douglas Dc 9,Cartagena Colombia,Aviacion De Intercontinental,52,51,0,51
1974,Qtr 3,August,12,1974-08-12,Colombia,Douglas,Douglas C 47,Cali Colombia,Avianca,27,27,0,27
2010,Qtr 3,August,16,2010-08-16,Colombia,Boeing,Boeing B 737,San Andreas Island Colombia,Colombia Aires,131,2,0,2
1947,Qtr 1,February,15,1947-02-15,Colombia,Douglas,Douglas Dc 4C,Near Bogota Colombia,Avianca,53,53,0,53
1995,Qtr 2,May,9,1995-05-09,Colombia,Curtiss,Curtiss C 46Fhk,Cerro San Jeronimo Colombia,Colombia Ades,9,9,0,9
1991,Qtr 2,June,20,1991-06-20,Colombia,Douglas,Douglas Dc 6Bfhk,Near Malambo Colombia,Colombia Aerosucre,18,2,0,2
1946,Qtr 1,March,23,1946-03-23,Cocos,Avro,Avro 691 Lancastrian 1G Aglx,Off Ceylon Cocos,Indian Ocean          Islands British Overseas Airways /Qantas,10,10,0,10
1943,Qtr 1,March,13,1943-03-13,China,Douglas,Douglas C 5349,Himalaya China,Corporation Aviation National China,3,3,0,3
1943,Qtr 1,March,11,1943-03-11,China,Douglas,Douglas C 5353,Luishui China,Corporation Aviation National China,3,3,0,3
2000,Qtr 2,June,22,2000-06-22,China,Xian,Xian Yunshuji Y 7,Shitai China,Airlines Wuhan,44,44,7,51
1945,Qtr 2,April,9,1945-04-09,China,Douglas,Douglas C 4788,Kunming China,Corporation Aviation National China,3,3,0,3
1983,Qtr 3,September,14,1983-09-14,China,Hawker,Hawker Siddeley Trident 2E /  Ii 28B,Guilin China,Caac,106,11,0,11
1994,Qtr 2,June,6,1994-06-06,China,Tupolev,Tupolev Tu 154Mb,Near Xi'An China,Airlines Northwest China,160,160,0,160
1936,Qtr 4,December,26,1936-12-26,China,Douglas,Douglas Dc 2Nc14269,Nanking China,Corporation Aviation National China,0,0,0,0
1979,Qtr 1,March,14,1979-03-14,China,Hawker,Hawker Siddeley Trident 2Eb 274,Bejing China,Caac,12,12,32,44
1934,Qtr 2,April,10,1934-04-10,China,Sirkorsky,Sikorsky S 38Bbnv17V,Ningpo Bay China,Corporation Aviation National China,3,3,0,3
1986,Qtr 4,December,15,1986-12-15,China,Antonov,Antonov An 24Rvb,Near Lanzhou China,Caac,44,6,0,6
1989,Qtr 2,May,9,1989-05-09,China,Bell,Bell 412Ja9596,Near Tainjin China,Asahi Aero,0,10,0,10
1931,Qtr 4,November,24,1931-11-24,China,Stinson,Stinson,Near Tsinan China,Corporation Aviation National China,3,3,0,3
1989,Qtr 3,August,15,1989-08-15,China,Antonov,Antonov An 24Rvb,Shanghai China,China China Eastern Airlines,40,34,0,34
1930,Qtr 4,December,9,1930-12-09,China,Loening,Loening C W Air Yaht,Shanghai China,Corporation Aviation National China,6,4,0,4
1948,Qtr 1,January,20,1948-01-20,China,Curtiss,Curtiss C 46,Near Mukden China,Corporation Aviation National China,54,11,0,11
1942,Qtr 4,October,1,1942-10-01,China,Douglas,Douglas C 4769,Kunming China,Corporation Aviation National China,0,0,0,0
1947,Qtr 4,December,23,1947-12-23,China,Shorts,Short  S 29 Stirling Voo,Kunming China,Transport Air,30,25,0,25
1992,Qtr 4,October,8,1992-10-08,China,Avia,Avia 14M 40B,Near Dingxi China,Airlines Wuhan,35,14,0,14
1933,Qtr 4,November,20,1933-11-20,China,Stinson,Stinson,Near Tsinan China,Corporation Aviation National China,8,8,0,8
1990,Qtr 4,October,2,1990-10-02,China,Boeing,Boeing B 737,Guangzhou China,Airlines Xiamen / Airlines Southern China,226,128,0,128
1942,Qtr 1,March,14,1942-03-14,China,Douglas,Douglas Dc 2,Kunming China,Corporation Aviation National China,17,13,0,13
1942,Qtr 1,February,19,1942-02-19,China,Douglas,Douglas Dc 245,Zhengzhou-Xinzheng China,Corporation Aviation National China,1,1,0,1
1948,Qtr 2,June,17,1948-06-17,China,Pby,Pby Catalina,Over The Pearl River China,Pacific Cathy,26,25,0,25
1982,Qtr 4,December,24,1982-12-24,China,Illyushin,Ilyushin Il 18Bb,Guangzhou China,Caac,69,25,0,25
2001,Qtr 1,January,4,2001-01-04,China,Shaanxi,Shaanxi Yunshuji Y 8/Yunshuji Y,Zheng Zou Ab China,Army Liberation People'S - Military,16,16,6,22
1948,Qtr 3,July,29,1948-07-29,China,Curtiss,Curtiss C 46D,Tsingtao China,Transport Air Civil,19,19,0,19
1993,Qtr 4,November,13,1993-11-13,China,Mcdonnell,Mcdonnell Douglas Md 82B,Urumqi China,Airlines Northern China,102,12,0,12
1922,Qtr 2,April,8,1922-04-08,China,N/A,N/A,Pao Ting Fou China?,N/A,17,17,0,17
1993,Qtr 4,October,26,1993-10-26,China,Mcdonnell,Mcdonnell Douglas Md 82B,Fuzhou China,Airlines Eastern China,80,2,0,2
1989,Qtr 4,October,26,1989-10-26,China,Boeing,Boeing B 737,Hualien China,(Taiwan) Airlines China,54,54,0,54
1947,Qtr 3,July,31,1947-07-31,China,Douglas,Douglas C 47,Near Yumen China,Force Air Chinese - Military,26,26,0,26
2010,Qtr 3,August,24,2010-08-24,China,Embraer,Embraer Erj 190,Yichun China,Airlines Henan,96,44,0,44
1951,Qtr 3,July,20,1951-07-20,China,Douglas,Douglas C 47Af,Thudamot China,Outre-Mer Air,3,3,0,3
1954,Qtr 3,July,23,1954-07-23,China,Douglas,Douglas Dc 4Vr,Off Hainan Island China,Airways Pacific Cathay,18,10,0,10
1976,Qtr 1,January,21,1976-01-21,China,Antonov,Antonov An 24B,Near Shanghai China,Caac,40,40,0,40
1992,Qtr 4,November,24,1992-11-24,China,Boeing,Boeing B 737,Near Guilin China,Airlines Southern China,141,141,0,141
1993,Qtr 3,July,23,1993-07-23,China,British,British Aerospace 146 300B,Yinchuan China,Airlines Northwest China,113,55,0,55
1940,Qtr 4,October,29,1940-10-29,China,Douglas,Douglas Dc 2Nc14297,Near Changyi China,Corporation Aviation National China,14,9,0,9
1948,Qtr 4,December,5,1948-12-05,China,Curtiss,Curtiss C 46Xt,Kiangwan China,Transport Air Central,40,9,0,9
1941,Qtr 1,January,20,1941-01-20,China,Ford,Ford 5 At Tri,Near Kian China,Corporation Aviation National China,6,5,0,5
1944,Qtr 2,June,8,1944-06-08,China,Douglas,Douglas C 4785,Kunming China,Corporation Aviation National China,6,6,0,6
1946,Qtr 3,September,20,1946-09-20,China,Curtiss,Curtiss Wright C 46,Lochi Mountain China,Corporation Aviation National China,28,28,0,28
1943,Qtr 4,November,19,1943-11-19,China,Douglas,Douglas C 5359,Kunming China,Corporation Aviation National China,3,2,0,2
1944,Qtr 2,May,26,1944-05-26,China,Douglas,Douglas C 4782,Between Calcutta To Dinjan China,Corporation Aviation National China,12,12,0,12
1945,Qtr 4,October,30,1945-10-30,China,Curtiss,Curtiss  Wright C,Chihchiang China,Forces Air Army U.S. - Military,50,45,0,45
1946,Qtr 1,January,9,1946-01-09,China,Douglas,Douglas C 47,Changchun China,Force Air Chinese - Military,18,18,0,18
1997,Qtr 2,May,8,1997-05-08,China,Boeing,Boeing B 737,Huangtian China,Airlines Southern China,74,35,0,35
1946,Qtr 4,December,25,1946-12-25,China,Douglas,Douglas Dc 3,Near Shanghai China,Cnac,30,20,0,20
1944,Qtr 2,June,18,1944-06-18,China,Douglas,Douglas C 4771,Kweilin China,Corporation Aviation National China,4,2,0,2
2004,Qtr 2,May,18,2004-05-18,China,Illyushin,Ilyushin Ii 76Td4K,Urumqi China,Company Cargo Azal,7,7,0,7
1935,Qtr 3,August,13,1935-08-13,China,Sirkorsky,Sikorsky S 38Bnv40V,Hangow China,Corporation Aviation National China,0,0,0,0
1936,Qtr 1,March,5,1936-03-05,China,Ford,Ford 5 At,Near Tengya China,Corporation Aviation National China,6,0,0,0
1943,Qtr 4,December,18,1943-12-18,China,Douglas,Douglas C 4783,Suifu China,Corporation Aviation National China,3,3,0,3
1999,Qtr 2,April,15,1999-04-15,China,Mcdonnell,Mcdonnell Douglas Md 11Hl,Shanghi China,Air Korean,3,3,0,3
1949,Qtr 4,December,10,1949-12-10,China,Curtiss,Curtiss C 46D,Near Hoikow China,Transport Air Civil,40,17,0,17
1999,Qtr 1,February,24,1999-02-24,China,Tupolev,Tupolev Tu 154B,Rui'An China,Airlines Southwest China,61,61,0,61
1934,Qtr 3,August,10,1934-08-10,China,Sirkorsky,Sikorsky S 38B,Ningbo China,Corporation Aviation National China,0,0,0,0
1943,Qtr 4,November,19,1943-11-19,China,Douglas,Douglas C 4763,Kunming China,Corporation Aviation National China,3,3,0,3
2002,Qtr 2,May,7,2002-05-07,China,Mcdonnell,Mcdonnell Douglas Md 82B,Off Dalian China,Airlines Northern China,112,112,0,112
1996,Qtr 2,June,21,1996-06-21,China,Harbin,Harbin Yunshuji Y 12,Shanghai China,Airlines) (Feilong Aviation Dragon Flying China,12,2,0,2
1944,Qtr 4,November,30,1944-11-30,China,Douglas,Douglas C 4756,Dinjan China,Corporation Aviation National China,3,3,0,3
1946,Qtr 4,December,25,1946-12-25,China,Douglas,Douglas C 47,Shanghai China,Cata,11,11,5,16
1945,Qtr 3,September,28,1945-09-28,China,Curtiss,Curtiss C 46D42,Near Chihkiang China,Force Air Army States United - Military,20,20,0,20
1967,Qtr 4,November,5,1967-11-05,China,Convair,Convair Cv 880,Hong Kong China,Airways Pacific Cathay,127,1,0,1
1943,Qtr 3,August,11,1943-08-11,China,Douglas,Douglas C 5348,Fort Hertz China,Corporation Aviation National China,3,3,0,3
1947,Qtr 1,January,28,1947-01-28,China,Curtiss,Curtiss C 46,Near Hankow China,Corporation Aviation National China,26,25,0,25
1938,Qtr 3,August,24,1938-08-24,China,Douglas,Douglas Dc 232,Wangmoon China,Corporation Aviation National China,17,14,0,14
1946,Qtr 1,March,17,1946-03-17,China,N/A,N/A,Near Nanking China,Force Air Chinese - Military,20,20,0,20
1946,Qtr 1,March,18,1946-03-18,China,N/A,139,Between Chungking And Shanghai China,Corporation Aviation National China,0,0,0,0
1949,Qtr 4,December,9,1949-12-09,China,Curtiss,Curtiss C 46D,Near Lanchow China,Transport Air Civil,38,38,0,38
1947,Qtr 1,February,21,1947-02-21,China,Douglas,Douglas C 47,Chungking China,Force Air Chinese - Military,21,21,0,21
1945,Qtr 1,January,16,1945-01-16,China,Douglas,Douglas C 47,Near Kunming China,Corporation Aviation National China,3,3,0,3
1946,Qtr 2,April,8,1946-04-08,China,N/A,N/A,Near Shensi China?,N/A,14,14,0,14
1947,Qtr 1,January,5,1947-01-05,China,Curtiss,Curtis C 46Xt,Tsingtao China,Corporation Aviation National China,43,43,0,43
2006,Qtr 2,June,3,2006-06-03,China,Kj,Kj  2000,Yaocun China,Force Air Chinese - Military,40,40,0,40
1945,Qtr 4,October,20,1945-10-20,China,Douglas,Douglas C 47,Between Shanghi And Canton China,Corporation Aviation National China,31,31,0,31
1988,Qtr 4,October,7,1988-10-07,China,Illyushin,Ilyushin Il 14Pb,Linfen China,Airlines Shanxi,48,44,2,46
1999,Qtr 3,August,22,1999-08-22,China,Mcdonnell,Mcdonnell Douglas Md 11B,Hong Kong China,(Taiwan) Airlines China,315,3,0,3
1947,Qtr 1,January,11,1947-01-11,China,Douglas,Douglas Dc 4 (C,Off Laoag China,Transport Air Eastern Far,42,7,0,7
1946,Qtr 3,July,13,1946-07-13,China,Curtiss,Curtiss C 46,Tsinan China,Transport Air Central,49,13,0,13
1945,Qtr 4,October,16,1945-10-16,China,Curtiss,Curtiss  Wright C,Near Peking China,Forces Air Army U.S. - Military,59,59,0,59
1947,Qtr 1,January,25,1947-01-25,China,Douglas,Douglas Dc 3,Chongqing China,Corporation Aviation National China,19,19,0,19
1985,Qtr 1,January,18,1985-01-18,China,Antonov,Antonov An 24Bb,Jinan China,Caac,41,38,0,38
2009,Qtr 4,November,28,2009-11-28,China,Mcdonnell,Mcdonnell Douglas Md 11Fz,Shanghai China,Aviation Avient,7,3,0,3
1971,Qtr 2,May,25,1971-05-25,Chile,Curtiss,Curtiss C 46	Cc,Santiago Chile	Aerolineas,Alfa - Austral Flecha,4,4,0,4
1968,Qtr 2,April,8,1968-04-08,Chile,Douglas,Douglas Dc 3Cc,Near Coyhaique Chile,Ladeco,36,36,0,36
2019,Qtr 2,April,16,2019-04-16,Chile,Pilatus,Pilatus  Britten Norman Bn,Puerto Montt Chile,Aereos Service Archipelagos,6,6,0,6
1965,Qtr 1,February,6,1965-02-06,Chile,Douglas,Douglas Dc 6Bcc,San Jose Volcano Chile,Lan,87,87,0,87
1971,Qtr 2,June,17,1971-06-17,Chile,Douglas,Douglas Dc 6Cp,Near Arica Chile,Savco,6,6,0,6
2000,Qtr 3,August,6,2000-08-06,Chile,Casa,Casa 212 Ab10 Aviocar230,Puerto Montt Chile,Chile De Aérea Fuerza - Military,14,14,0,14
1972,Qtr 2,June,13,1972-06-13,Chile,Curtiss,Curtiss C 46Dcc,Santiago Chile,Austral Flecha Aerolineas,3,3,0,3
1936,Qtr 1,March,14,1936-03-14,Chile,Fairchild,Fairchild Fc 219,Ovalle Chile,Chile Lan,5,5,0,5
1961,Qtr 2,April,3,1961-04-03,Chile,Douglas,Douglas Dc 3Cc,Llico Chile,Lan,24,24,0,24
1972,Qtr 4,October,13,1972-10-13,Chile,Fairchild,Fairchild  Hiller Fh,Near San Fernando Chile,Tamu - Force Air Uruguayan,45,29,0,29
2011,Qtr 3,September,2,2011-09-02,Chile,Casa,Casa C 212 Aviocar 300Df966,Juan Fernandez Island Chile,Force Air Chilean,21,21,0,21
1977,Qtr 3,July,24,1977-07-24,Chile,Douglas,Douglas Dc 6Bfac,Near Puerto Montt Chile,Force Air Chilean - Military,82,38,0,38
1987,Qtr 3,August,4,1987-08-04,Chile,Boeing,Boeing B 737,Calama Chile,Lan,33,2,0,2
1991,Qtr 1,February,20,1991-02-20,Chile,British,British Aerospace Bae 146,Puerto Williams Chile,Lan,72,20,0,20
2009,Qtr 1,February,15,2009-02-15,Chile,Bell,Bell Uh 1Hcc,Chanco Chile,Service Flight,13,13,0,13
1982,Qtr 4,December,9,1982-12-09,Chile,Fairchild,Fairchild F 27Jcc,La Serena Chile,Chile Aeronor,46,46,0,46
1953,Qtr 2,June,15,1953-06-15,Chile,Lockheed,Lockheed 18 Loadstarcc Cld,Near Reo Copiapo Chile,Chile Lan,7,7,0,7
1978,Qtr 4,October,6,1978-10-06,Chile,Douglas,Douglas R6D 1 (Dc,Santiago De Chile Chile,Navy Us - Military,18,18,0,18
1963,Qtr 2,June,16,1963-06-16,Chile,Douglas,Douglas C 47Afac,Near Aysen Chile,Force Air Chilean - Military,20,19,0,19
1966,Qtr 3,July,11,1966-07-11,Chile,Curtiss,Curtiss C 46Dhk,Cerro El Planchon Chile,Colombia Aeropesca,8,8,0,8
1959,Qtr 1,February,18,1959-02-18,Chile,Curtiss,Curtiss C 46An68823,Belen Chile,Airways Cross Southern,5,5,0,5
1938,Qtr 2,June,19,1938-06-19,Chile,Douglas,Douglas Dc 2Nc14272,Mount  Mercedario Chile,Airways Grace American Pan,4,4,0,4
1954,Qtr 2,April,13,1954-04-13,Chile,Douglas,Douglas Dc 3956,Batuco Chile,Lan,14,14,0,14
1972,Qtr 4,December,8,1972-12-08,Chicago,Boeing,Boeing B 737,Midway Airport Chicago,Illinois United Air Lines,61,43,2,45
1967,Qtr 2,June,4,1967-06-04,Cheshire,Canadair,Canadair C 4 Argonautg,Stockport Cheshire,England British Midland Airways,84,72,0,72
2007,Qtr 2,April,27,2007-04-27,Chechnya,Mi,Mi 8,Shatoi Chechnya,Russian - Military,18,18,0,18
2002,Qtr 3,August,19,2002-08-19,Chechnya,Mil,Mil Mi 2689Red,Khankala Chechnya,Force Air Russian - Military,147,121,0,121
1965,Qtr 2,April,14,1965-04-14,Channel,Douglas,Douglas C 47Bg,Jersey Channel,Ukbritish United Airways          Islands,27,26,0,26
1999,Qtr 1,January,12,1999-01-12,Channel,Fokker,Fokker F 27 Friendship 600G,Guernsey Channel,England          Islands Channel Express,2,2,0,2
2006,Qtr 2,June,11,2006-06-11,Chad,Lockheed,Lockheed C 130 Herculestt,Abéché Chad,Force Air Chadian - Military,7,5,0,5
1952,Qtr 4,November,6,1952-11-06,Chad,Douglas,Douglas C 54B,Lake Chad Chad,Transport De Aeromaritime Union,6,5,0,5
2002,Qtr 3,July,4,2002-07-04,Central,Boeing,Boeing B 707,Bangui Central,Charter (Cargo) Airlines Republicprestige African,27,27,0,27
1986,Qtr 1,March,27,1986-03-27,Central,Sepecat,Sepecat Jaguar A,Bangui Central,Force Air French - Republicmilitary African,0,0,35,35
1959,Qtr 1,March,29,1959-03-29,Central,Nord,Nord 2501 Noratlasf Bgzb,Near Bangui Central,Transport De Aeromaritime Republicunion African,9,9,0,9
2008,Qtr 2,May,24,2008-05-24,Catalina,Eurocopter,Eurocopter As350D Astarn67Ge,Two Harbors Catalina,California          Island Island Express Helicopter Service,6,4,0,4
1947,Qtr 3,July,15,1947-07-15,Cargo,Junkers,Junkers Ju 52/3Mf,Vichy  Cargo,N/A,19,1,0,1
1950,Qtr 1,March,12,1950-03-12,Cardiff,Avro,Avro 689 Tudor 5G Akby,Llandow Airport Cardiff,Wales Fairflight Ltd.,83,80,0,80
1998,Qtr 3,September,28,1998-09-28,Cape,De Havilland,De Havilland Canada Dhc 6 Twin Otter 300D4,Praia Cape,Airlines Verde Verdecabo,22,1,0,1
1999,Qtr 3,August,7,1999-08-07,Cape,Dornier,Dornier 228 201D4,Santo Antao Cape,Airlines Verde Islandstacv-Cabo Verde,18,18,0,18
1965,Qtr 2,May,5,1965-05-05,Canary,Lockheed,Lockheed 1049G 55 Super Constellationec,Tenerife Canary,Spaincanary Islands          Islands Iberia Airlines,49,30,0,30
1980,Qtr 2,April,25,1980-04-25,Canary,Boeing,Boeing B 727,Tenerife Canary,Services Air Islandsdan,146,146,0,146
1977,Qtr 1,March,27,1977-03-27,Canary,Boeing,Boeing B 747,Tenerife Canary,Klm / Airways World American Islandspan,644,583,0,583
1966,Qtr 3,September,16,1966-09-16,Canary,Douglas,Douglas Dc 3Ec,Off Tenerife Canary,Spain          Islands Iberia Airlines,27,1,0,1
1972,Qtr 3,July,6,1972-07-06,Canary,Mcdonnell,Mcdonnell Douglas Dc 8,Off Las Palmas Canary,Spain          Islands Aviaco,10,10,0,10
1965,Qtr 4,December,7,1965-12-07,Canary,Douglas,Douglas Dc 3Ec,Tenerife Canary,Islandsspantax,32,32,0,32
1977,Qtr 4,December,11,1977-12-11,Canary,Lockheed,Lockheed P 3B Orion153428,Hierro Canary,Navy U.S. - Islandsmilitary,13,13,0,13
1993,Qtr 4,November,10,1993-11-10,Canada,Hawker,Hawker Siddeley Hs 748,Sandy Lake Canada,Manitoba Air,7,7,0,7
2010,Qtr 2,June,23,2010-06-23,Canada,Beechcraft,Beechcraft A100 King Airc Fgin,Quebec Canada,Aéropro,7,7,0,7
1991,Qtr 2,April,4,1991-04-04,Canada,Douglas,Douglas C 47B,Lake Thutade Canada,Services Air Mountain Central,7,6,0,6
1997,Qtr 4,December,9,1997-12-09,Canada,Embraer,Embraer 110P1 Bandeirantec Gvro,Little Grand Rapids Canada,Air Sowind,17,4,0,4
1978,Qtr 2,June,26,1978-06-26,Canada,Mcdonnell,Mcdonnell Douglas Dc 9,Toronto Canada,Canada Air,107,2,0,2
1974,Qtr 2,May,31,1974-05-31,Canada,Bristol,Bristol 170 Freighter 31Ecf Qwj,Rankin Inlet Canada,Lambair,2,2,0,2
1998,Qtr 2,June,18,1998-06-18,Canada,Swearingen,Swearingen Sa 226Tc Metroliner Iic,Montreal Canada,Propair,11,11,0,11
1990,Qtr 3,September,11,1990-09-11,Canada,Boeing,Boeing B 727,Off Newfoundland Canada,Faucett,18,18,0,18
1968,Qtr 1,February,7,1968-02-07,Canada,Boeing,Boeing B 707,Vancouver Canada,Lines Air Pacific Canadian,61,1,1,2
2003,Qtr 3,September,11,2003-09-11,Canada,Cessna,Cessna 208B Grand Caravanc Fkab,Near Summer Beaver Canada,Airways Wasaya,8,8,0,8
1944,Qtr 2,April,25,1944-04-25,Canada,Consolidated,Consolidated Liberator,Montreal Canada,Force Air Royal - Military,16,16,0,16
1970,Qtr 3,July,5,1970-07-05,Canada,Mcdonnell,Mcdonnell Douglas Dc 8,Toronto Canada,Canada Air,109,109,0,109
1998,Qtr 4,December,7,1998-12-07,Canada,Britten,Britten  Norman Trislanderc,Baie-Comeau Canada,Satellite Air,10,7,0,7
1996,Qtr 3,August,12,1996-08-12,Canada,De Havilland,De Havilland Canada Dhc 6 Twin Otter 300C,Markham Bay Canada,Air First,2,2,0,2
1969,Qtr 3,September,17,1969-09-17,Canada,Convair,Convair Cv 640Cf,Campbell River Canada,Airlines Western Pacific,15,4,0,4
1977,Qtr 1,February,28,1977-02-28,Canada,Douglas,Douglas Dc 3C,Near Saglouc Canada,Survair,10,4,0,4
1994,Qtr 3,September,17,1994-09-17,Canada,De Havilland,De Havilland Canada Dhc 6 Twin Otter 100C,Fish Egg Inlet Canada,Airlines Coastal Pacific,4,3,0,3
1983,Qtr 4,November,23,1983-11-23,Canada,De Havilland,De Havilland Canada Dhc 6 Twin Otter 300C,Landsdowne House Canada,Airways Austin,7,4,0,4
1953,Qtr 1,February,2,1953-02-02,Canada,Avro,Avro 685 York 1G Ahfa,Off Newfoundland Canada,(Skyways) Corporation Aircraft Lancashire,39,39,0,39
1984,Qtr 4,October,9,1984-10-09,Canada,De Havilland,De Havilland Canada Dhc 6 Twin Otter 100C,Fort Franklin Canada,Services Air Nahanni,7,7,0,7
1956,Qtr 1,February,13,1956-02-13,Canada,Bristol,Bristol 170 Freighter 31Cf Fzu,Frobisher Bay Canada,Airways Central Maritime,2,2,0,2
2001,Qtr 4,October,11,2001-10-11,Canada,Swearingen,Swearingen Sa.226Tc Metro Ic Gypa,Shamattawa Canada,Airlines Perimeter,3,2,0,2
1979,Qtr 3,September,18,1979-09-18,Canada,Britten,Britten Norman Bn 7A Lslanderc,Blink Horn Point Canada,Airlines Coastal Pacific,9,4,0,4
1931,Qtr 4,October,6,1931-10-06,Canada,Heinkel,Heinkel He 2D,Novia Scotia Canada,Lufthansa Deutsche,3,3,0,3
1963,Qtr 4,November,29,1963-11-29,Canada,Mcdonnell,Mcdonnell Douglas Dc 8F,Ste. Therese De Blainville Canada,Lines Air Canada Trans,118,118,0,118
2000,Qtr 1,March,17,2000-03-17,Canada,Douglas,Douglas C 47A,Ennadai Lake Canada,Services Air North Points,2,2,0,2
2005,Qtr 3,August,2,2005-08-02,Canada,Airbus,Airbus A 340F,Toronto Canada,France Air,309,0,0,0
1996,Qtr 4,November,22,1996-11-22,Camilitary,Lockheed,Lockheed Hc 130P Hercules64,Off Cape Mendocino Camilitary,Force Air U.S. -,11,10,0,10
1963,Qtr 2,May,3,1963-05-03,Cameroon,Douglas,Douglas Dc 6Bf,Near Buca Cameroon,Afrique Air,55,55,0,55
2010,Qtr 2,June,19,2010-06-19,Cameroon,Casa,Casa 212 Aviocartn Afa,Yangadou Cameroon,Service Aero,11,11,0,11
1955,Qtr 3,September,10,1955-09-10,Cameroon,Latecoere,Latecoere 631 (Flying Boat)F Bdre,Near Banyo Cameroon,Hydro France Societe,16,16,0,16
1984,Qtr 3,August,30,1984-08-30,Cameroon,Boeing,Boeing B 737,Douala Cameroon,Airlines Cameroon,116,2,0,2
2006,Qtr 2,April,23,2006-04-23,Cameroon,Antonov,Antonov 74Tk 200Ur,Kousséri Cameroon,Force Air Arab Lybian - Military,6,6,0,6
1955,Qtr 2,April,18,1955-04-18,Cameroon,De Havilland,De Havilland Dh 114 Heron 1Bf,Kupe Mountains Cameroons,Aeriens Transportes Des Union,14,12,0,12
1952,Qtr 1,February,19,1952-02-19,Cameroon,Consolidated,Consolidated  32 Liberator Iif Befx,Near Yaounde Cameroon,Staap,9,9,0,9
1962,Qtr 1,March,4,1962-03-04,Cameroon,Douglas,Douglas Dc 7Cg,Douala Cameroon,Airways Caledonian,111,111,0,111
1981,Qtr 4,October,31,1981-10-31,Cameroon,De Havilland,De Havilland Canada Dhc 6 Twin Otter 300Tj,Bafoussam Cameroon,Airlines Cameroon,24,1,0,1
2007,Qtr 2,May,5,2007-05-05,Cameroon,Boeing,Boeing B 737,Near Dizangue Cameroon,Airways Kenya,114,114,0,114
1961,Qtr 2,June,13,1961-06-13,Cameroon,Douglas,Douglas Dc 4Tj,Douala Cameroon,Cameroon Air,5,5,0,5
1955,Qtr 2,June,3,1955-06-03,Cameroon,Douglas,Douglas C 54Af,Fort Lamy Cameroon,Transport De Aéromaritime Union,3,3,0,3
1995,Qtr 4,December,3,1995-12-03,Cameroon,Boeing,Boeing B 737,Near Douala Cameroon,Airlines Cameroon,78,72,0,72
2007,Qtr 2,June,25,2007-06-25,Cambodia,Antonov,Antonov An 24Vxu,Near Sihanoukville Cambodia,Air Pmt,22,22,0,22
1997,Qtr 3,September,3,1997-09-03,Cambodia,Tupolev,Tupolev Tu 134Vn,Phnom Penh Cambodia,Airlines Vietnam,66,65,0,65
1972,Qtr 4,October,2,1972-10-02,Cambodia,Douglas,Douglas Dc 3Xw,Kampot Cambodia,Air Cambodia,9,9,0,9
1973,Qtr 2,May,19,1973-05-19,Cambodia,Douglas,Douglas C 47Axw,Svay Rieng Cambodia,Air Cambodia,11,11,0,11
1946,Qtr 1,March,3,1946-03-03,California,Douglas,Douglas Dc 3,Live Oak Springs California,Airlines American,27,27,0,27
1956,Qtr 1,February,17,1956-02-17,California,Douglas,Douglas R5D239116,Near Niles California,Corps Marine U.S. - Military,40,40,0,40
1991,Qtr 4,November,20,1991-11-20,California,Bell,Bell 206Bn5011K,Davis California,Inc. Helicopters Airis - Taxi Air,3,3,0,3
1968,Qtr 3,August,14,1968-08-14,California,Sirkorsky,Sikorsky S 61L Helicoptern300Y,Compton California,Airways Angeles Los,21,21,0,21
1946,Qtr 1,March,19,1946-03-19,California,Douglas,Douglas C 47B45,Hobart Mills California,Forces Air Army U.S. - Military,26,26,0,26
1953,Qtr 3,August,18,1953-08-18,California,Curtiss,Curtiss C 46Axa,Near San Diego California,Contreras Aerovias,2,2,0,2
1932,Qtr 1,February,2,1932-02-02,California,Boeing,Boeing 40 Nc291,Rio Vista California,Transport Air Boeing,2,1,0,1
1968,Qtr 2,May,22,1968-05-22,California,Sirkorsky,Sikorsky S 61L Helicoptern303Y,Paramount California,Airways Angeles Los,23,23,0,23
1987,Qtr 4,December,7,1987-12-07,California,British,British Aerospace Bae 146,San Luis Obispo California,Airlines Southwest Pacific,43,43,0,43
2000,Qtr 1,March,5,2000-03-05,California,Boeing,Boeing B 737,Burbank Calilfornia,Airlines Southwest,142,0,0,0
1965,Qtr 4,November,14,1965-11-14,California,Learjet,Learjet 23N243F,Near Palm Springs California,Inc. Service Flying Kelly Paul,8,8,0,8
1986,Qtr 3,August,31,1986-08-31,California,Md,Md Douglas Dc 9,Cerritos California,Private / Aeromexico,67,67,15,82
1979,Qtr 1,March,10,1979-03-10,California,Aerospatiale,Aerospatiale Nord 262A 33N418Sa,Off Marina Del Rey California,Inc. Lines Aire Swift,7,3,0,3
1957,Qtr 1,January,31,1957-01-31,California,Douglas,Douglas Dc 7B / U.S. Air Force F,Near Sunland California,Aircraft Douglas,6,5,3,8
2000,Qtr 1,February,16,2000-02-16,California,Mcdonnell,Mcdonnell Douglas Dc 8,Sacramento California,Worldwide Emery,3,3,0,3
1965,Qtr 2,June,28,1965-06-28,California,Boeing,Boeing B 707,San Francisco California,Airways World American Pan,153,0,0,0
1965,Qtr 2,June,25,1965-06-25,California,Boeing,Boeing C 135A60,Near Santa Ana California,Force Air U.S. - Military,85,85,0,85
1979,Qtr 3,September,19,1979-09-19,California,Boeing,Boeing Kc 135A58,Merced California,Force Air U.S. - Military,5,5,0,5
1929,Qtr 3,September,17,1929-09-17,California,Fairchild,Fairchild 71,Jacumba California,Airways Pickwick,2,1,0,1
1979,Qtr 2,April,14,1979-04-14,California,Grumman,Grumman G 21 Goosen11Cs,Off Avalon California,Airlines Catalina,11,1,0,1
1933,Qtr 1,March,25,1933-03-25,California,Lockheed,Lockheed Orion 9Nc12226,Hayward California,Airlines Varney,3,3,11,14
1991,Qtr 1,March,21,1991-03-21,California,Lockheed,Lockheed P 3C / Lockheed P,Off San Diego California,Navy U.S.  - Military / Navy U.S. - Military,27,27,0,27
1946,Qtr 4,November,13,1946-11-13,California,Douglas,Douglas C 53D,Lebec California,Airlines Western,11,11,0,11
1953,Qtr 4,October,29,1953-10-29,California,Douglas,Douglas Dc 6Vh,Near Half Moon Bay California,Airlines Pacific Commonwealth British,19,19,0,19
1932,Qtr 1,January,29,1932-01-29,California,Stinson,Stinson Sm 6000Bnc10813,Lebec California,Lines Pacific Century,8,8,0,8
1978,Qtr 3,September,25,1978-09-25,California,Boeing,Boeing B 727,San Diego California,Private / Airlines Southwest Pacific,137,137,7,144
1975,Qtr 1,January,9,1975-01-09,California,De Havilland,De Hav Can. Dhc 6 Tw Otter 100/ Cessnan6383,Whittier California,Private / Airlines West Golden,14,14,0,14
1952,Qtr 2,April,18,1952-04-18,California,Curtiss,Curtiss C 46F,Near Whittier California,Airlines) (Robin Airlines Continental North,29,29,0,29
1987,Qtr 1,March,21,1987-03-21,California,F,F  4C Phantom Jet Fighter64,Mount San Gorgonio California,Guard National Air California,2,2,0,2
2000,Qtr 1,January,31,2000-01-31,California,Mcdonnell,Mcdonnell Douglas Md 83N963As,Off Point Mugu California,Airlines Alaska,88,88,0,88
1929,Qtr 3,September,2,1929-09-02,California,Lockheed,Lockheed Veganr859E,Needles California,Aviators Associated,2,1,0,1
1991,Qtr 4,October,25,1991-10-25,California,Bell,Bell 206B Helicoptern3456M,Vallejo California,Private - Inc. Mobility Corporate,3,3,0,3
1949,Qtr 4,December,7,1949-12-07,California,Douglas,Douglas Dc 3Nc60256,Vallejo California,Airlines Arrow,9,9,0,9
1995,Qtr 1,January,14,1995-01-14,California,Bell,Bell 206Bn2209P,Los Angeles California,Ltd. Aviation Air Wolfe - Taxi Air,4,2,0,2
1971,Qtr 2,June,6,1971-06-06,California,Mcdonnell,Mcdonnell Douglas Dc 9,Near Duarte California,Corps Air Marine Us - Military /  Airwest Hughes,51,50,0,50
1929,Qtr 2,April,21,1929-04-21,California,Ford,Ford 5 At,San Diego California,Force Air U.S.Army - Military / Airlines Maddux,6,6,0,6
1994,Qtr 4,November,16,1994-11-16,California,Beechcraft,Beechcraft C99N63995,Avenal California,Ameriflight,1,1,0,1
1932,Qtr 2,May,16,1932-05-16,California,Boeing,Boeing 40Nc5589,Burbank California,Transport Air Pacific,3,3,0,3
1971,Qtr 1,March,31,1971-03-31,California,Boeing,Boeing B 720,Ontario California,Airlines Western,5,5,0,5
1953,Qtr 2,April,20,1953-04-20,California,Douglas,Douglas Dc 6Bn91303,San Francisco Bay California,Airlines Western,10,8,0,8
1934,Qtr 3,July,9,1934-07-09,California,Lockheed,Lockheed Veganc32E,San Bernardino California,Services Air United,4,3,0,3
1934,Qtr 2,June,23,1934-06-23,California,Lockheed,Lockheed Orionxa Bej,Burbank California,Service Air Centrales Aerevias,1,1,0,1
1970,Qtr 2,May,4,1970-05-04,California,Convair,Convair Cv 24052,Hamilton Afb California,Force Air U.S. - Military,14,13,0,13
1977,Qtr 3,August,1,1977-08-01,California,Bell,Bell 206B Jetrangern4Tv,Encino California,Angeles Los Knbc Private,2,2,0,2
1938,Qtr 1,February,2,1938-02-02,California,Consolidated,Consolidated Pby 2 / Consolidated Pby,Off San Clemente Island California,Navy U.S. - Military / Navy U.S. - Military,14,11,0,11
1953,Qtr 1,March,20,1953-03-20,California,Douglas,Douglas Dc 4  (C,Alvarado California,Lines Air Transocean,35,35,0,35
1972,Qtr 3,July,5,1972-07-05,California,Boeing,Boeing 737 200,San Francisco California,Airlines Southwest Pacific,86,3,0,3
1972,Qtr 3,September,24,1972-09-24,California,F,F  86 Sabrejetn275X,Sacramento California,Private,1,0,22,22
1976,Qtr 1,February,8,1976-02-08,California,Douglas,Douglas Dc 6N901Ma,Van Nuys California,Airlines Mercer,6,3,0,3
1938,Qtr 1,March,1,1938-03-01,California,Douglas,Douglas Dc 2,Near Wawona Cailifornia,Air Western And Continental Trans,9,9,0,9
1971,Qtr 2,June,28,1971-06-28,California,Douglas,Douglas Dc 3N90627,Garberville California,Park Sea Cove Shelter,24,17,0,17
1977,Qtr 1,January,6,1977-01-06,California,Gates,Gates Learjet 24Bn12Mk,Near Palm Springs California,Charter Avia Jet,4,4,0,4
1973,Qtr 2,April,12,1973-04-12,California,Lockheed,Lockheed P 3C / Convair Cv,Moffett Afb California,Nasa / Navy U.S. - Military,17,16,0,16
1929,Qtr 1,March,30,1929-03-30,California,Fokker,Fokker F Viianc7888,Near Beaumont California,Airlines Standard New,4,4,0,4
1971,Qtr 3,July,30,1971-07-30,California,Boeing,Boeing B 747,San Francisco California,Airways World American Pan,218,0,0,0
1955,Qtr 4,November,30,1955-11-30,California,Boeing,Boeing Rb 52B52,Near Ballico California,Force Air U.S. - Military,10,10,0,10
1969,Qtr 1,January,13,1969-01-13,California,Mcdonnell,Mcdonnell Douglas Dc 8,Off Los Angeles California,(Sas) Airlines Scandinavian,45,15,0,15
1992,Qtr 2,April,22,1992-04-22,California,De Havilland,De Havilland Canada Dhc 6 Twin Otter 200N141Pv,Perris Valley California,Aviation Valley Perris,22,16,0,16
1969,Qtr 1,February,18,1969-02-18,California,Douglas,Douglas Dc 3N15570,Near Lone Pine California,Airlines County Mineral,35,35,0,35
1969,Qtr 1,January,18,1969-01-18,California,Boeing,Boeing B 727,Off Los Angeles California,Lines Air United,38,38,0,38
1938,Qtr 2,May,16,1938-05-16,California,Lockheed,Lockheed 14 H2 Super Electranc17394,Near Saugus California,Airlines Orient Northwest,9,9,0,9
1978,Qtr 1,February,28,1978-02-28,California,Aero,Aero Commander 500An6143X,Solvang California,Air Security,7,7,0,7
1978,Qtr 1,March,22,1978-03-22,California,Cessna,Cessna T207An7354U,Near Riverside California,Air Havasu Lake,6,6,0,6
1935,Qtr 1,February,12,1935-02-12,California,Goodyear,Goodyear  Zeppelin U.S.S. Macon (Airship)Zrs,Off Point Sur Californiia,Navy Us - Military,83,2,0,2
1968,Qtr 4,November,23,1968-11-23,California,De Havilland,De Havilland Canada Dhc 6 Twin Otter 200N7666,Santa Ana California,Commuter Cable,9,9,0,9
1968,Qtr 4,November,22,1968-11-22,California,Mcdonnell,Mcdonnell Douglas Dc 8,Off San Francisco California,Lines Air Japan,107,0,0,0
1990,Qtr 3,September,24,1990-09-24,California,Cessna,Cessna 501 Citationn79Dd,San Luis Obispo California,Helicopters Hi,4,4,0,4
1949,Qtr 3,July,12,1949-07-12,California,Curtiss,Curtiss C 46E,Chatsworth California,Airlines Standard,48,35,0,35
1948,Qtr 1,January,28,1948-01-28,California,Douglas,Douglas Dc 3 (C,Diablo Mts. California,Carriers Transport Airline,32,32,0,32
1946,Qtr 4,December,24,1946-12-24,California,Douglas,Douglas Dc 3 ( C,Near San Diego California,Airlines Western,12,12,0,12
1973,Qtr 3,August,28,1973-08-28,California,Boeing,Boeing B 707,Thirty-Five Miles West Of Los Angeles California,Airlines World Trans,149,1,0,1
1955,Qtr 3,September,8,1955-09-08,California,Douglas,Douglas Dc 3N74663,Burbank California,Transport Air Currey,33,2,1,3
1932,Qtr 1,March,19,1932-03-19,California,Fokker,Fokker F 10Anc652E,Calimesa California,Airways American,7,7,0,7
1974,Qtr 1,March,13,1974-03-13,California,Convair,Convair Cv 440N4819C,Bishop California,Airlines Pacific Sierra,36,36,0,36
1954,Qtr 1,January,13,1954-01-13,California,F,F  88 Sabre Jet,Signal Hill California,Force Air U.S. - Military,1,1,6,7
1940,Qtr 2,June,2,1940-06-02,California,Douglas,Douglas Dc 5,El Segundo California,Company Aircraft Douglas,5,5,0,5
2013,Qtr 3,July,6,2013-07-06,California,Boeing,Boeing B 777,San Francisco California,Airlines Asiana,307,3,0,3
1945,Qtr 1,January,10,1945-01-10,California,Douglas,Douglas Dc 3Nc25684,Burbank California,Airlines American,24,24,0,24
1950,Qtr 3,August,5,1950-08-05,California,Boeing,Boeing B 29Mr46,Near Fairfield California,Force Air U.S. - Military,20,12,7,19
1985,Qtr 3,August,27,1985-08-27,California,Boeing,Boeing Kc 135A59,Beale Afb California,Force Air U.S. - Military,7,7,0,7
1964,Qtr 4,October,27,1964-10-27,California,Douglas,Douglas A 3D Skywarrior,El Centro California,Navy Us - Military,3,3,6,9
1937,Qtr 1,February,9,1937-02-09,California,Douglas,Douglas Dc 3Anc16073,Off San Francisco California,Lines Air United,11,11,0,11
1951,Qtr 3,August,24,1951-08-24,California,Douglas,Douglas Dc 6Bn37550,Decoto California,Lines Air United,50,50,0,50
2003,Qtr 4,December,23,2003-12-23,California,Gates,Gates Learjet 24Bn600Xj,Helendale California,Pavair,2,2,0,2
1963,Qtr 4,December,17,1963-12-17,California,Douglas,Douglas Dc 6Bn93131,Los Angeles California,Airlines Western,46,0,0,0
1962,Qtr 4,December,14,1962-12-14,California,Lockheed,Lockheed 1049H Super Constellationn6913C,Burbank California,Line Tiger Flying,5,5,3,8
2006,Qtr 4,December,10,2006-12-10,California,Bell,Bell 412N410Ma,Cajon Pass California,Services Air Mercy - Ambulance Air,3,3,0,3
1936,Qtr 4,December,27,1936-12-27,California,Boeing,Boeing 247Dnc13355,Newhall California,Lines Air United,12,12,0,12
1937,Qtr 1,January,12,1937-01-12,California,Boeing,Boeing 247Dnc13315,Near Newhall California,Express Air Western,13,5,0,5
2004,Qtr 4,October,24,2004-10-24,California,Learjet,Learjet 35An30Dk,San Diego California,Private - Ambulance Air Flight Med,5,5,0,5
1984,Qtr 3,August,24,1984-08-24,California,Beechcraft,Beechcraft C99 / Rockwell 112Tcn6399U/N112Sm,San Luis Obispo California,Private / Airlines West Wings,17,17,0,17
1944,Qtr 4,December,1,1944-12-01,California,Douglas,Douglas Dc 3Nc17322,Van Nuys California,Air Western And Continental Trans,17,9,0,9
1931,Qtr 2,May,5,1931-05-05,California,Boeing,Boeing 40Nc5390,Burbank California,Transport Air Pacific,2,2,0,2
1931,Qtr 3,September,16,1931-09-16,California,Boeing,Boeing 40Nc10347,Oakland California,Transport Air Pacific,4,4,0,4
1951,Qtr 3,September,12,1951-09-12,California,Boeing,Boeing 377 Stratocruiser 10 34N31230,Off Redwood City California,Lines Air United,3,3,0,3
1930,Qtr 1,January,19,1930-01-19,California,Ford,Ford 5 At,Oceanside California,Airlines Maddux,16,16,0,16
1964,Qtr 2,May,7,1964-05-07,California,Fairchild,Fairchild F 27An2770R,San Ramon California,Lines Air Pacific,44,44,0,44
1981,Qtr 1,February,22,1981-02-22,California,Sirkorsky,Sikorsky S 62An324Y,Avalon California,Taxi Air - Helicopter,8,2,0,2
1935,Qtr 3,September,1,1935-09-01,California,Boeing,Boeing 247Nc13314,Burbank California,Express Air Western,3,3,0,3
2021,Qtr 4,December,27,2021-12-27,California,Learjet,Learjet 35An880Z,El Cajon California,Jet Med,4,4,0,4
1938,Qtr 4,November,29,1938-11-29,California,Douglas,Douglas Dc 3 A,Off Point Reyes California,Lines Air United,7,5,0,5
1958,Qtr 1,February,1,1958-02-01,California,Douglas,Douglas C 118A / Lockheed P2V,Norwalk California,Navy U.S. - Military / Force Air  U.S. - Military,41,41,1,42
1959,Qtr 1,January,14,1959-01-14,California,Curtiss,Curtiss C 46Fn1240N,Panther Peak California,Freight Air California,2,2,0,2
1942,Qtr 4,October,23,1942-10-23,California,Douglas,Douglas Dc 3 / Lockheed B,Palm Springs California,Usaf - Military / Airlines American,13,12,0,12
1982,Qtr 3,July,23,1982-07-23,California,Bell,Bell Uh 1B Huey Helicoptern87701,Castaic California,Helicopter Western,1,0,3,3
2008,Qtr 3,August,5,2008-08-05,California,Sirkorsky,Sikorsky S 61Nn612Az,Near Junction City California,Department Fire City Junction,13,9,0,9
1930,Qtr 4,November,18,1930-11-18,California,Boeing,Boeing 40Nc5340,Techachapi Mountains California,Transport Air Pacific,3,3,0,3
1985,Qtr 1,February,19,1985-02-19,California,Boeing,Boeing B 747,300 Nm Nw Of San Francisco California,(Taiwan) Airlines China,274,0,0,0
1964,Qtr 4,December,24,1964-12-24,California,Lockheed,Lockheed L 1049H Super Constellationn6915C,Near San Francisco California,Line Tiger Flying,3,3,0,3
1930,Qtr 1,January,2,1930-01-02,California,N/A,N/A,Off Venice California?,N/A,10,10,0,10
1944,Qtr 4,November,4,1944-11-04,California,Douglas,Douglas Dc 3Nc28310,Hanford California,Air Western And Continental Trans,24,24,0,24
1963,Qtr 1,February,3,1963-02-03,California,Lockheed,Lockheed 1049H Super Constellationn9740Z,San Francisco California,Airways Slick,8,4,0,4
1945,Qtr 1,February,13,1945-02-13,California,Douglas,Douglas R4D 650765,Off Oakland California,Navy U.S. - Military,24,24,0,24
1957,Qtr 3,July,25,1957-07-25,California,Convair,Convair Cv 240N8405H,Daggett California,Airlines Western,16,1,0,1
1959,Qtr 4,October,26,1959-10-26,California,Douglas,Douglas C 47A,Santa Maria California,Lines Air Pacific,19,1,1,2
1943,Qtr 1,January,21,1943-01-21,California,Martin,Martin M 130 (Flying Boat)Nc14715,Ukiah California,Airways World American Pan,19,19,0,19
1933,Qtr 2,April,23,1933-04-23,Calabria,Cams,Cams 53 1F,Near Castrovillari Calabria,Italy Air Orient,8,5,0,5
1991,Qtr 1,March,16,1991-03-16,Caduncan,Hawker,Hawker  Siddeley Dh,San Diego Caduncan,Sales Aircraft,10,10,0,10
1976,Qtr 3,July,5,1976-07-05,Burma,Douglas,Douglas C 47,Daiku Burma,Force Air Burma - Military,17,17,0,17
1987,Qtr 2,June,21,1987-06-21,Burma,Fokker,Fokker F 27 Friendship 200Xy,Heho Burma,Airways Burma,45,45,0,45
1955,Qtr 3,September,2,1955-09-02,Burma,Douglas,Douglas Dc 3Xy,Lanywa Burma,Airways Burma Of (Myanmar)Union,12,12,0,12
1946,Qtr 3,July,25,1946-07-25,Burma,Douglas,Douglas C 47 Dakotakn585,Bassein Burma,Force Air -Royal Military,22,22,0,22
1972,Qtr 3,August,16,1972-08-16,Burma,Douglas,Douglas Dc 3 (C,Near Sandoway Burma,Airways Burma,31,26,0,26
1956,Qtr 3,August,8,1956-08-08,Burma,Douglas,Douglas Dc 3Xy,Thazi Burma,Airways Burma Of Union,22,12,0,12
1969,Qtr 2,May,23,1969-05-23,Burma,Douglas,Douglas C 47Xy,Near Lashio Burma,Airways Burma Of Union,6,6,0,6
1978,Qtr 3,August,26,1978-08-26,Burma,De Havilland,De Havilland Canada Dhc 6 Twin Otter 300Xy,Papun Burma,Airways Burma,14,14,0,14
1963,Qtr 2,June,10,1963-06-10,Burma,Douglas,Douglas Dc 3Xy,Mt. Kaolokung Burma,Airways Burma Of Union,20,20,0,20
1978,Qtr 1,March,25,1978-03-25,Burma,Fokker,Fokker F 27 Friendship 200Xy,Okaraba Burma,Airways Burma,48,48,0,48
1962,Qtr 2,May,8,1962-05-08,Burma,Douglas,Douglas C 47Ub,Near Mong Pa Liao Burma,Force Air Burma Of Union - Military,32,32,0,32
1980,Qtr 1,January,24,1980-01-24,Burma,Fairchild,Fairchild Fh 227H5003,Near Mandalay Burma,Force Air Burma Of Union - Military,44,43,0,43
1931,Qtr 2,June,7,1931-06-07,Burma,Fokker,Fokker F Viibph,Near Sandoway Burma,Orient Air,4,4,0,4
1977,Qtr 3,September,8,1977-09-08,Burma,De Havilland,De Havilland Canada Dhc 6 Twin Otter 300Xy,Mt. Loi Hsam Hsao Burma,Airways Burma,19,19,0,19
1972,Qtr 4,November,4,1972-11-04,Bulgaria,Illyushin,Ilyushin Il 14Plz,Near Plovdiv Bulgaria,Airlines Bulgarian Balkan,35,35,0,35
1975,Qtr 4,November,22,1975-11-22,Bulgaria,Antonov,Antonov An 24Blz,Sofia Bulgaria,Airlines Bulgarian Balkan,48,3,0,3
1952,Qtr 4,December,6,1952-12-06,Bulgaria,Sunov,Lisunov Li 2,Near Sofia Bugaria,Tabso,18,18,0,18
1941,Qtr 4,October,28,1941-10-28,Bulgaria,Junkers,Junkers Ju 53/3Md,Near Petrich Bulgaria,Lufthansa Deutsche,13,13,0,13
1955,Qtr 3,July,27,1955-07-27,Bulgaria,Lockheed,Lockheed 049 Constellation4X Akc,Near Petrich Bulgaria,Al El,58,58,0,58
1988,Qtr 3,August,2,1988-08-02,Bulgaria,Yakovlev,Yakovlev Yak 40Lz,Sofia Bulgaria,Airlines Bulgarian Balkan,37,29,0,29
1962,Qtr 2,June,4,1962-06-04,Bulgaria,Tupolev,Tupolev Tu 104Bcccp,Sofia Bulgaria,Aeroflot,5,5,0,5
1984,Qtr 1,January,10,1984-01-10,Bulgaria,Tupolev,Tupolev Tu 134Alz,Sofia Bulgaria,Airlines Bulgarian Balkan,50,50,0,50
1971,Qtr 4,December,21,1971-12-21,Bulgaria,Illyushin,Ilyushin Il 18Blz,Sofia Bulgaria,Airlines Bulgarian Balkan,73,28,0,28
1916,Qtr 3,July,28,1916-07-28,Bulgaria,Schutte,Schutte  Lanz S,Near Jambol Bulgeria,Army German - Military,20,20,0,20
1971,Qtr 3,September,17,1971-09-17,Bulgaria,Antonov,Antonov An 14Lz,Rila Mountain Bulgaria,Airlines Bulgarian Balkan,9,9,0,9
1978,Qtr 1,March,16,1978-03-16,Bulgaria,Tupolev,Tupolev Tu 134Lz,Vrastsa Bulgaria,Airlines Bulgarian Balkan,73,73,0,73
1931,Qtr 3,July,24,1931-07-24,Bulgaria,Fokker,Fokker F Viif,Kurudjevo Bulgaria,Cidna,7,7,0,7
1968,Qtr 3,September,3,1968-09-03,Bulgaria,Illyushin,Ilyushin Il 18Lz,Near Burgas Bulgaria,Tabso Bulair,89,47,0,47
1951,Qtr 1,February,3,1951-02-03,Buea,Douglas,Douglas Dc 4F,Near Mt. Cameroon Buea,British Cameroons Air France,29,29,0,29
1923,Qtr 3,September,14,1923-09-14,Buckinghamshire,De Havilland,De Havilland Dh 34G,Near Ivinghoe Buckinghamshire,England Daimler Airways,5,5,0,5
1981,Qtr 4,December,16,1981-12-16,Brunei,Aerospatiale,Aerospatiale Puma9M Ssc,Kuala Belait Brunei,Helicopters Bristow,12,12,0,12
1947,Qtr 2,April,28,1947-04-28,British,Lockheed,Lockheed 18 Loadstarcf Tdf,Near Vancouver British,Canada          Columbia Trans Canada Air Lines,15,15,0,15
1956,Qtr 4,December,9,1956-12-09,British,Canadair,Canadair Dc 4M,Near Chilliwack British,Canada          Columbia Trans Canada Air Lines,62,62,0,62
1999,Qtr 1,January,13,1999-01-13,British,Douglas,Douglas Dc 3Cc,Mayne Island British,Canada          Columbia Kelowna Flightcraft Air Charter,2,2,0,2
1995,Qtr 3,September,27,1995-09-27,British,De Havilland,De Havilland Dash 3C,Campbell River British,Canada          Columbia Western Straits Air,10,8,0,8
1950,Qtr 4,December,22,1950-12-22,British,Douglas,Douglas Dc 3Cf,Penticton British,Canada          Columbia Canadian Pacific Air Lines,18,2,0,2
1983,Qtr 3,September,2,1983-09-02,British,Britten,Britten  Norman Bn,Near Smithers British,Canada          Columbia Central Mountain Air Services,9,9,0,9
2007,Qtr 3,July,8,2007-07-08,British,De Havilland,De Havilland Dhc 6 Twim Otter 100C,Muncho Lake British,Canada          Columbia Liard Air,5,1,0,1
1965,Qtr 3,July,8,1965-07-08,British,Douglas,Douglas Dc 6Bcf,Dog Creek British,Canada          Columbia Canadian Pacific Air Lines,52,52,0,52
1996,Qtr 3,August,18,1996-08-18,British,De Havilland,De Havilland Canada Dhc 3 Turbo Otterc,Near Alliford Bay British,Canada2Harbour Air          Columbia,3,3,0,3
1996,Qtr 3,August,14,1996-08-14,British,Douglas,Douglas Dc 4C,Near Bronson Creek British Canada,Canada          Columbia Air North,3,1,0,1
2004,Qtr 3,July,12,2004-07-12,British,Convair,Convair Cv 440N4826C,Off Beef Island British,Cargo Air Islandsdodita Virgin,2,1,0,1
1978,Qtr 1,February,11,1978-02-11,British,Boeing,Boeing B 737,Cranbrook British,Canada          Columbia Pacific Western Airlines,49,42,0,42
1946,Qtr 3,August,31,1946-08-31,British,Supermarine,Supermarine Stranraer (Flying Boat)Cf Byl,Near Prince Rupert British,Canada          Columbia Queen Charlotte Airlines,7,7,0,7
1998,Qtr 3,August,4,1998-08-04,British,De Havilland,De Havilland Dash 2 Beaverc,Kincolith British,Canada          Columbia Harbour Air Seaplanes Ltd.,5,5,0,5
1979,Qtr 3,September,30,1979-09-30,British,De Havilland,De Havilland Canada Dhc 6 Twin Otter 200C,Porpoise Bay British,Air Coast Canadawest Columbia,16,2,0,2
1996,Qtr 2,May,9,1996-05-09,British,De Havilland,De Havilland Canada Dhc 3 Otterc,Near Terrace British,Canada          Columbia Buffalo Narrows Airways,2,2,0,2
2008,Qtr 4,November,16,2008-11-16,British,Grumman,Grumman G 21A Goosec,Thormanby Island British,Canada          Columbia Pacific Coastal Airlines,8,7,0,7
1993,Qtr 1,January,14,1993-01-14,British,Douglas,Douglas C 47Ac,Near Bronson Creek British Canada,Colombia Central Mountain Air Services,2,2,0,2
2008,Qtr 3,August,3,2008-08-03,British,Grumman,Grumman G 21A Goosec,North Vancouver Island British,Canada          Colombia Pacific Coastal Airlines,7,5,0,5
1942,Qtr 4,December,20,1942-12-20,British,Lockheed,Lockheed 14 H2 Super Electracf,Near Chilliwack British,Canada          Columbia Canadian Pacific Air Lines,13,13,0,13
1913,Qtr 3,August,6,1913-08-06,British,Curtiss,Curtiss Seaplane,Victoria British,Canada          Columbia Private,1,1,0,1
1942,Qtr 1,February,20,1942-02-20,Brisbane,De Havilland,Dehavilland Dh 86Vh,Off Belmont Brisbane,Australia Qantas,9,9,0,9
1928,Qtr 2,May,7,1928-05-07,Brazil,Latecoere,Latecoere 26F Aimq,"Florianopolis Brazil
Florianopolis",Brazilflorianopolis,5,1,0,1
1958,Qtr 3,August,11,1958-08-11,Brazil,Douglas,Douglas Dc 4Pp,Near Belem Brazil	Loide,Nacional Aéreo,11,10,0,10
2011,Qtr 2,April,21,2011-04-21,Brazil,Embraer,Embraer/Piper Emb 810C Senecapt,Manaus Brazil	Amazonaves,Taxi Air,7,7,0,7
1993,Qtr 1,March,23,1993-03-23,Brazil,Embraer,Embraer Emb 110 Bandeirantepp,Near Tangara De Serra Brazil,Aereas Linhas Oeste,6,6,0,6
1942,Qtr 3,September,28,1942-09-28,Brazil,Lockheed,Lockheed 18 Loadstarpp Pbg,Near Sao Paulo Brazil,Sa Brasil Do Panair,15,15,0,15
1997,Qtr 1,February,14,1997-02-14,Brazil,Boeing,Boeing B 737,Carajas Brazil,Varig,52,1,0,1
1975,Qtr 2,June,17,1975-06-17,Brazil,Hawker,Hawker Siddeley Hs 748,Pedro Alfonso Brazil,Varig,15,1,3,4
2009,Qtr 1,February,7,2009-02-07,Brazil,De Havilland,Bandeirante Emb 110P1Pt,Manacapuru Brazil,Manaus Aerotaxi,28,24,0,24
1996,Qtr 4,October,31,1996-10-31,Brazil,Fokker,Fokker 100Pt Mrk,Sao Paolo Brazil,(Brazil) Tam,95,95,3,98
2006,Qtr 1,March,31,2006-03-31,Brazil,Let,Let L410Uvp E20Pt,Rio Bonito Brazil,Air Team,19,19,0,19
1949,Qtr 4,December,1,1949-12-01,Brazil,Douglas,Douglas Dc 3 (C,Taquaracucu Brazil,Real,22,20,0,20
1945,Qtr 1,February,15,1945-02-15,Brazil,Lockheed,Lockheed 18 Loadstarpp Nae,Lagoa Santa Brazil,Brasileira Aerea Navegacao,11,11,0,11
1950,Qtr 3,July,28,1950-07-28,Brazil,Lockheed,Lockheed 049 Constellationpp Pcg,Porte Alegre Brazil,Brasil Do Panair,50,50,0,50
1973,Qtr 2,June,1,1973-06-01,Brazil,Sud,Sud Aviation Se 210 Caravelle Vinpp,Sao Luis Brazil,Cruzeiro,23,23,0,23
2003,Qtr 2,June,11,2003-06-11,Brazil,Embraer,Embraer 820C Navajopt Ehh,Belo Horizonte Brazil,Taxi Air Astro,4,4,0,4
2002,Qtr 4,December,26,2002-12-26,Brazil,Embraer,Embraer  110 C,Curitiba Brazil,Force Air Brazilian - Military,16,3,0,3
1950,Qtr 2,May,30,1950-05-30,Brazil,Douglas,Douglas Dc 3Pp,Near Ilheus Brazil,Brasil Aerovias,15,13,0,13
1994,Qtr 4,October,14,1994-10-14,Brazil,Lockheed,Lockheed C 130Ec,Near Formoso Do Aragala Brazil,Force Air Brazilian - Military,21,21,0,21
1950,Qtr 4,December,13,1950-12-13,Brazil,Douglas,Douglas Dc 3Pp,Londrina Brazil,Vasp,31,0,3,3
1950,Qtr 4,December,14,1950-12-14,Brazil,Douglas,Douglas Dc 3Pp,Ribeirao Brazil,Vasp,20,1,1,2
1950,Qtr 3,July,30,1950-07-30,Brazil,Lockheed,Lockheed 18 Lodestarp Saa,Algrete Brazil,)Savg        Gaucha Viacao (S.A. Savg,12,12,0,12
1944,Qtr 3,September,21,1944-09-21,Brazil,Lockheed,Lockheed 18 Lodestarpp Pbh,Rio Doce Brazil,Brasil Do Panair,17,17,0,17
1972,Qtr 2,May,29,1972-05-29,Brazil,Lockheed,Lockheed 049 Constellationpp Pdg,Cruzeiro Do Sul Acre Brazil,Exportacao E Importacao Amazonese,18,9,0,9
1968,Qtr 3,July,15,1968-07-15,Brazil,Curtiss,Curtiss C 46Cpp,Gravata Brazil,Varig,3,3,0,3
2004,Qtr 2,May,14,2004-05-14,Brazil,Embraer,Embraer 120Er Brasiliapt Wro,Near Manaus Brazil,Aereas Linhas Rico,33,33,0,33
1963,Qtr 2,May,3,1963-05-03,Brazil,Convair,Convair Cv 340,Sao Paulo Brazil,Cruzeiro,50,37,0,37
1970,Qtr 1,March,14,1970-03-14,Brazil,Fairchild,Fairchild  Hiller Fh,Belem Bay Brazil,Aereos Transportes Paraense,40,38,0,38
2004,Qtr 4,December,11,2004-12-11,Brazil,Embraer,Embraer Emb 110 Bandeirantept,Uberaba Brazil,Táxi-Aéreo Nhr,2,2,1,3
1968,Qtr 4,October,20,1968-10-20,Brazil,Douglas,Douglas C 47A,Feijó Brazil,Cruzeiro,19,19,0,19
1994,Qtr 2,May,7,1994-05-07,Brazil,Embraer,Embraer 110 Bandeirantept Gjw,Sao Gabriel Brazil,Aero Taxi Rico,16,8,0,8
1972,Qtr 2,April,12,1972-04-12,Brazil,Namc,Namc Ys 11A,Near Rio De Janeiro Brazil,Vasp,25,25,0,25
1948,Qtr 3,July,14,1948-07-14,Brazil,Douglas,Douglas C 47App,Belem Brazil,Brasil Aerovias,5,5,0,5
2007,Qtr 3,July,17,2007-07-17,Brazil,Airbus,Airbus A 320,Sao Paulo Brazil,(Brazil) Tam,187,187,12,199
2001,Qtr 3,September,15,2001-09-15,Brazil,Fokker,Fokker 100Pt Mrn,Belo Horizonte Brazil,(Brazil) Tam,82,1,0,1
1947,Qtr 1,January,3,1947-01-03,Brazil,Sirkorsky,Sikorsky S 43B (Flying Boat)Pp,Sao Paulo Brazil,Brasil Do Panair,14,11,0,11
1973,Qtr 4,October,23,1973-10-23,Brazil,Namc,Namc Ys 11A,Guanabara Bay Brazil,Vasp,65,8,0,8
2000,Qtr 3,August,2,2000-08-02,Brazil,Sirkorsky,Sikorsky S 76Pt,Cubatao Brazil,Taxi Air Lider - Taxi Air,6,6,0,6
1947,Qtr 2,June,11,1947-06-11,Brazil,Avro,Avro 691 Lancastrianlv Acs,Near Natal Brazil,Argentina Mercante Aérea Flota,18,5,0,5
1973,Qtr 3,September,30,1973-09-30,Brazil,Douglas,Douglas Dc 3Apt,Miritituba Brazil,Aeronorte,9,9,0,9
2010,Qtr 1,January,25,2010-01-25,Brazil,Embraer,Embraer Emb 110C Bandeirantept,Near Senador Jose Porfírio Brazil,Aereo Taxi Piquiatuba,10,2,0,2
1948,Qtr 1,February,27,1948-02-27,Brazil,Douglas,Douglas C 472040,Near Belem Brazil,Force Air Brazilian - Military,26,23,0,23
2006,Qtr 3,September,29,2006-09-29,Brazil,Boeing,Boeing B 737,Near Sao Felix Do Araguaia  Brazil,Private / Airlines Gol,161,154,0,154
1969,Qtr 3,September,14,1969-09-14,Brazil,Douglas,Douglas Dc 3Pp,Londrina-Parana Brazil,Vasp,21,20,0,20
1943,Qtr 3,August,27,1943-08-27,Brazil,Junkers,Junkers Ju 52/3Mpp,Rio De Janeiro Brazil,Vasp,21,18,0,18
1948,Qtr 1,March,13,1948-03-13,Brazil,Douglas,Douglas Dc 3Pp,Sierra Cristais Brazil,Cruzeiro,6,6,0,6
2007,Qtr 1,March,14,2007-03-14,Brazil,Rockwell,Rockwell 500S Shrike Commanderpp Sec,Fazenda Nossa Senhora De Lourdes Brazil,Aéreo Taxi Aéreobahia Taxi Aéreobahia Taxi Bahia,4,4,0,4
1973,Qtr 2,June,9,1973-06-09,Brazil,Boeing,Boeing 707 327Cpp,Rio De Janeiro Brazil,Varig,4,2,0,2
1944,Qtr 2,June,20,1944-06-20,Brazil,Lockheed,Lockheed 10C Electrapp Vag,Porto Alegre Brazil,Varig,10,10,0,10
1946,Qtr 3,September,27,1946-09-27,Brazil,Douglas,Douglas Dc 3A,Rio Doce Brazil,Brasil Do Panair,25,25,0,25
1949,Qtr 2,June,7,1949-06-07,Brazil,Douglas,Douglas C 47Bc,Near Florianpolis Brazil,Force Air Brazilian - Military,27,27,0,27
1997,Qtr 3,July,9,1997-07-09,Brazil,Fokker,Fokker 100Pt Whk,Suzano Brazil,(Brazil) Tam,60,1,0,1
1949,Qtr 3,August,3,1949-08-03,Brazil,Douglas,Douglas Dc 3Pp,Sao Francisco Bay Brazil,Brasil Aéreas Lineas,30,5,0,5
1975,Qtr 1,February,27,1975-02-27,Brazil,Embraer,Embraer 110C Bandeirantepp Sbe,Near Sao Paulo Brazil,Vasp,15,15,0,15
1949,Qtr 3,August,2,1949-08-02,Brazil,Curtiss,Curtiss C 46D,Jaquirana Brazil,Varig,36,5,0,5
1971,Qtr 3,September,28,1971-09-28,Brazil,Douglas,Douglas Dc 3Pp,Sena Madureira Brazil,Cruzeiro,32,32,0,32
1998,Qtr 3,July,29,1998-07-29,Brazil,Embraer,Embraer 110 Bandeirantept Lgn,Manacapuru River Brazil,Aero Taxi Selva,24,5,0,5
1999,Qtr 3,September,14,1999-09-14,Brazil,Embraer,Embraer 110 Bandeirantept Odk,Belelm Brazil,Aéreo Táxi Jet Norte,2,2,0,2
1949,Qtr 1,January,5,1949-01-05,Brazil,Avro,Avro 685 York 1G Ahex,Caravelas Bay Brazil,Airways American South British,17,3,0,3
1946,Qtr 4,December,23,1946-12-23,Brazil,Avro,Avro  685 York Ilv Xig,Near Rio De Janeiro Brazil,(Argentina) Fama,21,21,0,21
1944,Qtr 3,August,30,1944-08-30,Brazil,Lockheed,Lockheed 18 Lodestarpp Pbi,Sao Paulo Brazil,Brasil Do Panair,18,18,0,18
1949,Qtr 1,January,11,1949-01-11,Brazil,Lockheed,Lockheed 18 Lodestarpp Sac,Near Pelotas Brazil,S.A. Gaucha Aerea Viacao,12,12,0,12
1999,Qtr 2,April,7,1999-04-07,Brazil,Learjet,Learjet 24Dpt Lem,Ribeirao Preto Brazil,Aéreo Táxi Manacá,5,5,0,5
2007,Qtr 3,August,22,2007-08-22,Brazil,Embraer,Embraer Emb 110P1 Bandeirantpt,Near Curitiba Brazil,Aero Taxi Two,2,2,0,2
2002,Qtr 3,August,30,2002-08-30,Brazil,Embraer,Embraer 120Er Brasiliapt Wrq,Rio Branco Brazil,Aéreo Taxi Rico,31,23,0,23
1964,Qtr 2,May,27,1964-05-27,Brazil,Douglas,Douglas C 47,Itapecerica Da Serra Brazil,Vasp,3,3,0,3
1959,Qtr 3,September,23,1959-09-23,Brazil,Saab,Saab Scandia 90A 1Pp,Sao Paulo Brazil,Vasp,20,20,0,20
1983,Qtr 4,October,7,1983-10-07,Brazil,Embraer,Embraer 110C Bandeirantepp Sbh,Aracatuba Brazil,Regional Aéreas Lineas Tam,15,7,0,7
1958,Qtr 4,December,30,1958-12-30,Brazil,Saab,Saab Scandiapp Sqe,Rio De Janeiro Brazil,Vasp,37,21,0,21
1959,Qtr 1,January,11,1959-01-11,Brazil,Lockheed,Lockheed L 1049G Super Constillationd Alak,Rio De Janerio Brazil,Lufthansa,39,36,0,36
1983,Qtr 1,March,9,1983-03-09,Brazil,Bell,Bell 212Pt Hjn,Off Macae Brazil,Aereo Taxi Aeroleo,11,11,0,11
1960,Qtr 2,April,12,1960-04-12,Brazil,Douglas,Douglas Dc 3Pp,Pelotas Brazil,Cruzeiro,22,10,0,10
1982,Qtr 3,September,4,1982-09-04,Brazil,Gates,Gates Learjet 25Bpt Jbq,Rio Branco Brazil,Tratores De Brasiliera Cia,10,10,0,10
1960,Qtr 1,February,25,1960-02-25,Brazil,Douglas,Douglas Dc 3 / Usn R4,Rio De Janeiro Brazil,Navy U.S. - Military / Real,64,61,0,61
1977,Qtr 2,June,3,1977-06-03,Brazil,Embraer,Embraer C 95 Bandeirantefab2157,Natal Brazil,Force Air Brazilian - Military,18,18,0,18
1959,Qtr 4,December,22,1959-12-22,Brazil,Vickers,Vickers Viscount 827 / Fokker T 21Pp,Rio De Janeiro Brazil,Vasp,32,32,10,42
1984,Qtr 2,June,28,1984-06-28,Brazil,Embraer,Embraer 110C Bandeirantepp Sbc,Near Sao Pedro D' Aldeia Brazil,Regional Aéreas Lineas Tam,18,18,0,18
1984,Qtr 2,April,18,1984-04-18,Brazil,Embraer,Embraer 110Ej Band./Embraer 110P Band.Pt Gjz/Pt,Imperatriz Brazil,Votec / Votec,35,19,0,19
1957,Qtr 4,October,18,1957-10-18,Brazil,Douglas,Douglas C 47App,Porto Alegre Brazil,Varig,2,2,0,2
1957,Qtr 2,April,7,1957-04-07,Brazil,Curtiss,Curtiss C 46A,Bage Brazil,Varig,40,40,0,40
1957,Qtr 2,April,10,1957-04-10,Brazil,Douglas,Douglas Dc 3Pp,Anchieta Island Brazil,Real,30,26,0,26
1958,Qtr 1,January,16,1958-01-16,Brazil,Fairchild,Fairchild C 82App,Belem Brazil,Cruzeiro,3,3,0,3
1958,Qtr 2,June,16,1958-06-16,Brazil,Convair,Convair Cv 440,Curitiba Brazil,Cruzeiro,26,21,0,21
1958,Qtr 3,September,5,1958-09-05,Brazil,Curtiss,Curtiss C 46A,Campina Grande Brazil,Nacional Aereo Loide,18,14,0,14
1958,Qtr 2,May,31,1958-05-31,Brazil,Curtiss,Curtiss C 46Dpp,Rio De Janeiro Brazil,Aéreos Transportes Paraense,4,4,0,4
1958,Qtr 1,February,1,1958-02-01,Brazil,Douglas,Douglas Dc 4Pp,Rio De Janeiro Brazil,Nacional Aéreo Loide,73,5,0,5
1976,Qtr 4,October,28,1976-10-28,Brazil,Embraer,Embraer 110C Bandeirantept Tba,Near Petrolia Brazil,Aéreas Linhas Nordeste,7,2,0,2
1962,Qtr 2,May,9,1962-05-09,Brazil,Convair,Convair Cv 240,Vitoria Brazil,Cruzeiro,25,23,0,23
1962,Qtr 3,August,20,1962-08-20,Brazil,Mcdonnell,Mcdonnell Douglas Dc 8,Rio De Janeiro Brazil,Brazil Do Panair,105,15,0,15
1963,Qtr 3,July,1,1963-07-01,Brazil,Douglas,Douglas Dc 3Pp,Passo Fundo Brazil,Varig,18,15,0,15
1963,Qtr 3,August,4,1963-08-04,Brazil,Douglas,Douglas Dc 3Pp,Ibicaré Brazil,Sadai,10,10,0,10
1961,Qtr 4,November,23,1961-11-23,Brazil,De Havilland,De Havilland Comet 4Lv Ahr,Campinas Brazil,Argentinas Aerolineas,52,52,0,52
1962,Qtr 4,November,26,1962-11-26,Brazil,Saab,Saab Scandia / Cessna 310Pp Sra,Paraibuna Brazil,Private / Vasp,26,26,0,26
1980,Qtr 1,March,21,1980-03-21,Brazil,Sirkorsky,Sikorsky S 76Pt,Off Macae Brazil,Votec,14,14,0,14
1963,Qtr 1,January,15,1963-01-15,Brazil,Convair,Convair Cv 240,Sao Paulo Brazil,Cruzeiro,45,6,7,13
1980,Qtr 2,April,12,1980-04-12,Brazil,Boeing,Boeing B 727,Florianopolis Brazil,Transbrasil,58,55,0,55
1962,Qtr 4,December,14,1962-12-14,Brazil,Lockheed,Lockheed 049 46,Near Manaus Brazil,Brasil Do Panair,50,50,0,50
1962,Qtr 4,December,22,1962-12-22,Brazil,Convair,Convair Cv 240,Near Brasilia Brazil,Varig,40,1,0,1
1960,Qtr 4,December,7,1960-12-07,Brazil,Curtiss,Curtiss C 46A,Cachimbo Brazil,Real,15,15,0,15
1982,Qtr 2,May,25,1982-05-25,Brazil,Boeing,Boeing B 737,Brazilia Brazil,Vasp,118,2,0,2
1982,Qtr 2,June,8,1982-06-08,Brazil,Boeing,Boeing B 727,Near Pacatuba Brazil,Vasp,137,137,0,137
1982,Qtr 2,June,12,1982-06-12,Brazil,Fairchild,Fairchild  Hiller Fh,Tabatinga Brazil,Taba,44,44,0,44
1960,Qtr 2,June,24,1960-06-24,Brazil,Convair,Convair Cv 340,Rio De Janeiro Brazil,Real,54,54,0,54
1961,Qtr 1,March,25,1961-03-25,Brazil,Douglas,Douglas C 47Dlc,Near Natal Brazil,Force Air Brazilian - Military,28,23,0,23
1981,Qtr 1,February,24,1981-02-24,Brazil,Embraer,Embraer 110P Bandeirantept Glb,Belem Brazil,Votec,14,11,0,11
1961,Qtr 4,November,1,1961-11-01,Brazil,Douglas,Douglas Dc 7Cpp,Near Recife Brazil,Brasil Do Panair,88,45,0,45
1979,Qtr 1,February,8,1979-02-08,Brazil,Embraer,Embraer 110C Bandeirantepp Sbb,Near Agudos Brazil,Regional Aéreas Lineas Tam,18,18,0,18
1978,Qtr 1,January,31,1978-01-31,Brazil,Embraer,Embraer 110P Bandeirantept Gkw,Eirunepe Brazil,Taba,14,2,0,2
2011,Qtr 3,July,13,2011-07-13,Brazil,Let,Let L 401Uvp,Recife Brazil,Aéreas Linhas Noar,16,16,0,16
1985,Qtr 2,June,23,1985-06-23,Brazil,Embraer,Embraer 110P Bandeirantept Gjn,Juara Brazil,Taba,17,17,0,17
1952,Qtr 2,May,24,1952-05-24,Brazil,Curtiss,Curtiss C 46App,Near Manaus Brazil,Nacional Aéreo Loide,6,6,0,6
1952,Qtr 3,July,27,1952-07-27,Brazil,Boeing,Boeing 377 Stratocruisern1030V,Off Rio De Janeiro Brazil,Airways World American Pan,27,1,0,1
1952,Qtr 2,May,13,1952-05-13,Brazil,Douglas,Douglas Dc 3Pp,Sao Paulo Brazil,Vasp,22,5,0,5
2013,Qtr 4,December,5,2013-12-05,Brazil,Britten,Britten Norman Bn 2A,Near Cachimbo Brazil,Aero Taxi Heringer,5,5,0,5
1952,Qtr 2,April,29,1952-04-29,Brazil,Boeing,Boeing 377 10,Near Carolina Brazil,Airways World American Pan,50,50,0,50
1952,Qtr 3,August,12,1952-08-12,Brazil,Douglas,Douglas Dc 3Pp,Palmeira De Goias Brazil,Nacionales Areos Transportes,24,24,0,24
1990,Qtr 2,June,6,1990-06-06,Brazil,Fairchild,Fairchild Fh 227Bpt,Near Altamira Brazil,Taba,42,23,0,23
1953,Qtr 1,March,27,1953-03-27,Brazil,De Havilland,De Havilland Dh 114 Heron 1Bpp,Itapebi Brazil,Salvador Aéreos Transportes,14,14,0,14
1990,Qtr 3,September,20,1990-09-20,Brazil,Embraer,Embraer 110P1 Bandeirantept Faw,Off Fernando De Noronha Brazil,Sudene,12,12,0,12
1952,Qtr 4,October,14,1952-10-14,Brazil,Douglas,Douglas Dc 3Pp,San Fransisco Do Paula Brazil,Brasil Aero,28,14,0,14
1976,Qtr 1,January,22,1976-01-22,Brazil,Embraer,Embraer 110C Bandeirantept Tbd,Chapeco Brazil,Transbrasil,11,9,0,9
1992,Qtr 2,June,22,1992-06-22,Brazil,Boeing,Boeing 737 2A1Cpp,Cruzeiro Do Sul Brazil,Vasp,3,3,0,3
1992,Qtr 1,February,3,1992-02-03,Brazil,Embraer,Embraer 110C Bandeirantept Tbb,Caetite Brazil,Aéreas Linhas Nordeste,12,12,0,12
1951,Qtr 3,July,12,1951-07-12,Brazil,Douglas,Douglas Dc 3Pp,Aracaju Brazil,Nacional Aereo Loide,33,33,0,33
1951,Qtr 1,March,22,1951-03-22,Brazil,Douglas,Douglas Dc 3Pp,Off Florianopolis Brazil,Cruzeiro,14,3,0,3
1951,Qtr 2,June,6,1951-06-06,Brazil,Douglas,Douglas Dc 3Dpp,Rio De Janeiro Brazil,Brasileira Trans. Aéreas Lineas,19,2,0,2
1967,Qtr 4,November,3,1967-11-03,Brazil,Handley,Handley Page Hpr 7 Herald 214Pp,Near Curitiba Brazil,Sadia,25,21,0,21
1967,Qtr 2,June,15,1967-06-15,Brazil,Douglas,Douglas C 47C,Near Coari Brazil,Force Air Brazilian - Military,25,20,0,20
1991,Qtr 4,November,11,1991-11-11,Brazil,Embraer,Embraer 110P1 Bandeirantept Scu,Recife Brazil,Aereas Linhas Nordeste,15,15,2,17
1991,Qtr 4,November,29,1991-11-29,Brazil,Embraer,Embraer C 95C Bandeirantefab2333,Guaratingueta Ab Brazil,Brasileira Aérea Força - Military,16,16,0,16
1951,Qtr 3,August,17,1951-08-17,Brazil,Douglas,Douglas Dc 3Pp,Ubatuba Brazil,Real,10,10,0,10
1951,Qtr 3,September,8,1951-09-08,Brazil,Douglas,Douglas Dc 3Pp,Sao Paulo Brazil,Vasp,13,13,3,16
1955,Qtr 3,August,26,1955-08-26,Brazil,Douglas,Douglas Dc 3Pp,Caparao Mountain Brazil,Cruzeiro,13,13,0,13
1986,Qtr 3,September,19,1986-09-19,Brazil,Embraer,Embraer 120Rt Brasilian219As,Near Mantiqueira Brazil,Airlines Southeast Atlantic,5,5,0,5
1955,Qtr 1,March,6,1955-03-06,Brazil,Douglas,Douglas Dc 3Pp,Vitoria Da Conquista Brazil,Real,21,5,0,5
1965,Qtr 3,August,12,1965-08-12,Brazil,Curtiss,Curtiss C 46App,Near Cuiaba Brazil,Aéreos Transportes Paraense,13,13,0,13
1987,Qtr 3,September,8,1987-09-08,Brazil,Hawker,Hawker Siddeley Hs 125,Carajas Brazil,Force Air Brazilian - Military,9,9,0,9
1955,Qtr 4,December,1,1955-12-01,Brazil,Douglas,Douglas Dc 3Pp,Belem Brazil,Cruzeiro,6,6,0,6
1964,Qtr 3,September,4,1964-09-04,Brazil,Vickers,Vickers Viscount 710Cpp Srr,Pico Da Caledonia Brazil,Vasp,39,39,0,39
1985,Qtr 4,October,9,1985-10-09,Brazil,Embraer,Embraer 110C Bandeirantept Gka,Vitória Da Conquista Brazil,Aéreas Linhas Nordeste,2,2,0,2
1956,Qtr 2,April,18,1956-04-18,Brazil,Consolidated,Consolidated Pby 5A Catalinapp,Parintins Brazil,Brasil Do Panair,12,3,0,3
1955,Qtr 4,December,19,1955-12-19,Brazil,Douglas,Douglas Dc 3,Sao Paulo Brazil,Sud Do Cruzeiro,26,26,0,26
1986,Qtr 1,January,28,1986-01-28,Brazil,Boeing,Boeing B 737,Sao Paulo Brazil,Vasp,72,1,0,1
1989,Qtr 3,September,3,1989-09-03,Brazil,Boeing,Boeing B 737,Near Sao Jose Do Xingu Brazil,Varig,54,13,0,13
1989,Qtr 1,March,21,1989-03-21,Brazil,Boeing,Boeing B 707,Guarulhos Brazil,Transbrasil,3,3,18,21
1953,Qtr 2,June,17,1953-06-17,Brazil,Lockheed,Lockheed 049 46,Sao Paulo Brazil,Brasil Do Panair,17,17,0,17
1953,Qtr 2,April,10,1953-04-10,Brazil,Douglas,Doublas Dc 3,Near Anchieta Island Brazil,Real,0,26,0,26
1990,Qtr 1,February,12,1990-02-12,Brazil,Fokker,Fokker 27 Friendship 200Pt Lcg,Bauru Brazil,(Brazil) Tam,40,2,2,4
1988,Qtr 4,October,2,1988-10-02,Brazil,Beech,Beech King Air F90Pt Ljr,Sao Pedro Da Aldeia Brazil,Aramar,8,8,0,8
1954,Qtr 3,September,12,1954-09-12,Brazil,Douglas,Douglas Dc 3Pp,Off Rio De Janeiro Brazil,Cruzeiro,26,6,0,6
1987,Qtr 4,December,14,1987-12-14,Brazil,Lockheed,Lockheed C 130Hfab2468,Off Vila Dos Remidos Brazil,Force Air Brazilian - Military,29,29,0,29
1954,Qtr 3,July,2,1954-07-02,Brazil,Lockheed,Lockheed C 28C,Near Salvador Brazil,Force Air Brazilian - Military,24,24,0,24
1954,Qtr 2,May,31,1954-05-31,Brazil,Douglas,Douglas Dc 3Pp,Cipo Mountain Brazil,Nacionales Aereos Transportes,19,19,0,19
1954,Qtr 2,June,4,1954-06-04,Brazil,Curtiss,Curtiss C 46App,Sao Paulo Brazil,Varig,3,3,0,3
1935,Qtr 4,November,2,1935-11-02,Brazil,Latecoere,Latécoère 28 1F,Off Nhambupe Brazil,France Air,4,4,0,4
1941,Qtr 1,January,15,1941-01-15,Brazil,Savoia,Savoia  Marchetti Sm,Off  Fernando De Noronha Brazil,Lati,10,10,0,10
1930,Qtr 4,November,7,1930-11-07,Brazil,Junkers,Junkers G 24P,Off Of Santos Brazil,Condor Syndicato,9,1,0,1
1932,Qtr 1,February,27,1932-02-27,Brazil,Latecoere,Latecoere 28F Ajox,Off Setiba Brazil,Aeropostale,3,3,0,3
1934,Qtr 3,August,5,1934-08-05,Brazil,Latecoere,Latecoere 26F Ailk,Bahia Brazil,France Air,2,2,0,2
1941,Qtr 3,August,18,1941-08-18,Brazil,Lockheed,Lockheed 18 Lodestarpp Pbd,Near Sao Paulo Brazil,Brasil Do Panair,14,8,0,8
1939,Qtr 1,January,13,1939-01-13,Brazil,Junkers,Junkers Ju 52/3Mpp,Rio De Janeiro Brazil,Condor Syndicato,10,10,0,10
1940,Qtr 4,November,8,1940-11-08,Brazil,Junkers,Junkers Ju53/2Mpp Spf,Rio De Janeiro Brazil,Vasp,18,18,0,18
1939,Qtr 3,August,13,1939-08-13,Brazil,Sirkorsky,Sikorsky S43 (Flying Boat)Nc16933,Rio De Janerio Brazil,Airways World American Pan,16,14,0,14
1938,Qtr 3,August,15,1938-08-15,Brazil,Junkers,Junkers Ju 52/3Mpp,Guanabara Brazil,Condor Syndicato,9,9,0,9
2023,Qtr 3,September,16,2023-09-16,Brazil,Embraer,Embraer Emb 110P1 Bandeirantept,Barcelos Brazil,Aerotaxi Manaus,14,14,0,14
1938,Qtr 2,May,22,1938-05-22,Brazil,Junkers,Junkers Ju 52/3Mpp,Sao Paulo Brazil,Sul Do Cruzeiro,17,6,0,6
1974,Qtr 2,April,4,1974-04-04,Botswana,Douglas,Douglas Dc 4A2,Francistown Botswana,Services Air Wenela,84,78,0,78
1973,Qtr 3,July,31,1973-07-31,Boston,Mcdonnell,Mcdonnell Douglas Dc 9,Logan Airport Boston,Massachusetts Delta Air Lines,89,89,0,89
2004,Qtr 1,February,6,2004-02-06,Bosnia,Beechcraft,Beechcraft Super King Air 200Z3 Bab,Bitonja Bosnia-Herzegovina,Macedonia Of Government - Military,9,9,0,9
1962,Qtr 1,January,22,1962-01-22,Boliviano,Curtiss,Curtiss C 46Dcp,Caranavi  Boliviano,Fomento De,6,6,0,6
1976,Qtr 4,October,13,1976-10-13,Bolivia,Boeing,Boeing B 707,Santa Cruz Bolivia,Boliviano Aéreo Lloyd,3,3,113,116
1974,Qtr 1,January,6,1974-01-06,Bolivia,Curtiss,Curtiss C 46Fcp,Unduavi Bolivia,Boliviano Aéreos Servicios,4,4,0,4
1987,Qtr 2,May,20,1987-05-20,Bolivia,De Havilland,De Havilland Canada Dhc 6 Twin Otter 300Cp,Santa Cruz Bolivia,Aereos Transportes Ypfb,16,14,0,14
1974,Qtr 1,January,10,1974-01-10,Bolivia,Douglas,Douglas C 54Tam,La Paz Bolivia,(Bolivia) Tam,24,24,0,24
1988,Qtr 1,January,18,1988-01-18,Bolivia,Curtiss,Curtiss C 46A,Mt. Colorado Bolivia,Aéreos Transportes Empresa - Eta,9,9,0,9
1997,Qtr 4,December,13,1997-12-13,Bolivia,Swearingen,Swearingen Sa 226T Metro Iicp,La Veriente Bolivia,Stap,19,10,0,10
1962,Qtr 3,September,10,1962-09-10,Bolivia,Douglas,Douglas C 47Acp,Near Alcoche Bolivia,Abaroa Aerolineas,4,4,0,4
1957,Qtr 1,March,18,1957-03-18,Bolivia,Douglas,Douglas Dc 3Cp,Near Sayari Bolivia,Boliviano Aereo Lloyd,19,19,0,19
1985,Qtr 2,April,20,1985-04-20,Bolivia,Convair,Convair Cv 440Cp,Santa Rosa Bolivia,Transportada Aereo Carga,4,4,0,4
1981,Qtr 2,April,6,1981-04-06,Bolivia,Douglas,Douglas C 47Acp,Laguna Soliz Bolivia,Urcupina,7,7,0,7
1985,Qtr 1,January,1,1985-01-01,Bolivia,Boeing,Boeing B 727,Near La Paz Bolivia,Lines Air Eastern,29,29,0,29
1964,Qtr 4,December,8,1964-12-08,Bolivia,Douglas,Douglas Dc 3Cp,Tripuani Bolivia,Abaroa Aerolineas,17,17,0,17
1960,Qtr 3,August,1,1960-08-01,Bolivia,Douglas,Douglas C 47Tam,Near Tipuani Bolivia,(Bolivia) Tam,6,6,0,6
1985,Qtr 4,October,11,1985-10-11,Bolivia,Curtiss,Curtiss C 46Dcp,Near Beni Bolivia,Sabeni,2,2,0,2
1980,Qtr 2,June,2,1980-06-02,Bolivia,Fairchild,Fairchild F 27Jcp,Near Yachiba Bolivia,Boliviano Aereo Lloyd,13,13,0,13
1989,Qtr 4,December,21,1989-12-21,Bolivia,Lockheed,Lockheed C 130Atam,Near Guayaramerin Bolivia,Force Air Bolivian - Military,28,24,0,24
1951,Qtr 3,September,29,1951-09-29,Bolivia,Curtiss,Curtiss C 46D,La Paz Bolivia,Andes Los Cooperativo Frigorifico,27,27,0,27
2011,Qtr 3,September,6,2011-09-06,Bolivia,Swearingen,Swearingen Sa 227Bc Metroliner Iiicp,Near Trinidad Bolivia,Aerocon,9,8,0,8
1976,Qtr 1,January,18,1976-01-18,Bolivia,Douglas,Douglas C 47Cp,Near San Borja Bolivia,Maniqui Frigorifico,10,7,0,7
1951,Qtr 3,July,29,1951-07-29,Bolivia,Curtiss,Curtiss C 46Acb,Cochabamba Bolivia,Nacional Aéreo Loide,7,7,0,7
1992,Qtr 3,August,21,1992-08-21,Bolivia,Convair,Convair Cv 440,Colorado Bolivia,Ana Santa Aereos Servicios,10,10,0,10
2013,Qtr 4,November,3,2013-11-03,Bolivia,Swearingen,Swearingen Sa227 Ac Metro Iiicp,Riberalta Bolivia,Aerocon,18,8,0,8
1992,Qtr 1,March,2,1992-03-02,Bolivia,Curtiss,Curtiss C 46Tcp,Beni Bolivia,Rita Santa Frigorifico,5,5,0,5
1979,Qtr 4,December,12,1979-12-12,Bolivia,Martin,Martin 404Cp 1440,Apolo Bolivia,Camba,11,10,0,10
1936,Qtr 1,January,17,1936-01-17,Bolivia,Junkers,Junkers Ju 52,Near Cordillera Boliva,Boliviano Aereo Lloyd,13,13,0,13
1966,Qtr 3,August,3,1966-08-03,Bolivia,Curtiss,Curtiss C 46Dcp,Benito Bolivia,Boliviano Aéreo Lloyd,3,3,0,3
1953,Qtr 4,November,3,1953-11-03,Bolivia,Douglas,Douglas Dc 3Cp,Tarabuco Bolivia,Boliviano Aereo Lloyd,28,28,0,28
1932,Qtr 4,October,26,1932-10-26,Bolivia,Ford,Ford Tri Motor 5,Villa Monte Bolivia,Boliviano Aero Lloyd,2,2,0,2
1975,Qtr 4,October,27,1975-10-27,Bolivia,Convair,Convair Cv 440,Tomonoco Bolivia,(Bolivia) Tam,67,67,0,67
1990,Qtr 4,October,19,1990-10-19,Bolivia,Douglas,Douglas C 47B,Near Bella Vista Bolivia,Bafin,4,4,0,4
1950,Qtr 1,January,20,1950-01-20,Bolivia,Douglas,Douglas C 47Tam,Near Vacas Bolivia,Force Air Bolivian - Military,32,32,1,33
1964,Qtr 3,August,22,1964-08-22,Bolivia,Douglas,Douglas C 47A,Near Tipuani Bolivia,Cochabamba Aéreos Servicios,4,4,0,4
1984,Qtr 1,March,24,1984-03-24,Bolivia,Douglas,Douglas C 54Cp,Near Rurrenabaque Bolivia,Reyes Frigorifico,5,5,0,5
1984,Qtr 1,March,16,1984-03-16,Bolivia,Fairchild,Fairchild F 27Mcp,San Borja Bolivia,Boliviano Aereo Lloyd,23,23,0,23
1984,Qtr 1,January,13,1984-01-13,Bolivia,Douglas,Douglas Ec 54Ucp,Cochabamba Bolivia,Airways Bolivian East North,3,1,0,1
1958,Qtr 1,January,20,1958-01-20,Bolivia,Douglas,Douglas Dc 3Tam,Near La Paz Bolivia,(Bolivia) Tam,11,11,0,11
1960,Qtr 1,February,5,1960-02-05,Bolivia,Douglas,Douglas Dc 4Cp,Cochabamba Bolivia,Boliviano Aereo Lloyd,59,59,0,59
1958,Qtr 4,November,8,1958-11-08,Bolivia,Douglas,Douglas Dc 3Tam,La Paz Bolivia,(Bolivia) Tam,3,3,0,3
1978,Qtr 3,August,14,1978-08-14,Bolivia,Curtiss,Curtiss C 46Hk,Sogamoso Bolivia,Aeropeca,18,18,0,18
1958,Qtr 4,October,15,1958-10-15,Bolivia,Douglas,Douglas C 47Atam,Villa Montes Bolivia,(Bolivia) Tam - Military,20,20,0,20
1964,Qtr 1,February,4,1964-02-04,Bolivia,Douglas,Douglas Dc 3Cp,Yacuiba Bolivia,Boliviano Aéreo Lloyd,29,2,0,2
1959,Qtr 4,December,31,1959-12-31,Bolivia,Douglas,Douglas Dc 3Cp,Near San Jose De Chiquitos Bolivia,Boliviano Aereo Lloyd,11,11,0,11
1972,Qtr 3,September,7,1972-09-07,Bolivia,Curtiss,Curtiss C 46A,Trinidad Bolivia,Copacabana De Virgen Aereas Servicios,8,1,0,1
1969,Qtr 3,September,26,1969-09-26,Bolivia,Douglas,Douglas Dc 6Bcp,Near La Paz Bolivia,Boliviano Aereo Lloyd,74,74,0,74
1940,Qtr 4,November,4,1940-11-04,Bolivia,Junkers,Junkers Ju 52/3Mcb,Near Rincon Bolivia,Sa Boliviano Aero Lloyd,17,17,0,17
2008,Qtr 2,April,28,2008-04-28,Black,Mil,Mil Mi 8Tur,Off Crimea Black,Seanaftogaz,20,20,0,20
1937,Qtr 3,August,8,1937-08-08,Bias,Sirkorsky,Sikorsky S 43Nc16930,Chilang Point Bias,China          Bay China National Aviation Corporation,11,3,0,3
1968,Qtr 3,September,28,1968-09-28,Biafra,Douglas,Douglas C 54Bn90427,Port Harcourt Biafra,Nigeria Pan African Airlines,57,57,1,58
1950,Qtr 4,November,25,1950-11-25,Bhutan,Douglas,Douglas C 47Avt,Khitka Bhutan,Indamer,3,3,0,3
1951,Qtr 1,January,13,1951-01-13,Besar,Douglas,Douglas Dc 3Vr,Mt. Bukit Besar,Thailand Air Carriers,10,10,0,10
1952,Qtr 4,December,6,1952-12-06,Bermuda,Douglas,Douglas Dc 4Cu,Off Bermuda-Kindley Field Bermuda,Aviacion De Cubana,41,37,0,37
2003,Qtr 4,December,25,2003-12-25,Benin,Boeing,Boeing B 727,Cotonou Benin,Guinee De Aeriens Transports Des Union,161,140,0,140
2000,Qtr 4,December,11,2000-12-11,Beni,Cessna,Cessna 206Cp 1721,Near Sumacal Beni,Boservicio Aereo Manchupo,6,6,0,6
1937,Qtr 3,July,28,1937-07-28,Belgium,Douglas,Douglas Dc 2,Hal Belgium,Airlines Dutch Royal Klm,15,15,0,15
1945,Qtr 4,October,13,1945-10-13,Belgium,Consolidated,Consolidated Lb 30,Melsbroek Belgium,Force Air -Royal Military,31,31,0,31
1939,Qtr 1,March,14,1939-03-14,Belgium,Junkers,Junkers Ju 52Oo,Haren Belgium,Sabena,3,3,0,3
1933,Qtr 4,December,30,1933-12-30,Belgium,Avro,Avro 10G Ablu,Near Ruysselede Belgium,Airways Imperial,10,10,0,10
1961,Qtr 1,February,15,1961-02-15,Belgium,Boeing,Boeing B 707,Near Brussels Belgium,Sabena,72,72,1,73
1931,Qtr 1,January,8,1931-01-08,Belgium,Fokker,Fokker F Viioo,Melle Belgium,Sabena,2,2,0,2
1946,Qtr 3,September,17,1946-09-17,Belgium,Douglas,Douglas C 47,Brussels Belgium,Sabena,7,1,0,1
1965,Qtr 3,August,20,1965-08-20,Belgium,Vickers,Vickers 804 Viscountsp Lva,Jeuk Belgium,Airlines Polish Lot,4,4,0,4
1948,Qtr 3,August,31,1948-08-31,Belgium,Douglas,Douglas Dc 3 (Douglas C,Near Elizabethville Belgium,Congosabena,13,13,0,13
1915,Qtr 1,March,5,1915-03-05,Belgium,Zeppelin,Zeppelin L 8 (Airship),Tienen Belgium,Navy German - Military,41,17,0,17
1926,Qtr 3,July,9,1926-07-09,Belgium,Fokker,Fokker F7H Nacc,Wolvertem Belgium,Airlines Dutch Royal Klm,2,2,0,2
1933,Qtr 1,March,28,1933-03-28,Belgium,Armstrong,Armstrong Whitworth Argosy Iig Aaci,Near Dixmude Belgium,Airways Imperial,15,15,0,15
1937,Qtr 4,November,16,1937-11-16,Belgium,Junkers,Junkers Ju 52/3Moo,Ostende Belgium,Sabena,11,11,0,11
1961,Qtr 4,December,12,1961-12-12,Belgium,Fairchild,Fairchild C 119G  Fairchild C,Chievres Belgium,Force Air Belgian - Military,13,13,8,21
1948,Qtr 3,July,1,1948-07-01,Belgium,Fiat,Fiat G.212Cpi Elsa,Keerbergen Belgium,Italiane Linee Avio,12,8,0,8
1917,Qtr 1,March,4,1917-03-04,Belgium,Airship,Airship,Near Gent Belgium,Army German - Military,20,20,0,20
1960,Qtr 2,April,22,1960-04-22,Belgian,Douglas,Douglas C 54Boo,Bunia Belgian,(Belgium) Sa Congosobelair,35,35,0,35
1952,Qtr 1,February,4,1952-02-04,Belgian,Douglas,Douglas Dc 3Oo,Kikwit Belgian,Congosabena,15,15,0,15
1948,Qtr 2,May,13,1948-05-13,Belgian,Douglas,Douglas Dc 4,Near Magazini Belgian,(Zaire)Sabena Congo,32,31,0,31
1985,Qtr 1,February,1,1985-02-01,Belarus,Tupolev,Tupolev Tu 134Acccp,Minsk Belarus,Ussraeroflot,80,58,0,58
1957,Qtr 2,June,23,1957-06-23,Bc,Douglas,Douglas Dc 3Cf,Port Hardy Bc,Canada Pacific Western,18,14,0,14
2011,Qtr 4,October,27,2011-10-27,Bc,Beechcraft,Beechcraft 100 King Airc Gxrx,Vancouver Bc,Canada Northern Thunderbird Air Inc.,9,1,0,1
2009,Qtr 4,November,29,2009-11-29,Bc,De Havilland,De Havilland Canada Dhc 2 Beaver Mk,Lyall Harbour Bc,Canada Seair Seaplanes,8,6,0,6
1977,Qtr 1,January,14,1977-01-14,Bc,De Havilland,De Havilland Canada Dhc 6 Twin Otter 300C,Terrace Bc,Canada Northern Thunderbird Air Ltd.,12,12,0,12
1930,Qtr 4,October,28,1930-10-28,Bc,Lockheed,Lockheed Veganc103W,Prince Rupert Bc,Canada Alaska-Washington Airways,3,3,0,3
1952,Qtr 1,January,19,1952-01-19,Bc,Douglas,Douglas Dc 4N45342,Off Sandspit Bc,Canada Northwest Orient Airlines,43,36,0,36
1953,Qtr 2,May,11,1953-05-11,Bc,Consolidated,Consolidated Pby 5A Catalinacf,Prince Rupert Bc,Canada Canadian Pacific Air Lines,19,2,0,2
1938,Qtr 2,May,27,1938-05-27,Bc,Fairchild,Fairchild 51Cf Aux,Alberno Canal Bc,Canada Ginger Coote Airways,1,1,0,1
1978,Qtr 3,September,3,1978-09-03,Bc,De Havilland,De Havilland Canada Twin Otter 200C Faiv,Coal Harbour Bc,Canada Air,13,11,0,11
1951,Qtr 4,October,17,1951-10-17,Bc,Consolidated,Consolidated Pby 5A Catalinacf,Mt. Benson Bc,Canada Queen Charlotte Airlines,23,23,0,23
1928,Qtr 3,August,25,1928-08-25,Bc,Ford,Ford 4 At,Near Port Townsend Bc,Canada British Columbia Airways,7,7,0,7
1929,Qtr 2,June,29,1929-06-29,Bavaria,Dornier,Domier Delphin Iii (Flying Boat)D 1620,Near Lindau Bavaria,Germany Bodensee Aerolloyd,5,5,0,5
1976,Qtr 4,October,6,1976-10-06,Barbados,Mcdonnell,Mcdonnell Douglas Dc 8,Off Bridgetown Barbados,Aviacion De Cubana,73,73,0,73
1996,Qtr 1,January,8,1996-01-08,Barbados,Britten,Britten  Norman Bn,Off Bridgetown Barbados,Airways Mustique,10,1,0,1
2016,Qtr 1,March,9,2016-03-09,Bangladesh,Antonov,Antonov An 26 S2,Cox'S Bazar Bangladesh,Ltd. Aviation True,4,3,0,3
1984,Qtr 3,August,5,1984-08-05,Bangladesh,Fokker,Fokker F 27 Friendship 600S2,Dacca Bangladesh,Biman Bangladesh,49,49,0,49
1958,Qtr 3,July,9,1958-07-09,Bangladesh,Douglas,Douglas C 47Avt,Dhaka Baangladesh,Airlines Indian,3,3,0,3
1970,Qtr 4,December,2,1970-12-02,Bangladesh,Canadair,Canadair Cl 44Jtf,Dhaka Bangladesh,Cargolux,8,8,0,8
1974,Qtr 2,April,22,1974-04-22,Bali,Boeing,Boeing B 707,Grogak Bali,Indonesia Pan American World Airways,107,107,0,107
1950,Qtr 2,June,15,1950-06-15,Bahrain,Douglas,Douglas Dc 4F,Bahrain Bahrain,France Air,53,40,0,40
2000,Qtr 3,August,23,2000-08-23,Bahrain,Airbus,Airbus A320 212A4O,Off Manama Bahrain,Air Gulf,143,143,0,143
1945,Qtr 4,December,5,1945-12-05,Bahamas,Martin,Martin Pbm Mariner59225,Off Smyrna Bahamas,Navy U.S. - Military,13,13,0,13
1980,Qtr 3,September,12,1980-09-12,Bahamas,Douglas,Douglas Dc 3N75Kw,Off Freeport Bahamas,Airlines Commuter Florida,34,34,0,34
2003,Qtr 3,July,13,2003-07-13,Bahamas,Cessna,Cessna 402Cn314Ab,Off Treasure Cay Bahamas,Sunshine Air,10,2,0,2
1969,Qtr 2,April,2,1969-04-02,Bahamas,Curtiss,Curtiss C 46Fn3914,Off New Providence Island Bahamas,Inc Bahamas The Of Islands,2,2,0,2
2000,Qtr 3,July,20,2000-07-20,Bahamas,Douglas,Douglas C 47A,Nassau Bahamas,Freight Air Allied,2,2,0,2
1983,Qtr 3,July,11,1983-07-11,Azuay,Boeing,Boeing B 737,Near Cuenca Azuay,Ecuador Tame,119,119,0,119
1976,Qtr 3,September,3,1976-09-03,Azores,Lockheed,Lockheed C 130H7772,Lajes Azores,Portugal Military - Venezuelan Air Force,68,68,0,68
1958,Qtr 1,February,20,1958-02-20,Azores,Lockheed,Lockheed Wv 2Bu,Off Corvo Island Azores,Navy U.S. - Military,22,22,0,22
1954,Qtr 3,August,9,1954-08-09,Azores,Lockheed,Lockheed 749A 79 Constellationhk,Terceira Island Azores,Portugal Avianca,30,30,0,30
1989,Qtr 1,February,8,1989-02-08,Azores,Boeing,Boeing B 707,Santa Maria Azores,Portugal Independent Air Inc.,144,144,0,144
1950,Qtr 2,May,18,1950-05-18,Azores,Boeing,Boeing B 2944,Lagens Air Force Base Azores,Force Air U.S. - Military,16,16,0,16
1999,Qtr 4,December,11,1999-12-11,Azores,British,British Aerospace Aptcs Tgm,Sao Jorge Azores,(Portugal)Sata,35,35,0,35
1949,Qtr 4,October,28,1949-10-28,Azores,Lockheed,Lockheed 749 79,San Miguel Island Azores,France Air,48,48,0,48
2004,Qtr 1,March,4,2004-03-04,Azerbaijan,Illyushin,Ilyushin Ii 76Ur,"Bakou Azerbaijan
	
Bakou",Azerbaijan Azov Avia Airlines,7,3,0,3
1965,Qtr 1,February,13,1965-02-13,Azerbaijan,Illyushin,Ilyushin Il 14Pcccp,Near Shirinbulak Azerbaijan,Aeroflot,23,23,0,23
1966,Qtr 2,April,23,1966-04-23,Azerbaijan,Illyushin,Ilyushin Il 14Cccp,Off Baku Azerbaijan,Aeroflot,33,33,0,33
1992,Qtr 3,July,14,1992-07-14,Azerbaijan,Antonov,Antonov An 12Vcccp,Near Nakhichevan Azerbaijan,Force Air Russian - Military,34,29,0,29
1990,Qtr 3,August,1,1990-08-01,Azerbaijan,Yakovlev,Yakovlev Yak 40Cccp,Stepanakert Azerbaijan,Ussraeroflot,47,47,0,47
1992,Qtr 1,January,28,1992-01-28,Azerbaijan,Mil,Mil Mi 8 (Helicopter),Near Stepanakert Azerbaijan,Force Air Azerbaijan - Military,47,47,0,47
1995,Qtr 4,November,30,1995-11-30,Azerbaijan,Boeing,Boeing 707 323C4K,Baku Azerbaijan,Airlines Azerbaijan,6,2,0,2
1948,Qtr 4,October,12,1948-10-12,Azerbaijan,Illyushin,Ilyushin Il12Cccp L1450,Near Yevlakh Azerbaijan,Ussraeroflot,10,10,0,10
1997,Qtr 2,April,15,1997-04-15,Azerbaijan,Yakovlev,Yakovlev 404K 87504,Gyandzha Azerbaijan,Airlines Azerbaijan,6,6,0,6
2005,Qtr 4,December,23,2005-12-23,Azerbaijan,Antonov,Antonov An 140,Nardaran Azerbaijan,Airlines Azerbaijan,23,23,0,23
1995,Qtr 4,December,5,1995-12-05,Azerbaijan,Tupolev,Tupolev Tu 134B,Near Nakhichevan Azerbaijan,Russia Azerbaijani Airlines,82,54,0,54
1973,Qtr 3,August,18,1973-08-18,Azerbaijan,Antonov,Antonov An 24Vcccp,Baku Azerbaijan,Ussraeroflot,64,56,0,56
1954,Qtr 4,December,25,1954-12-25,Ayrshire,Boeing,Boeing B377 10,Prestwick Ayrshire,Scotland British Overseas Airways,36,28,0,28
1942,Qtr 4,December,19,1942-12-19,Austria,Junkers,Junkers Ju 52/3Moy,Near Vienna Austria,Ddl,16,2,0,2
1955,Qtr 4,October,10,1955-10-10,Austria,Convair,Convair Cv 340,Near Vienna Austria,Airlines Yugoslav Jat,29,7,0,7
1964,Qtr 1,February,29,1964-02-29,Austria,Bristol,Bristol Britannia 312G Aovo,Near Innsbruck Austria,Airlines International Eagle British,83,83,0,83
1981,Qtr 4,October,15,1981-10-15,Austria,Cessna,Cessna 404 Titanoe Fct,Kufstein Austria,Flugdienst Oefag,9,9,0,9
1934,Qtr 4,November,2,1934-11-02,Australia,De Havilland,De Havilland Dh 61Vh,Kiapit Australia,Service Transport Air Holdens,4,2,0,2
1954,Qtr 1,March,14,1954-03-14,Australia,Douglas,Douglas C 47Avh,Off Mackay Australia,Airlines Queensland,2,2,0,2
1934,Qtr 4,November,15,1934-11-15,Australia,De Havilland,De Havilland Dh 86Vh,Near Longreach Australia,Qantas,4,4,0,4
1950,Qtr 2,June,26,1950-06-26,Australia,Douglas,Douglas Dc 4,York Australia,Ana Ansett,29,29,0,29
1942,Qtr 2,April,21,1942-04-21,Australia,Lockheed,Lockheed 14 Electravh Ady,Pine Creek Australia,Limited Airways Guinea,12,12,0,12
1934,Qtr 4,October,19,1934-10-19,Australia,De Havilland,De Havilland Dh 86Vh,Bass Strait Australia,Airways Holymans,11,11,0,11
1942,Qtr 3,July,7,1942-07-07,Australia,Lockheed,Lockheed Hudsona16 198,Off Broken Head Australia,Force Air Australian Royal - Military,10,10,0,10
1934,Qtr 4,October,3,1934-10-03,Australia,De Havilland,De Havilland Dh 50Avh,Near Winton Australia,Qantas,3,3,0,3
1936,Qtr 2,May,16,1936-05-16,Australia,De Havilland,De Havilland Dh 60 Mothvh,Mount Waverley Australia,Airways Holymans,2,2,0,2
1942,Qtr 1,March,3,1942-03-03,Australia,Consolidated,Consolidated B 24 Liberator40,Off Broome Australia,Force Air Army U.S. - Military,21,20,0,20
1938,Qtr 3,August,29,1938-08-29,Australia,De Havilland,De Havilland Dh 84Vh,Innisfail Australia,Airways Queensland North,9,5,0,5
1939,Qtr 1,January,18,1939-01-18,Australia,Lockheed,Lockheed 14 Electravh Abi,Katherine Australia,Airways Guinea,4,4,0,4
1945,Qtr 2,June,24,1945-06-24,Australia,De Havilland,De Havilland Dh 86Avh,Gealdton Australia,Airlines Miller Robertson Mac,11,2,0,2
1949,Qtr 1,March,10,1949-03-10,Australia,Lockheed,Lockheed 18 Lodestarvh Bag,Coolangatta Australia,Airlines Queensland,22,22,0,22
1945,Qtr 2,April,19,1945-04-19,Australia,Douglas,Douglas Dc 339067,Near Perth Australia,Navy U.S. - Military,13,13,0,13
1945,Qtr 1,January,31,1945-01-31,Australia,Stinson,Stinson Model Avh Uyy,Redesdale Australia,Airways National Australian,10,10,0,10
1966,Qtr 3,September,22,1966-09-22,Australia,Vickers,Vickers Viscount 832Vh Rmi,Winton Australia,Ana Ansett,24,24,0,24
1948,Qtr 3,September,2,1948-09-02,Australia,Douglas,Douglas Dc 3Vh,Near Quirindi Australia,Airways National Australian,13,13,0,13
1940,Qtr 3,August,13,1940-08-13,Australia,Lockheed,Lockheed Hudson A16 97,Near Canberra Australia,Force Air Australian Royal - Military,10,10,0,10
1960,Qtr 1,January,26,1960-01-26,Australia,De Havilland,De Havilland Dh 114 Heron 2Dcr,Off Bathurst Island Australia,Timor De Aéreos Transportes,9,9,0,9
1938,Qtr 4,December,12,1938-12-12,Australia,Shorts,Short S23 ‘C’ Class Flying Boatg Aeuh,Darwin Australia,Qantas,13,13,0,13
1948,Qtr 4,November,8,1948-11-08,Australia,Douglas,Douglas Dc 3Vh,Mt. Macedon Australia,Airways National Australian,23,3,0,3
1941,Qtr 3,August,27,1941-08-27,Australia,De Havilland,De Havilland Dh.80 Puss Mothvh Uql,Coen Australila,Australia Of Airlines,3,3,0,3
1938,Qtr 4,October,25,1938-10-25,Australia,Douglas,Douglas Dc 2,Mt. Dandenong Australia,Airways National Australian,18,18,0,18
1943,Qtr 4,December,19,1943-12-19,Australia,Douglas,Douglas C 47A,Canal Creek Australia,Force Air U.S. - Military,31,31,0,31
1938,Qtr 1,March,8,1938-03-08,Australia,De Havilland,De Havilland Dh 60Vh,Somerton Australia,Airways National Australian,1,1,0,1
1943,Qtr 3,August,7,1943-08-07,Australia,Douglas,Douglas C 47,Off Townsville Australia,Force Air U.S. - Military,27,27,0,27
1951,Qtr 3,August,8,1951-08-08,Australia,Vh,Vh  Tat,Barilla Bay Australia,Airlines Australia Trans,2,2,0,2
1944,Qtr 4,October,11,1944-10-11,Australia,Shorts,Short S.23 Empire Flying Boatvh Abb,Sydney Australia,Qantas,29,1,0,1
1944,Qtr 4,October,11,1944-10-11,Australia,Shorts,Short S 23 (Flying Boat)Vh,Sydney Australia,Qantas,30,1,0,1
1954,Qtr 4,October,31,1954-10-31,Australia,Vickers,Vickers 720 Viscountvh Tva,Mangalore Australia,Taa,8,3,0,3
1949,Qtr 3,July,2,1949-07-02,Australia,Douglas,Douglas C 47A,Near Guildford Australia,Airlines Roberston-Miller Mac,18,18,0,18
1994,Qtr 1,March,21,1994-03-21,Australia,Britten,Britten  Norman Bn,Weipa Australia,Services Air Aurukun,6,6,0,6
1985,Qtr 4,October,10,1985-10-10,Australia,Iai,Iai 1124 Westwindvh Iwj,Off South Head Australia,Air Pel,2,2,0,2
1921,Qtr 4,December,5,1921-12-05,Australia,Bristol,Bristol 28 Tourerg Audi,Near Murchinson River Australia,Airways Australian West,2,2,0,2
2000,Qtr 3,September,4,2000-09-04,Australia,Beechcraft,Beechcraft Ska 200Vh Skc,Near Burketown Australia,Air Central - Charter,8,8,0,8
2000,Qtr 2,May,31,2000-05-31,Australia,Piper,Piper Pa 31,Off Whyalla Australia,Airlines Whyalla,8,8,0,8
1928,Qtr 3,September,4,1928-09-04,Australia,De Havilland,De Havilland Dh.50Jg Auhi,Adelaide Hills Australia,Qantas,2,1,0,1
1932,Qtr 4,December,26,1932-12-26,Australia,De Havilland,De Havilland Dh 60Vh,Wau Australia,Airways Guinea,1,1,0,1
1932,Qtr 3,September,18,1932-09-18,Australia,De Havilland,De Havilland Dh 80Vh,Byron Bay Australia,Airways England New,3,3,0,3
1942,Qtr 1,March,3,1942-03-03,Australia,Douglas,Douglas Dc 3Pk,Wyndham Australia,Knilm,12,8,0,8
1921,Qtr 2,April,6,1921-04-06,Australia,Avro,Avro 504H3021,Point Cook Australia,Force Air Australian Royal - Military,2,2,0,2
2003,Qtr 4,November,8,2003-11-08,Australia,Robertson,Robertson R44 Helicoptervh Ykl,200 Miles Ne Of Derby Australia,Taxi Air - Ltd. Pty Wa Heliwork,4,4,0,4
1931,Qtr 3,July,14,1931-07-14,Australia,Lasco,Lasco Lascowlvh Ugf,Temora Australia,Services Aerial Australian,2,2,0,2
1931,Qtr 2,May,22,1931-05-22,Australia,Junkers,Junkers W 34Vh,Wampit Australia,Airways Guiena,1,1,0,1
1931,Qtr 1,March,21,1931-03-21,Australia,Avro,Avro 10Vh Umf,New South Wales Australia,Airways National Australian,8,8,0,8
1930,Qtr 4,October,13,1930-10-13,Australia,De Havilland,De Havilland Dh.80 Puss Mothvh Upc,Perth Australia,Ltd Wings,3,3,0,3
2008,Qtr 2,April,9,2008-04-09,Australia,Swearingen,Swearingen Sa227Ac Metroliner Iiivh Oza,Bundeena Australia,Services Air Avtex,1,1,0,1
1946,Qtr 4,December,17,1946-12-17,Atlantic,Douglas,Douglas C 47Anc88876,Caribbean Atlantic,Inc. Cargo Oceanwinged,7,7,0,7
1945,Qtr 4,October,20,1945-10-20,Atlantic,Douglas,Douglas C 47Ba65,Timor Sea Atlantic,Force Air Australian Royal - Oceanmilitary,25,25,0,25
1993,Qtr 4,December,26,1993-12-26,Armenia,Antonov,Antonov An 26Ra,Gyumri Armenia,Airlines Kuban,36,36,0,36
1988,Qtr 4,December,11,1988-12-11,Armenia,Illyushin,Ilyushin Il 76 / Mi,Leninakan Armenia,Ussrmilitary - Russian Air Force / Military - Russian Air Force,83,77,0,77
1981,Qtr 3,July,18,1981-07-18,Armenia,Canadair,Canadair Cl 44D4,Near Yerevan Armenia,Tar,4,4,0,4
1998,Qtr 4,October,21,1998-10-21,Armenia,Yakovlev,Yakovlev Yak 40Ek,Yerevan Armenia,Avia Ararat,37,0,4,4
1932,Qtr 4,November,25,1932-11-25,Arkansas,Travel,Travel Air 6000 Nc369M,Marianna Arkansas,Airways Hunter,2,2,0,2
1936,Qtr 1,January,14,1936-01-14,Arkansas,Douglas,Douglas Dc 2,Goodwin Arkansas,Airlines American,17,17,0,17
1973,Qtr 3,September,27,1973-09-27,Arkansas,Convair,Convair 600N94230,Rich Mountain Arkansas,Airlines International Texas,11,11,0,11
1986,Qtr 3,August,28,1986-08-28,Arkansas,Howard,Howard 250N252K,Texarkana Arkansas,Airlift Southwest,2,2,0,2
1982,Qtr 2,May,12,1982-05-12,Arkansas,Lockheed,Lockheed C 130E Hercules64,Judsonia Arkansas,Force Air U.S. - Military,7,7,0,7
1999,Qtr 2,June,1,1999-06-01,Arkansas,Mcdonnell,Mcdonnell Douglas Md 82N215Aa,Little Rock Arkansas,Airlines American,145,11,0,11
1956,Qtr 2,June,30,1956-06-30,Arizona,Douglas,Douglas Dc 7 / Lockheed S Constellationn6902C/N6324C,Grand Canyon Arizona,Airlines World Trans / Lines Air United,128,128,0,128
2003,Qtr 3,September,20,2003-09-20,Arizona,Aerospatiale,Aerospatiale As350Ban270Sh,Near Meadview Arizona,Helicopters Sundance,7,7,0,7
1996,Qtr 1,February,5,1996-02-05,Arizona,Convair,Convaircv  440N131T,St. Johns Arizona,Connection Air Business,4,4,0,4
1951,Qtr 4,December,30,1951-12-30,Arizona,Douglas,Douglas C 47D47,Near Phoenix Arizona,Force Air U.S. - Military,28,28,0,28
2018,Qtr 1,February,10,2018-02-10,Arizona,Eurocopter,Eurocopter Ec 130B4N155Gc,Grand Canyon Arizona,Papillon,7,3,0,3
1970,Qtr 1,March,26,1970-03-26,Arizona,Piper,Piper Pa 32N4121R,Colorado City Arizona,Airlines Canyon Grand,6,6,0,6
1995,Qtr 3,September,2,1995-09-02,Arizona,Cessna,Cessna 421C Golden Eaglen6234G,Beaver Dam Arizona,Airlines Adventure,8,8,0,8
1986,Qtr 2,June,18,1986-06-18,Arizona,De Havilland,De Havilland Can. Dhc 6,Grand Canyon Arizona,Helitech / Airlines Canyon Grand,25,25,0,25
2008,Qtr 2,June,29,2008-06-29,Arizona,Bell,Bell 407 / Bell 407N407Ga / N407Mj,Flagstaff Arizona,Helicopters Classic / Methods Air,7,6,0,6
1983,Qtr 3,August,17,1983-08-17,Arizona,Piper,Piper Pa 31,Grand Canyon Arizona,Airlines Vegas Las,10,10,0,10
1971,Qtr 4,October,16,1971-10-16,Arizona,Cessna,Cessna 402N3250Q,Colorado City Arizona,Lines Air Scenic,10,10,0,10
1992,Qtr 3,August,25,1992-08-25,Arizona,Swearingen,Swearingen Sa 227Ac Metro Iiin342Ae,Hot Springs Arizona,Airlines Star Lone,3,3,0,3
2001,Qtr 3,August,10,2001-08-10,Arizona,Aerospatiale,Aerospatiale As350 Eurocopter  Helicopern169Pa,Near Meadview Arizona,Vegas Las Of Helicopters Canyon Grand Papillon,7,6,0,6
1952,Qtr 4,October,29,1952-10-29,Arizona,Boeing,Boeing Kc 97G Stratofreighter52,Near Flagstaff Arizona,Force Air U.S. - Military,16,16,0,16
1928,Qtr 1,January,22,1928-01-22,Ariege,Breguet,"Breguet 14
 F Aheq",L'Hospitalet Ariège,Aeropostale,1,1,0,1
1941,Qtr 3,September,1,1941-09-01,Argyll,Consolidated,Consolidated 32 2 Liberator Iam,Campbeltown Argyll,Scotland British Overseas Airways,10,10,0,10
1934,Qtr 2,June,11,1934-06-11,Argentina,Ford,Ford 5 At,Junin Argentina,Panagra,10,6,0,6
1950,Qtr 4,December,30,1950-12-30,Argentina,Douglas,Douglas Dc 3Lv,Santiago Del Estado Argentina,Argentinas Aerolineas,18,17,0,17
1975,Qtr 1,March,16,1975-03-16,Argentina,Fokker,Fokker F 27 Friendship 400Mtc,Near Barito Argentina,Force Air Argentine - Military,55,55,0,55
1947,Qtr 3,July,25,1947-07-25,Argentina,Avro,Avro 685 York Ilv Xih,Moron Argentina,Argentina Mercante Aérea Flota,6,2,2,4
1933,Qtr 1,March,11,1933-03-11,Argentina,Fairchild,Fairchild Fc 2Wnc9723,Near Mendoza Argentina,Airways Grace American Pan,2,2,0,2
2005,Qtr 2,May,16,2005-05-16,Argentina,Beech,Beech 65 A80 Queenairecc,El Portezulo Argentina,Charter - Carlos Don Aereos Transportes,10,10,0,10
2015,Qtr 1,March,9,2015-03-09,Argentina,Both,Both Eurocopter As350B3Lq Cgk,Villa Castelli Argentina,Private,10,10,0,10
2001,Qtr 2,April,28,2001-04-28,Argentina,Cessna,Cessna  208B Grand Caravanlv Wsc,Near Roque Perez Argentina,Group  Techint - Private,10,10,0,10
1977,Qtr 4,November,21,1977-11-21,Argentina,Bac,Bac One Eleven 420Ellv,Near Bariloche Argentina,(Argentina) Aeras Lineas Austral,79,46,0,46
1970,Qtr 1,February,4,1970-02-04,Argentina,Hawker,Hawker Siddeley Hs 748 1Lv,Near Corrientes Argentina,Argentinas Aerolineas,37,37,0,37
1964,Qtr 1,January,9,1964-01-09,Argentina,Douglas,Douglas Dc 3Lv,Zarate Argentina,Argentina Litoral Aerolineas,30,28,0,28
1946,Qtr 4,November,30,1946-11-30,Argentina,Vickers,Vickers 620 Viking 1T 1,El Palomar Argentina,Argentina Aérea Fuerza,18,5,0,5
2003,Qtr 4,October,26,2003-10-26,Argentina,Fairchild,Fairchild Hiller Fh 227Blv,Buenos Aires Argentina,Aerea Linea Cata,5,5,0,5
2001,Qtr 2,May,17,2001-05-17,Argentina,Fokker,Fokker F 27 Friendship 400Mtc,Mendoza Argentina,Argentina Aérea Fuerza,5,5,0,5
1947,Qtr 3,August,2,1947-08-02,Argentina,Avro,Avro 691 Lancastrian 3G Agwh,Andes Argentina,Airways American South British,11,11,0,11
1966,Qtr 3,August,17,1966-08-17,Argentina,Curtiss,Curtiss C 46F,Puertos Lobos Argentina,Halcon Aerovias,16,1,0,1
1976,Qtr 2,April,14,1976-04-14,Argentina,Hawker,Hawker Siddeley Hs 748 2Lv,Neuquen Argentina,Fiscales Petroliferos Yacimientos,34,34,0,34
1999,Qtr 3,August,31,1999-08-31,Argentina,Boeing,Boeing B 737,Buenos Aires Argentina,Lineas Aereas Privadas Argentinas           Lapa,103,63,2,65
1998,Qtr 3,July,16,1998-07-16,Argentina,Rockwell,Rockwell Sabreliner 60Lv Wpo,Córdoba Argentina,Sur Del Alas,3,3,0,3
1959,Qtr 2,May,15,1959-05-15,Argentina,Douglas,Douglas Dc 3Lv,Off Mar Del Plata Aregntina,Argentinas Aerolineas,10,10,0,10
1995,Qtr 4,November,9,1995-11-09,Argentina,Fokker,Fokker F 27 Friendship 500Tc,Near Luyaba Argentina,Force Air Argentine - Military,53,53,0,53
2011,Qtr 2,May,18,2011-05-18,Argentina,Saab,Saab 340Alv Cej,Near Prahuaniyeu Argentina,Aereas Lineas Sol,22,22,0,22
1955,Qtr 1,February,26,1955-02-26,Argentina,De Havilland,De Havilland Dh.104 Dove Lq Xww,Formosa Argentinade,Dove Havilland,7,6,0,6
1956,Qtr 3,July,16,1956-07-16,Argentina,Douglas,Douglas Dc 3Lv,Rio Cuarto Argentina,Argentinas Aerolineas,18,18,0,18
1957,Qtr 2,May,13,1957-05-13,Argentina,Vickers,Vickers 615 Viking 1Bt 3,Near San Carlos De Bariloche Argentina,Estado Del Aereas Lineas,16,16,0,16
1937,Qtr 3,August,23,1937-08-23,Argentina,Douglas,Douglas Dc 2Nc14298,San Luis Argentina,Airways Grace American Pan,3,3,0,3
1957,Qtr 1,January,11,1957-01-11,Argentina,Vickers,Vickers 615 Viking 1Bt 11,Near Buenos Aires Argentina,Estado Del Aereas Lineas,33,17,1,18
1957,Qtr 4,December,8,1957-12-08,Argentina,Douglas,Douglas Dc 4Lv,Bolivar Argentina,Argentinas Aerolineas,61,61,0,61
1959,Qtr 1,January,16,1959-01-16,Argentina,Curtiss,Curtiss C 46A,Off Mar Del Plata Argentina,(Argentina) Aeras Lineas Austral,52,51,0,51
1930,Qtr 2,May,10,1930-05-10,Argentina,Latecoere,Latecoere 28F Ajpd,Buenos Aires Argentina,Aeropostale,4,3,0,3
1957,Qtr 4,December,31,1957-12-31,Argentina,Shorts,Short Sunderlandlv Aar,Buenos Aires Argentina,Argentinas Aerolineas,50,9,0,9
1960,Qtr 2,May,18,1960-05-18,Argentina,Curtiss,Curtiss C 46Lv,El Sosneado Argentina,Transport Air Transamerican,9,9,0,9
1961,Qtr 2,June,30,1961-06-30,Argentina,Curtiss,Curtiss C 46Alv,Buenos Aires Argentina,Transcontinental,35,24,0,24
1981,Qtr 2,May,7,1981-05-07,Argentina,Bac,Bac One Eleven 529Frlv,Rio De La Plata Argentina,(Argentina) Aeras Lineas Austral,31,31,0,31
1951,Qtr 1,March,26,1951-03-26,Argentina,Douglas,Douglas Dc 3Lv,Rio Grande Argentina,Argentinas Aerolineas,24,11,2,13
1954,Qtr 2,April,23,1954-04-23,Argentina,Douglas,Douglas Dc 3Lv,Sierra Del Vilgo Argentina,Argentinas Aerolineas,25,25,0,25
1988,Qtr 2,June,12,1988-06-12,Argentina,Mcdonnell,Mcdonnell Douglas Md 81N1003G,Posadas Argentina,(Argentina) Aeras Lineas Austral,22,22,0,22
1961,Qtr 3,July,19,1961-07-19,Argentina,Douglas,Douglas Dc 6Lv,Near Azul Argentina,Argentinas Aerolineas,67,67,0,67
1960,Qtr 4,December,11,1960-12-11,Argentina,Avro,Avro 691 Lancastrian Ivt 102,San Andres De Giles Argentina,Force Air Argentine - Military,31,31,0,31
1949,Qtr 3,September,27,1949-09-27,Argentina,Douglas,Douglas C 54A,Near Castilla Argentina,Argentina Mercante Aérea Flota,27,5,0,5
1948,Qtr 3,July,29,1948-07-29,Argentina,Shorts,Short Sandringham 2 (Flying Boat)Lv Aap,Buenos Aires Argentina,Alfa,24,18,0,18
1985,Qtr 2,April,11,1985-04-11,Argentina,Hs,Hs  125,Salta Argentina,Ypf,7,7,0,7
2002,Qtr 1,January,27,2002-01-27,Angola,Antonov,Antonov An 12T,Near Luena Angola,Force Air  Angolan - Military,40,5,0,5
1999,Qtr 3,July,1,1999-07-01,Angola,Antonov,Antonov 12Btn Afr,Luzamba Angola,Savanair,5,1,0,1
1996,Qtr 1,February,27,1996-02-27,Angola,Antonov,Antonov 12Bper Ace,Near Lukapa Angola,Tropical Aero,8,8,0,8
2000,Qtr 4,October,31,2000-10-31,Angola,Antonov,Antonov An 26D2,Near Monaquimbundo Angola,Aca-Ancargo,44,44,0,44
2011,Qtr 3,September,14,2011-09-14,Angola,Embraer,Embraer 120Er Brasiliat 500,Huambo Angola,Angolana Nacional Aerea Forca Fana - Military,36,30,0,30
1972,Qtr 2,May,21,1972-05-21,Angola,Fokker,Fokker F 27 Friendship 200Cr,Lobito Angola,Airlines Angola Dta,25,22,0,22
2002,Qtr 2,June,2,2002-06-02,Angola,Mi,Mi  17,Near Ndalatando Angola,Forces Armed Angolan - Military,25,20,0,20
1994,Qtr 4,November,25,1994-11-25,Angola,Mil,Mil Mi 17 (Helicopter)H584,Near Cuito Angola,Force Air Angolan - Military,22,22,0,22
1950,Qtr 3,July,18,1950-07-18,Angola,Douglas,Douglas Dc 3Cr,Near Bocoio Angola,Airlines Angola Dta,9,9,0,9
1995,Qtr 4,December,18,1995-12-18,Angola,Lockheed,Lockheed L 188C Electra9Q,Cahungula Angola,Airlift Service Trans,144,141,0,141
1980,Qtr 2,June,8,1980-06-08,Angola,Yakovlev,Yakovlev Yak 40D2,Near Matala Angola,Angola De Aereas Lineas,29,29,0,29
1991,Qtr 2,June,10,1991-06-10,Angola,Lockheed,Lockheed L 382B Herculesj6,Luanda Angola,Transport Air Carib,7,7,0,7
1991,Qtr 1,March,16,1991-03-16,Angola,Lockheed,Lockheed L 100,Malanje Angola,Transafrik,9,9,0,9
1981,Qtr 2,May,16,1981-05-16,Angola,Lockheed,Lockheed L 100,Near Menongue Angola,Airlines Angola Taag,4,4,0,4
2000,Qtr 4,November,15,2000-11-15,Angola,Antonov,Antonov An 26D2,Near Luanda Angola,Pesada Asa,57,57,0,57
1992,Qtr 3,August,31,1992-08-31,Angola,Douglas,Douglas Dc 3Zs,Jamba Angola,Services Aviation Professional,17,3,0,3
1982,Qtr 4,November,29,1982-11-29,Angola,Antonov,Antonov An 26D2,Lubango Angola,Airlines Angola Taag,15,15,0,15
1994,Qtr 4,December,15,1994-12-15,Angola,Douglas,Douglas Dc 3N96Bf,Lobito Angola,Services Aviation Sl,2,2,0,2
2017,Qtr 4,October,12,2017-10-12,Angola,Embraer,Embraer Emb 120Erd2,Near Cuílo Angola,Guicango,7,7,0,7
2000,Qtr 1,March,25,2000-03-25,Angola,Antonov,Antonov An 32D2,Huambo Angola,Uralex,33,3,0,3
1979,Qtr 1,March,26,1979-03-26,Angola,Illyushin,Ilyushin Il 18Ddm,Luanda Angola,Interflug,10,10,0,10
1991,Qtr 1,February,22,1991-02-22,Angola,Antonov,Antonov An 26,Cazombo Angola,Angolaise Area Fuerza,47,47,0,47
1989,Qtr 3,July,26,1989-07-26,Angola,Antonov,Antonov An 26,Near Chana Angola,Force Air Angolan - Military,48,42,0,42
1995,Qtr 2,June,17,1995-06-17,Angola,Casa,Casa 212 200 Aviocart401,Near Cuvela Angola,Force Air Angolan - Military,48,48,0,48
1998,Qtr 4,December,14,1998-12-14,Angola,Antonov,Antonov An 12Bpur,Near Cuito Angola,Aircompany Khors,11,11,0,11
1989,Qtr 4,November,27,1989-11-27,Angola,Lockheed,Lockheed L 100,Near Jamba Angola,Aviation Tepper,5,5,0,5
1998,Qtr 4,December,17,1998-12-17,Angola,Antonov,Antonov 12S9 Sat,Saurimo Angola,Zanex,10,1,0,1
1985,Qtr 4,November,25,1985-11-25,Angola,Antonov,Antonov An 26Cccp,Near Luassingua Angola,Force Air Angolan - Military,22,22,0,22
1988,Qtr 2,April,27,1988-04-27,Angola,Antonov,Antonov An 2614,Near Tchamulate Angola,Force Air Cuban - Military,29,29,0,29
1997,Qtr 1,March,12,1997-03-12,Angola,Antonov,Antonov An 12Bd2,Lucapa Angola,Alada,16,16,0,16
2007,Qtr 2,June,28,2007-06-28,Angola,Boeing,Boeing 737 2M2D2,M'Banza Congo Angola,Airlines Angola Taag,78,5,0,5
1998,Qtr 3,August,11,1998-08-11,Angola,Antonov,Antonov An 12Bpd2,Saurimo Angola,Alada,13,1,0,1
1997,Qtr 1,February,2,1997-02-02,Angola,Casa,Casa 212 Aviocar 200T 400,Near Quiangala Angola,Angola De Populaire Area Force,37,37,0,37
1977,Qtr 3,July,14,1977-07-14,Angola,Antonov,Antonov An 26,Near Cuangar Angola,Force Air Angolan - Military,30,30,0,30
1994,Qtr 4,October,26,1994-10-26,Angola,Mil,Mil Mi 8Mtv (Helicopter)H534,Near Cuito Angola,Force Air Angolan - Military,22,22,0,22
1990,Qtr 1,March,27,1990-03-27,Angola,Casa,Casa 212 Aviocar 300T 410,Near Kuito Angola,Force Air Angolan - Military,25,25,0,25
1999,Qtr 1,February,2,1999-02-02,Angola,Antonov,Antonov An 12El,Luanda Angola,Savannair,14,14,13,27
1996,Qtr 4,October,6,1996-10-06,Angola,Antonov,Antonov 12Bra 11101,Lukapa Angola,Savanair,19,6,0,6
1998,Qtr 4,December,26,1998-12-26,Angola,Lockheed,Lockheed Martin L 100,Vila Nova Angola,Transafrik,14,14,0,14
1999,Qtr 1,January,2,1999-01-02,Angola,Lockheed,Lockheed L 100,Near Huambo Angola,Charter Nations United - Transafrik,9,9,0,9
1939,Qtr 2,June,6,1939-06-06,Amsterdam,Douglas,Douglas Dc 2Ph,Schiphol Amsterdam,Airlines Duch Royal Klm,4,0,1,1
1938,Qtr 4,November,14,1938-11-14,Amsterdam,Douglas,Douglas Dc 3Ph,Schiphol Amsterdam,Airlines Dutch Royal Klm,19,6,0,6
1974,Qtr 1,January,30,1974-01-30,American,Boeing,Boeing B 707,Pago Pago American,Airways World American Samoapan,101,97,0,97
1984,Qtr 3,July,21,1984-07-21,American,De Havilland,De Havilland Canada Dhc 6 Twin Otter 300N43Sp,Tau Island American,Airways Island Pacific Samoasouth,14,1,0,1
1967,Qtr 2,April,11,1967-04-11,Algeria,Douglas,Douglas Dc 47T,Tamanrasset Algeria,Algerie Air,39,35,0,35
1994,Qtr 3,September,18,1994-09-18,Algeria,Bac,Bac One Eleven 515Fb5N,Tamanrasset Algeria,Airlines Oriental,39,5,0,5
2003,Qtr 2,June,30,2003-06-30,Algeria,Lockheed,Lockheed C 130H Hercules7T,Blida Algeria,Force Air Algerian - Military,4,4,11,15
2014,Qtr 1,February,11,2014-02-11,Algeria,Lockheed,Lockheed C 130H,Near Ain Kercha Algeria,Force Air Algerian - Military,77,76,0,76
1948,Qtr 1,January,8,1948-01-08,Algeria,Douglas,Douglas Dc 3F,Near Palestro Algeria,T.A. De Algerienne Comp. Transport,9,9,0,9
1937,Qtr 1,January,26,1937-01-26,Algeria,Sabca,Sabca S 73Oo,Oran Algeria,Sabena,12,12,0,12
1958,Qtr 2,May,31,1958-05-31,Algeria,Douglas,Douglas Dc 3F,Sw Of Algiers Algeria,France Air,15,15,0,15
1994,Qtr 4,December,26,1994-12-26,Algeria,Airbus,Airbus A300B2 1Cf,Algiers Airport Algeria,France Air,239,3,3,6
1961,Qtr 2,May,10,1961-05-10,Algeria,Lockheed,Lockheed 1649A Starlinerf Bhbm,Ghadames Algeria,France Air,78,78,0,78
1979,Qtr 1,January,24,1979-01-24,Algeria,Nord,Nord 262A 447T,Bechar Algeria,Algerie Air,23,14,0,14
2014,Qtr 3,August,30,2014-08-30,Algeria,Antonov,Antonov An 12Bkur,Tamanraset Algeria,Alliance Air Ukraine,7,7,0,7
1927,Qtr 2,May,2,1927-05-02,Algeria,Spca,Spca Meteore 63F Aifn,Algiers Algeria,Union Air,3,1,0,1
1957,Qtr 2,April,8,1957-04-08,Algeria,Douglas,Douglas Dc 3F,Algiers Algeria,France Air,34,34,0,34
2003,Qtr 1,March,6,2003-03-06,Algeria,Boeing,Boeing B 737,Tamanrasset Algeria,Algerie Air,103,102,0,102
2018,Qtr 2,April,11,2018-04-11,Algeria,Illyushin,Ilyushin 76 Td7T,Boufarik Ab Algeria,Force Air Algerian - Military,257,257,0,257
1942,Qtr 3,August,13,1942-08-13,Algeria,Liore,Liore Et Olivier H 246 Air Boatf,Algiers Algeria,France Air,10,4,0,4
1969,Qtr 3,July,26,1969-07-26,Algeria,Sud,Sud Aviation Se 210 Caravelle 6N7T,Biskra Algeria,Algerie Air,37,33,0,33
1950,Qtr 3,July,29,1950-07-29,Algeria,Bristol,Bristol 170 Freighter 21F Benf,Tunbukta Algeria,Transport Air Cie,26,26,0,26
1942,Qtr 3,September,27,1942-09-27,Algeria,De Havilland,Dewoitine D 342F,Ameur El Ain Algeria,France Air,25,25,0,25
1970,Qtr 4,December,31,1970-12-31,Algeria,Nord,Nord 262Ef Bngb,Off Algiers Algeria,Aviation Rousseau,31,31,0,31
1992,Qtr 4,December,21,1992-12-21,Algarve,Mcdonnell,Mcdonnell Douglas Dc 10,Faro Algarve,Portugalc Holland Nv,340,56,0,56
1955,Qtr 3,September,17,1955-09-17,Alberta,Bristol,Bristol 170 Freighter 31Cf Gbt,Near Thorhild Alberta,Canada Pacific Western Airlines,6,2,0,2
1973,Qtr 1,January,2,1973-01-02,Alberta,Boeing,Boeing 707 321Ccf,Edmonton Alberta,Canada Pacific Western Airlines,5,5,0,5
1955,Qtr 2,May,26,1955-05-26,Alberta,Avro,Avro 685 York C 1Cf,Edmonton Alberta,Canada Associated Airways,2,2,0,2
1946,Qtr 1,January,19,1946-01-19,Alberta,Douglas,Douglas Dc 3 Dakota,Crowsnest Pass Alberta,Canada Mililtary - Royal Canadian Air Force,7,7,0,7
1948,Qtr 4,October,27,1948-10-27,Alberta,Douglas,Douglas C 54Anc88785,Near Edmonton Alberta,Canada Northwest Orient Airlines,5,2,0,2
1930,Qtr 3,September,25,1930-09-25,Alberta,Boeing,Boeing 40Cf Ain,Edmonton Alberta,Canada Western Canada Airways,3,3,0,3
1963,Qtr 1,February,25,1963-02-25,Alberta,Twin,Twin Apache,Porcupine Hills Area Alberta,Canada Trans Aircraft (Western) Ltd.,4,4,0,4
2005,Qtr 1,March,31,2005-03-31,Albania,Lockheed,Lockheed Hercules Mc 130H87,Near Rovie Albania,Force Air U.S. - Military,9,9,0,9
2013,Qtr 1,March,8,2013-03-08,Alaska,Beechcraft,Beechcraft 1900Cn116Ax,Near Dillingham Alaska,Cargo Air Ace,2,2,0,2
1978,Qtr 4,October,8,1978-10-08,Alaska,Bell,Bell 205 1N2215W,Kenai Alaska,Taxi Air - Helicopter Era,7,2,0,2
2016,Qtr 3,August,31,2016-08-31,Alaska,Cessna,Cessna 208 Grand Caravan	N752Rv,Russian Mission Alaksa,Aviiation Hageland,5,5,0,5
1965,Qtr 3,September,4,1965-09-04,Alaska,Aero,Aero Commander 680N6305U,Lake Tustumena Alaska,Airlines Cordova,5,4,0,4
1970,Qtr 3,July,3,1970-07-03,Alaska,Douglas,Douglas Dc 3N154R,Mcgrath Alakska,Service Flying Reeder,27,5,0,5
1952,Qtr 4,November,22,1952-11-22,Alaska,Douglas,Douglas C 124A Globemaster51,Mount Gannett Alaska,Force Air U.S. - Military,52,52,0,52
1970,Qtr 4,November,27,1970-11-27,Alaska,Mcdonnell,Mcdonnell Douglas Dc 8,Anchorage Alaska,Airlines Capitol,229,47,0,47
1978,Qtr 3,September,13,1978-09-13,Alaska,De Havilland,De Havilland Dhc 2N37741,Whittier Akalaska,Travel,6,6,0,6
1973,Qtr 3,September,8,1973-09-08,Alaska,Mcdonnell,Mcdonnell Douglas Dc 8,King Cove Alaska,Airways World,6,6,0,6
1954,Qtr 3,August,8,1954-08-08,Alaska,Douglas,Douglas Dc 2N91008,Near Mcgrath Alaska,Airlines Alaska,2,2,0,2
1969,Qtr 1,March,13,1969-03-13,Alaska,De Havilland,De Havilland Dhc 6N4901,Minchumina Alaska,Airlines Consolidated Wien,5,1,0,1
1974,Qtr 2,June,30,1974-06-30,Alaska,Fairchild,Fairchild Hiller Fh1100N8679,Umiat Alaska,Taxi Air - Helicopter Alaska,5,5,0,5
1955,Qtr 1,January,1,1955-01-01,Alaska,Douglas,Douglas C47,Near Anchorage Alaska,Force Air Us - Military,12,12,0,12
1978,Qtr 4,November,25,1978-11-25,Alaska,De Havilland,De Havilland Dhc 2N37906,Hydaburg Alaska,Airlines Tyee,5,5,0,5
1989,Qtr 3,September,20,1989-09-20,Alaska,Military,Military   U.S. Air Force57,Fairbanks Alaska,Kc-135E Boeing,7,2,0,2
1969,Qtr 2,June,5,1969-06-05,Alaska,Boeing,Boeing Rc 135E62,Off Andreanof Islands Alaska,Force Air U.S. - Military,19,19,0,19
2013,Qtr 3,July,7,2013-07-07,Alaska,De Havilland,De Havilland Canada Dhc 3Tn93Pc,Soldotna Alaksa,Air Rediske,10,10,0,10
1954,Qtr 1,February,5,1954-02-05,Alaska,Douglas,Douglas C 475895,Susitna Valley Alaska,Force Air U.S. - Military,16,10,0,10
1993,Qtr 2,April,6,1993-04-06,Alaska,Mcdonnell,Mcdonnell Douglas Md 11B,950 Nm S Of  Shemya Alaska,Airlines Eastern China,264,2,0,2
1977,Qtr 1,January,13,1977-01-13,Alaska,Douglas,Douglas Dc 8Ja8054,Anchorage Alaska,Lines Air Japan,5,5,0,5
1971,Qtr 3,September,4,1971-09-04,Alaska,Boeing,Boeing B 727,Near Juneau Alaska,Airlines Alaska,111,111,0,111
1993,Qtr 1,March,31,1993-03-31,Alaska,Boeing,Boeing B 747,Anchorage Alaska,Lines Air Japan,5,0,0,0
1977,Qtr 3,September,12,1977-09-12,Alaska,Douglas,Douglas Dc 7Bfn6314J,Yakutat Alaska,Cargo Air Safe,4,4,0,4
2010,Qtr 3,August,21,2010-08-21,Alaska,De Havilland,De Havilland Canada Dhc 2 Beavern9313Z,Off Kaminshak Bay Alaska,Service Air River Branch,4,4,0,4
1961,Qtr 3,July,21,1961-07-21,Alaska,Douglas,Douglas Dc 6An6118C,Shemya Alaska,Airlines Alaska,6,6,0,6
1977,Qtr 3,September,6,1977-09-06,Alaska,De Havilland,De Havilland Canada Dhc 6 Twin Otter 200N563Ma,Mt. Iliamna Alaska,Industries Aeronautical Alaska,13,13,0,13
1964,Qtr 2,April,17,1964-04-17,Alaska,Cessna,Cessna 185N9984X,Elim Alaska,Inc. Airlines Alaska Wein,2,2,0,2
1952,Qtr 4,November,7,1952-11-07,Alaska,Fairchild,Fairchild C 119C51,Near Summit Alaska,Force Air U.S. - Military,19,19,0,19
1978,Qtr 3,September,9,1978-09-09,Alaska,Soloy,Soloy 12Ej3N5384V,Wrangell Alaska,Taxi Air - Helicopter Temesco,3,3,0,3
1990,Qtr 3,September,3,1990-09-03,Alaska,Piper,Piper Pa 31,Kaltag Alaska,Service Flying Frontier,10,3,0,3
1952,Qtr 4,November,15,1952-11-15,Alaska,Fairchild,Fairchild C 119C51,Near Anchorage Alaska,Force Air U.S. - Military,20,20,0,20
2021,Qtr 1,March,28,2021-03-28,Alaska,Eurocopter,Eurocopter As350B3 Ecureuiln351Sh,Near Butte Alaska,Helicopters Soloy,6,5,0,5
1951,Qtr 3,July,21,1951-07-21,Alaska,Douglas,Douglas C 54Acf,Near Sitka Alaska,Lines Air Pacific Canadian,37,37,0,37
1992,Qtr 3,July,13,1992-07-13,Alaska,Shorts,Shorts Sc 7 Skyvan 3A,Bethel Alaska,Service Air Circle Arctic,1,1,0,1
1991,Qtr 3,August,20,1991-08-20,Alaska,Britten,Britten  Norman Bn,Ketchikan Alaska,Airlines Temsco,4,4,0,4
1951,Qtr 4,December,30,1951-12-30,Alaska,Curtiss,Curtiss C 46F Cun68963,Near Fairbanks Alaska,Lines Air Transocean,4,4,0,4
1962,Qtr 1,March,15,1962-03-15,Alaska,Lockheed,Lockheed 1049H Super Constellationn6921C,Western Pacific Ocean Philippine,Line Tiger Seaflying,107,107,0,107
1960,Qtr 2,June,14,1960-06-14,Alaska,Lockheed,Lockheed 749A 79,Mt. Gilbert Alaska,Airlines Northern Pacific,14,14,0,14
1968,Qtr 4,December,24,1968-12-24,Alaska,Lockheed,Lockheed L 100 Herculesn760Al,Prudhoe Bay Alaska,Airways Interior,4,2,0,2
2015,Qtr 3,September,15,2015-09-15,Alaska,De Havilland,De Havilland Canada Dhc 3T Turbine Ottern928Pk,Iliamna East Wind Lake Alaska,Lodge King Rainbow,7,3,0,3
1959,Qtr 4,December,17,1959-12-17,Alaska,Consolidated,Consolidated Pby 5A Catalinan64T,Ketchikan Alaska,Aircraft California,3,3,0,3
1983,Qtr 2,April,7,1983-04-07,Alaska,Britten,Britten  Norman Bn,Selawik Alaska,Airlines Northern Munz,3,2,0,2
1983,Qtr 2,June,8,1983-06-08,Alaska,Lockheed,Lockheed L 188C Electran1968R,Near Cold Bay Alaska,Airways Aleutian Reeve,15,0,0,0
1959,Qtr 3,September,24,1959-09-24,Alaska,Douglas,Douglas C 54Bn63396,Great Sitkin Island Alaska,Airlines Aleutian Reeve,16,16,0,16
1975,Qtr 3,August,30,1975-08-30,Alaska,Fairchild,Fairchild F 27Bn4904,Near Gambell Alaska,Alaska Air Wien,32,10,0,10
1976,Qtr 2,April,5,1976-04-05,Alaska,Boeing,Boeing B 727,Ketchikan Alaska,Airlines Alaska,50,1,0,1
1976,Qtr 1,March,7,1976-03-07,Alaska,Cessna,Cessna 207N91142,Igiugig Alaska,Airlines Alaska Western Kodiak,4,4,0,4
1966,Qtr 3,August,21,1966-08-21,Alaska,Grumman,Grumman G 21 Goosen88820,Near Juneau Alaska,Airlines Coastal Alaska,9,9,0,9
1962,Qtr 1,March,15,1962-03-15,Alaska,Lockheed,Lockheed 1049H Super Constellationn6911C,Adak Alaska,Line Tiger Flying,7,1,0,1
2015,Qtr 2,June,25,2015-06-25,Alaska,De Havilland,De Havilland Dhc 3T Vazar Turbineottern270Pa,Ella Lake Alaska,Air Promech,9,9,0,9
1976,Qtr 1,January,3,1976-01-03,Alaska,Lear,Lear Jet 24An651Lj,Anchorage Alaska,Air Winship,6,6,0,6
1982,Qtr 2,April,11,1982-04-11,Alaska,Hughes,Hughes 369Dn11058,Near Tanana Alaska,Copters Tundra - Taxi Air,3,3,0,3
1981,Qtr 1,March,15,1981-03-15,Alaska,Boeing,Boeing Rc 135S61,Shemya Afb Alaska,Force Air U.S. - Military,24,6,0,6
1968,Qtr 4,December,2,1968-12-02,Alaska,Fairchild,Fairchild F 27Bn4905,Pedro Bay Alaska,Airlines Consolidated Wien,39,39,0,39
1959,Qtr 2,June,5,1959-06-05,Alaska,Boeing,Boeing Rc 135E,Near Sheyma Alaska,Force Air Us - Militiary,19,19,0,19
1976,Qtr 3,September,2,1976-09-02,Alaska,Hughes,Hughes 369Hsn9172F,Hawk Inlet Alaska,Taxi Air - Helicopter Temsco,4,3,0,3
1979,Qtr 2,May,25,1979-05-25,Alaska,De Havilland,De Havilland Canada Dhc 4A Cariboun581Pa,Bullen Point Alaska,Airmotive Sea,3,3,0,3
1979,Qtr 3,July,12,1979-07-12,Alaska,Cessna,Cessna 402Bn402Th,Anchorage Alaska,Services Air Soldotna,7,7,0,7
1969,Qtr 1,January,2,1969-01-02,Alaska,Bell,Bell 205An4048G,Tyonek Alaska,Helicopter Era,2,2,0,2
1975,Qtr 1,February,16,1975-02-16,Alaska,Douglas,Douglas Dc 6Bfn77Dg,Fairbanks Alaska,Airlines Alaska Pacific,3,3,0,3
1966,Qtr 1,March,10,1966-03-10,Alaska,Grumman,Grumman G 21Acf,Reef Island Alaska,Western Pacific,7,6,0,6
1987,Qtr 4,November,23,1987-11-23,Alaska,Beechcraft,Beechcraft 1900Cn401Ra,Homer Alaska,Services Air Ryan,21,18,0,18
1974,Qtr 4,December,11,1974-12-11,Alaska,Grumman,Grumman G 21N1583V,Near Old Harbors Alaska,Airways Kodiak,5,5,0,5
1974,Qtr 4,October,27,1974-10-27,Alaska,Lockheed,Lockheed L 100 Herculesn102Ak,Old Man'S Camp Alaska,Air International Alaska,4,4,0,4
1985,Qtr 1,February,4,1985-02-04,Alaska,Beech,Beech Queen Air 65 A80N50Np,Soldotna Alaska,Airlines Pacific North,9,9,0,9
1985,Qtr 1,February,25,1985-02-25,Alaska,Boeing,Boeing Rc 135T55,Near Valdez Alaska,Force Air U.S. - Military,3,3,0,3
1963,Qtr 1,January,14,1963-01-14,Alaska,Beechcraft,Beechcraft At 11 Kansann65458,Kaktovik (Barter Island) Alaska,Wien,6,5,0,5
1968,Qtr 4,December,26,1968-12-26,Alaska,Boeing,Boeing 707 321Cfn799Pa,Elmendorf Air Force Base Alaska,Airways World American Pan,3,3,0,3
1956,Qtr 4,October,2,1956-10-02,Alaska,Stinson,Stinson At 19N 79069,Near Nome Alaska,Airlines Alaska,5,5,0,5
1963,Qtr 1,January,26,1963-01-26,Alaska,Curtiss,Curtiss C 46Fn67933,Kotzebue Alaska,Airways Skyvan,2,1,0,1
1956,Qtr 2,April,9,1956-04-09,Alaska,Aero,Aero Commander  520B5386N,Skilak Lake Alaska,Airlines Cordova,6,6,0,6
1980,Qtr 1,January,14,1980-01-14,Alaska,Cessna,Cessna 185An1690Z,Shungnak Alaska,Service Air Ambler,9,7,0,7
1956,Qtr 3,August,29,1956-08-29,Alaska,Douglas,Douglas Dc 6Bcf,Cold Bay Alaska,Lines Air Pacific Canadian,22,15,0,15
1999,Qtr 2,June,9,1999-06-09,Alaska,Eurocopter,Eurocopter As 350Ban6099S,Juneau Alaska,Inc. Helicopters Coastal - Taxi Air,7,7,0,7
1998,Qtr 3,September,9,1998-09-09,Alaska,De Havilland,De Havilland Dash 2 Float Planen1433Z,Port Alsworth Alaska,Inc. Service Flying Rusts,5,5,0,5
1949,Qtr 1,January,20,1949-01-20,Alaska,Douglas,Douglas Dc 3Cn91006,Homer Alaska,Airlines Alaska,6,5,0,5
1948,Qtr 4,November,4,1948-11-04,Alaska,Douglas,Douglas Dc 3N66637,Cape Spencer Alaska,Freight Air Alaska Pacific,17,17,0,17
2001,Qtr 1,January,23,2001-01-23,Alaska,Douglas,Douglas C 47A,Eider Point Alaska,Cargo Air Majestic,2,2,0,2
1947,Qtr 4,November,27,1947-11-27,Alaska,Douglas,Douglas Dc 3Cnc95486,Yakutat Alaska,Cargo Air Columbia,13,13,0,13
1948,Qtr 1,March,12,1948-03-12,Alaska,Douglas,Douglas Dc 4 (C,Mt. Sanford Alaska,Airlines Orient Northwest,30,30,0,30
2010,Qtr 3,August,1,2010-08-01,Alaska,Fairchild,Fairchild C 123Kn709Rr,Near Denali National Park Alaska,Freight West All,3,3,0,3
1996,Qtr 3,July,20,1996-07-20,Alaska,Douglas,Douglas Dc 6An313Rs,Russian Mission Alaska,Cargo Air Northern,4,4,0,4
2010,Qtr 3,August,9,2010-08-09,Alaska,De Havilland,De Havilland Canada Dh 3T Ottern455A,Near Dillingham Alaska,Corp. Communications Gci,9,5,0,5
2010,Qtr 3,July,28,2010-07-28,Alaska,Mcdonnell,Mcdonnell Douglas C 17A Globemaster Iii00,Near Elmendorf Afb Alaska,Force Air Us - Military,4,4,0,4
1997,Qtr 4,November,8,1997-11-08,Alaska,Cessna,Cessna 208B Caravan In750Gc,Near Barrow Alaska,Services Aviation Hageland,8,8,0,8
1997,Qtr 2,April,10,1997-04-10,Alaska,Cessna,Cessna 208B Caravan In408Gv,Near Wainwright Alaska,Services Aviation Hageland,5,5,0,5
1997,Qtr 1,January,29,1997-01-29,Alaska,De Havilland,De Havilland Canada Dhc 4A Cariboun702Sc,Sparrevohn Alaska,Air Southcentral,2,1,0,1
1944,Qtr 2,April,6,1944-04-06,Alaska,Pilgrim,Pilgrim 100Bnc742N,Near Nome Alaska,Airways World American Pan,6,6,0,6
2004,Qtr 3,August,27,2004-08-27,Alaska,De Havilland,De Havilland Dhc 3 Ottern197Tt,Near Mc Grath Alaska,Transport Aire Mavrik,3,1,0,1
2003,Qtr 3,August,17,2003-08-17,Alaska,Reims,Reims Aviation 406N6591L,Near Barrow Alaska,Inc. Services Aviation Hageland,2,2,0,2
1943,Qtr 3,July,27,1943-07-27,Alaska,Douglas,Douglas C 47 Skytrain41,Naknek Afb Alaska,Army Us - Military,11,11,0,11
2007,Qtr 4,December,3,2007-12-03,Alaska,Eurocopter,Eurocopter Deutschland Bk117C1N141Lg,Off Whittier Alaska,Inc.         Helicopters Alaska Evergreen,4,4,0,4
2007,Qtr 3,August,16,2007-08-16,Alaska,De Havilland,De Havilland Canada Dhc 2 Beavern345Ka,Near Ketchikan Alaska,Aviation Sea,10,6,0,6
2007,Qtr 3,July,24,2007-07-24,Alaska,De Havilland,De Havilland Dhc 2 Mk.1 Beavern995Wa,Rudyerd Bay Alaska,Service Air Taquan,5,5,0,5
2001,Qtr 4,October,18,2001-10-18,Alaska,Bell,Bell 206Ln400Eh,Anchorage Alaska,Taxi Air - Aviation Era,5,3,0,3
2001,Qtr 4,October,10,2001-10-10,Alaska,Cessna,Cessna 208 Caravann9530F,Dillingham Alaska,Pen,10,10,0,10
1947,Qtr 4,October,26,1947-10-26,Alaska,Douglas,Douglas Dc 4Anc88920,Annette Island Alaska,Airways World American Pan,18,18,0,18
2010,Qtr 1,January,22,2010-01-22,Alaska,Beechcraft,Beechcraft 1900C 1N112Ax,Off Sand Point Alaska,Express Central Alaska,2,2,0,2
2003,Qtr 2,June,25,2003-06-25,Alaska,Cessna,Cessna 180Hn91303,Anchor Point Alaska,Taxi Air - Air Bay Hallo,3,3,0,3
2003,Qtr 2,May,28,2003-05-28,Alaska,Cessna,Cessna 185N70176,Talkeetna Alaska,Taxi Air - Service Air Mc,4,4,0,4
1946,Qtr 3,September,7,1946-09-07,Alaska,Douglas,Douglas C 47A,Nome Alaska,Airfreight Mckinley Mt.,4,4,0,4
1995,Qtr 3,September,22,1995-09-22,Alaska,Boeing,Boeing B 707 (E,Anchorage Alaska,Force Air U.S. - Military,24,24,0,24
1994,Qtr 3,August,11,1994-08-11,Alaska,De Havilland,De Havilland Dhc 2N17394,Alsworth Alaska,Inc. Services Air Talon - Taxi Air,3,3,0,3
1939,Qtr 1,February,12,1939-02-12,Alaska,Fairchild,Fairchild 71(Amphibious)Nc9777,Juneau Alaska,Airways Marine,6,6,0,6
1994,Qtr 3,August,7,1994-08-07,Alaska,De Havilland,De Havilland Dhc 2N126Ua,Kodiak Alaska,Inc. Services Air Uyak - Taxi Air,7,6,0,6
1995,Qtr 3,September,1,1995-09-01,Alaska,Shorts,Shorts Sc 7 Skyvann30Ga,Near Farewell Alaska,Cargo Air Star North,1,1,0,1
1953,Qtr 1,February,14,1953-02-14,Alabama,Douglas,Douglas Dc 6N90893,Off Mobile Alabama,Airlines National,46,46,0,46
1991,Qtr 3,July,10,1991-07-10,Alabama,Beechcraft,Beechcraft Be 99,Birmingham Alabama,Airlines L'Express,15,13,0,13
1993,Qtr 3,July,12,1993-07-12,Alabama,Helicopter,"Helicopter, Hughes 369Hsn9116F",Talladega Alabama,Private,2,1,0,1
2013,Qtr 3,August,14,2013-08-14,Alabama,Airbus,Airbus A300F 622Rn155Up,Birmingham Alabama,Service Parcel United,2,2,0,2
1985,Qtr 4,November,15,1985-11-15,Alabama,Convair,Convair Cv 34054,Dothan Alabama,Force Air U.S. - Military,4,4,0,4
1946,Qtr 1,January,6,1946-01-06,Alabama,Douglas,Douglas Dc 3N21786,Birmingham Alabama,Airlines Central Pennsylvania,11,3,0,3
1991,Qtr 2,May,13,1991-05-13,Airzona,Cessna,Cessna 207An6280H,Grand Canyon Airzona,Inc. Canyon Grand Air - Taxi Air,7,7,0,7
1927,Qtr 4,December,31,1927-12-31,,Latecoere,Latécoère 23 (Flying Boat)F Aihp,Near Marseille Airlines,N/A,5,5,0,5
1964,Qtr 2,May,20,1964-05-20,,De Havilland,De Havilland Canada Dhc 3 Otterpi,Sibuco Point  Air,Lines,11,11,0,11
1950,Qtr 1,January,24,1950-01-24,,Douglas,Douglas Dc 3Pi,Iloilo Air,Lines,4,4,0,4
1994,Qtr 2,April,26,1994-04-26,Aichi,Airbus,Airbus A300B4 622Rb,Near Komaki Aichi,Japan China Airlines (Taiwan),271,264,0,264
1997,Qtr 3,September,13,1997-09-13,Africa,Tupolev,Tupolev Tu 154M / C,Off Namibia Africa,Usaf - Military / Luftwaffe - Military,33,33,0,33
1986,Qtr 4,November,25,1986-11-25,Afghanistan,Illyushin,Ilyushin Il 18,Near Sarowbi Afghanistan,Force Air Republican Afghan - Military,40,40,0,40
1983,Qtr 1,March,10,1983-03-10,Afghanistan,De Havilland,De Havilland Canada Dhc 6 Twin Otter 300Ya,Near Shach Goan Afghanistan,Airlines Afghan Bakhtar,19,19,0,19
2015,Qtr 4,October,2,2015-10-02,Afghanistan,Lockheed,Lockheed C 130J Hercules08,Jalalabad Afghanistan,Army U.S. - Military,11,11,2,13
1985,Qtr 3,September,4,1985-09-04,Afghanistan,Antonov,Antonov An 26Ya,Near Kandahar Afghanistan,Airlines Afghan Ariana,52,52,0,52
1984,Qtr 4,October,27,1984-10-27,Afghanistan,Illyushin,Ilyushin Il 76Mcccp,Near Kabul Afghanistan,Force Air Soviet - Mililtary,11,11,0,11
1984,Qtr 3,September,21,1984-09-21,Afghanistan,Antonov,Antonov An 12,Near Sarakchar Afghanistan,Force Air Russian - Military,50,50,0,50
2011,Qtr 3,August,6,2011-08-06,Afghanistan,Boeing,Boeing Ch 47 Chinook,Tangi Valley Afghanistan,Army U.S. - Military,38,38,0,38
2002,Qtr 2,June,12,2002-06-12,Afghanistan,Lockheed,Lockheed Mc 130H Hercules84,Near Gardez Afghanistan,Force Air U.S. - Military,10,3,0,3
1963,Qtr 4,December,12,1963-12-12,Afghanistan,Douglas,Douglas C 54Aod,Gazni Afghanistan,Airways Mediterranean Trans,3,3,0,3
2011,Qtr 3,July,6,2011-07-06,Afghanistan,Illyushin,Ilyushin76Td4K  Az55,Near Bagram Air Base Afghanistan,Airlines Way Silk,9,9,0,9
1994,Qtr 2,June,29,1994-06-29,Afghanistan,Antonov,Antonov An 32,Near Logar Afghanistan,Militia Dostum-Galboddin - Military,70,50,0,50
1980,Qtr 3,September,30,1980-09-30,Afghanistan,Antonov,Antonov An 12Vcccp,Badakshan Afghanistan,Force Air Soviet - Military,45,45,0,45
1987,Qtr 1,February,9,1987-02-09,Afghanistan,Antonov,Antonov An 26,Near Khost Afghanistan,Force Air Republican Afghan - Military,36,36,0,36
2010,Qtr 4,October,12,2010-10-12,Afghanistan,Lockheed,Lockheed L 100 Hercules5X,Near Kabul Afghanistan,Cargo Air National,8,8,0,8
1996,Qtr 1,February,11,1996-02-11,Afghanistan,N/A,N/A,Near Kandahar Afghanistan,Militia Taliban - Military,20,20,0,20
1954,Qtr 1,January,2,1954-01-02,Afghanistan,Douglas,Douglas Dc 3,Herat Afghanistan,Airlines Afghan Ariana,21,21,0,21
1990,Qtr 1,March,27,1990-03-27,Afghanistan,Illyushin,Ilyushin Il 76Mdcccp,Kabul Afghanistan,Aeroflot,11,11,0,11
1990,Qtr 3,July,27,1990-07-27,Afghanistan,Mil,Mil Mi 8 (Helicopter),Near Maymaneh Afghanistan,Force Air Republican Afghan - Military,30,30,0,30
1993,Qtr 1,February,10,1993-02-10,Afghanistan,Mil,Mil Mi 8,Near Daraim Afghanistan,Force Air Republican Afghan - Military,30,30,0,30
1993,Qtr 2,April,27,1993-04-27,Afghanistan,Antonov,Antonov An 32,Near Kholm Afghanistan,Force Air Republican Afghan - Military,76,76,0,76
1990,Qtr 3,August,10,1990-08-10,Afghanistan,Antonov,Antonov An 12,Near Shindand Afghanistan,Force Air Republican Afghan - Military,83,83,0,83
1995,Qtr 3,September,11,1995-09-11,Afghanistan,Antonov,Antonov An 26Bya,Jalalabad Afghanistan,Airlines Afghan Ariana,51,3,0,3
1987,Qtr 2,June,11,1987-06-11,Afghanistan,Antonov,Antonov An 26Ya,Khost Afghanistan,Airlines Afghan Bakhtar,53,53,0,53
1987,Qtr 3,September,13,1987-09-13,Afghanistan,Antonov,Antonov An 26,Kunduz Afghanistan,Aeroflot,15,15,0,15
2010,Qtr 2,May,17,2010-05-17,Afghanistan,Antonov,Antonv An 24Bya,Salang Pass Afghanistan,Airlines Pamir,44,44,0,44
1998,Qtr 1,March,19,1998-03-19,Afghanistan,Boeing,Boeing B 727,Near Charasyab Afghanistan,Airlines Afghan Ariana,45,45,0,45
1997,Qtr 4,October,29,1997-10-29,Afghanistan,Yakovlev,Yakovlev Yak 40Ya,Jalal-Abad Afghanistan,Airlines Afghan Ariana,26,2,0,2
1989,Qtr 3,July,23,1989-07-23,Afghanistan,Mil,Mil Mi 8 / Mil Mi,Near Jalalabad Afghanistan,Force Air Republican Afghan - Military,30,30,0,30
1989,Qtr 3,September,21,1989-09-21,Afghanistan,Mil,Mil Mi 17 ( Helicopter),Near Baghran Afghanistan,Force Air Republican Afghan - Military,24,24,0,24
1997,Qtr 2,April,23,1997-04-23,Afghanistan,Antonov,Antonov An 26,Near Konduz Afghanistan,Force Air Republican Afghan - Military,36,36,0,36
1988,Qtr 2,April,10,1988-04-10,Afghanistan,Antonov,Antonov An 26,Near Mazâr-E Charif Afghanistan,Force Air Republican Afghan - Military,29,29,0,29
2006,Qtr 3,September,2,2006-09-02,Afghanistan,British,British Aerospace Nimrod Mr 2Xv,Near Kandahar Afghanistan,Force Air Royal - Military,14,14,0,14
2013,Qtr 2,April,29,2013-04-29,Afghanistan,Boeing,Boeing B 747,Bagram Air Base Afghanistan,Cargo Air National,7,7,0,7
2004,Qtr 4,November,27,2004-11-27,Afghanistan,Casa,Casa 212 Ccn960Bw,Near Bagram Afghanstan,Taxi Air - Inc. Airways Presidental,6,6,0,6
2005,Qtr 1,February,3,2005-02-03,Afghanistan,Boeing,Boeing B 737,Near Kabul Afghanistan,Air Kam,104,104,0,104
2012,Qtr 1,March,16,2012-03-16,Afghanistan,Sirkorsky,Sikorsky S 70A,Kabul Afghanistan,(Nato) Army Turkish - Military,12,12,4,16
2006,Qtr 2,April,24,2006-04-24,Afghanistan,Antonov,Antonov An 32Bzs,Lashkar Gah Afghanistan,(Leased) Government U.S.,16,2,3,5
2009,Qtr 3,July,19,2009-07-19,Afghanistan,Mil,Mil Mi 8,Kandahar Airport Afghanistan,Air Vertical-T,21,16,0,16
2009,Qtr 1,January,15,2009-01-15,Afghanistan,Mil,Mil Mi 17,Adraskan District Afghanistan,Army Afghan,13,13,0,13
1973,Qtr 2,April,18,1973-04-18,Afghanistan,De Havilland,De Havilland Canada Dhc 6 Twin Otter 100Ya,Bamiyan Afghanistan,Airlines Afghan Bakhtar,19,4,0,4
1963,Qtr 3,September,4,1963-09-04,Aargau,Sud,Sud  Aviation Caravelle Iiihg,Durrenasch Aargau,Switzerland Swissair,80,80,0,80
1963,Qtr 4,November,8,1963-11-08,Aaland,Douglas,Douglas Dc 3Oh,Mariehamn Aaland,Finland          Island Finnair,24,22,0,22
2024,Qtr 1,January,18,2024-01-18, Somalia,Fokker,Fokker 505Yjwg,Ceel Barde,Jetways Airlines,4,1,0,1
2024,Qtr 1,January,23,2024-01-23, Nwt Canada,Bae,Bae 3212 Jetstream,Fort Smith,  Northwestern Air Lease Ltd,7,6,0,6
2024,Qtr 2,May,21,2024-05-21, Myanmar,Boeing,Boeing 777-312Er9V-Swm,Over Irrawaddy Basin,Singapore Airllines,229,1,0,1
2024,Qtr 1,January,2,2024-01-02, Japan,Airbus,Airbus A350-941/De Havilla Dhc,Tokyo,Japan Airlines   Japan Coast Guard,385,5,0,5
2024,Qtr 2,April,23,2024-04-23, Alaska,Douglas,Douglas C-54D Skymaster N3054V,Near Fairbanks,Alaska Air Fuel,2,2,0,2
